origin_airport_id,dest_airport_id,op_unique_carrier,total_flights,delay_rate,cancellation_rate,avg_arrival_delay
10135,10693,G4,49,20.408163265306122,0.0,27.73469387755102
10135,11057,OH,738,16.620111731843576,2.9810298102981028,20.23389355742297
10135,11292,G4,46,0.0,0.0,0.21739130434782608
10135,11697,G4,105,22.115384615384613,0.9523809523809523,17.78846153846154
10135,13204,G4,95,31.182795698924732,2.1052631578947367,22.13186813186813
10135,13360,G4,87,6.896551724137931,0.0,3.7701149425287355
10135,13577,G4,202,12.376237623762377,0.0,7.763819095477387
10135,13930,OO,71,11.267605633802818,0.0,7.676056338028169
10135,14082,G4,216,16.27906976744186,0.46296296296296297,15.80568720379147
10135,14112,G4,240,13.502109704641349,1.25,17.161016949152543
10135,14761,G4,555,17.540687160940323,0.36036036036036034,15.222826086956522
10135,14986,G4,89,22.47191011235955,0.0,22.426966292134832
10136,11298,MQ,1471,18.245125348189415,2.379333786539769,13.330543933054393
10140,10397,DL,830,10.800970873786406,0.7228915662650602,10.788249694002449
10140,10423,WN,698,17.41007194244604,0.4297994269340974,11.810693641618498
10140,10693,WN,207,29.61165048543689,0.4830917874396135,16.75728155339806
10140,10800,WN,292,24.398625429553263,0.3424657534246575,16.74914089347079
10140,10821,WN,357,21.971830985915496,0.5602240896358543,12.336182336182336
10140,11057,AA,6,0.0,0.0,2.0
10140,11259,WN,1401,14.793328498912256,1.5703069236259815,8.80189366351056
10140,11292,OO,763,19.230769230769234,1.1795543905635648,13.859229747675963
10140,11292,UA,629,17.76,0.6359300476947536,13.916398713826366
10140,11292,WN,1222,23.868312757201647,0.5728314238952537,16.884583676834296
10140,11298,AA,1592,22.3675604970569,3.957286432160804,22.963206307490143
10140,11298,MQ,465,25.33039647577093,2.3655913978494625,17.38359201773836
10140,11298,OO,30,20.0,0.0,53.4
10140,11433,DL,4,0.0,0.0,0.0
10140,12191,WN,810,13.399503722084367,0.49382716049382713,8.656679151061173
10140,12264,UA,162,22.839506172839506,0.0,19.438271604938272
10140,12266,OO,40,22.5,0.0,14.825
10140,12266,UA,326,8.176100628930817,2.4539877300613497,7.5
10140,12478,B6,170,24.096385542168676,2.3529411764705883,35.795180722891565
10140,12478,DL,4,25.0,0.0,29.75
10140,12889,NK,117,18.96551724137931,0.8547008547008547,14.982758620689655
10140,12889,WN,1376,17.616959064327485,0.5813953488372093,11.686905632772495
10140,12892,OO,1476,8.677966101694915,0.06775067750677506,8.452624403544649
10140,12892,WN,322,25.0,0.6211180124223602,16.353125
10140,12954,WN,237,20.253164556962027,0.0,13.546610169491526
10140,13198,WN,287,14.035087719298245,0.6968641114982579,7.693661971830986
10140,13204,WN,35,17.142857142857142,0.0,9.028571428571428
10140,13232,WN,461,11.159737417943107,0.8676789587852495,5.63019693654267
10140,13487,DL,178,5.084745762711865,0.5617977528089888,10.067796610169491
10140,13796,WN,296,10.81081081081081,0.0,4.996621621621622
10140,13930,AA,296,26.89655172413793,2.027027027027027,29.276223776223777
10140,13930,MQ,164,17.682926829268293,0.0,9.597560975609756
10140,13930,OO,171,24.561403508771928,0.0,18.67058823529412
10140,13930,UA,315,14.14790996784566,1.2698412698412698,11.853896103896103
10140,13930,YX,23,4.3478260869565215,0.0,2.5217391304347827
10140,14057,AS,7,0.0,0.0,0.42857142857142855
10140,14100,AA,6,33.33333333333333,0.0,9.166666666666666
10140,14107,AA,592,17.517006802721088,0.6756756756756757,23.372448979591837
10140,14107,MQ,114,21.052631578947366,0.0,9.447368421052632
10140,14107,OO,530,10.416666666666668,0.37735849056603776,10.390151515151516
10140,14107,WN,1537,18.876551273677336,0.3903708523096942,11.99281045751634
10140,14679,WN,545,18.198529411764707,0.1834862385321101,10.34380776340111
10140,14683,WN,9,33.33333333333333,0.0,12.5
10140,14747,AS,480,22.641509433962266,0.625,11.381551362683439
10140,14771,OO,509,14.003944773175542,0.3929273084479371,8.875739644970414
10140,14771,UA,66,15.151515151515152,0.0,21.151515151515152
10140,14869,OO,976,5.333333333333334,0.10245901639344263,6.331282051282051
10141,13487,OO,622,9.822866344605476,0.1607717041800643,15.610305958132045
10146,10397,OO,792,16.046213093709884,1.6414141414141414,22.336760925449873
10154,10721,B6,229,31.555555555555554,1.7467248908296944,26.106666666666666
10154,11057,MQ,11,36.36363636363637,0.0,23.818181818181817
10154,11278,B6,120,17.94871794871795,2.5,7.247863247863248
10154,11278,YX,162,32.88590604026846,8.024691358024691,18.966216216216218
10154,12197,B6,235,20.353982300884958,3.8297872340425534,20.924444444444443
10154,12478,B6,199,30.729166666666668,3.5175879396984926,35.177083333333336
10154,12478,YX,109,39.603960396039604,7.339449541284404,27.287128712871286
10154,12953,B6,99,15.625,3.0303030303030303,14.114583333333334
10154,12953,YX,308,23.050847457627118,4.220779220779221,23.54421768707483
10154,13930,OO,16,64.28571428571429,12.5,91.21428571428571
10154,13930,YX,11,50.0,9.090909090909092,44.6
10154,14100,YX,83,52.054794520547944,12.048192771084338,30.589041095890412
10155,10599,MQ,1,100.0,0.0,255.0
10155,11298,MQ,298,30.240549828178693,2.348993288590604,23.395189003436425
10155,11298,OO,613,19.072164948453608,5.057096247960848,20.867469879518072
10157,11292,OO,301,17.666666666666668,0.33222591362126247,24.112244897959183
10157,12892,OO,304,11.513157894736842,0.0,19.63157894736842
10157,14771,OO,1022,24.606299212598426,0.5870841487279843,25.373767258382642
10158,11697,NK,465,12.068965517241379,0.21505376344086022,11.426724137931034
10158,13204,NK,681,14.47562776957164,0.5873715124816447,12.004437869822485
10158,13303,NK,27,7.4074074074074066,0.0,6.888888888888889
10158,13577,NK,195,16.145833333333336,1.5384615384615385,20.96875
10158,14027,NK,320,13.836477987421384,0.625,8.141955835962145
10158,14635,NK,301,13.043478260869565,0.6644518272425249,12.194630872483222
10158,15304,NK,316,12.140575079872203,0.9493670886075949,10.411575562700964
10165,10299,AS,87,17.72151898734177,9.195402298850574,9.873417721518987
10170,10299,AS,746,14.896551724137929,2.8150134048257374,11.095172413793103
10185,10397,OO,18,38.88888888888889,0.0,40.22222222222222
10185,11298,MQ,87,22.093023255813954,1.1494252873563218,15.023255813953488
10185,11298,OO,823,24.743589743589745,5.224787363304982,23.376923076923077
10208,10397,DL,478,17.758985200845668,1.0460251046025104,13.400423728813559
10208,10397,OO,157,25.324675324675322,1.910828025477707,22.33116883116883
10208,10423,MQ,3,33.33333333333333,0.0,18.666666666666668
10208,10721,YX,5,20.0,0.0,7.4
10208,11057,AA,6,16.666666666666664,0.0,3.8333333333333335
10208,11057,OH,502,23.92638036809816,2.589641434262948,20.791411042944784
10208,11278,OH,295,17.753623188405797,6.440677966101695,20.98909090909091
10208,11278,YX,5,40.0,0.0,19.4
10208,11298,AA,17,41.17647058823529,0.0,21.41176470588235
10208,11298,MQ,93,19.54022988505747,6.451612903225806,11.758620689655173
10208,11298,OH,211,30.88235294117647,3.3175355450236967,30.074257425742573
10208,11433,DL,9,44.44444444444444,0.0,10.11111111111111
10208,12953,DL,1,100.0,0.0,30.0
10208,12953,YX,16,31.25,0.0,13.3125
10208,13303,MQ,9,22.22222222222222,0.0,38.333333333333336
10208,13487,DL,9,22.22222222222222,0.0,18.555555555555557
10208,13930,MQ,12,50.0,0.0,30.333333333333332
10208,14100,OH,4,50.0,0.0,46.25
10208,14100,YX,9,44.44444444444444,0.0,15.88888888888889
10208,14107,AA,3,66.66666666666666,0.0,73.33333333333333
10245,10299,AS,166,7.878787878787878,0.6024096385542169,4.090909090909091
10257,10397,DL,875,21.593533487297922,1.0285714285714285,20.692931633835457
10257,10693,G4,51,17.647058823529413,0.0,41.755102040816325
10257,10693,WN,199,12.626262626262626,0.5025125628140703,6.4512820512820515
10257,10821,WN,1339,12.377358490566037,1.0455563853622105,10.110943396226416
10257,11057,AA,806,19.371069182389938,1.3647642679900744,25.651572327044025
10257,11057,OH,163,18.125,1.8404907975460123,19.71698113207547
10257,11278,MQ,53,45.09803921568628,3.7735849056603774,24.54901960784314
10257,11278,OH,1021,36.469344608879496,7.345739471106758,36.029661016949156
10257,11278,YX,19,12.5,15.789473684210526,11.5625
10257,11292,WN,274,22.058823529411764,0.7299270072992701,14.553903345724907
10257,11298,AA,266,14.728682170542637,3.007518796992481,19.14566929133858
10257,11433,DL,185,5.405405405405405,0.0,9.340540540540541
10257,11433,OO,737,14.557823129251702,0.27137042062415195,14.182312925170068
10257,11618,YX,44,16.666666666666664,4.545454545454546,22.238095238095237
10257,11697,B6,428,18.39622641509434,0.9345794392523364,15.007125890736342
10257,11697,WN,27,23.076923076923077,3.7037037037037037,18.5
10257,12889,WN,263,24.80916030534351,0.38022813688212925,17.73076923076923
10257,13204,B6,416,30.975609756097562,1.4423076923076923,22.905940594059405
10257,13204,WN,525,19.88527724665392,0.38095238095238093,13.111538461538462
10257,13232,WN,535,15.151515151515152,1.308411214953271,10.06831119544592
10257,13303,MQ,3,33.33333333333333,0.0,14.666666666666666
10257,13303,YX,13,38.46153846153847,0.0,37.30769230769231
10257,13577,G4,138,35.82089552238806,2.898550724637681,37.1578947368421
10257,13930,MQ,446,24.20814479638009,0.8968609865470852,17.745454545454546
10257,13930,OO,175,35.05747126436782,0.5714285714285714,18.023121387283236
10257,13930,UA,564,24.508050089445437,0.8865248226950354,21.05545617173524
10257,13930,YX,246,16.528925619834713,1.6260162601626016,11.323651452282158
10257,14082,G4,131,33.07692307692307,0.7633587786259542,36.51538461538462
10257,14112,G4,124,38.21138211382114,0.8064516129032258,38.666666666666664
10257,14635,WN,13,30.76923076923077,0.0,8.384615384615385
10257,14761,G4,103,33.00970873786408,0.0,25.466019417475728
10257,14986,G4,39,13.157894736842104,2.5641025641025643,7.973684210526316
10257,14986,WN,3,66.66666666666666,0.0,22.0
10257,15304,WN,198,19.387755102040817,1.0101010101010102,17.01025641025641
10268,13930,MQ,280,29.03225806451613,0.35714285714285715,20.07913669064748
10279,10423,WN,162,18.633540372670808,0.6172839506172839,12.062111801242237
10279,11259,WN,1041,13.79980563654033,1.1527377521613833,9.656920077972709
10279,11292,OO,638,34.181240063593,1.4106583072100314,35.48635634028892
10279,11298,AA,97,29.03225806451613,4.123711340206185,34.39784946236559
10279,11298,MQ,1835,18.26330532212885,2.7247956403269753,14.079954954954955
10279,11298,OO,129,24.0,3.10077519379845,24.16
10279,12191,WN,12,41.66666666666667,0.0,21.727272727272727
10279,12266,OO,167,24.848484848484848,1.1976047904191616,38.86060606060606
10279,12889,WN,304,19.5364238410596,0.6578947368421053,15.059602649006623
10299,10165,AS,87,8.860759493670885,9.195402298850574,7.227848101265823
10299,10170,AS,747,15.05524861878453,3.0789825970548863,9.110957004160888
10299,10245,AS,166,21.818181818181817,0.6024096385542169,9.272727272727273
10299,10397,DL,116,56.896551724137936,0.0,36.21551724137931
10299,10551,AS,605,17.627118644067796,2.479338842975207,9.945578231292517
10299,10754,AS,303,26.779661016949152,2.6402640264026402,15.966101694915254
10299,10926,AS,303,16.17161716171617,0.0,8.743333333333334
10299,11292,AS,125,9.67741935483871,0.8,5.967741935483871
10299,11292,UA,413,10.679611650485436,0.24213075060532688,7.347087378640777
10299,11298,AA,336,32.44047619047619,0.0,45.40963855421687
10299,11336,AS,114,15.04424778761062,0.8771929824561403,7.1415929203539825
10299,11433,AS,13,30.76923076923077,0.0,17.76923076923077
10299,11433,DL,108,19.444444444444446,0.0,19.09259259259259
10299,11618,UA,103,23.0,2.912621359223301,29.16
10299,11630,AS,744,7.557354925775979,0.4032258064516129,4.827260458839406
10299,12173,AS,304,21.85430463576159,0.6578947368421053,12.56810631229236
10299,12264,UA,108,22.429906542056074,0.9259259259259259,22.72897196261682
10299,12266,UA,126,25.396825396825395,0.0,22.6984126984127
10299,12478,AS,69,29.411764705882355,1.4492753623188406,16.264705882352942
10299,12523,AS,1050,11.83206106870229,0.19047619047619047,7.149712092130518
10299,12758,AS,79,12.82051282051282,1.2658227848101267,6.358974358974359
10299,12889,AS,85,16.666666666666664,1.1764705882352942,7.9523809523809526
10299,12892,AS,283,16.25441696113074,0.0,7.371024734982332
10299,12892,DL,15,6.666666666666667,0.0,2.066666666666667
10299,13487,AS,76,10.526315789473683,0.0,4.631578947368421
10299,13487,DL,542,16.820702402957487,0.18450184501845018,11.081632653061224
10299,13830,AS,48,21.27659574468085,2.0833333333333335,18.695652173913043
10299,13873,AS,301,23.31081081081081,1.6611295681063123,10.405405405405405
10299,13930,AA,154,32.6797385620915,0.6493506493506493,40.21568627450981
10299,13930,AS,220,18.72146118721461,0.45454545454545453,10.931192660550458
10299,13930,UA,369,13.661202185792352,0.8130081300813008,7.093150684931507
10299,13970,AS,307,9.523809523809524,4.234527687296417,5.941780821917808
10299,14057,AS,684,9.530791788856305,0.29239766081871343,7.161290322580645
10299,14107,AS,304,10.197368421052632,0.0,4.973509933774834
10299,14679,AS,17,29.411764705882355,0.0,45.76470588235294
10299,14709,AS,456,13.90728476821192,0.6578947368421053,8.256637168141593
10299,14747,AS,4405,15.617822691777675,1.1577752553916005,8.192873563218392
10299,14747,DL,1350,9.266123054114159,0.07407407407407407,9.790214974054855
10299,14747,HA,162,69.18238993710692,1.8518518518518519,53.314465408805034
10299,14771,AS,155,16.129032258064516,0.0,8.941935483870967
10299,14771,UA,131,16.793893129770993,0.0,12.807692307692308
10299,14869,AS,27,33.33333333333333,0.0,16.11111111111111
10299,14869,DL,103,31.06796116504854,0.0,18.194174757281555
10299,14893,AS,10,50.0,0.0,44.0
10333,11433,OO,523,11.834319526627219,3.0592734225621414,14.177514792899409
10372,10397,OO,378,38.71866295264624,5.026455026455026,50.583098591549295
10372,10423,OO,155,47.72727272727273,14.838709677419354,42.37404580152672
10372,11292,OO,2293,31.473010064043915,4.6663759267335365,28.2220695970696
10372,11298,OO,1005,38.39479392624729,8.25870646766169,42.31509846827134
10372,12266,OO,477,40.99099099099099,6.918238993710692,44.16818181818182
10372,12892,OO,943,30.829596412556054,5.408271474019088,36.188976377952756
10372,13930,OO,846,39.097744360902254,5.673758865248227,39.37150127226463
10372,14107,OO,96,44.18604651162791,10.416666666666666,33.05813953488372
10372,14771,OO,361,28.273809523809522,6.925207756232687,24.449404761904763
10397,10140,DL,830,18.325242718446603,0.7228915662650602,10.046398046398046
10397,10146,OO,793,24.261874197689345,1.7654476670870114,28.993573264781492
10397,10185,OO,18,22.22222222222222,0.0,36.27777777777778
10397,10208,DL,478,22.151898734177212,0.8368200836820083,21.236286919831223
10397,10208,OO,157,24.025974025974026,1.910828025477707,20.72077922077922
10397,10257,DL,875,28.57142857142857,0.8,19.648899188876015
10397,10299,DL,116,34.48275862068966,0.0,18.913793103448278
10397,10372,OO,379,25.6,1.0554089709762533,25.041297935103245
10397,10408,DL,245,29.098360655737704,0.40816326530612246,22.704918032786885
10397,10408,OO,66,36.507936507936506,4.545454545454546,34.07936507936508
10397,10423,AA,2,0.0,0.0,0.0
10397,10423,DL,2687,26.61654135338346,1.0048381094157053,17.123210248681236
10397,10423,F9,183,39.08045977011494,4.918032786885246,29.448275862068964
10397,10423,WN,904,21.666666666666668,0.4424778761061947,12.591768631813126
10397,10431,DL,1563,19.340232858990944,1.0876519513755598,13.92077922077922
10397,10431,OO,14,21.428571428571427,0.0,31.571428571428573
10397,10529,DL,1818,22.548476454293628,0.7150715071507151,16.64388888888889
10397,10529,F9,105,34.95145631067961,1.9047619047619047,24.07766990291262
10397,10581,DL,29,7.4074074074074066,6.896551724137931,3.3333333333333335
10397,10599,DL,2541,18.78233187425388,1.1019283746556474,12.661747108097327
10397,10685,OO,143,27.27272727272727,0.0,39.2887323943662
10397,10693,DL,2753,20.425375870920426,0.944424264438794,12.9120029455081
10397,10693,WN,669,17.691154422788603,0.29895366218236175,11.31981981981982
10397,10713,DL,427,19.858156028368796,0.936768149882904,13.116113744075829
10397,10721,B6,790,27.435897435897438,1.2658227848101267,28.13624678663239
10397,10721,DL,2968,25.59483344663494,0.876010781671159,16.714188499489623
10397,10721,F9,177,33.33333333333333,3.389830508474576,30.146198830409357
10397,10721,NK,225,28.251121076233183,0.8888888888888888,19.699551569506728
10397,10781,DL,708,17.8826895565093,1.271186440677966,14.349570200573066
10397,10781,OO,11,18.181818181818183,0.0,9.545454545454545
10397,10785,DL,319,25.878594249201274,1.8808777429467085,17.41346153846154
10397,10792,DL,996,20.977596741344197,1.4056224899598393,12.358452138492872
10397,10792,F9,156,31.372549019607842,1.9230769230769231,19.176470588235293
10397,10792,WN,1,100.0,0.0,92.0
10397,10800,DL,292,39.44636678200692,1.0273972602739727,33.19163763066202
10397,10821,DL,2403,25.735912531539107,1.0403662089055348,18.800252844500633
10397,10821,F9,600,41.65232358003442,3.1666666666666665,33.626943005181346
10397,10821,NK,329,29.283489096573206,2.43161094224924,17.434375
10397,10821,WN,1467,20.335429769392032,2.4539877300613497,16.237928621413577
10397,10849,DL,347,21.15942028985507,0.5763688760806917,12.641399416909621
10397,10868,DL,1594,20.038046924540268,1.066499372647428,14.113015873015874
10397,10980,DL,1032,21.238938053097346,1.4534883720930232,15.538839724680432
10397,10980,OO,255,27.88844621513944,1.5686274509803921,30.729083665338646
10397,10990,DL,83,22.89156626506024,0.0,9.457831325301205
10397,10994,DL,2543,19.353551476456506,1.4549744396382225,12.433826469412235
10397,11003,DL,306,25.32894736842105,0.6535947712418301,14.444078947368421
10397,11042,DL,2261,20.196604110813226,1.017249004865104,14.02905677246312
10397,11042,F9,456,28.125,1.7543859649122806,18.290178571428573
10397,11042,WN,92,15.217391304347828,0.0,10.065217391304348
10397,11057,AA,325,20.37617554858934,1.8461538461538463,20.188087774294672
10397,11057,DL,2433,22.465866776996275,0.6576243321002877,15.286128364389233
10397,11057,MQ,62,11.666666666666666,3.225806451612903,14.766666666666667
10397,11057,OH,1284,22.36524537409493,3.1931464174454827,21.943639291465377
10397,11066,AA,1,0.0,0.0,8.0
10397,11066,DL,2244,21.617977528089888,0.8467023172905526,13.253375337533754
10397,11066,F9,44,62.7906976744186,2.272727272727273,41.395348837209305
10397,11066,NK,90,31.46067415730337,1.1111111111111112,22.426966292134832
10397,11066,UA,1,100.0,0.0,19.0
10397,11066,WN,392,17.737789203084834,0.7653061224489796,10.23650385604113
10397,11109,DL,458,24.669603524229075,0.8733624454148472,14.790748898678414
10397,11146,OO,438,28.47058823529412,2.9680365296803655,31.858156028368793
10397,11193,DL,2248,17.969451931716083,0.9786476868327402,12.088658865886588
10397,11193,F9,214,24.154589371980677,3.2710280373831777,18.458937198067634
10397,11252,DL,1322,17.517136329017514,0.680786686838124,11.687834736036725
10397,11259,DL,1543,19.579500657030223,1.3609850939727803,14.610191925876903
10397,11259,WN,1379,22.958057395143488,1.4503263234227701,14.47080561714708
10397,11267,DL,1144,17.356828193832598,0.7867132867132867,13.302202643171807
10397,11278,AA,97,23.655913978494624,4.123711340206185,37.505376344086024
10397,11278,DL,3206,34.80063795853269,2.214597629444791,23.39317889317889
10397,11278,MQ,129,14.285714285714285,7.751937984496124,7.420168067226891
10397,11278,OH,789,28.785811732605733,7.097591888466413,26.69031377899045
10397,11278,WN,1143,27.151730257320317,1.3998250218722659,20.766222222222222
10397,11278,YX,421,24.078624078624077,3.32541567695962,16.766009852216747
10397,11292,DL,2295,29.192273924495172,0.7407407407407407,18.32965578111209
10397,11292,F9,532,40.26717557251908,1.5037593984962405,40.36641221374046
10397,11292,UA,910,17.16500553709856,0.7692307692307693,13.919463087248323
10397,11292,WN,929,28.230184581976115,0.8611410118406889,18.902838427947597
10397,11298,AA,2232,25.25533890436397,3.4946236559139785,27.405695611577965
10397,11298,DL,2322,32.21006564551423,1.5934539190353143,21.164389598942265
10397,11298,F9,533,42.69005847953216,3.75234521575985,42.578947368421055
10397,11298,MQ,63,30.158730158730158,0.0,20.3015873015873
10397,11298,NK,366,20.11173184357542,2.185792349726776,12.943502824858758
10397,11308,OO,52,44.230769230769226,0.0,54.96153846153846
10397,11423,DL,1050,18.059558117195003,0.8571428571428571,12.46923076923077
10397,11433,DL,3032,21.218139688844754,0.3627968337730871,15.254141815772034
10397,11433,F9,338,32.6219512195122,2.9585798816568047,25.26219512195122
10397,11433,NK,815,21.561338289962826,0.9815950920245399,16.687344913151364
10397,11481,DL,1959,18.6046511627907,1.225114854517611,12.176103896103896
10397,11503,DL,159,32.05128205128205,1.8867924528301887,19.26451612903226
10397,11540,DL,593,23.12925170068027,0.8431703204047217,13.20954003407155
10397,11612,OO,290,24.637681159420293,4.827586206896552,27.528985507246375
10397,11618,DL,2566,38.703261734287985,2.0265003897116136,32.303163796555864
10397,11618,F9,467,42.888888888888886,3.640256959314775,43.14031180400891
10397,11618,NK,399,32.56410256410256,2.255639097744361,30.484615384615385
10397,11618,UA,1544,26.21747831887925,2.9145077720207255,28.06425702811245
10397,11618,YX,92,28.735632183908045,5.434782608695652,41.96551724137931
10397,11624,DL,1209,21.048252911813645,0.5789909015715468,14.058528428093645
10397,11637,DL,5,20.0,0.0,9.0
10397,11638,DL,218,28.703703703703702,0.9174311926605505,19.62962962962963
10397,11641,DL,76,43.24324324324324,2.6315789473684212,27.66216216216216
10397,11641,OO,82,14.634146341463413,0.0,13.341463414634147
10397,11697,DL,3438,30.049985298441634,1.0762070971495055,19.91383889052818
10397,11697,F9,443,37.03703703703704,2.4830699774266365,33.21345707656612
10397,11697,NK,1184,27.11719418306245,1.2668918918918919,19.01713796058269
10397,11697,WN,191,26.063829787234045,1.5706806282722514,12.50531914893617
10397,11775,DL,304,29.76588628762542,1.644736842105263,23.687919463087248
10397,11823,OO,872,22.401847575057737,0.6880733944954128,20.56712962962963
10397,11884,DL,427,18.246445497630333,1.17096018735363,9.575829383886257
10397,11953,DL,1291,17.5,0.8520526723470179,11.847298355520751
10397,11953,OO,9,14.285714285714285,22.22222222222222,3.857142857142857
10397,11973,DL,1087,18.58076563958917,1.4719411223551058,13.081460674157304
10397,11977,DL,310,24.025974025974026,0.6451612903225806,14.166666666666666
10397,11986,DL,1150,16.75438596491228,0.8695652173913043,13.605448154657294
10397,11986,F9,40,22.5,0.0,9.15
10397,11995,DL,2264,19.553571428571427,1.0600706713780919,12.981224854716137
10397,11996,DL,2278,19.840566873339238,0.8779631255487269,12.411790780141844
10397,11996,WN,97,8.333333333333332,1.0309278350515463,4.291666666666667
10397,12094,DL,89,18.39080459770115,2.247191011235955,11.452380952380953
10397,12124,YX,195,15.897435897435896,0.0,11.190721649484535
10397,12173,DL,304,17.434210526315788,0.0,11.694078947368421
10397,12191,DL,1237,21.603927986906708,1.2126111560226354,13.254111842105264
10397,12191,WN,1292,20.64112587959343,1.0061919504643964,13.08307210031348
10397,12197,DL,667,21.428571428571427,1.3493253373313343,15.76780185758514
10397,12197,OO,35,29.411764705882355,2.857142857142857,31.029411764705884
10397,12217,DL,2027,19.01197604790419,1.1346817957572768,12.834834834834835
10397,12264,DL,1797,26.28313592780598,1.335559265442404,21.556497175141242
10397,12264,F9,417,41.25,4.07673860911271,38.56140350877193
10397,12264,UA,959,20.168067226890756,0.7299270072992701,20.756046267087278
10397,12264,YX,36,2.857142857142857,2.7777777777777777,5.617647058823529
10397,12266,DL,2009,26.13751263902932,1.5430562468889994,17.083248730964467
10397,12266,F9,492,38.63636363636363,1.6260162601626016,36.406639004149376
10397,12266,NK,479,35.319148936170215,1.8789144050104385,30.11063829787234
10397,12266,OO,5,40.0,0.0,24.4
10397,12266,UA,764,20.079787234042552,1.5706806282722514,16.07323568575233
10397,12278,DL,951,15.750528541226217,0.5257623554153522,11.408945686900958
10397,12323,DL,752,19.70509383378016,0.7978723404255319,14.697050938337801
10397,12323,OO,28,22.22222222222222,3.5714285714285716,13.444444444444445
10397,12339,AA,1,100.0,0.0,33.0
10397,12339,DL,2280,16.688800354138998,0.9210526315789473,10.811170212765957
10397,12339,F9,94,34.40860215053764,1.0638297872340425,25.892473118279568
10397,12339,NK,62,26.229508196721312,1.6129032258064515,18.852459016393443
10397,12339,WN,386,21.465968586387437,1.0362694300518134,14.784776902887138
10397,12441,DL,197,28.865979381443296,1.5228426395939085,17.140625
10397,12448,DL,1725,20.175953079178885,1.1594202898550725,15.792819305473808
10397,12448,WN,96,9.574468085106384,2.0833333333333335,9.483870967741936
10397,12451,DL,3194,27.79187817258883,1.3149655604257984,18.372499206097174
10397,12451,F9,41,32.5,2.4390243902439024,23.45
10397,12451,WN,147,26.71232876712329,0.6802721088435374,14.376712328767123
10397,12478,B6,946,24.94553376906318,2.959830866807611,27.4721919302072
10397,12478,DL,2022,24.626121635094716,0.7912957467853611,20.665334665334665
10397,12478,F9,543,35.40489642184557,2.2099447513812156,32.06415094339623
10397,12889,DL,2799,25.56797692030292,0.9289031797070382,16.889530685920576
10397,12889,F9,362,40.17094017094017,3.0386740331491713,38.74498567335244
10397,12889,NK,334,24.242424242424242,1.1976047904191616,16.166666666666668
10397,12889,WN,612,23.24058919803601,0.16339869281045752,13.504918032786886
10397,12892,AA,303,27.483443708609272,0.33003300330033003,34.36423841059602
10397,12892,DL,3255,23.369397217928903,0.6144393241167435,15.886821705426357
10397,12892,F9,390,38.50267379679144,4.102564102564102,31.27807486631016
10397,12892,NK,562,18.4115523465704,1.4234875444839858,12.518050541516246
10397,12945,DL,1774,18.838929994308483,0.9582863585118376,12.52310325156874
10397,12945,OO,20,47.368421052631575,5.0,46.10526315789474
10397,12951,OO,228,25.77777777777778,1.3157894736842106,18.871111111111112
10397,12953,DL,4102,25.105224065362712,1.5358361774744027,18.179895496392138
10397,12953,F9,566,38.899082568807344,3.7102473498233217,39.28176795580111
10397,12953,NK,97,21.052631578947366,2.0618556701030926,13.893617021276595
10397,12953,WN,1149,29.609929078014186,1.8276762402088773,21.882457702582368
10397,12953,YX,321,23.88535031847134,2.1806853582554515,19.872611464968152
10397,12992,DL,1890,18.409818569903948,0.8465608465608465,12.712145532370252
10397,13198,DL,2293,19.347730277655355,1.0466637592673353,12.432049579459939
10397,13198,F9,63,35.483870967741936,1.5873015873015872,26.870967741935484
10397,13198,NK,1,100.0,0.0,62.0
10397,13198,WN,400,23.40966921119593,1.75,13.41326530612245
10397,13204,DL,4474,34.369369369369366,0.7599463567277603,24.463315217391305
10397,13204,F9,832,36.039360393603936,2.2836538461538463,43.264197530864195
10397,13204,NK,473,25.53191489361702,0.6342494714587738,26.12579957356077
10397,13204,WN,1006,24.07592407592408,0.4970178926441352,17.789
10397,13230,DL,817,18.271604938271604,0.8567931456548348,11.933250927070457
10397,13230,OO,4,25.0,0.0,4.25
10397,13232,DL,1216,19.317235636969194,1.2335526315789473,12.333892617449665
10397,13232,F9,412,36.2962962962963,1.6990291262135921,34.5679012345679
10397,13232,WN,1363,20.39911308203991,0.7336757153338225,13.210954848260547
10397,13244,DL,2671,18.62930708065127,1.1231748408835642,12.875663381349508
10397,13244,WN,91,15.909090909090908,3.2967032967032965,10.942528735632184
10397,13277,OO,718,25.952045133991536,1.2534818941504178,33.30790960451977
10397,13303,AA,1409,24.38672438672439,1.6323633782824698,23.143063583815028
10397,13303,DL,2746,31.169310217631867,1.2745812090313182,22.584136397331356
10397,13303,F9,546,33.024118738404454,1.2820512820512822,31.89239332096475
10397,13303,MQ,194,20.418848167539267,1.5463917525773196,10.68586387434555
10397,13303,NK,151,21.192052980132452,0.0,14.350993377483444
10397,13303,WN,106,25.71428571428571,0.9433962264150944,12.723809523809523
10397,13303,YX,11,36.36363636363637,0.0,23.727272727272727
10397,13342,DL,1812,18.191964285714285,1.1037527593818985,11.047486033519553
10397,13342,WN,97,13.541666666666666,1.0309278350515463,7.5
10397,13360,DL,1169,20.728534258456204,1.3686911890504705,14.877391304347826
10397,13422,DL,415,25.609756097560975,1.2048192771084338,20.234718826405867
10397,13422,OO,53,32.69230769230769,1.8867924528301887,24.28846153846154
10397,13485,DL,845,19.427890345649583,0.7100591715976331,13.10394265232975
10397,13487,DL,2626,19.946503630110815,0.3427265803503427,12.952180566182097
10397,13487,F9,83,28.39506172839506,2.4096385542168677,11.037037037037036
10397,13487,NK,267,25.37878787878788,1.1235955056179776,15.041666666666666
10397,13495,DL,2720,24.54102660172349,1.875,16.179054054054053
10397,13495,F9,72,41.66666666666667,0.0,38.09722222222222
10397,13495,NK,428,26.31578947368421,2.336448598130841,20.47846889952153
10397,13495,WN,410,22.885572139303484,1.951219512195122,14.71571072319202
10397,13502,DL,83,14.814814814814813,2.4096385542168677,11.592592592592593
10397,13577,DL,1230,23.379819524200162,0.8943089430894309,15.64662273476112
10397,13830,DL,85,16.666666666666664,1.1764705882352942,10.654761904761905
10397,13851,DL,1424,22.07977207977208,1.404494382022472,14.774124374553253
10397,13851,F9,38,47.368421052631575,0.0,32.921052631578945
10397,13851,WN,55,16.363636363636363,0.0,7.909090909090909
10397,13871,DL,1422,21.788502484031227,0.9142053445850914,15.647435897435898
10397,13871,F9,7,42.857142857142854,0.0,23.0
10397,13871,WN,54,24.074074074074073,0.0,15.833333333333334
10397,13891,DL,758,24.966622162883844,1.187335092348285,15.049531459170014
10397,13930,AA,499,25.614754098360653,2.2044088176352705,32.408624229979466
10397,13930,DL,2163,24.60243217960711,1.155802126675913,15.907894736842104
10397,13930,F9,521,37.109375,1.727447216890595,37.03515625
10397,13930,MQ,286,21.863799283154123,2.4475524475524475,13.842293906810037
10397,13930,NK,119,18.487394957983195,0.0,9.271186440677965
10397,13930,OH,4,0.0,0.0,0.0
10397,13930,OO,34,12.121212121212121,2.9411764705882355,8.333333333333334
10397,13930,UA,1278,19.42902458366376,1.3302034428794993,18.575059571088165
10397,13930,YX,272,19.402985074626866,1.4705882352941178,14.473880597014926
10397,13931,DL,2246,25.934263845114813,1.1130899376669634,17.357980162308387
10397,13931,F9,135,30.597014925373134,0.7407407407407407,22.567164179104477
10397,14027,DL,3120,28.788860103626945,1.0256410256410255,18.253566796368354
10397,14027,F9,40,45.0,0.0,37.8
10397,14027,WN,59,13.559322033898304,0.0,9.728813559322035
10397,14057,AS,232,30.303030303030305,0.43103448275862066,21.2987012987013
10397,14057,DL,1092,18.491260349586017,0.45787545787545786,12.28268876611418
10397,14100,AA,403,29.873417721518987,1.9851116625310175,36.109137055837564
10397,14100,DL,2472,27.85276073619632,1.0922330097087378,18.264019647973804
10397,14100,F9,710,43.20809248554913,2.535211267605634,41.78726483357453
10397,14100,NK,233,28.50877192982456,2.1459227467811157,20.096491228070175
10397,14100,OH,673,24.22360248447205,4.3090638930163445,24.79192546583851
10397,14100,WN,102,14.85148514851485,0.9803921568627451,8.752475247524753
10397,14100,YX,122,11.965811965811966,4.098360655737705,14.658119658119658
10397,14107,AA,540,19.21641791044776,0.7407407407407407,23.80112570356473
10397,14107,DL,1897,27.219564061669328,0.8434370057986295,17.24266666666667
10397,14107,F9,122,36.36363636363637,0.819672131147541,43.28333333333333
10397,14107,WN,561,25.581395348837212,0.35650623885918004,14.547576301615798
10397,14122,DL,2081,18.119824646858255,1.3455069678039404,11.883357735480722
10397,14122,WN,280,13.620071684587815,0.35714285714285715,10.83093525179856
10397,14193,DL,2284,19.225634178905207,1.6199649737302977,12.134906500445236
10397,14262,DL,126,13.600000000000001,0.7936507936507936,9.608
10397,14307,DL,862,28.891509433962266,1.6241299303944317,16.493506493506494
10397,14321,DL,548,25.276752767527675,1.094890510948905,16.232472324723247
10397,14457,DL,16,0.0,6.25,2.7333333333333334
10397,14492,DL,3109,19.365284974093264,0.6754583467352847,12.87163695299838
10397,14492,F9,335,37.03703703703704,3.283582089552239,30.67283950617284
10397,14492,WN,364,18.005540166204987,0.8241758241758241,12.282548476454293
10397,14524,DL,2194,23.456221198156683,1.0938924339106655,16.22966728280961
10397,14524,F9,5,40.0,0.0,23.8
10397,14524,WN,97,10.416666666666668,1.0309278350515463,4.229166666666667
10397,14570,DL,267,38.02281368821293,1.4981273408239701,25.0381679389313
10397,14574,DL,304,24.333333333333336,1.3157894736842106,19.60942760942761
10397,14576,DL,875,27.37819025522042,1.4857142857142858,16.530778164924506
10397,14635,DL,2327,24.130434782608695,1.1602922217447358,15.851722634103794
10397,14635,F9,40,35.8974358974359,2.5,33.61538461538461
10397,14635,WN,92,28.888888888888886,2.1739130434782608,14.38888888888889
10397,14679,AS,292,28.52233676975945,0.3424657534246575,15.069204152249135
10397,14679,DL,1785,26.704225352112676,0.5602240896358543,15.840612592172434
10397,14679,WN,1,0.0,0.0,13.0
10397,14683,DL,2095,24.566473988439306,0.9069212410501193,15.28957528957529
10397,14683,F9,57,43.63636363636363,3.508771929824561,49.763636363636365
10397,14683,NK,91,25.274725274725274,0.0,15.362637362637363
10397,14683,WN,354,16.477272727272727,0.5649717514124294,11.167613636363637
10397,14685,DL,2414,19.839932603201348,1.6570008285004143,12.092827004219409
10397,14689,DL,304,34.66666666666667,1.3157894736842106,45.22222222222222
10397,14696,DL,1,0.0,0.0,2.0
10397,14696,OO,869,23.84259259259259,0.5753739930955121,23.019767441860466
10397,14696,UA,1,0.0,0.0,0.0
10397,14730,DL,2146,18.001885014137606,1.1183597390493942,11.7682119205298
10397,14730,NK,18,33.33333333333333,0.0,12.055555555555555
10397,14730,OO,32,37.5,0.0,32.40625
10397,14730,WN,96,10.75268817204301,3.125,9.869565217391305
10397,14747,AS,726,33.47280334728033,1.2396694214876034,20.557262569832403
10397,14747,DL,1999,17.211877201811777,0.6003001500750376,10.97223624432105
10397,14771,DL,1995,27.850655903128153,0.6516290726817042,17.463365336028296
10397,14771,F9,223,42.72727272727273,1.345291479820628,36.35909090909091
10397,14771,UA,535,20.037453183520597,0.18691588785046728,13.958724202626641
10397,14783,DL,269,28.73134328358209,0.37174721189591076,19.007462686567163
10397,14783,OO,196,24.742268041237114,1.0204081632653061,22.195876288659793
10397,14814,DL,1,0.0,0.0,0.0
10397,14814,OO,972,25.414937759336098,0.823045267489712,27.141519250780437
10397,14831,DL,724,15.577190542420027,0.6906077348066298,9.717663421418637
10397,14843,DL,1385,26.724763979665937,0.5776173285198556,15.924363636363637
10397,14843,F9,234,44.34782608695652,1.7094017094017093,46.75
10397,14843,NK,175,20.57142857142857,0.0,9.685714285714285
10397,14869,DL,2455,19.402374130167825,0.48879837067209775,12.817697664891439
10397,14893,DL,837,20.33694344163658,0.7168458781362007,12.51869722557298
10397,14908,DL,915,26.54185022026432,0.7650273224043715,17.582869855394883
10397,14986,DL,1862,20.781334780249594,1.0204081632653061,13.317020119630234
10397,14986,WN,92,27.173913043478258,0.0,15.902173913043478
10397,15016,DL,1956,17.637957710159878,0.869120654396728,11.314536989136059
10397,15016,F9,62,27.419354838709676,0.0,22.951612903225808
10397,15016,WN,1007,19.331983805668017,1.8867924528301887,12.567375886524824
10397,15024,DL,552,26.094890510948904,0.7246376811594203,15.415750915750916
10397,15027,DL,109,32.71028037383177,1.834862385321101,18.261682242990656
10397,15096,DL,877,23.00578034682081,1.3683010262257698,13.16550925925926
10397,15096,F9,47,39.130434782608695,2.127659574468085,30.065217391304348
10397,15249,DL,1266,22.124600638977636,1.1058451816745656,16.56169871794872
10397,15249,OO,3,66.66666666666666,0.0,34.0
10397,15304,DL,3619,29.628595364423344,1.0500138159712629,20.725413281031102
10397,15304,F9,626,37.006578947368425,2.8753993610223643,33.70559210526316
10397,15304,NK,153,26.143790849673206,0.0,18.26143790849673
10397,15304,WN,706,25.608011444921313,0.9915014164305949,16.688125894134476
10397,15323,DL,298,20.408163265306122,1.342281879194631,16.044368600682596
10397,15323,OO,140,31.654676258992804,0.7142857142857143,35.611510791366904
10397,15356,F9,57,25.0,1.7543859649122806,17.642857142857142
10397,15370,DL,1285,20.599842146803475,1.4007782101167314,14.152448657187994
10397,15376,DL,672,19.457013574660635,1.3392857142857142,13.921331316187594
10397,15380,DL,34,20.588235294117645,0.0,9.941176470588236
10397,15412,DL,1367,20.22222222222222,1.2435991221653255,13.511887072808321
10397,15624,DL,1980,18.130457113507962,1.6666666666666667,12.178681771369721
10397,15919,DL,325,19.314641744548286,1.2307692307692308,16.476489028213166
10397,15919,OO,39,33.33333333333333,0.0,18.871794871794872
10408,10397,DL,244,8.641975308641975,0.4098360655737705,9.962962962962964
10408,10397,OO,67,26.984126984126984,5.970149253731344,33.26984126984127
10408,10466,G4,222,15.765765765765765,0.0,14.981900452488688
10408,10693,G4,79,15.18987341772152,0.0,12.064102564102564
10408,11057,MQ,283,16.72597864768683,0.7067137809187279,11.0711743772242
10408,11057,OH,26,34.61538461538461,0.0,21.23076923076923
10408,11292,G4,56,32.142857142857146,0.0,23.696428571428573
10408,11292,OO,324,20.43343653250774,0.30864197530864196,15.98447204968944
10408,11298,MQ,308,17.263843648208468,0.3246753246753247,15.976897689768977
10408,11433,DL,25,8.0,0.0,2.92
10408,11433,OO,849,16.09467455621302,0.4711425206124853,15.659171597633136
10408,11618,G4,26,23.076923076923077,0.0,17.423076923076923
10408,11697,G4,35,25.71428571428571,0.0,8.457142857142857
10408,12266,OO,3,66.66666666666666,0.0,28.333333333333332
10408,12889,G4,132,13.636363636363635,0.0,18.484848484848484
10408,13487,OO,752,22.133333333333333,0.26595744680851063,20.477333333333334
10408,13930,MQ,657,23.692307692307693,1.06544901065449,14.858461538461539
10408,13930,OO,1358,30.682670667666915,1.840942562592047,30.277235161532683
10408,14057,G4,46,17.391304347826086,0.0,14.369565217391305
10408,14082,G4,205,16.666666666666664,0.4878048780487805,15.882352941176471
10408,14107,MQ,14,28.57142857142857,0.0,11.285714285714286
10408,14112,G4,156,26.282051282051285,0.0,27.34193548387097
10408,14685,G4,41,19.51219512195122,0.0,18.804878048780488
10408,14761,G4,210,20.0,0.0,15.114285714285714
10408,14986,G4,62,11.29032258064516,0.0,8.258064516129032
10408,16422,G4,9,0.0,0.0,1.2222222222222223
10409,11292,OO,92,33.69565217391305,0.0,37.380434782608695
10409,13487,OO,91,5.4945054945054945,0.0,10.846153846153847
10423,10140,WN,699,22.812051649928264,0.2861230329041488,12.956958393113343
10423,10208,MQ,3,33.33333333333333,0.0,12.333333333333334
10423,10279,WN,162,22.36024844720497,0.6172839506172839,15.04375
10423,10372,OO,155,25.0,1.935483870967742,25.318840579710145
10423,10397,DL,2686,17.299736743136517,1.0052122114668651,13.153990963855422
10423,10397,F9,183,57.80346820809249,5.46448087431694,44.03468208092485
10423,10397,WN,910,19.021134593993324,1.2087912087912087,13.029050279329608
10423,10431,G4,74,25.675675675675674,0.0,36.87837837837838
10423,10693,OO,858,23.563892145369287,0.5827505827505828,19.149236192714454
10423,10693,WN,1659,19.744835965978126,0.7836045810729355,12.040754257907542
10423,10721,B6,279,42.391304347826086,1.075268817204301,37.32727272727273
10423,10721,DL,798,27.445997458703943,1.3784461152882206,29.969426751592355
10423,10721,WN,142,44.680851063829785,0.704225352112676,30.4
10423,10800,WN,301,28.23920265780731,0.0,14.98993288590604
10423,10821,WN,1057,21.223709369024856,1.0406811731315042,12.600767754318618
10423,10994,WN,113,27.43362831858407,0.0,13.699115044247788
10423,11042,F9,96,29.78723404255319,2.0833333333333335,19.79787234042553
10423,11057,AA,1410,21.71717171717172,1.702127659574468,24.00361532899494
10423,11066,AA,1,100.0,0.0,15.0
10423,11066,DL,1,100.0,0.0,29.0
10423,11066,UA,1,0.0,0.0,8.0
10423,11066,WN,310,24.516129032258064,0.0,13.90967741935484
10423,11193,F9,65,16.923076923076923,0.0,14.6
10423,11193,G4,72,40.27777777777778,0.0,31.694444444444443
10423,11193,OO,126,24.193548387096776,1.5873015873015872,21.024193548387096
10423,11259,WN,1976,18.878600823045268,1.6194331983805668,12.988132094943241
10423,11278,WN,304,33.443708609271525,0.6578947368421053,19.09
10423,11292,F9,388,18.134715025906736,0.5154639175257731,18.0
10423,11292,UA,1634,23.03405572755418,1.1627906976744187,17.79415422885572
10423,11292,WN,1983,24.32843385707045,0.5042864346949067,15.982206405693951
10423,11298,AA,2902,24.695776664280604,3.7215713301171607,27.1156462585034
10423,11298,MQ,849,25.21631644004944,4.7114252061248525,18.855198019801982
10423,11298,OH,13,58.333333333333336,7.6923076923076925,82.16666666666667
10423,11298,OO,246,40.343347639484975,5.284552845528455,64.43347639484979
10423,11423,G4,87,37.93103448275862,0.0,29.804597701149426
10423,11433,DL,1063,15.3918791312559,0.37629350893697083,16.793950850661627
10423,11433,NK,64,27.419354838709676,3.125,35.596774193548384
10423,11481,OO,237,25.738396624472575,0.0,18.755274261603375
10423,11481,WN,204,19.607843137254903,0.0,11.857142857142858
10423,11540,WN,832,20.09626955475331,0.1201923076923077,11.774427020506634
10423,11618,NK,198,45.64102564102564,1.5151515151515151,47.031088082901555
10423,11618,UA,1321,23.94797245600612,1.0598031794095382,27.026881720430108
10423,11618,YX,9,44.44444444444444,0.0,45.55555555555556
10423,11697,NK,301,24.0,0.33222591362126247,14.613333333333333
10423,11697,WN,300,33.44481605351171,0.3333333333333333,20.22222222222222
10423,11953,DL,1,0.0,0.0,0.0
10423,11953,MQ,1,0.0,0.0,0.0
10423,11986,G4,73,31.506849315068493,0.0,25.068493150684933
10423,12173,HA,28,21.428571428571427,0.0,10.357142857142858
10423,12191,WN,1281,24.351924587588375,0.624512099921936,13.269079464988199
10423,12206,OO,158,24.342105263157894,3.7974683544303796,15.578947368421053
10423,12206,WN,531,20.384615384615383,2.071563088512241,11.514450867052023
10423,12264,G4,16,18.75,0.0,8.3125
10423,12264,UA,904,11.915367483296215,0.6637168141592921,8.981005586592179
10423,12264,YX,22,13.636363636363635,0.0,82.18181818181819
10423,12266,OO,142,24.113475177304963,0.704225352112676,22.666666666666668
10423,12266,UA,2042,23.45924453280318,1.4691478942213516,16.861760318249626
10423,12339,G4,22,31.818181818181817,0.0,28.095238095238095
10423,12339,OO,178,32.58426966292135,0.0,23.634831460674157
10423,12339,WN,471,20.985010706638114,0.8492569002123143,12.742489270386265
10423,12451,OO,178,12.359550561797752,0.0,8.988636363636363
10423,12451,WN,26,34.61538461538461,0.0,12.884615384615385
10423,12478,AA,591,21.858864027538726,1.6920473773265652,22.056896551724137
10423,12478,DL,1048,19.807692307692307,0.7633587786259542,17.620057859209258
10423,12889,DL,304,30.4635761589404,0.6578947368421053,27.76158940397351
10423,12889,F9,240,30.93220338983051,1.6666666666666667,25.01271186440678
10423,12889,G4,20,10.0,0.0,4.25
10423,12889,NK,133,16.666666666666664,0.7518796992481203,8.106060606060606
10423,12889,WN,1778,22.404063205417607,0.3374578177727784,12.645562464669304
10423,12892,AA,751,19.489247311827956,0.9320905459387483,18.322580645161292
10423,12892,DL,1058,18.975332068311197,0.3780718336483932,16.34190476190476
10423,12892,NK,35,17.142857142857142,0.0,10.970588235294118
10423,12892,OO,424,8.983451536643026,0.2358490566037736,5.514218009478673
10423,12892,UA,234,9.130434782608695,1.7094017094017093,12.816593886462883
10423,12892,WN,819,23.44322344322344,0.0,14.514041514041514
10423,12896,WN,266,27.819548872180448,0.0,18.06766917293233
10423,12945,DL,1,0.0,0.0,0.0
10423,12945,MQ,1,0.0,0.0,4.0
10423,12954,WN,446,19.101123595505616,0.2242152466367713,10.536036036036036
10423,13158,OO,724,19.91643454038997,0.8287292817679558,24.113286713286712
10423,13158,WN,260,19.230769230769234,0.0,10.165384615384616
10423,13198,WN,723,21.22905027932961,0.9681881051175657,12.6484593837535
10423,13204,DL,304,10.927152317880795,0.6578947368421053,9.413333333333334
10423,13204,F9,109,41.1214953271028,1.834862385321101,39.3177570093458
10423,13204,NK,173,31.79190751445087,0.0,22.76300578034682
10423,13204,WN,1508,24.732620320855613,0.7957559681697612,17.55197853789403
10423,13232,WN,1158,18.79895561357702,0.7772020725388601,12.430446194225722
10423,13244,OO,178,21.34831460674157,0.0,15.112359550561798
10423,13256,OO,853,19.339622641509436,0.5861664712778429,15.6875
10423,13303,AA,1183,20.686695278969957,1.521555367709214,17.95876288659794
10423,13303,F9,45,31.818181818181817,2.2222222222222223,18.09090909090909
10423,13303,MQ,24,33.33333333333333,0.0,21.52173913043478
10423,13303,WN,286,24.210526315789473,0.34965034965034963,18.42756183745583
10423,13342,WN,209,24.401913875598087,0.0,14.798076923076923
10423,13485,MQ,1,0.0,0.0,0.0
10423,13487,DL,850,20.5188679245283,0.23529411764705882,16.358579881656805
10423,13487,OO,196,14.795918367346939,0.0,12.76923076923077
10423,13487,WN,290,31.724137931034484,0.0,18.189655172413794
10423,13495,AA,4,50.0,0.0,23.75
10423,13495,OO,493,20.162932790224033,0.4056795131845842,15.120654396728016
10423,13495,WN,1230,22.660098522167488,0.975609756097561,13.896381578947368
10423,13502,WN,5,40.0,0.0,8.8
10423,13796,WN,298,29.194630872483224,0.0,13.72053872053872
10423,13851,WN,265,13.584905660377359,0.0,8.690566037735849
10423,13871,WN,4,25.0,0.0,8.5
10423,13891,WN,291,21.305841924398624,0.0,11.305841924398626
10423,13930,AA,931,27.012127894156563,2.577873254564984,25.60730088495575
10423,13930,F9,80,45.56962025316456,1.25,41.0126582278481
10423,13930,MQ,151,14.76510067114094,1.3245033112582782,12.16326530612245
10423,13930,OO,7,14.285714285714285,0.0,3.5714285714285716
10423,13930,UA,1069,18.66791744840525,0.2806361085126286,12.719924812030076
10423,13930,WN,304,22.697368421052634,0.0,12.508250825082508
10423,13930,YX,24,16.666666666666664,0.0,9.125
10423,14057,AS,433,19.294117647058822,1.8475750577367205,9.818396226415095
10423,14100,AA,884,26.212471131639724,2.0361990950226243,42.60254924681344
10423,14100,F9,56,31.48148148148148,3.5714285714285716,23.962962962962962
10423,14107,AA,999,16.414904330312186,0.6006006006006006,21.52121212121212
10423,14107,F9,114,29.20353982300885,0.8771929824561403,35.73451327433628
10423,14107,MQ,26,11.538461538461538,0.0,8.576923076923077
10423,14107,OO,2,0.0,0.0,0.0
10423,14107,WN,1637,21.380160197165743,0.855222968845449,11.470697100555213
10423,14122,G4,24,25.0,0.0,24.25
10423,14122,WN,244,28.278688524590162,0.0,18.16393442622951
10423,14193,WN,9,44.44444444444444,0.0,15.0
10423,14314,G4,88,19.318181818181817,0.0,16.988636363636363
10423,14492,OO,234,21.982758620689655,0.8547008547008547,21.26839826839827
10423,14492,WN,431,21.86046511627907,0.23201856148491878,12.574418604651163
10423,14570,WN,132,35.11450381679389,0.7575757575757576,19.221374045801525
10423,14679,AS,10,50.0,0.0,34.0
10423,14679,F9,74,41.42857142857143,5.405405405405405,42.08571428571429
10423,14679,OO,563,22.939068100358423,0.8880994671403197,14.190562613430128
10423,14679,WN,1120,28.418230563002684,0.08928571428571429,19.14336917562724
10423,14730,MQ,2,0.0,0.0,0.0
10423,14730,WN,3,33.33333333333333,0.0,58.333333333333336
10423,14747,AS,969,21.644120707596255,0.8255933952528379,12.605619146722164
10423,14747,DL,735,14.09028727770178,0.54421768707483,15.902739726027397
10423,14761,G4,24,66.66666666666666,0.0,63.5
10423,14771,AS,566,21.136767317939608,0.5300353356890459,13.364768683274022
10423,14771,DL,146,33.33333333333333,1.36986301369863,23.868055555555557
10423,14771,OO,50,32.0,0.0,23.34
10423,14771,UA,1293,15.498442367601244,0.6960556844547564,11.382398753894082
10423,14771,WN,88,25.0,0.0,10.022727272727273
10423,14831,WN,996,23.115577889447238,0.10040160642570281,12.977844914400805
10423,14843,WN,26,26.923076923076923,0.0,9.076923076923077
10423,14869,DL,898,13.982102908277405,0.44543429844098,11.625140291806959
10423,14869,OO,138,14.492753623188406,0.0,9.666666666666666
10423,14869,WN,402,26.616915422885572,0.0,15.398009950248756
10423,14893,WN,486,22.86902286902287,1.02880658436214,13.652806652806653
10423,14908,AA,2,50.0,0.0,16.5
10423,14908,WN,283,27.208480565371023,0.0,14.404255319148936
10423,14986,G4,26,7.6923076923076925,0.0,4.153846153846154
10423,15016,WN,794,19.62025316455696,0.5037783375314862,11.116455696202532
10423,15304,DL,146,18.493150684931507,0.0,12.662068965517241
10423,15304,WN,842,23.69047619047619,0.2375296912114014,14.209523809523809
10423,15370,WN,262,27.480916030534353,0.0,14.63740458015267
10423,15412,G4,75,37.333333333333336,0.0,29.06756756756757
10431,10397,DL,1561,17.940414507772022,1.0890454836643177,14.755181347150259
10431,10397,OO,14,14.285714285714285,0.0,27.142857142857142
10431,10423,G4,74,17.56756756756757,0.0,13.702702702702704
10431,10721,B6,66,34.84848484848485,0.0,18.106060606060606
10431,10721,G4,121,5.785123966942149,0.0,4.619834710743802
10431,10721,YX,50,24.0,0.0,10.346938775510203
10431,11057,AA,370,24.725274725274726,1.6216216216216217,22.755494505494507
10431,11057,MQ,304,14.381270903010032,1.644736842105263,11.494983277591974
10431,11057,OH,662,17.87974683544304,4.531722054380665,17.257911392405063
10431,11278,OH,445,36.0,10.112359550561798,25.4175
10431,11278,YX,31,9.67741935483871,0.0,4.129032258064516
10431,11292,G4,94,22.58064516129032,1.0638297872340425,15.673913043478262
10431,11292,OO,201,30.845771144278604,0.0,27.6974358974359
10431,11292,UA,15,46.666666666666664,0.0,17.533333333333335
10431,11298,AA,177,48.53801169590643,3.389830508474576,36.642857142857146
10431,11298,MQ,374,19.07356948228883,1.8716577540106951,22.42896174863388
10431,11298,OH,18,0.0,5.555555555555555,0.0
10431,11618,G4,118,16.101694915254235,0.0,12.576271186440678
10431,11618,YX,101,12.871287128712872,0.0,23.75
10431,11624,G4,96,20.0,1.0416666666666667,10.43157894736842
10431,11697,G4,561,32.021466905187836,0.35650623885918004,30.691202872531417
10431,12191,G4,40,25.0,0.0,8.179487179487179
10431,12264,G4,39,10.256410256410255,0.0,6.128205128205129
10431,12889,G4,87,14.942528735632186,0.0,16.302325581395348
10431,12953,YX,361,22.285714285714285,3.0470914127423825,17.610315186246417
10431,13204,G4,119,28.57142857142857,0.0,35.26271186440678
10431,13232,G4,47,27.659574468085108,0.0,40.851063829787236
10431,13303,AA,27,57.692307692307686,3.7037037037037037,52.23076923076923
10431,13303,MQ,184,32.240437158469945,0.5434782608695652,17.316939890710383
10431,13487,G4,26,23.076923076923077,0.0,10.076923076923077
10431,13930,MQ,316,33.5483870967742,1.8987341772151898,18.506451612903227
10431,13930,OO,487,22.981366459627328,0.8213552361396304,17.77035490605428
10431,13930,UA,1,0.0,0.0,0.0
10431,13930,YX,112,7.2727272727272725,1.7857142857142858,5.054545454545455
10431,14027,G4,141,22.69503546099291,0.0,16.22463768115942
10431,14082,G4,188,23.93617021276596,0.0,19.101604278074866
10431,14100,OH,1,100.0,0.0,15.0
10431,14107,G4,80,10.0,0.0,10.772151898734178
10431,14112,G4,428,30.913348946135834,0.2336448598130841,22.814553990610328
10431,14761,G4,429,32.629107981220656,0.6993006993006993,33.943661971830984
10431,14986,G4,108,25.0,0.0,22.287037037037038
10431,15624,G4,13,7.6923076923076925,0.0,4.6923076923076925
10434,11057,AA,164,16.77018633540373,1.829268292682927,25.8944099378882
10434,11057,MQ,32,9.375,0.0,4.625
10434,11057,OH,621,13.079470198675496,2.737520128824477,12.902317880794701
10434,13930,MQ,420,27.184466019417474,1.9047619047619047,26.670731707317074
10434,13930,OO,10,10.0,0.0,8.0
10466,10408,G4,222,18.46846846846847,0.0,11.518018018018019
10466,10620,G4,150,16.0,0.0,8.84
10466,10627,G4,213,7.981220657276995,0.0,4.113207547169812
10466,10666,G4,127,8.661417322834646,0.0,5.535433070866142
10466,10713,G4,90,22.22222222222222,0.0,15.38888888888889
10466,10849,G4,129,13.953488372093023,0.0,10.75
10466,11003,G4,164,15.853658536585366,0.0,7.195121951219512
10466,11109,G4,36,22.22222222222222,0.0,14.583333333333334
10466,11193,G4,65,23.076923076923077,0.0,10.938461538461539
10466,11423,G4,151,22.14765100671141,1.3245033112582782,16.85234899328859
10466,11603,G4,105,10.476190476190476,0.0,5.9714285714285715
10466,11637,G4,318,9.748427672955975,0.0,4.122641509433962
10466,11648,G4,90,4.444444444444445,0.0,5.411111111111111
10466,11721,G4,93,29.03225806451613,0.0,16.21505376344086
10466,11775,G4,315,13.333333333333334,0.0,9.718849840255592
10466,11823,G4,64,9.375,0.0,11.59375
10466,11884,G4,79,13.924050632911392,0.0,11.487179487179487
10466,11898,G4,57,3.508771929824561,0.0,2.6842105263157894
10466,11980,G4,126,4.761904761904762,0.0,3.9444444444444446
10466,11986,G4,184,16.304347826086957,0.0,9.048913043478262
10466,12003,G4,80,15.0,0.0,11.8375
10466,12278,G4,89,11.363636363636363,1.1235955056179776,5.4772727272727275
10466,12280,G4,175,10.919540229885058,0.5714285714285714,5.196531791907514
10466,12889,G4,53,36.53846153846153,1.8867924528301887,27.134615384615383
10466,13367,G4,76,11.842105263157894,0.0,7.578947368421052
10466,13433,G4,121,12.396694214876034,0.0,5.68595041322314
10466,13486,G4,120,18.333333333333332,0.0,19.425
10466,13487,G4,34,11.76470588235294,0.0,6.647058823529412
10466,13871,G4,89,19.101123595505616,0.0,9.056818181818182
10466,14057,G4,52,0.0,0.0,0.6346153846153846
10466,14108,G4,169,11.834319526627219,0.0,6.331360946745562
10466,14252,G4,120,18.333333333333332,0.0,11.5
10466,14314,G4,570,26.537785588752193,0.17543859649122806,21.377855887521967
10466,14457,G4,172,15.789473684210526,0.5813953488372093,15.263157894736842
10466,14512,G4,142,11.971830985915492,0.0,7.288732394366197
10466,14696,G4,116,15.517241379310345,0.0,6.655172413793103
10466,14783,G4,189,12.76595744680851,0.5291005291005291,6.39247311827957
10466,15008,G4,114,13.157894736842104,0.0,7.946902654867257
10466,15295,G4,8,0.0,0.0,0.875
10466,15380,G4,48,12.5,0.0,7.1063829787234045
10466,15919,G4,30,6.666666666666667,0.0,5.533333333333333
10469,11433,OO,856,18.84570082449941,0.8177570093457944,18.917550058892814
10469,13930,MQ,419,16.585365853658537,2.1479713603818618,12.15609756097561
10469,13930,OO,4,50.0,0.0,24.25
10529,10397,DL,1819,18.337950138504155,0.7696536558548653,14.556609035136642
10529,10397,F9,105,28.155339805825243,1.9047619047619047,26.019417475728154
10529,10693,NK,15,6.666666666666667,0.0,12.6
10529,10693,WN,308,16.233766233766232,0.0,9.78896103896104
10529,10821,WN,1456,16.74808094905792,1.5796703296703296,11.413286713286713
10529,11057,AA,1488,17.4061433447099,1.5456989247311828,17.60848733744011
10529,11278,AA,492,31.645569620253166,3.658536585365854,26.07399577167019
10529,11278,MQ,88,40.27777777777778,18.181818181818183,38.861111111111114
10529,11278,OH,811,31.79419525065963,6.535141800246609,32.19363395225464
10529,11278,YX,220,34.15841584158416,8.181818181818182,20.603015075376884
10529,11292,UA,607,17.3841059602649,0.4942339373970346,12.412859560067682
10529,11292,WN,302,18.272425249169437,0.33112582781456956,9.77257525083612
10529,11298,AA,709,24.639769452449567,2.1156558533145273,20.522496371552975
10529,11433,DL,977,11.030927835051546,0.7164790174002047,11.923632610939112
10529,11433,NK,83,14.457831325301203,0.0,12.63855421686747
10529,11433,OO,39,17.94871794871795,0.0,30.307692307692307
10529,11697,B6,485,18.503118503118504,0.8247422680412371,10.455301455301456
10529,11697,NK,191,25.925925925925924,1.0471204188481675,18.904255319148938
10529,11697,WN,8,25.0,0.0,4.375
10529,12264,UA,641,14.890282131661442,0.46801872074882994,9.879310344827585
10529,12264,YX,110,29.523809523809526,4.545454545454546,22.590476190476192
10529,12478,B6,184,7.103825136612022,0.5434782608695652,3.2841530054644807
10529,13204,B6,811,24.3142144638404,1.1097410604192355,18.426952141057935
10529,13204,F9,203,26.368159203980102,0.9852216748768473,21.17
10529,13204,NK,40,17.5,0.0,14.775
10529,13204,WN,537,16.261682242990656,0.37243947858473,10.969868173258003
10529,13232,WN,623,14.35483870967742,0.48154093097913325,9.927302100161551
10529,13303,AA,305,11.18421052631579,0.32786885245901637,10.888157894736842
10529,13303,F9,35,20.588235294117645,2.857142857142857,12.735294117647058
10529,13303,MQ,31,6.451612903225806,0.0,2.3870967741935485
10529,13303,YX,3,33.33333333333333,0.0,28.333333333333332
10529,13487,DL,716,16.106442577030812,0.27932960893854747,13.426160337552743
10529,13577,NK,186,12.972972972972974,0.5376344086021505,12.962162162162162
10529,13930,AA,456,27.802690582959645,2.192982456140351,40.69438202247191
10529,13930,MQ,283,21.98581560283688,0.35335689045936397,12.526690391459075
10529,13930,OO,197,33.6734693877551,0.5076142131979695,31.225641025641025
10529,13930,UA,716,25.98314606741573,0.5586592178770949,18.06056338028169
10529,13930,YX,264,14.942528735632186,1.1363636363636365,10.988505747126437
10529,14027,B6,474,20.638297872340424,0.8438818565400844,16.224839400428266
10529,14100,AA,290,23.239436619718308,2.0689655172413794,18.346289752650176
10529,14100,OH,215,19.248826291079812,0.9302325581395349,19.63849765258216
10529,14100,YX,37,41.66666666666667,2.7027027027027026,15.194444444444445
10529,14635,B6,347,22.058823529411764,2.0172910662824206,14.638805970149253
10529,14635,WN,13,7.6923076923076925,0.0,6.384615384615385
10529,14843,B6,597,29.075630252100844,0.33500837520938026,22.26565143824027
10529,14843,F9,198,40.30612244897959,1.0101010101010102,74.41711229946524
10529,15304,B6,393,19.437340153452684,0.5089058524173028,14.231958762886597
10529,15304,F9,16,20.0,6.25,6.533333333333333
10529,15304,WN,317,19.303797468354432,0.31545741324921134,15.558730158730159
10551,10299,AS,605,29.03225806451613,2.644628099173554,15.448217317487266
10558,11292,OO,521,29.585798816568047,2.6871401151631478,37.256410256410255
10561,11292,OO,609,13.30049261083744,0.0,12.712871287128714
10561,11298,AA,287,15.714285714285714,2.4390243902439024,28.47292418772563
10561,14107,AA,379,18.56763925729443,0.5277044854881267,15.729442970822282
10561,14107,MQ,332,9.036144578313253,0.0,6.2696969696969695
10561,14107,OO,306,15.032679738562091,0.0,12.820261437908497
10561,14771,OO,582,14.604810996563575,0.0,12.314432989690722
10577,11433,OO,178,13.48314606741573,0.0,15.293785310734464
10581,10397,DL,29,18.51851851851852,6.896551724137931,11.407407407407407
10581,11057,AA,183,21.85792349726776,0.0,19.546448087431695
10581,11057,OH,1,100.0,0.0,38.0
10581,11278,AA,227,30.76923076923077,2.643171806167401,26.56561085972851
10581,11278,MQ,24,53.333333333333336,37.5,32.333333333333336
10581,11278,OH,556,28.793774319066145,7.553956834532374,37.140625
10581,11278,YX,30,10.0,0.0,2.7
10581,11433,DL,1,100.0,0.0,68.0
10581,11618,YX,458,30.045871559633024,4.8034934497816595,23.954128440366972
10581,11697,G4,43,23.25581395348837,0.0,13.627906976744185
10581,12953,YX,220,14.215686274509803,7.2727272727272725,13.655172413793103
10581,13930,AA,40,47.5,0.0,57.775
10581,13930,MQ,167,19.760479041916167,0.0,13.179640718562874
10581,13930,OO,3,66.66666666666666,0.0,54.333333333333336
10581,13930,YX,337,28.74251497005988,0.8902077151335311,27.005988023952096
10581,14082,G4,78,26.923076923076923,0.0,20.818181818181817
10581,14100,AA,291,21.678321678321677,1.7182130584192439,31.94055944055944
10581,14100,OH,171,24.390243902439025,4.093567251461988,33.60122699386503
10581,14100,YX,20,47.05882352941176,15.0,28.235294117647058
10581,14112,G4,221,21.266968325791854,0.0,21.95
10581,14761,G4,245,29.629629629629626,0.8163265306122449,18.796680497925312
10599,10155,MQ,1,0.0,0.0,0.0
10599,10397,DL,2542,11.619578193394348,1.1408339889850512,11.008366533864542
10599,10693,WN,304,25.333333333333336,1.3157894736842106,14.77
10599,10821,WN,280,16.05839416058394,2.142857142857143,11.014652014652015
10599,11049,MQ,1,0.0,0.0,0.0
10599,11057,AA,133,12.4031007751938,3.007518796992481,17.093023255813954
10599,11057,MQ,101,4.9504950495049505,0.0,2.881188118811881
10599,11057,OH,1386,19.79088872292756,3.391053391053391,21.01644245142003
10599,11057,OO,116,21.929824561403507,1.7241379310344827,26.482456140350877
10599,11111,MQ,1,0.0,0.0,0.0
10599,11259,WN,785,17.335058214747736,1.5286624203821657,10.585397653194264
10599,11278,OH,746,26.82926829268293,6.568364611260054,29.882608695652173
10599,11278,YX,84,10.843373493975903,1.1904761904761905,11.048192771084338
10599,11292,OO,607,20.066334991708125,0.6589785831960461,17.04530201342282
10599,11292,WN,304,15.181518151815181,0.32894736842105265,11.543046357615895
10599,11298,AA,182,31.60919540229885,4.395604395604396,36.87931034482759
10599,11298,MQ,982,20.920502092050206,2.6476578411405294,16.922350472193074
10599,11298,OH,594,31.393298059964724,4.545454545454546,37.50088809946714
10599,11298,OO,147,28.671328671328673,2.7210884353741496,22.591549295774648
10599,11433,NK,24,37.5,0.0,13.695652173913043
10599,11433,OO,228,23.893805309734514,0.8771929824561403,29.88938053097345
10599,11618,NK,84,41.77215189873418,5.9523809523809526,29.857142857142858
10599,11697,NK,209,28.640776699029125,1.4354066985645932,19.521951219512196
10599,12191,WN,394,16.709511568123396,1.2690355329949239,11.11340206185567
10599,12266,OO,106,33.33333333333333,0.9433962264150944,43.695238095238096
10599,12889,WN,304,17.491749174917494,0.32894736842105265,12.990099009900991
10599,13204,WN,626,21.634615384615387,0.3194888178913738,14.906752411575562
10599,13232,WN,458,15.638766519823788,0.8733624454148472,10.345814977973568
10599,13303,AA,145,35.0,3.4482758620689653,47.55
10599,13303,MQ,556,15.970961887477314,0.8992805755395683,10.295620437956204
10599,13303,YX,3,33.33333333333333,0.0,13.0
10599,13342,DL,1,0.0,0.0,0.0
10599,13342,WN,1,0.0,0.0,0.0
10599,13485,OH,1,0.0,0.0,0.0
10599,13485,OO,1,0.0,0.0,0.0
10599,13851,MQ,1,0.0,0.0,7.0
10599,13930,MQ,369,21.525885558583106,0.5420054200542005,16.0
10599,13930,OH,1,0.0,0.0,0.0
10599,13930,OO,95,34.73684210526316,0.0,17.305263157894736
10599,13930,YX,150,7.38255033557047,0.6666666666666666,5.496644295302014
10599,14100,AA,2,0.0,0.0,0.0
10599,14100,OH,434,18.990384615384613,4.147465437788019,18.958837772397093
10599,14100,YX,28,3.571428571428571,0.0,1.0357142857142858
10599,14107,WN,217,19.90740740740741,0.4608294930875576,14.930232558139535
10599,15249,OH,1,100.0,0.0,84.0
10599,15304,WN,351,16.857142857142858,0.2849002849002849,10.868571428571428
10599,15412,OO,1,0.0,0.0,1.0
10617,11292,OO,94,12.76595744680851,0.0,11.24731182795699
10617,14771,OO,164,17.791411042944784,0.6097560975609756,11.49079754601227
10620,10466,G4,150,21.333333333333336,0.0,14.693333333333333
10620,11292,OO,934,24.321389793702497,1.39186295503212,22.798907103825137
10620,11292,UA,608,28.54785478547855,0.32894736842105265,22.156666666666666
10620,11298,MQ,609,20.59800664451827,1.1494252873563218,14.873949579831933
10620,12889,G4,104,27.884615384615387,0.0,41.31730769230769
10620,13487,DL,304,11.920529801324504,0.6578947368421053,11.382059800664452
10620,13930,MQ,271,22.59259259259259,0.36900369003690037,27.970149253731343
10620,13930,OO,157,20.382165605095544,0.0,12.606451612903227
10620,14107,MQ,92,12.087912087912088,1.0869565217391304,9.043956043956044
10620,14869,DL,305,9.539473684210527,0.32786885245901637,19.519736842105264
10620,14869,OO,592,7.2758037225042305,0.16891891891891891,6.145516074450085
10627,10466,G4,213,12.676056338028168,0.0,12.103286384976526
10627,11292,OO,1327,25.85551330798479,0.9042954031650339,29.217859892224787
10627,11298,MQ,607,24.834437086092713,0.4942339373970346,16.266331658291456
10627,11315,OO,1,0.0,0.0,
10627,12889,G4,100,16.0,0.0,10.06
10627,13487,DL,362,13.812154696132598,0.0,13.171745152354571
10627,13487,OO,810,16.253101736972706,0.49382716049382713,17.617391304347827
10627,13930,MQ,149,30.87248322147651,0.0,16.550335570469798
10627,14112,G4,27,0.0,0.0,0.2222222222222222
10627,14761,G4,28,37.03703703703704,3.5714285714285716,16.77777777777778
10631,13487,OO,607,11.940298507462686,0.6589785831960461,11.97346600331675
10666,10466,G4,127,5.511811023622047,0.0,4.078740157480315
10666,12889,G4,414,5.326876513317192,0.24154589371980675,3.668280871670702
10666,12892,G4,91,9.89010989010989,0.0,4.153846153846154
10666,13796,G4,125,4.0,0.0,10.288
10666,14262,G4,99,13.131313131313133,0.0,15.515151515151516
10666,14679,G4,25,4.0,0.0,1.04
10666,14747,OO,1139,20.23070097604259,1.0535557506584723,12.701598579040853
10676,11697,G4,58,20.689655172413794,0.0,10.810344827586206
10676,12451,G4,48,59.57446808510638,2.0833333333333335,41.57446808510638
10676,12889,G4,54,20.37037037037037,0.0,25.48148148148148
10676,13577,G4,26,26.923076923076923,0.0,19.88
10676,14082,G4,193,26.42487046632124,0.0,19.94240837696335
10676,14112,G4,147,40.41095890410959,0.6802721088435374,29.889655172413793
10676,14685,G4,13,30.76923076923077,0.0,23.0
10676,14761,G4,124,50.40650406504065,0.8064516129032258,48.739837398373986
10676,14986,G4,95,24.210526315789473,0.0,23.147368421052633
10676,15412,G4,28,33.33333333333333,3.5714285714285716,64.77777777777777
10676,15624,G4,348,27.74566473988439,0.5747126436781609,27.63005780346821
10676,16422,G4,47,6.382978723404255,0.0,4.297872340425532
10685,10397,OO,143,17.482517482517483,0.0,26.45390070921986
10685,11298,MQ,608,14.666666666666666,1.3157894736842106,10.706375838926174
10685,13930,MQ,451,14.988814317673377,0.8869179600886918,9.973154362416107
10685,14112,G4,89,18.181818181818183,1.1235955056179776,14.272727272727273
10685,14761,G4,102,41.17647058823529,0.0,47.088235294117645
10693,10135,G4,49,20.408163265306122,0.0,26.122448979591837
10693,10140,WN,207,20.48780487804878,0.966183574879227,12.121951219512194
10693,10257,G4,51,15.686274509803921,0.0,18.07843137254902
10693,10257,WN,199,9.137055837563452,1.0050251256281406,6.157360406091371
10693,10397,DL,2752,12.880733944954128,0.9811046511627907,9.436604189636164
10693,10397,WN,672,22.372372372372375,0.8928571428571429,14.354354354354355
10693,10408,G4,79,13.924050632911392,0.0,11.10126582278481
10693,10423,OO,858,21.688159437280188,0.5827505827505828,15.585193889541715
10693,10423,WN,1675,18.4984984984985,0.5970149253731343,11.736905478627333
10693,10529,NK,15,6.666666666666667,0.0,4.6
10693,10529,WN,308,14.285714285714285,0.0,9.06514657980456
10693,10599,WN,304,21.0,1.3157894736842106,12.036666666666667
10693,10721,AA,2,0.0,0.0,0.0
10693,10721,B6,731,30.027932960893857,2.0519835841313268,24.134078212290504
10693,10721,DL,427,29.812206572769952,0.234192037470726,34.4635294117647
10693,10721,NK,134,26.515151515151516,1.492537313432836,23.931818181818183
10693,10721,WN,810,33.25031133250312,0.8641975308641975,21.470734744707347
10693,10721,YX,377,14.516129032258066,1.3262599469496021,10.24731182795699
10693,10781,MQ,1,0.0,0.0,0.0
10693,10792,WN,269,18.28358208955224,0.37174721189591076,11.313432835820896
10693,10800,WN,274,26.277372262773724,0.0,19.395604395604394
10693,10821,NK,106,26.21359223300971,2.830188679245283,15.951456310679612
10693,10821,WN,1517,20.710455764075068,1.6479894528675016,12.832773673606447
10693,10849,G4,103,18.627450980392158,0.970873786407767,16.14851485148515
10693,10849,WN,18,38.88888888888889,0.0,25.11111111111111
10693,10874,G4,67,27.27272727272727,1.492537313432836,15.924242424242424
10693,10994,WN,761,21.192052980132452,0.7884362680683311,13.332005312084993
10693,11003,G4,47,17.02127659574468,0.0,20.170212765957448
10693,11042,F9,51,13.725490196078432,0.0,11.745098039215685
10693,11042,NK,51,35.294117647058826,0.0,27.215686274509803
10693,11042,WN,669,24.887556221889056,0.29895366218236175,15.211394302848575
10693,11057,AA,1645,24.10604192355117,1.3981762917933132,22.242909987669545
10693,11057,MQ,149,15.277777777777779,3.3557046979865772,10.104895104895105
10693,11057,NK,42,7.142857142857142,0.0,9.142857142857142
10693,11057,OH,895,32.98490127758421,3.798882681564246,28.517441860465116
10693,11057,WN,459,24.67248908296943,0.2178649237472767,14.278508771929825
10693,11066,NK,12,11.11111111111111,25.0,7.777777777777778
10693,11066,WN,784,19.102564102564102,0.5102040816326531,11.331193838254173
10693,11193,WN,304,23.026315789473685,0.0,12.805921052631579
10693,11259,WN,2031,19.69015492253873,1.4771048744460857,13.117587939698492
10693,11278,AA,133,10.15625,3.7593984962406015,12.21875
10693,11278,MQ,102,26.881720430107524,8.823529411764707,16.358695652173914
10693,11278,OH,730,41.55038759689923,11.643835616438356,37.875389408099686
10693,11278,WN,1205,25.74341546304163,2.323651452282158,16.43344709897611
10693,11278,YX,1396,22.10759027266028,2.793696275071633,16.370178041543028
10693,11292,F9,285,25.357142857142854,1.7543859649122806,24.992857142857144
10693,11292,UA,1010,24.00793650793651,0.19801980198019803,18.82565130260521
10693,11292,WN,1859,25.959978366684695,0.5379236148466918,16.515463917525775
10693,11298,AA,2535,28.788501026694046,3.9447731755424065,28.4080791426216
10693,11298,F9,22,27.27272727272727,0.0,17.772727272727273
10693,11298,MQ,322,23.34384858044164,1.5527950310559007,19.923809523809524
10693,11298,NK,1,0.0,0.0,0.0
10693,11298,OH,29,42.857142857142854,3.4482758620689653,25.107142857142858
10693,11298,OO,61,30.0,1.639344262295082,50.5
10693,11423,G4,161,18.75,0.6211180124223602,19.32075471698113
10693,11433,DL,1162,11.082251082251082,0.6024096385542169,10.81629116117851
10693,11433,NK,259,16.796875,1.1583011583011582,14.035294117647059
10693,11433,OO,19,52.63157894736842,0.0,25.94736842105263
10693,11433,WN,636,23.46456692913386,0.15723270440251572,13.790551181102362
10693,11433,YX,1,0.0,0.0,0.0
10693,11481,WN,918,19.715224534501644,0.5446623093681917,11.760702524698134
10693,11618,NK,251,34.710743801652896,3.585657370517928,31.564315352697097
10693,11618,UA,1168,28.947368421052634,2.3972602739726026,31.999118165784832
10693,11618,YX,182,25.568181818181817,3.2967032967032965,25.852272727272727
10693,11624,DL,1,0.0,0.0,11.0
10693,11637,G4,87,17.24137931034483,0.0,16.941860465116278
10693,11697,G4,73,23.28767123287671,0.0,18.671232876712327
10693,11697,NK,534,18.525519848771268,0.9363295880149812,17.84280303030303
10693,11697,WN,1104,22.60711030082042,0.6340579710144928,13.348263254113345
10693,11721,G4,77,12.987012987012985,0.0,10.675324675324676
10693,11775,G4,88,30.681818181818183,0.0,33.793103448275865
10693,11986,G4,138,32.35294117647059,1.4492753623188406,27.88235294117647
10693,11986,WN,28,25.0,0.0,6.857142857142857
10693,11996,WN,304,23.432343234323433,0.32894736842105265,14.582781456953642
10693,12094,WN,9,33.33333333333333,0.0,12.5
10693,12191,WN,1437,21.082220660576247,0.9742519137091162,11.747538677918424
10693,12264,G4,45,13.333333333333334,0.0,9.311111111111112
10693,12264,UA,806,21.44638403990025,0.49627791563275436,16.177722152690862
10693,12264,YX,4,0.0,0.0,0.0
10693,12266,NK,77,31.88405797101449,10.38961038961039,18.115942028985508
10693,12266,OO,357,15.0997150997151,1.680672268907563,16.17948717948718
10693,12266,UA,708,17.42857142857143,1.1299435028248588,17.665236051502145
10693,12339,WN,240,26.359832635983267,0.4166666666666667,12.891213389121338
10693,12448,WN,208,25.961538461538463,0.0,14.341346153846153
10693,12451,G4,24,0.0,4.166666666666667,0.7391304347826086
10693,12451,WN,849,21.919431279620852,0.5889281507656066,13.439573459715639
10693,12478,B6,451,28.899082568807337,3.3259423503325944,28.49425287356322
10693,12478,OO,68,14.705882352941178,0.0,10.764705882352942
10693,12478,YX,871,19.480519480519483,2.7554535017221586,15.994068801897983
10693,12889,AA,2,0.0,0.0,0.0
10693,12889,DL,1,100.0,0.0,121.0
10693,12889,G4,2,0.0,0.0,4.0
10693,12889,NK,224,20.361990950226243,1.3392857142857142,17.92760180995475
10693,12889,WN,1444,19.041000694927032,0.3462603878116344,10.614742698191932
10693,12892,AA,303,28.57142857142857,0.6600660066006601,28.209302325581394
10693,12892,DL,732,12.225274725274724,0.546448087431694,9.684065934065934
10693,12892,NK,86,24.705882352941178,1.1627906976744187,25.341176470588234
10693,12892,WN,629,23.557692307692307,0.794912559618442,12.592948717948717
10693,12953,DL,229,29.411764705882355,3.493449781659389,52.972477064220186
10693,12953,OO,365,14.917127071823206,0.821917808219178,12.689750692520775
10693,12953,WN,1193,24.807527801539777,2.0117351215423303,15.248709122203097
10693,12953,YX,1468,25.49435028248588,3.542234332425068,19.03283369022127
10693,12954,WN,310,21.35922330097087,0.3225806451612903,12.795454545454545
10693,13198,NK,18,5.555555555555555,0.0,2.388888888888889
10693,13198,WN,1124,22.93165467625899,1.0676156583629892,14.49099099099099
10693,13204,F9,67,26.865671641791046,0.0,26.074626865671643
10693,13204,NK,688,18.114874815905743,1.308139534883721,15.603550295857989
10693,13204,WN,1939,20.79002079002079,0.7735946364105208,13.237597911227153
10693,13230,G4,60,26.666666666666668,0.0,19.916666666666668
10693,13232,WN,1582,18.64623243933589,1.011378002528445,11.216751918158568
10693,13244,WN,207,37.19806763285024,0.0,17.07729468599034
10693,13303,AA,1014,25.572139303482587,0.8875739644970414,22.493987975951903
10693,13303,MQ,279,21.818181818181817,1.4336917562724014,15.281021897810218
10693,13303,NK,78,31.16883116883117,1.2820512820512822,22.714285714285715
10693,13303,WN,535,24.670433145009415,0.7476635514018691,17.10566037735849
10693,13303,YX,14,42.857142857142854,0.0,25.714285714285715
10693,13342,NK,18,11.11111111111111,0.0,8.166666666666666
10693,13342,WN,787,21.51088348271447,0.7623888182973316,13.820512820512821
10693,13487,DL,1025,11.730205278592376,0.1951219512195122,9.435420743639922
10693,13487,WN,342,19.705882352941178,0.5847953216374269,13.505882352941176
10693,13495,NK,179,22.35294117647059,5.027932960893855,14.994117647058824
10693,13495,WN,1147,19.52296819787986,1.3077593722755012,12.139061116031886
10693,13577,NK,17,31.25,5.882352941176471,21.6875
10693,13577,WN,512,22.35294117647059,0.390625,13.956692913385826
10693,13796,WN,1,100.0,0.0,40.0
10693,13851,WN,281,26.334519572953734,0.0,15.021505376344086
10693,13871,WN,283,24.46808510638298,0.35335689045936397,13.425531914893616
10693,13891,WN,269,30.970149253731343,0.37174721189591076,15.343283582089553
10693,13930,AA,409,34.32835820895522,1.7114914425427872,45.592039800995025
10693,13930,F9,149,39.310344827586206,2.684563758389262,32.744827586206895
10693,13930,MQ,342,20.474777448071215,1.4619883040935673,15.240356083086054
10693,13930,NK,42,30.952380952380953,0.0,36.42857142857143
10693,13930,OO,1356,29.947328818660644,1.991150442477876,30.335090361445783
10693,13930,UA,1014,22.033898305084744,1.0848126232741617,18.719
10693,13930,WN,379,18.882978723404257,0.7915567282321899,13.564171122994653
10693,13930,YX,464,21.68141592920354,2.586206896551724,18.62971175166297
10693,13931,WN,348,18.67816091954023,0.0,12.557803468208093
10693,14027,WN,240,26.25,0.0,16.975
10693,14057,AS,303,23.666666666666668,0.9900990099009901,14.448160535117056
10693,14057,WN,9,11.11111111111111,0.0,29.333333333333332
10693,14082,G4,104,20.388349514563107,0.9615384615384616,20.06930693069307
10693,14100,AA,884,29.574223245109323,1.6968325791855203,30.714780600461893
10693,14100,F9,128,32.0,2.34375,22.137096774193548
10693,14100,NK,158,17.72151898734177,0.0,10.39873417721519
10693,14100,OH,200,37.5,8.0,31.08743169398907
10693,14100,WN,676,22.337278106508876,0.0,11.726331360946746
10693,14100,YX,218,13.145539906103288,2.293577981651376,11.887323943661972
10693,14107,AA,432,21.16279069767442,0.46296296296296297,21.790697674418606
10693,14107,WN,1614,19.987507807620236,0.80545229244114,11.440550688360451
10693,14108,G4,89,20.224719101123593,0.0,16.235955056179776
10693,14112,G4,84,40.476190476190474,0.0,32.433734939759034
10693,14122,G4,71,23.943661971830984,0.0,18.845070422535212
10693,14122,WN,807,20.57356608478803,0.6195786864931846,12.66708229426434
10693,14193,NK,8,37.5,0.0,47.0
10693,14193,WN,775,16.558018252933508,1.032258064516129,9.967320261437909
10693,14307,WN,199,22.727272727272727,0.5025125628140703,11.700507614213198
10693,14314,G4,78,19.480519480519483,1.2820512820512822,20.454545454545453
10693,14321,WN,158,21.518987341772153,0.0,14.677215189873417
10693,14492,WN,1006,23.59437751004016,0.9940357852882704,13.035211267605634
10693,14492,YX,646,24.840764331210192,2.7863777089783284,15.553429027113237
10693,14512,G4,46,28.26086956521739,0.0,40.65217391304348
10693,14524,G4,59,23.728813559322035,0.0,22.915254237288135
10693,14524,WN,304,20.723684210526315,0.0,11.016501650165017
10693,14635,NK,3,100.0,0.0,79.0
10693,14635,WN,538,24.015009380863038,0.929368029739777,15.11654135338346
10693,14679,WN,758,22.649006622516556,0.39577836411609496,11.982620320855615
10693,14683,NK,28,42.857142857142854,0.0,53.55555555555556
10693,14683,WN,782,21.1340206185567,0.7672634271099744,12.184754521963825
10693,14685,WN,601,24.53781512605042,0.9983361064891847,14.78655462184874
10693,14730,WN,76,19.736842105263158,0.0,10.236842105263158
10693,14747,AS,745,27.03804347826087,1.2080536912751678,14.350136239782016
10693,14747,DL,386,14.285714285714285,0.25906735751295334,10.184415584415584
10693,14747,WN,128,45.3125,0.0,22.480314960629922
10693,14761,G4,106,29.245283018867923,0.0,43.660377358490564
10693,14771,UA,658,18.34862385321101,0.60790273556231,12.042879019908117
10693,14771,WN,148,34.45945945945946,0.0,17.714285714285715
10693,14814,G4,26,3.8461538461538463,0.0,1.6153846153846154
10693,14831,WN,203,37.4384236453202,0.0,17.261083743842363
10693,14843,WN,40,17.5,0.0,8.875
10693,14869,DL,779,13.256113256113256,0.25673940949935814,7.7992277992278
10693,14869,WN,234,24.892703862660944,0.42735042735042733,17.085836909871244
10693,14893,WN,290,29.06574394463668,0.3448275862068966,17.225694444444443
10693,14908,WN,146,11.643835616438356,0.0,5.02054794520548
10693,14986,G4,28,21.428571428571427,0.0,32.785714285714285
10693,14986,WN,509,20.078740157480315,0.19646365422396855,11.9251968503937
10693,15016,WN,1072,18.74405328258801,1.958955223880597,10.907706945765938
10693,15096,G4,92,16.304347826086957,0.0,10.217391304347826
10693,15304,MQ,601,22.448979591836736,2.1630615640599,16.972742759795572
10693,15304,NK,28,25.0,0.0,23.22222222222222
10693,15304,WN,1410,23.214285714285715,0.7092198581560284,14.421617752326414
10693,15370,WN,207,24.154589371980677,0.0,13.768115942028986
10693,15624,WN,714,13.540197461212976,0.7002801120448179,8.964639321074964
10693,15919,G4,87,18.39080459770115,0.0,16.837209302325583
10713,10397,DL,427,22.565320665083135,1.405152224824356,18.995215311004785
10713,10466,G4,90,30.0,0.0,17.622222222222224
10713,10800,OO,162,19.753086419753085,0.0,8.796296296296296
10713,10800,WN,174,13.793103448275861,0.0,6.649425287356322
10713,11259,WN,9,22.22222222222222,0.0,6.111111111111111
10713,11292,F9,59,43.103448275862064,1.694915254237288,64.6896551724138
10713,11292,OO,554,14.620938628158845,0.0,11.622061482820977
10713,11292,UA,966,26.507276507276504,0.4140786749482402,20.10751565762004
10713,11292,WN,917,21.74863387978142,0.21810250817884405,12.675824175824175
10713,11298,AA,665,20.615384615384617,2.255639097744361,22.75705329153605
10713,11298,MQ,1,0.0,0.0,0.0
10713,11884,OO,171,16.374269005847953,0.0,11.31764705882353
10713,12889,G4,12,33.33333333333333,0.0,46.5
10713,12889,NK,135,22.388059701492537,0.7407407407407407,15.373134328358208
10713,12889,OO,217,22.685185185185187,0.4608294930875576,15.73611111111111
10713,12889,WN,850,16.86320754716981,0.23529411764705882,9.648584905660377
10713,12892,OO,1206,5.472636815920398,0.0,3.681592039800995
10713,12892,UA,2,0.0,0.0,7.0
10713,13204,AS,33,9.090909090909092,0.0,5.757575757575758
10713,13232,WN,78,16.666666666666664,0.0,7.662337662337662
10713,13487,DL,659,12.02435312024353,0.30349013657056145,8.760305343511451
10713,13796,WN,541,12.059369202226346,0.36968576709796674,7.4397031539888685
10713,13930,AA,86,40.69767441860465,0.0,41.305882352941175
10713,13930,MQ,62,25.806451612903224,0.0,15.065573770491802
10713,13930,OO,401,9.975062344139651,0.0,7.52
10713,13930,UA,193,21.761658031088082,0.0,17.842931937172775
10713,14057,AS,257,9.375,0.38910505836575876,5.10546875
10713,14057,OO,749,10.589812332439678,0.40053404539385845,6.261394101876675
10713,14107,AA,71,22.535211267605636,0.0,36.23943661971831
10713,14107,MQ,53,15.09433962264151,0.0,6.339622641509434
10713,14107,OO,956,17.628541448058762,0.3138075313807531,13.437894736842106
10713,14107,WN,627,13.258785942492013,0.1594896331738437,8.573717948717949
10713,14262,OO,20,10.0,0.0,9.65
10713,14679,AS,71,10.0,1.408450704225352,5.042857142857143
10713,14679,OO,428,12.910798122065728,0.4672897196261682,6.981132075471698
10713,14679,WN,257,18.43137254901961,0.7782101167315175,9.415686274509804
10713,14696,OO,1,0.0,0.0,0.0
10713,14696,UA,2,0.0,0.0,0.0
10713,14747,AS,606,21.0,0.9900990099009901,11.62
10713,14747,OO,2663,15.75780368559609,0.1502065339842283,8.705838041431262
10713,14771,OO,931,19.247311827956988,0.10741138560687433,11.901075268817204
10713,14771,UA,298,19.256756756756758,0.6711409395973155,12.596610169491525
10713,14831,OO,271,8.118081180811808,0.0,5.446494464944649
10713,14831,WN,303,19.801980198019802,0.0,11.425742574257425
10713,14869,DL,1196,9.97485331098072,0.2508361204013378,8.244127516778523
10713,14869,OO,221,2.7149321266968327,0.0,2.076923076923077
10713,14893,OO,89,14.606741573033707,0.0,9.573033707865168
10713,14893,WN,672,14.434523809523808,0.0,8.873511904761905
10713,14908,G4,144,26.573426573426573,0.6944444444444444,17.034965034965033
10721,10154,B6,229,20.26431718061674,0.8733624454148472,18.048458149779737
10721,10208,YX,5,40.0,0.0,14.8
10721,10397,B6,793,28.388746803069054,1.3871374527112232,20.530848329048844
10721,10397,DL,2966,19.332879509870658,0.9440323668240054,15.203002388263391
10721,10397,F9,177,39.64497041420118,4.519774011299435,26.095238095238095
10721,10397,NK,223,22.624434389140273,0.8968609865470852,15.484162895927602
10721,10423,B6,279,28.158844765342963,0.7168458781362007,17.974358974358974
10721,10423,DL,798,29.441624365482234,1.2531328320802004,28.762148337595907
10721,10423,WN,142,49.29577464788733,0.0,30.133802816901408
10721,10431,B6,66,12.121212121212121,0.0,5.03125
10721,10431,G4,121,7.43801652892562,0.0,10.008264462809917
10721,10431,YX,50,16.0,0.0,5.4
10721,10693,AA,2,0.0,0.0,0.0
10721,10693,B6,731,24.617524339360223,1.6415868673050615,16.536312849162012
10721,10693,DL,427,29.107981220657276,0.234192037470726,26.25
10721,10693,NK,133,22.727272727272727,0.7518796992481203,18.282442748091604
10721,10693,WN,809,26.492537313432834,0.6180469715698393,17.917602996254683
10721,10693,YX,378,29.919137466307276,1.8518518518518519,22.302702702702703
10721,10792,B6,879,21.90366972477064,0.7963594994311718,16.103211009174313
10721,10821,NK,379,24.793388429752067,4.221635883905013,20.0
10721,10821,WN,1968,22.818791946308725,1.5752032520325203,19.049561177077955
10721,10821,YX,931,19.716775599128542,1.3963480128893662,14.851366120218579
10721,10849,B6,126,18.4,0.7936507936507936,10.088
10721,10849,DL,45,20.0,0.0,15.044444444444444
10721,10994,B6,614,25.496688741721858,1.6286644951140066,18.289517470881865
10721,10994,DL,345,21.700879765395893,1.1594202898550725,13.69208211143695
10721,10994,NK,28,21.428571428571427,0.0,10.25
10721,10994,YX,35,8.571428571428571,0.0,3.857142857142857
10721,11042,B6,678,23.731343283582092,1.1799410029498525,17.217910447761195
10721,11042,F9,69,20.28985507246377,0.0,16.318840579710145
10721,11042,YX,725,19.074333800841515,1.6551724137931034,14.312762973352033
10721,11057,AA,2329,19.022687609075042,1.5886646629454702,17.882584024443474
10721,11057,F9,36,30.303030303030305,8.333333333333334,26.90909090909091
10721,11057,NK,60,35.59322033898305,1.6666666666666667,31.28813559322034
10721,11057,YX,1165,20.928196147110334,1.9742489270386265,13.78965819456617
10721,11066,MQ,186,27.956989247311824,0.0,20.010752688172044
10721,11066,NK,18,5.555555555555555,0.0,1.5555555555555556
10721,11066,YX,1477,18.80984952120383,1.015572105619499,14.115753424657534
10721,11193,DL,17,5.88235294117647,0.0,3.411764705882353
10721,11193,F9,8,0.0,0.0,0.0
10721,11193,MQ,271,30.075187969924812,1.845018450184502,24.026415094339622
10721,11193,YX,1030,21.047430830039527,1.7475728155339805,12.421782178217821
10721,11259,WN,138,39.85507246376812,0.0,25.722627737226276
10721,11278,AA,1544,24.484364604125084,2.655440414507772,25.507671781187458
10721,11278,B6,2334,27.176781002638524,2.570694087403599,20.842825607064018
10721,11278,DL,1,0.0,0.0,0.0
10721,11278,MQ,39,18.91891891891892,5.128205128205129,16.2972972972973
10721,11278,YX,3789,26.307099614749585,4.0907891264185805,17.85118718939812
10721,11292,B6,562,25.089605734767023,0.7117437722419929,14.951526032315979
10721,11292,DL,354,27.350427350427353,0.847457627118644,11.925925925925926
10721,11292,UA,1670,22.135572885422917,0.17964071856287425,13.848795180722892
10721,11292,WN,797,30.31446540880503,0.25094102885821834,21.449494949494948
10721,11298,AA,2185,24.236730859558477,2.562929061784897,20.709616295594504
10721,11298,B6,283,23.57142857142857,1.0600706713780919,17.36823104693141
10721,11298,DL,764,31.07569721115538,1.4397905759162304,28.14190093708166
10721,11298,F9,42,33.33333333333333,7.142857142857143,24.55263157894737
10721,11298,NK,33,36.36363636363637,0.0,20.424242424242426
10721,11423,G4,47,10.638297872340425,0.0,11.425531914893616
10721,11433,B6,682,25.44642857142857,1.466275659824047,18.285074626865672
10721,11433,DL,1431,18.7192118226601,0.6988120195667366,13.694424841213833
10721,11433,NK,265,20.15209125475285,0.7547169811320755,15.996197718631178
10721,11433,YX,11,9.090909090909092,0.0,2.727272727272727
10721,11618,NK,8,0.0,0.0,0.25
10721,11618,UA,2136,27.089337175792505,2.5280898876404496,26.23209995194618
10721,11618,YX,980,34.28258488499452,6.836734693877551,27.162280701754387
10721,11624,B6,124,20.32520325203252,0.8064516129032258,12.158333333333333
10721,11624,YX,21,45.0,4.761904761904762,31.3
10721,11697,B6,1450,30.474198047419804,1.103448275862069,23.212885154061624
10721,11697,DL,677,29.55223880597015,1.03397341211226,21.332833583208394
10721,11697,NK,696,28.905109489051096,1.5804597701149425,24.539473684210527
10721,11986,G4,67,11.940298507462686,0.0,12.08955223880597
10721,11996,DL,2,50.0,0.0,45.0
10721,12094,B6,35,26.47058823529412,2.857142857142857,16.575757575757574
10721,12124,YX,13,38.46153846153847,0.0,19.923076923076923
10721,12173,DL,93,34.065934065934066,2.150537634408602,26.022222222222222
10721,12173,HA,189,25.806451612903224,1.5873015873015872,24.301075268817204
10721,12264,UA,1335,20.22641509433962,0.7490636704119851,15.774169184290031
10721,12264,YX,5,20.0,0.0,3.2
10721,12266,B6,391,26.221079691516707,0.5115089514066496,15.844559585492227
10721,12266,NK,1,100.0,0.0,22.0
10721,12266,UA,1303,20.69767441860465,0.9976976208749041,14.98984375
10721,12323,B6,179,10.674157303370785,0.5586592178770949,7.567415730337078
10721,12323,MQ,211,12.380952380952381,0.47393364928909953,6.066666666666666
10721,12323,YX,60,10.0,0.0,3.4166666666666665
10721,12339,G4,22,18.181818181818183,0.0,7.2727272727272725
10721,12339,MQ,37,30.555555555555557,2.7027027027027026,23.72222222222222
10721,12339,YX,1609,16.308470290771176,1.678060907395898,12.601769911504425
10721,12391,B6,7,,100.0,
10721,12451,B6,529,22.2007722007722,2.0793950850661624,16.87814313346228
10721,12451,DL,55,25.925925925925924,1.8181818181818181,26.555555555555557
10721,12451,YX,724,28.772919605077576,2.0718232044198897,18.7475317348378
10721,12478,AA,5,0.0,0.0,0.0
10721,12478,B6,2047,22.305764411027567,2.5403028822667317,20.33684210526316
10721,12478,DL,304,13.377926421404682,1.644736842105263,13.200668896321071
10721,12478,YX,2300,25.49638989169675,3.652173913043478,18.243682310469314
10721,12889,B6,948,23.093220338983052,0.4219409282700422,14.396386822529225
10721,12889,DL,531,23.962264150943398,0.18832391713747645,15.996204933586338
10721,12892,AA,737,24.423337856173678,0.0,34.16282225237449
10721,12892,B6,1487,18.796484110885732,0.5379959650302623,13.837728194726166
10721,12892,DL,967,21.78423236514523,0.31023784901758017,19.613707165109034
10721,12892,UA,609,17.898193760262725,0.0,14.605263157894736
10721,12953,B6,615,18.6046511627907,2.113821138211382,12.466777408637874
10721,12953,DL,472,12.958963282937367,1.9067796610169492,14.24891774891775
10721,12953,YX,4841,22.509145685388425,4.007436480066102,17.47081628257592
10721,13198,DL,93,25.555555555555554,3.225806451612903,21.60674157303371
10721,13198,YX,404,18.387909319899247,1.7326732673267327,10.565656565656566
10721,13204,AA,6,33.33333333333333,0.0,86.5
10721,13204,B6,2005,28.924785461887936,1.1970074812967582,22.29240957717779
10721,13204,DL,1024,28.949950932286555,0.48828125,21.801376597836775
10721,13204,F9,192,22.340425531914892,2.0833333333333335,15.659574468085106
10721,13204,NK,652,19.122257053291534,2.147239263803681,14.739747634069401
10721,13204,WN,3,33.33333333333333,0.0,9.333333333333334
10721,13232,WN,1126,26.051924798567594,0.7992895204262878,18.300805729632945
10721,13244,YX,282,37.5,3.5460992907801416,25.755555555555556
10721,13303,AA,1862,17.905588714053174,1.0204081632653061,12.968971148611868
10721,13303,B6,421,33.33333333333333,1.66270783847981,23.523002421307506
10721,13303,DL,602,27.97319932998325,0.8305647840531561,24.36241610738255
10721,13303,F9,61,26.229508196721312,0.0,14.266666666666667
10721,13303,MQ,15,20.0,0.0,9.133333333333333
10721,13303,NK,221,28.767123287671232,0.9049773755656109,21.761467889908257
10721,13303,YX,5,60.0,0.0,31.8
10721,13342,B6,171,20.588235294117645,0.5847953216374269,14.382352941176471
10721,13342,YX,497,20.081967213114755,1.8108651911468814,12.583162217659138
10721,13485,AA,1,100.0,0.0,18.0
10721,13485,MQ,1,100.0,0.0,28.0
10721,13487,DL,1556,17.159383033419022,0.0,12.754340836012862
10721,13495,AA,2,50.0,0.0,27.0
10721,13495,B6,422,23.26139088729017,1.1848341232227488,17.46987951807229
10721,13495,DL,313,19.093851132686083,1.2779552715654952,16.022875816993466
10721,13495,MQ,3,33.33333333333333,0.0,10.333333333333334
10721,13495,NK,112,18.181818181818183,1.7857142857142858,15.845454545454546
10721,13495,YX,1,100.0,0.0,67.0
10721,13541,B6,93,9.89010989010989,2.150537634408602,5.9010989010989015
10721,13577,DL,24,33.33333333333333,0.0,16.083333333333332
10721,13577,MQ,4,0.0,0.0,0.0
10721,13577,NK,541,23.091603053435115,3.142329020332717,15.456813819577736
10721,13577,YX,39,10.256410256410255,0.0,4.615384615384615
10721,13871,DL,1,0.0,0.0,0.0
10721,13930,AA,1589,26.74344209852847,1.6362492133417244,24.930680359435172
10721,13930,B6,483,23.221757322175733,1.0351966873706004,17.76890756302521
10721,13930,DL,776,34.11764705882353,1.4175257731958764,28.578186596583443
10721,13930,MQ,435,22.19626168224299,1.6091954022988506,17.988235294117647
10721,13930,UA,2169,24.418604651162788,0.875979714153988,19.43103448275862
10721,13930,YX,640,26.073131955484897,1.71875,16.361464968152866
10721,13931,B6,179,27.52808988764045,0.5586592178770949,17.994350282485875
10721,13931,G4,24,37.5,0.0,20.666666666666668
10721,13931,NK,20,21.052631578947366,5.0,14.947368421052632
10721,13931,YX,185,8.64864864864865,0.0,6.691891891891892
10721,14027,AA,6,16.666666666666664,0.0,9.166666666666666
10721,14027,B6,1304,32.19017926734217,1.6104294478527608,23.78369905956113
10721,14027,DL,493,31.211498973305957,1.2170385395537526,24.674226804123712
10721,14057,AS,418,16.222760290556902,1.1961722488038278,9.924757281553399
10721,14057,B6,126,34.4,0.7936507936507936,27.168
10721,14100,AA,1943,28.073878627968334,2.4704065877509005,27.82312565997888
10721,14100,B6,794,21.73913043478261,1.5113350125944585,16.43918053777209
10721,14100,F9,126,27.419354838709676,1.5873015873015872,23.43548387096774
10721,14100,NK,1,100.0,0.0,35.0
10721,14100,YX,1391,21.16091109478325,2.156721782890007,13.838354151359294
10721,14107,AA,1122,18.817204301075268,0.5347593582887701,18.250673854447438
10721,14107,B6,306,29.508196721311474,0.32679738562091504,19.473684210526315
10721,14107,DL,310,34.090909090909086,0.6451612903225806,22.60855263157895
10721,14122,B6,941,20.84233261339093,1.5940488841657812,14.872432432432433
10721,14122,YX,928,20.655737704918035,1.4008620689655173,14.60327868852459
10721,14231,B6,304,30.4635761589404,0.6578947368421053,23.103678929765888
10721,14492,B6,994,25.30612244897959,1.408450704225352,17.416326530612245
10721,14492,DL,1242,23.289902280130292,1.1272141706924315,19.955211726384366
10721,14492,F9,110,18.34862385321101,0.9090909090909091,13.504587155963304
10721,14492,YX,55,14.545454545454545,0.0,5.327272727272727
10721,14524,B6,703,26.65706051873199,1.2802275960170697,17.792207792207794
10721,14524,YX,757,20.268456375838927,1.5852047556142668,13.964959568733153
10721,14635,AA,6,20.0,16.666666666666668,3.6
10721,14635,B6,1290,28.638867033831627,1.4728682170542635,19.923259493670887
10721,14635,DL,493,23.203285420944557,1.2170385395537526,14.121149897330595
10721,14635,NK,184,19.88950276243094,1.6304347826086956,16.519337016574585
10721,14679,AS,426,28.50356294536817,1.1737089201877935,15.343675417661098
10721,14679,B6,720,12.534818941504177,0.2777777777777778,7.7583798882681565
10721,14679,DL,304,27.722772277227726,0.32894736842105265,12.814814814814815
10721,14683,DL,281,19.642857142857142,0.35587188612099646,17.193548387096776
10721,14685,B6,539,21.401515151515152,2.0408163265306123,15.859047619047619
10721,14685,DL,34,6.0606060606060606,2.9411764705882355,3.909090909090909
10721,14685,G4,30,0.0,0.0,0.9666666666666667
10721,14685,YX,294,18.088737201365188,0.3401360544217687,9.819112627986348
10721,14730,DL,2,0.0,0.0,0.0
10721,14730,MQ,85,8.235294117647058,0.0,7.588235294117647
10721,14730,YX,485,14.107883817427386,0.6185567010309279,8.214583333333334
10721,14747,AS,999,24.72250252270434,0.8008008008008008,15.04868154158215
10721,14747,B6,381,23.342175066312997,1.0498687664041995,17.623342175066313
10721,14747,DL,787,19.590268886043532,0.7623888182973316,12.759282970550576
10721,14771,AS,327,29.754601226993866,0.3058103975535168,18.187116564417177
10721,14771,B6,1322,19.195751138088013,0.30257186081694404,12.38888888888889
10721,14771,DL,710,23.30508474576271,0.28169014084507044,18.224893917963225
10721,14771,UA,1498,16.923076923076923,0.20026702269692923,11.585676037483266
10721,14843,B6,1111,27.636363636363637,0.9900990099009901,21.493613138686133
10721,14843,DL,325,20.061728395061728,0.3076923076923077,11.90092879256966
10721,14843,F9,92,61.111111111111114,2.1739130434782608,85.15116279069767
10721,14843,NK,89,37.07865168539326,0.0,17.584269662921347
10721,14869,B6,159,29.29936305732484,1.2578616352201257,18.506410256410255
10721,14869,DL,886,17.194570135746606,0.22573363431151242,13.204545454545455
10721,14893,B6,126,25.396825396825395,0.0,18.41269841269841
10721,14986,B6,343,23.964497041420117,1.4577259475218658,18.514792899408285
10721,14986,DL,10,20.0,0.0,9.3
10721,14986,G4,103,16.666666666666664,0.970873786407767,15.127450980392156
10721,14986,YX,44,27.906976744186046,2.272727272727273,28.0
10721,15016,MQ,394,18.251928020565554,1.2690355329949239,13.426356589147288
10721,15016,WN,778,27.473958333333332,1.2853470437017995,19.203655352480418
10721,15016,YX,155,8.108108108108109,4.516129032258065,3.75
10721,15024,B6,93,19.565217391304348,1.075268817204301,11.87912087912088
10721,15096,B6,298,35.714285714285715,1.342281879194631,26.921768707482993
10721,15304,B6,1313,26.620370370370374,1.2947448591012947,19.267857142857142
10721,15304,DL,843,31.780167264038234,0.7117437722419929,23.863309352517987
10721,15304,F9,215,23.923444976076556,2.7906976744186047,21.502392344497608
10721,15304,NK,135,20.8955223880597,0.7407407407407407,16.111940298507463
10721,15380,B6,52,21.153846153846153,0.0,9.807692307692308
10721,15380,YX,122,8.19672131147541,0.0,3.7868852459016393
10721,15412,G4,142,16.901408450704224,0.0,11.26056338028169
10721,15624,G4,31,9.67741935483871,0.0,4.419354838709677
10728,11298,OO,606,19.170984455958546,4.455445544554456,24.381282495667243
10732,11618,UA,304,20.401337792642142,1.644736842105263,11.689655172413794
10732,11697,B6,244,19.34156378600823,0.4098360655737705,11.40329218106996
10732,12478,B6,520,14.453125,1.5384615384615385,11.25390625
10732,13204,B6,455,14.56953642384106,0.43956043956043955,9.431111111111111
10732,13204,F9,342,20.0,2.046783625730994,18.023880597014927
10732,13303,F9,9,0.0,0.0,0.0
10739,13487,OO,524,15.267175572519085,0.0,17.41412213740458
10747,11298,MQ,930,17.252747252747252,2.150537634408602,14.345054945054946
10747,11298,OO,387,33.05555555555556,6.976744186046512,31.105849582172702
10754,10299,AS,303,28.865979381443296,3.9603960396039604,16.745704467353953
10779,11292,OO,301,21.73913043478261,0.6644518272425249,17.83164983164983
10779,14869,OO,288,5.244755244755245,0.6944444444444444,10.951048951048952
10781,10397,DL,707,16.49928263988522,1.4144271570014144,16.474137931034484
10781,10397,OO,11,18.181818181818183,0.0,11.6
10781,10693,MQ,1,0.0,0.0,0.0
10781,11057,MQ,165,25.925925925925924,1.8181818181818181,13.641975308641975
10781,11057,OH,410,15.96009975062344,2.1951219512195124,14.16209476309227
10781,11278,OH,256,13.750000000000002,6.25,24.662447257383967
10781,11278,UA,1,,100.0,
10781,11298,MQ,503,15.734989648033126,3.9761431411530817,14.302277432712215
10781,11298,OH,1061,29.3713163064833,4.0527803958529685,32.99605911330049
10781,11298,OO,170,30.81761006289308,6.470588235294118,29.169811320754718
10781,12266,OO,308,25.666666666666664,2.5974025974025974,25.55
10781,12266,UA,1,0.0,0.0,14.0
10785,10397,DL,319,12.779552715654951,1.8808777429467085,12.805111821086262
10785,11057,AA,23,47.82608695652174,0.0,34.17391304347826
10785,11057,OH,500,19.917864476386036,2.6,26.637860082304528
10785,11278,AA,207,27.860696517412936,2.898550724637681,34.121212121212125
10785,11278,MQ,36,24.242424242424242,8.333333333333334,13.727272727272727
10785,11278,OH,815,30.687830687830687,7.2392638036809815,38.06924101198402
10785,11278,YX,105,19.607843137254903,2.857142857142857,15.107843137254902
10785,11292,UA,171,36.904761904761905,1.7543859649122806,44.794871794871796
10785,11433,DL,1,0.0,0.0,0.0
10785,11433,OO,309,15.210355987055015,0.0,14.482200647249192
10785,11618,UA,141,21.428571428571427,0.7092198581560284,17.864285714285714
10785,11618,YX,561,27.663551401869157,4.634581105169341,32.5422138836773
10785,12264,UA,10,30.0,0.0,20.8
10785,12264,YX,545,13.610586011342155,2.9357798165137616,14.351606805293006
10785,12478,YX,8,25.0,0.0,11.5
10785,12953,YX,31,3.225806451612903,0.0,7.967741935483871
10785,13204,F9,74,21.62162162162162,0.0,15.135135135135135
10785,13487,DL,4,0.0,0.0,0.0
10785,13930,MQ,63,34.92063492063492,0.0,23.333333333333332
10785,13930,OO,267,47.674418604651166,3.3707865168539324,61.47286821705426
10785,13930,UA,554,27.404718693284934,0.5415162454873647,24.072727272727274
10785,13930,YX,141,6.382978723404255,0.0,5.390070921985815
10785,14100,AA,220,31.19266055045872,0.9090909090909091,26.261467889908257
10785,14100,OH,426,25.6857855361596,5.868544600938967,30.05
10785,14100,YX,212,31.5,5.660377358490566,24.52
10785,15304,F9,46,25.0,4.3478260869565215,12.136363636363637
10792,10397,DL,996,19.328585961342828,1.3052208835341366,13.689092762487258
10792,10397,F9,156,29.80132450331126,3.2051282051282053,20.05298013245033
10792,10397,WN,1,0.0,0.0,4.0
10792,10693,WN,269,17.472118959107807,0.0,9.635338345864662
10792,10721,B6,878,23.908045977011493,0.9111617312072893,17.951724137931034
10792,10821,WN,1390,14.36907366885485,1.3669064748201438,10.727737226277373
10792,11057,AA,1022,20.937188434695912,1.8590998043052838,24.58041958041958
10792,11057,F9,10,11.11111111111111,10.0,4.111111111111111
10792,11057,WN,1,0.0,0.0,0.0
10792,11259,WN,18,22.22222222222222,0.0,20.0
10792,11278,MQ,105,14.423076923076922,0.9523809523809523,6.644230769230769
10792,11278,OH,800,38.3448275862069,9.375,44.85497237569061
10792,11278,YX,187,20.652173913043477,1.6042780748663101,13.994565217391305
10792,11292,F9,62,35.483870967741936,0.0,22.516129032258064
10792,11292,UA,163,10.493827160493826,0.6134969325153374,8.271604938271604
10792,11292,WN,299,20.066889632107024,0.0,10.751677852348994
10792,11298,AA,432,28.028503562945367,2.5462962962962963,23.811904761904763
10792,11298,MQ,1,0.0,0.0,2.0
10792,11298,OH,9,33.33333333333333,0.0,26.25
10792,11433,DL,384,9.895833333333332,0.0,9.059895833333334
10792,11433,OO,378,21.164021164021165,0.0,20.214285714285715
10792,11618,UA,194,7.329842931937172,1.5463917525773196,6.2460732984293195
10792,11618,YX,118,13.91304347826087,2.542372881355932,11.68695652173913
10792,11697,B6,413,19.22141119221411,0.48426150121065376,15.185819070904646
10792,11697,WN,65,23.076923076923077,0.0,19.323076923076922
10792,12264,UA,6,16.666666666666664,0.0,11.666666666666666
10792,12264,YX,102,16.831683168316832,0.9803921568627451,17.564356435643564
10792,12478,B6,1105,20.689655172413794,2.8959276018099547,20.144724556489262
10792,12478,OO,8,50.0,0.0,37.75
10792,12889,WN,326,15.076923076923077,0.3067484662576687,11.027692307692307
10792,12892,B6,132,24.242424242424242,0.0,29.060606060606062
10792,12953,OO,53,31.372549019607842,3.7735849056603774,20.254901960784313
10792,12953,YX,1480,17.964912280701753,3.7162162162162162,13.712579058327478
10792,13204,B6,500,17.0,0.0,14.596774193548388
10792,13204,F9,312,20.388349514563107,0.9615384615384616,16.06168831168831
10792,13204,WN,777,15.850515463917525,0.1287001287001287,10.546753246753246
10792,13232,WN,613,17.54098360655738,0.4893964110929853,12.683087027914613
10792,13303,YX,20,20.0,0.0,8.2
10792,13487,DL,92,16.483516483516482,1.0869565217391304,4.977777777777778
10792,13495,WN,1,0.0,0.0,0.0
10792,13930,AA,242,12.340425531914894,2.8925619834710745,23.51914893617021
10792,13930,MQ,616,24.794745484400657,1.1363636363636365,16.05263157894737
10792,13930,OH,1,100.0,0.0,28.0
10792,13930,OO,50,32.6530612244898,2.0,25.897959183673468
10792,13930,UA,651,23.60248447204969,1.075268817204301,20.18633540372671
10792,13930,YX,214,18.867924528301888,0.9345794392523364,12.81904761904762
10792,14027,B6,50,22.0,0.0,12.3
10792,14027,WN,8,62.5,0.0,55.5
10792,14100,AA,8,0.0,0.0,0.5
10792,14100,OH,150,23.333333333333332,0.0,24.56
10792,14100,YX,9,33.33333333333333,0.0,20.666666666666668
10792,14107,WN,297,23.986486486486484,0.3367003367003367,12.183050847457627
10792,14492,F9,73,9.859154929577464,2.73972602739726,6.788732394366197
10792,14635,F9,102,24.0,1.9607843137254901,19.193877551020407
10792,14635,WN,101,14.85148514851485,0.0,12.217821782178218
10792,14986,WN,47,23.91304347826087,2.127659574468085,17.869565217391305
10792,15304,F9,218,28.77358490566038,2.7522935779816513,22.995283018867923
10792,15304,WN,551,19.782214156079856,0.0,13.967213114754099
10800,10140,WN,292,13.793103448275861,0.684931506849315,6.806228373702422
10800,10397,DL,292,27.68166089965398,1.0273972602739727,32.22996515679443
10800,10423,WN,301,13.666666666666666,0.33222591362126247,7.355704697986577
10800,10693,WN,274,10.218978102189782,0.0,5.694852941176471
10800,10713,OO,162,9.937888198757763,0.6172839506172839,6.89375
10800,10713,WN,174,17.24137931034483,0.0,7.580459770114943
10800,11259,WN,354,13.753581661891118,1.4124293785310735,8.057803468208093
10800,11292,F9,99,25.252525252525253,0.0,32.38383838383838
10800,11292,UA,806,19.875,0.7444168734491315,14.96486825595985
10800,11292,WN,1119,21.26126126126126,0.8042895442359249,14.165461121157323
10800,11298,AA,608,18.425460636515915,1.8092105263157894,21.161888701517707
10800,11603,OO,6,33.33333333333333,0.0,39.166666666666664
10800,11603,WN,3,33.33333333333333,0.0,24.0
10800,12191,WN,266,10.984848484848484,0.7518796992481203,6.319391634980988
10800,12478,B6,179,42.5287356321839,2.793296089385475,51.47701149425287
10800,12889,NK,1070,17.349857006673023,1.9626168224299065,12.905624404194471
10800,12889,WN,2631,18.80539499036609,1.3683010262257698,12.492485549132947
10800,13198,WN,205,16.176470588235293,0.4878048780487805,11.936274509803921
10800,13232,WN,275,9.454545454545455,0.0,5.446886446886447
10800,13495,WN,22,22.727272727272727,0.0,24.09090909090909
10800,13796,NK,66,7.8125,3.0303030303030303,8.484375
10800,13796,WN,2539,12.83594063377457,1.8117369042930287,8.156438026474127
10800,14057,AS,714,11.363636363636363,1.4005602240896358,7.693181818181818
10800,14057,WN,3,0.0,0.0,1.0
10800,14107,AA,105,20.0,0.0,18.18095238095238
10800,14107,F9,50,16.3265306122449,2.0,9.918367346938776
10800,14107,MQ,134,16.541353383458645,0.746268656716418,14.097744360902256
10800,14107,OO,534,13.773584905660377,0.7490636704119851,14.11320754716981
10800,14107,WN,1817,12.771890686001116,1.3208585580627408,8.047486033519553
10800,14252,OO,6,16.666666666666664,0.0,21.5
10800,14489,OO,6,16.666666666666664,0.0,16.0
10800,14570,WN,399,20.151133501259448,0.5012531328320802,12.836272040302267
10800,14683,WN,19,21.052631578947366,0.0,26.263157894736842
10800,14747,AS,1321,20.652173913043477,2.498107494322483,11.327868852459016
10800,14747,OO,8,0.0,0.0,2.0
10800,14771,F9,74,37.5,2.7027027027027026,28.36111111111111
10800,14771,OO,1401,24.820143884892087,0.7851534618129907,16.472242249459264
10800,14771,UA,1051,23.20230105465005,0.7611798287345385,15.943432406519655
10800,14831,NK,36,14.285714285714285,2.7777777777777777,7.5
10800,14831,WN,1982,11.644535240040858,1.2108980827447022,7.177823198773633
10800,14869,DL,354,14.164305949008499,0.2824858757062147,17.889518413597735
10800,14869,OO,710,8.321579689703809,0.14084507042253522,5.363892806770099
10800,14869,WN,177,20.57142857142857,1.1299435028248588,10.565714285714286
10800,14893,WN,2298,12.638091029606716,1.5230635335073976,6.9217506631299734
10800,15016,WN,265,11.450381679389313,1.1320754716981132,6.716475095785441
10800,15023,OO,251,14.799999999999999,0.398406374501992,6.552
10821,10140,WN,359,23.463687150837988,0.2785515320334262,14.429775280898877
10821,10257,WN,1340,20.51282051282051,1.044776119402985,12.586102719033233
10821,10397,DL,2403,17.649536647009267,1.2068248023304202,15.671591388771633
10821,10397,F9,599,36.61485319516407,3.33889816360601,29.268166089965398
10821,10397,NK,329,21.18380062305296,2.43161094224924,11.448598130841122
10821,10397,WN,1434,23.897581792318633,1.9525801952580195,16.24964234620887
10821,10423,WN,1067,22.0,1.5932521087160263,14.353728489483748
10821,10529,WN,1455,19.90223463687151,1.5807560137457044,12.780573025856045
10821,10599,WN,280,18.478260869565215,1.4285714285714286,12.182481751824817
10821,10693,NK,108,28.57142857142857,2.7777777777777777,26.238095238095237
10821,10693,WN,1499,18.132611637347768,1.400933955970647,11.972184531886024
10821,10721,NK,382,25.474254742547426,3.4031413612565444,20.279132791327914
10821,10721,WN,1999,29.071537290715373,1.4007003501750876,22.163368848300355
10821,10721,YX,930,21.17903930131004,1.5053763440860215,16.823144104803493
10821,10792,WN,1391,24.25345957756737,1.2940330697340043,15.161807580174926
10821,10994,NK,28,14.285714285714285,0.0,4.428571428571429
10821,10994,WN,1033,24.11764705882353,1.2584704743465633,16.494602551521098
10821,11042,WN,815,22.807017543859647,2.085889570552147,15.679197994987469
10821,11057,AA,1576,17.509727626459142,2.1573604060913705,20.244964262508123
10821,11057,F9,100,39.58333333333333,4.0,31.84375
10821,11057,NK,56,10.909090909090908,1.7857142857142858,7.127272727272727
10821,11057,OH,107,21.153846153846153,2.803738317757009,15.115384615384615
10821,11057,WN,804,26.625,0.4975124378109453,19.90112640801001
10821,11066,WN,875,23.892773892773892,1.9428571428571428,15.66588785046729
10821,11109,WN,252,24.701195219123505,0.3968253968253968,14.247011952191235
10821,11193,WN,590,21.575342465753426,1.0169491525423728,15.238013698630137
10821,11259,WN,1531,24.018629407850963,1.828870019595036,16.21762349799733
10821,11292,F9,110,49.54128440366973,0.9090909090909091,41.89908256880734
10821,11292,UA,816,16.152897657213316,0.6127450980392157,14.138785625774473
10821,11292,WN,1618,25.0,1.1124845488257107,17.408150470219436
10821,11298,AA,810,26.76056338028169,3.580246913580247,25.897304236200256
10821,11298,F9,213,32.6829268292683,3.755868544600939,39.42439024390244
10821,11298,MQ,1,0.0,0.0,0.0
10821,11298,NK,223,20.72072072072072,0.4484304932735426,20.886363636363637
10821,11433,DL,1003,12.412412412412413,0.3988035892323031,15.132132132132131
10821,11433,F9,133,30.53435114503817,1.5037593984962405,32.35114503816794
10821,11433,NK,140,31.15942028985507,1.4285714285714286,28.579710144927535
10821,11433,OO,2,0.0,0.0,0.5
10821,11433,WN,670,22.473604826546005,1.044776119402985,15.457703927492448
10821,11433,YX,14,7.6923076923076925,7.142857142857143,2.0
10821,11481,WN,43,18.6046511627907,0.0,20.209302325581394
10821,11697,NK,890,19.70387243735763,1.348314606741573,14.667046750285063
10821,11697,WN,1851,21.729611384783798,1.2965964343598055,15.589138782227097
10821,11986,WN,347,20.520231213872833,0.2881844380403458,16.59248554913295
10821,11996,WN,575,21.36602451838879,0.6956521739130435,18.22495606326889
10821,12191,WN,1198,23.87425658453696,1.7529215358931554,14.111394557823129
10821,12266,NK,391,17.96875,1.7902813299232736,18.981770833333332
10821,12266,UA,573,17.46031746031746,1.0471204188481675,14.148672566371681
10821,12339,WN,1015,21.713147410358566,1.083743842364532,13.989043824701195
10821,12391,WN,1012,24.375624375624376,1.0869565217391304,15.65065065065065
10821,12448,WN,248,22.35772357723577,0.8064516129032258,15.800813008130081
10821,12451,WN,1138,24.977698483496876,1.4938488576449913,17.065412186379927
10821,12889,NK,368,15.846994535519126,0.5434782608695652,10.486338797814208
10821,12889,WN,1349,22.172284644194757,1.0378057820607858,15.018796992481203
10821,12892,NK,234,17.391304347826086,1.7094017094017093,12.16593886462882
10821,12892,UA,500,11.11111111111111,1.0,9.679513184584179
10821,12892,WN,723,28.951048951048953,1.1065006915629323,14.319327731092438
10821,12954,WN,148,26.351351351351347,0.0,14.0
10821,13198,WN,674,26.20481927710843,1.4836795252225519,20.299546142208776
10821,13204,F9,456,26.845637583892618,1.9736842105263157,28.165548098434005
10821,13204,NK,641,24.881141045958795,1.5600624024960998,19.34181240063593
10821,13204,WN,2974,22.903115371448134,1.7821116341627439,17.599035480537374
10821,13232,F9,142,27.857142857142858,1.408450704225352,34.94285714285714
10821,13232,WN,1520,22.55489021956088,1.118421052631579,14.882588392261507
10821,13244,WN,230,15.65217391304348,0.0,8.21304347826087
10821,13296,WN,1305,21.809744779582367,0.9195402298850575,14.3312693498452
10821,13303,AA,504,23.52941176470588,2.1825396825396823,25.140243902439025
10821,13303,F9,254,28.000000000000004,1.5748031496062993,25.456
10821,13303,MQ,117,14.15929203539823,3.4188034188034186,16.672566371681416
10821,13303,NK,131,37.5,2.2900763358778624,31.1796875
10821,13303,WN,1035,25.341130604288498,0.8695652173913043,18.8256611165524
10821,13342,NK,18,11.76470588235294,5.555555555555555,11.0
10821,13342,WN,680,20.919881305637983,0.8823529411764706,15.329866270430907
10821,13487,DL,734,14.774281805745554,0.4087193460490463,16.012311901504788
10821,13487,WN,413,21.951219512195124,0.7263922518159807,15.919512195121952
10821,13495,NK,233,21.397379912663755,1.7167381974248928,22.11353711790393
10821,13495,WN,855,24.732461355529132,1.6374269005847952,17.083432657926103
10821,13577,WN,876,23.014959723820482,0.7990867579908676,17.6270207852194
10821,13796,WN,4,50.0,0.0,33.25
10821,13891,WN,148,31.756756756756754,0.0,26.29054054054054
10821,13930,AA,87,32.55813953488372,1.1494252873563218,24.058139534883722
10821,13930,F9,58,27.586206896551722,0.0,31.086206896551722
10821,13930,MQ,669,24.617737003058103,2.242152466367713,17.803680981595093
10821,13930,NK,38,13.157894736842104,0.0,12.81578947368421
10821,13930,OO,59,62.06896551724138,1.694915254237288,117.55172413793103
10821,13930,UA,882,21.142857142857142,0.7936507936507936,18.247139588100687
10821,13930,WN,369,15.342465753424658,1.084010840108401,11.556164383561644
10821,13930,YX,94,18.478260869565215,2.127659574468085,10.369565217391305
10821,13931,WN,1295,20.76502732240437,1.0810810810810811,12.341158059467919
10821,14027,WN,1060,25.23719165085389,0.5660377358490566,17.807984790874524
10821,14057,WN,119,21.367521367521366,1.680672268907563,12.5
10821,14107,WN,1095,21.71113155473781,0.730593607305936,14.39612188365651
10821,14122,WN,874,23.665893271461716,1.3729977116704806,15.810904872389791
10821,14307,WN,1543,20.8005249343832,1.2313674659753726,14.743758212877792
10821,14321,WN,1126,21.68458781362007,0.8880994671403197,13.327648114901256
10821,14492,NK,28,3.7037037037037033,3.5714285714285716,7.814814814814815
10821,14492,WN,1466,19.88950276243094,1.2278308321964528,12.598756906077348
10821,14524,WN,607,21.943048576214405,1.6474464579901154,12.981574539363484
10821,14576,WN,914,23.477297895902545,1.2035010940919038,15.09322974472808
10821,14635,NK,11,18.181818181818183,0.0,17.272727272727273
10821,14635,WN,1168,24.35008665511265,1.1986301369863013,15.813205907906168
10821,14679,WN,785,24.324324324324326,1.019108280254777,14.847347994825355
10821,14683,NK,17,41.17647058823529,0.0,36.11764705882353
10821,14683,WN,671,23.83107088989442,1.1922503725782414,17.057401812688823
10821,14685,WN,825,21.542227662178703,0.9696969696969697,16.866093366093367
10821,14730,WN,749,21.934604904632153,2.0026702269692924,13.425068119891009
10821,14747,AS,476,30.508474576271187,0.8403361344537815,16.89384288747346
10821,14747,WN,119,29.411764705882355,0.0,29.941176470588236
10821,14771,UA,584,15.862068965517242,0.684931506849315,11.924137931034483
10821,14771,WN,149,34.899328859060404,0.0,19.926174496644297
10821,14831,WN,149,30.87248322147651,0.0,21.02013422818792
10821,14843,F9,109,60.57692307692307,4.587155963302752,81.75961538461539
10821,14843,NK,294,23.875432525951556,1.7006802721088434,15.77508650519031
10821,14843,WN,694,28.28282828282828,0.1440922190201729,18.622286541244573
10821,14869,DL,303,15.181518151815181,0.0,11.732673267326733
10821,14869,WN,347,21.44927536231884,0.5763688760806917,12.118840579710145
10821,14893,WN,240,29.583333333333332,0.0,18.067226890756302
10821,14986,WN,1097,23.06985294117647,0.8204193254329991,17.873848987108655
10821,15016,WN,1104,19.135234590616378,1.539855072463768,14.062672811059908
10821,15304,F9,263,27.413127413127413,1.520912547528517,26.613899613899616
10821,15304,NK,113,32.11009174311927,3.5398230088495577,24.333333333333332
10821,15304,WN,2018,20.632530120481928,1.288404360753221,14.990922844175492
10821,15624,WN,206,7.766990291262135,0.0,5.407766990291262
10849,10397,DL,347,20.408163265306122,1.1527377521613833,27.91470588235294
10849,10466,G4,129,20.155038759689923,0.0,14.651162790697674
10849,10693,G4,102,23.52941176470588,0.0,18.823529411764707
10849,10693,WN,18,33.33333333333333,0.0,15.555555555555555
10849,10721,B6,126,34.12698412698413,0.0,34.264
10849,10721,DL,45,37.77777777777778,0.0,68.35555555555555
10849,11057,AA,70,31.428571428571427,0.0,26.308823529411764
10849,11259,WN,26,30.76923076923077,0.0,22.26923076923077
10849,11292,OO,354,25.428571428571427,1.1299435028248588,20.19020172910663
10849,11292,UA,966,28.84012539184953,0.9316770186335404,22.066176470588236
10849,11292,WN,975,27.572016460905353,0.3076923076923077,18.05486542443064
10849,11298,AA,634,29.807692307692307,1.5772870662460567,27.532258064516128
10849,11298,UA,1,0.0,0.0,
10849,11433,DL,19,31.57894736842105,0.0,27.05263157894737
10849,11618,UA,349,28.818443804034583,0.5730659025787965,25.06997084548105
10849,12264,UA,49,30.612244897959183,0.0,15.83673469387755
10849,12266,UA,65,32.30769230769231,0.0,30.59375
10849,12478,B6,84,45.78313253012048,1.1904761904761905,56.21686746987952
10849,12478,DL,45,35.55555555555556,0.0,46.72727272727273
10849,12889,G4,87,20.689655172413794,0.0,34.46511627906977
10849,12889,WN,434,23.665893271461716,0.6912442396313364,17.751740139211137
10849,12892,OO,354,9.401709401709402,0.847457627118644,8.388571428571428
10849,12892,UA,170,13.017751479289942,0.5882352941176471,14.08284023668639
10849,12953,AA,13,38.46153846153847,0.0,20.76923076923077
10849,13232,WN,119,12.605042016806722,0.0,7.6722689075630255
10849,13487,DL,682,14.95601173020528,0.0,13.56387665198238
10849,13930,AA,352,37.5,0.0,48.93103448275862
10849,13930,MQ,28,25.0,0.0,15.035714285714286
10849,13930,OO,114,23.684210526315788,0.0,14.587719298245615
10849,13930,UA,508,14.2,1.5748031496062993,12.779116465863455
10849,14057,OO,74,12.32876712328767,1.3513513513513513,9.150684931506849
10849,14679,OO,44,16.27906976744186,2.272727272727273,7.0
10849,14747,AS,449,27.539503386004515,1.3363028953229399,17.381489841986458
10849,14747,DL,1,0.0,0.0,0.0
10849,14747,OO,346,10.69364161849711,0.0,6.979768786127168
10849,14771,OO,78,8.974358974358974,0.0,6.4743589743589745
10849,14771,UA,246,15.918367346938775,0.4065040650406504,15.028571428571428
10849,14869,DL,501,11.600000000000001,0.1996007984031936,9.136
10849,14869,OO,446,9.213483146067416,0.2242152466367713,6.696629213483146
10868,10397,DL,1593,12.563451776649744,1.0671688637790333,10.813850063532401
10868,11057,MQ,19,0.0,0.0,1.368421052631579
10868,11057,OH,550,19.962686567164177,2.5454545454545454,15.451492537313433
10868,11278,MQ,23,17.391304347826086,0.0,11.0
10868,11278,OH,786,31.46067415730337,9.414758269720101,28.468926553672315
10868,11278,YX,107,14.953271028037381,0.0,9.429906542056075
10868,11298,AA,137,29.00763358778626,4.37956204379562,26.84732824427481
10868,11298,MQ,265,23.346303501945524,3.018867924528302,19.40077821011673
10868,11298,OH,297,20.833333333333336,3.0303030303030303,23.195804195804197
10868,11618,NK,58,43.39622641509434,8.620689655172415,67.78846153846153
10868,11697,G4,39,53.84615384615385,0.0,36.68421052631579
10868,11697,NK,52,19.607843137254903,1.9230769230769231,21.333333333333332
10868,12953,YX,385,21.951219512195124,4.1558441558441555,19.877717391304348
10868,13204,NK,45,35.55555555555556,0.0,30.31111111111111
10868,13303,YX,13,30.76923076923077,0.0,10.666666666666666
10868,13930,OO,192,17.1875,0.0,19.348958333333332
10868,14761,G4,49,28.57142857142857,0.0,34.44897959183673
10874,10693,G4,67,25.757575757575758,1.492537313432836,16.560606060606062
10874,11057,OH,1152,21.49122807017544,1.0416666666666667,25.695079086115992
10874,11278,OH,299,17.869415807560138,2.6755852842809364,16.257731958762886
10874,11697,G4,67,25.37313432835821,0.0,21.895522388059703
10874,12451,G4,39,43.58974358974359,0.0,22.55263157894737
10874,13577,G4,61,14.754098360655737,0.0,11.483333333333333
10874,13930,OH,51,25.49019607843137,0.0,10.450980392156863
10874,13930,OO,1104,25.528007346189163,1.358695652173913,28.192095588235293
10874,14082,G4,121,20.0,0.8264462809917356,25.95
10874,14112,G4,101,38.613861386138616,0.0,43.17
10874,14685,G4,133,25.757575757575758,0.7518796992481203,35.96212121212121
10874,14761,G4,101,36.0,0.9900990099009901,35.36363636363637
10874,14986,G4,148,14.18918918918919,0.0,11.70945945945946
10874,15624,G4,32,3.125,0.0,2.8125
10918,14869,OO,523,8.221797323135755,0.0,5.208413001912046
10926,10299,AS,303,12.162162162162163,2.31023102310231,6.454237288135594
10926,15991,AS,303,12.956810631229235,0.6600660066006601,6.635451505016722
10980,10397,DL,1031,15.255905511811024,1.454898157129001,13.742125984251969
10980,10397,OO,256,21.115537848605577,1.953125,28.127490039840637
10980,11057,OH,324,22.875816993464053,5.555555555555555,25.934640522875817
10980,11057,OO,169,33.33333333333333,2.366863905325444,23.775757575757577
10980,11278,OH,243,34.97757847533632,8.23045267489712,40.693693693693696
10980,11278,YX,13,15.384615384615385,0.0,45.76923076923077
10980,11298,MQ,476,21.627408993576015,1.8907563025210083,21.851293103448278
10980,11298,OH,700,24.480712166172104,3.7142857142857144,25.067164179104477
10980,11298,OO,122,35.04273504273504,4.098360655737705,47.64102564102564
10980,11433,OO,32,31.25,0.0,18.75
10980,11618,NK,58,34.54545454545455,5.172413793103448,19.581818181818182
10980,11697,NK,48,31.25,0.0,36.67391304347826
10980,12889,G4,72,21.12676056338028,1.3888888888888888,26.985915492957748
10980,13204,NK,62,22.58064516129032,0.0,25.229508196721312
10980,13303,YX,13,23.076923076923077,0.0,62.30769230769231
10980,13930,OO,425,33.73205741626794,1.6470588235294117,32.144578313253014
10980,13930,YX,51,35.294117647058826,0.0,17.137254901960784
10980,14082,G4,35,32.35294117647059,2.857142857142857,21.323529411764707
10980,14112,G4,107,40.95238095238095,1.8691588785046729,30.41346153846154
10980,14761,G4,108,52.77777777777778,0.0,41.2962962962963
10990,10397,DL,82,13.580246913580247,1.2195121951219512,7.2375
10990,12953,YX,277,26.136363636363637,4.693140794223827,21.94296577946768
10990,13930,OO,728,28.01664355062413,0.9615384615384616,28.57983193277311
10990,13930,YX,16,0.0,0.0,2.0
10994,10397,DL,2543,12.569832402234638,1.4549744396382225,10.42143142742903
10994,10423,WN,113,20.353982300884958,0.0,14.79646017699115
10994,10693,WN,761,17.857142857142858,0.657030223390276,11.56
10994,10721,B6,613,29.950083194675543,1.9575856443719413,21.6
10994,10721,DL,345,35.19061583577713,1.1594202898550725,32.665689149560116
10994,10721,NK,28,51.85185185185185,3.5714285714285716,29.62962962962963
10994,10721,YX,36,22.22222222222222,0.0,11.38888888888889
10994,10821,NK,28,25.0,0.0,26.892857142857142
10994,10821,WN,1033,16.074950690335303,1.8393030009680542,10.063366336633663
10994,11057,AA,1631,16.842759477936607,1.34886572654813,21.205096333126164
10994,11057,MQ,37,14.705882352941178,8.108108108108109,4.705882352941177
10994,11057,OH,585,16.19217081850534,3.9316239316239314,10.90391459074733
10994,11193,G4,99,29.591836734693878,1.0101010101010102,34.1530612244898
10994,11259,WN,304,24.17218543046358,0.6578947368421053,15.02
10994,11278,AA,370,28.888888888888886,2.7027027027027026,26.651810584958216
10994,11278,MQ,5,40.0,0.0,27.8
10994,11278,OH,761,32.11678832116788,9.986859395532194,28.53834808259587
10994,11278,YX,467,18.385650224215247,4.496788008565311,13.038288288288289
10994,11292,UA,304,39.0,1.3157894736842106,33.85374149659864
10994,11292,WN,267,28.67924528301887,0.7490636704119851,15.837837837837839
10994,11298,AA,820,25.40880503144654,3.048780487804878,28.264556962025317
10994,11298,F9,7,28.57142857142857,0.0,15.857142857142858
10994,11298,MQ,20,10.0,0.0,5.0
10994,11298,OH,130,18.6046511627907,0.7692307692307693,22.2109375
10994,11433,DL,202,5.445544554455446,0.0,5.608910891089109
10994,11433,NK,56,3.571428571428571,0.0,3.9285714285714284
10994,11433,OO,399,24.556962025316455,1.0025062656641603,21.158163265306122
10994,11433,YX,2,0.0,0.0,3.0
10994,11618,NK,295,30.357142857142854,5.084745762711864,32.82142857142857
10994,11618,UA,617,21.983471074380166,1.9448946515397083,23.61322314049587
10994,11618,YX,259,18.565400843881857,8.494208494208495,21.98728813559322
10994,11697,B6,238,15.546218487394958,0.0,12.367088607594937
10994,11697,NK,206,15.270935960591133,1.4563106796116505,12.242574257425742
10994,12191,WN,194,22.68041237113402,0.0,14.450261780104713
10994,12264,UA,241,5.416666666666667,0.4149377593360996,5.345833333333333
10994,12264,YX,368,14.84593837535014,2.989130434782609,13.039325842696629
10994,12266,OO,1,0.0,0.0,0.0
10994,12266,UA,140,18.115942028985508,1.4285714285714286,20.1231884057971
10994,12339,G4,23,30.434782608695656,0.0,25.47826086956522
10994,12478,B6,567,29.65641952983725,2.4691358024691357,24.644283121597095
10994,12478,DL,1,0.0,0.0,0.0
10994,12478,YX,75,23.61111111111111,4.0,14.916666666666666
10994,12917,G4,24,47.82608695652174,4.166666666666667,131.7391304347826
10994,12953,DL,287,29.136690647482016,3.1358885017421603,43.57913669064748
10994,12953,NK,28,44.0,10.714285714285714,43.76
10994,12953,YX,533,19.26782273603083,2.626641651031895,16.01930501930502
10994,13198,WN,9,0.0,0.0,0.0
10994,13232,WN,316,11.11111111111111,0.31645569620253167,9.073015873015873
10994,13303,AA,725,22.58064516129032,1.6551724137931034,24.359550561797754
10994,13303,MQ,58,8.620689655172415,0.0,4.482758620689655
10994,13487,DL,212,23.58490566037736,0.0,18.221698113207548
10994,13930,AA,48,27.083333333333332,0.0,24.541666666666668
10994,13930,MQ,477,26.923076923076923,1.8867924528301887,16.985042735042736
10994,13930,UA,502,11.422845691382765,0.5976095617529881,9.653306613226453
10994,13930,YX,421,24.634146341463413,2.6128266033254155,15.466830466830467
10994,14100,AA,833,20.27027027027027,2.2809123649459786,16.634686346863468
10994,14100,F9,84,33.33333333333333,3.5714285714285716,22.493827160493826
10994,14100,OH,154,20.408163265306122,4.545454545454546,26.714285714285715
10994,14100,YX,169,31.28834355828221,3.5502958579881656,17.76073619631902
10994,14747,AS,292,27.68166089965398,1.0273972602739727,13.937716262975778
10994,15016,WN,159,20.125786163522015,0.0,17.968553459119498
11003,10397,DL,306,7.920792079207921,0.9803921568627451,8.728476821192054
11003,10466,G4,164,16.463414634146343,0.0,12.146341463414634
11003,10693,G4,47,17.02127659574468,0.0,20.04255319148936
11003,11057,AA,332,17.272727272727273,0.6024096385542169,21.1030303030303
11003,11057,OH,8,37.5,0.0,24.25
11003,11278,MQ,149,21.830985915492956,4.697986577181208,10.76978417266187
11003,11278,OH,155,14.965986394557824,5.161290322580645,16.31972789115646
11003,11292,F9,130,31.782945736434108,0.7692307692307693,28.224806201550386
11003,11292,OO,142,42.95774647887324,0.0,37.83098591549296
11003,11292,UA,607,25.0,1.1532125205930808,23.32996632996633
11003,11298,AA,277,30.337078651685395,3.6101083032490973,25.80827067669173
11003,11298,MQ,606,15.736040609137056,2.4752475247524752,10.869047619047619
11003,11298,OH,141,31.386861313868614,2.8368794326241136,36.333333333333336
11003,11697,G4,64,18.75,0.0,35.5
11003,12889,G4,112,13.392857142857142,0.0,13.151785714285714
11003,12892,G4,24,45.83333333333333,0.0,24.833333333333332
11003,13303,MQ,13,7.6923076923076925,0.0,2.3076923076923075
11003,13487,OO,434,18.706697459584294,0.2304147465437788,13.803695150115473
11003,13930,AA,1,0.0,0.0,0.0
11003,13930,MQ,928,23.220153340635267,1.6163793103448276,17.407447973713033
11003,13930,OO,535,29.166666666666668,1.308411214953271,32.65464895635674
11003,13930,UA,336,20.241691842900302,1.4880952380952381,17.818731117824772
11003,13930,YX,165,23.456790123456788,1.8181818181818181,14.438271604938272
11003,14082,G4,187,15.508021390374333,0.0,14.51336898395722
11003,14100,AA,1,0.0,0.0,7.0
11003,14107,AA,17,29.411764705882355,0.0,20.294117647058822
11003,14107,MQ,174,6.321839080459771,0.0,6.436781609195402
11003,14107,OO,408,16.790123456790123,0.7352941176470589,23.493827160493826
11003,14112,G4,147,30.612244897959183,0.0,26.367346938775512
11003,14761,G4,138,24.817518248175183,0.7246376811594203,26.605839416058394
11003,14986,G4,40,30.0,0.0,26.65
11013,11433,OO,303,16.943521594684384,0.6600660066006601,18.393333333333334
11013,13487,OO,304,18.211920529801322,0.6578947368421053,18.983443708609272
11013,13930,OO,137,44.44444444444444,1.4598540145985401,30.204545454545453
11027,13577,G4,26,82.6086956521739,11.538461538461538,75.17391304347827
11027,14112,G4,53,20.754716981132077,0.0,15.673076923076923
11027,14761,G4,93,64.13043478260869,1.075268817204301,104.08695652173913
11027,15624,G4,13,33.33333333333333,7.6923076923076925,101.16666666666667
11041,14107,MQ,519,8.880308880308881,0.1926782273603083,5.591876208897485
11042,10397,DL,2260,12.650871703173895,1.0176991150442478,10.047533632286996
11042,10397,F9,456,26.62192393736018,1.9736842105263157,16.605381165919283
11042,10397,WN,92,12.222222222222221,2.1739130434782608,6.788888888888889
11042,10423,F9,96,27.368421052631582,1.0416666666666667,20.621052631578948
11042,10693,F9,51,5.88235294117647,0.0,6.56
11042,10693,NK,51,27.450980392156865,0.0,22.901960784313726
11042,10693,WN,667,13.984962406015036,0.29985007496251875,8.80421686746988
11042,10721,B6,677,24.962630792227205,1.1816838995568686,17.72863568215892
11042,10721,F9,69,2.941176470588235,1.4492753623188406,1.411764705882353
11042,10721,YX,725,15.87743732590529,0.9655172413793104,11.802228412256268
11042,10821,WN,815,13.523573200992555,1.1042944785276074,8.538461538461538
11042,11057,AA,1437,17.912552891396334,1.3221990257480862,16.29590395480226
11042,11057,F9,71,18.30985915492958,0.0,18.056338028169016
11042,11057,MQ,5,0.0,0.0,0.0
11042,11057,OH,28,26.923076923076923,7.142857142857143,8.423076923076923
11042,11278,AA,4,0.0,0.0,1.5
11042,11278,OH,1273,30.0513698630137,8.248232521602514,32.933905579399145
11042,11278,YX,70,30.434782608695656,1.4285714285714286,13.869565217391305
11042,11292,F9,215,45.75471698113208,1.3953488372093024,32.95754716981132
11042,11292,UA,807,14.906832298136646,0.24783147459727387,10.333333333333334
11042,11292,WN,498,20.281124497991968,0.0,13.239837398373984
11042,11298,AA,1260,26.53061224489796,2.7777777777777777,27.03792250618302
11042,11298,F9,133,21.21212121212121,0.7518796992481203,20.87878787878788
11042,11298,MQ,20,15.0,0.0,3.15
11042,11298,OH,9,37.5,11.11111111111111,36.375
11042,11433,OO,581,15.570934256055363,0.5163511187607573,13.173010380622838
11042,11433,YX,22,4.545454545454546,0.0,2.5454545454545454
11042,11618,UA,1107,23.669724770642205,1.5356820234869015,28.90909090909091
11042,11618,YX,485,26.419213973799128,5.56701030927835,23.185589519650655
11042,11697,F9,247,27.049180327868854,1.214574898785425,21.49586776859504
11042,11697,NK,259,25.390625,1.1583011583011582,18.827450980392157
11042,11697,UA,385,9.61038961038961,0.0,5.661458333333333
11042,12264,UA,569,11.992945326278658,0.351493848857645,10.437389770723104
11042,12264,YX,267,17.17557251908397,1.8726591760299625,12.538167938931299
11042,12266,UA,807,13.857677902621724,0.7434944237918215,7.0275
11042,12478,YX,641,16.990291262135923,3.5881435257410295,14.967585089141005
11042,12889,F9,548,20.0,0.5474452554744526,15.819852941176471
11042,12889,WN,310,19.67741935483871,0.0,9.704545454545455
11042,12892,UA,555,8.468468468468467,0.0,5.034234234234234
11042,12953,F9,252,28.63070539419087,4.365079365079365,27.97489539748954
11042,12953,OO,101,22.772277227722775,0.0,14.98019801980198
11042,12953,YX,1266,21.681780708985983,4.1864139020537126,15.454995871180842
11042,13204,F9,914,27.30299667036626,1.4223194748358863,19.372222222222224
11042,13204,NK,31,25.806451612903224,0.0,25.64516129032258
11042,13204,UA,486,12.215320910973086,0.6172839506172839,10.064315352697095
11042,13204,WN,161,19.875776397515526,0.0,16.60248447204969
11042,13232,WN,934,16.881720430107528,0.4282655246252677,11.530678148546825
11042,13303,AA,305,10.891089108910892,0.6557377049180327,10.907284768211921
11042,13303,F9,215,21.22641509433962,1.3953488372093024,19.566037735849058
11042,13303,MQ,91,24.444444444444443,1.098901098901099,22.244444444444444
11042,13303,YX,9,55.55555555555556,0.0,42.22222222222222
11042,13342,WN,1,0.0,0.0,0.0
11042,13487,DL,531,17.424242424242426,0.5649717514124294,16.50664136622391
11042,13487,OO,222,11.76470588235294,0.45045045045045046,10.642533936651583
11042,13577,F9,39,25.64102564102564,0.0,17.153846153846153
11042,13577,NK,129,14.728682170542637,0.0,8.3359375
11042,13930,AA,308,18.900343642611684,5.51948051948052,43.93127147766323
11042,13930,MQ,631,21.844660194174757,2.0602218700475436,13.957860615883307
11042,13930,OO,635,34.84602917341977,2.8346456692913384,41.110569105691056
11042,13930,UA,1810,16.70378619153675,0.7734806629834254,11.730362116991644
11042,13930,YX,400,12.878787878787879,1.0,9.477272727272727
11042,14027,F9,32,16.129032258064516,3.125,11.966666666666667
11042,14100,AA,210,36.868686868686865,5.714285714285714,35.2020202020202
11042,14100,F9,43,13.953488372093023,0.0,8.44186046511628
11042,14100,OH,310,29.01023890784983,5.483870967741935,39.071917808219176
11042,14100,YX,283,23.826714801444044,2.1201413427561837,15.451263537906136
11042,14107,AA,169,17.75147928994083,0.0,12.636904761904763
11042,14107,F9,249,22.89156626506024,0.0,14.879032258064516
11042,14107,WN,312,21.474358974358974,0.0,9.884244372990354
11042,14122,AS,38,37.83783783783784,2.6315789473684212,20.35135135135135
11042,14492,F9,151,7.9470198675496695,0.0,5.0
11042,14635,F9,468,20.17353579175705,1.4957264957264957,13.68695652173913
11042,14635,UA,321,8.09968847352025,0.0,6.463949843260188
11042,14635,WN,5,20.0,0.0,23.6
11042,14747,AS,379,27.688172043010752,1.8469656992084433,16.646900269541778
11042,14771,UA,534,10.486891385767791,0.0,6.797752808988764
11042,14843,F9,189,34.78260869565217,2.6455026455026456,33.08743169398907
11042,14869,DL,158,22.29299363057325,0.6329113924050633,22.121019108280255
11042,14986,F9,118,21.1864406779661,0.0,14.256410256410257
11042,14986,WN,5,20.0,0.0,8.8
11042,15016,WN,590,13.10344827586207,1.694915254237288,8.8860103626943
11042,15304,F9,716,28.245363766048502,2.094972067039106,20.62142857142857
11042,15304,UA,129,11.811023622047244,1.550387596899225,9.417322834645669
11042,15304,WN,26,23.076923076923077,0.0,8.192307692307692
11049,10599,MQ,1,0.0,0.0,0.0
11049,11298,MQ,487,17.573221757322173,1.8480492813141685,15.290794979079498
11049,11298,OO,511,24.94802494802495,5.870841487279844,27.41787941787942
11049,11953,MQ,1,100.0,0.0,426.0
11057,10135,OH,738,26.47058823529412,3.252032520325203,19.789621318373072
11057,10140,AA,6,16.666666666666664,0.0,8.0
11057,10154,MQ,11,36.36363636363637,0.0,23.0
11057,10208,AA,6,66.66666666666666,0.0,26.833333333333332
11057,10208,OH,501,27.607361963190186,2.395209580838323,21.611909650924023
11057,10257,AA,805,25.06297229219144,1.3664596273291925,21.49810844892812
11057,10257,OH,163,18.125,1.8404907975460123,11.5
11057,10397,AA,327,32.71028037383177,1.834862385321101,20.9
11057,10397,DL,2434,14.670534604227104,0.8627773212818406,12.850975508509755
11057,10397,MQ,61,19.298245614035086,6.557377049180328,23.666666666666668
11057,10397,OH,1286,25.679999999999996,2.7993779160186625,18.044907778668804
11057,10408,MQ,282,18.571428571428573,0.7092198581560284,12.4
11057,10408,OH,26,19.230769230769234,0.0,8.461538461538462
11057,10423,AA,1410,26.0806916426513,1.5602836879432624,20.455531453362255
11057,10431,AA,371,36.986301369863014,1.6172506738544474,29.916897506925206
11057,10431,MQ,304,14.715719063545151,1.644736842105263,9.140939597315436
11057,10431,OH,662,21.236133122028527,4.682779456193353,15.590764331210192
11057,10434,AA,163,29.81366459627329,1.2269938650306749,24.58125
11057,10434,MQ,32,12.903225806451612,3.125,9.612903225806452
11057,10434,OH,622,16.11295681063123,3.215434083601286,10.86644407345576
11057,10529,AA,1489,23.124147339699864,1.5446608462055071,16.264564770390677
11057,10581,AA,183,14.754098360655737,0.0,7.613259668508287
11057,10581,OH,1,0.0,0.0,2.0
11057,10599,AA,132,35.15625,3.0303030303030303,27.2734375
11057,10599,MQ,102,10.784313725490197,0.0,10.529411764705882
11057,10599,OH,1387,21.00149476831091,3.5328046142754146,15.41947565543071
11057,10599,OO,116,9.565217391304348,0.8620689655172413,20.860869565217392
11057,10693,AA,1643,28.263546798029555,1.1564211807668898,20.03578038247995
11057,10693,MQ,149,18.75,3.3557046979865772,13.9375
11057,10693,NK,42,21.428571428571427,0.0,21.285714285714285
11057,10693,OH,895,26.851851851851855,3.463687150837989,16.788617886178862
11057,10693,WN,456,23.736263736263734,0.21929824561403508,15.123620309050773
11057,10721,AA,2328,30.239651416122005,1.4175257731958764,20.020506108202444
11057,10721,F9,36,30.555555555555557,0.0,19.833333333333332
11057,10721,NK,60,35.59322033898305,1.6666666666666667,25.8135593220339
11057,10721,YX,1165,20.89160839160839,1.8025751072961373,16.07443082311734
11057,10781,MQ,165,22.36024844720497,2.4242424242424243,10.217391304347826
11057,10781,OH,412,29.57393483709273,3.1553398058252426,23.42211055276382
11057,10785,AA,23,39.130434782608695,0.0,31.608695652173914
11057,10785,OH,501,20.612244897959183,2.1956087824351296,11.505112474437627
11057,10792,AA,1022,26.838966202783297,1.5655577299412915,18.91451292246521
11057,10792,F9,10,10.0,0.0,1.6
11057,10792,WN,1,0.0,0.0,0.0
11057,10821,AA,1577,27.914507772020723,2.092580849714648,21.751137102014294
11057,10821,F9,99,23.958333333333336,3.0303030303030303,17.09375
11057,10821,NK,56,27.27272727272727,1.7857142857142858,22.363636363636363
11057,10821,OH,107,16.346153846153847,2.803738317757009,10.826923076923077
11057,10821,WN,804,21.733668341708544,0.9950248756218906,15.924433249370278
11057,10849,AA,70,18.571428571428573,0.0,12.071428571428571
11057,10868,MQ,19,0.0,0.0,0.10526315789473684
11057,10868,OH,549,28.22429906542056,2.5500910746812386,18.44859813084112
11057,10874,OH,1152,27.400881057268723,1.4756944444444444,22.131393298059965
11057,10980,OH,322,28.524590163934427,5.279503105590062,17.654605263157894
11057,10980,OO,169,25.595238095238095,0.591715976331361,27.136904761904763
11057,10994,AA,1629,25.26446795270691,1.350521792510743,18.9357855361596
11057,10994,MQ,37,26.47058823529412,8.108108108108109,9.5
11057,10994,OH,586,16.96113074204947,3.4129692832764507,12.468197879858657
11057,11003,AA,332,31.818181818181817,0.6024096385542169,26.559270516717326
11057,11003,OH,8,25.0,0.0,22.875
11057,11042,AA,1437,26.549295774647884,1.1830201809324983,21.276250880902044
11057,11042,F9,71,24.285714285714285,1.408450704225352,21.442857142857143
11057,11042,MQ,4,0.0,0.0,0.25
11057,11042,OH,28,19.230769230769234,7.142857142857143,6.730769230769231
11057,11066,AA,907,30.63973063973064,1.7640573318632855,21.996632996632997
11057,11066,MQ,85,8.235294117647058,0.0,6.188235294117647
11057,11066,OH,680,21.107784431137723,1.7647058823529411,15.157185628742514
11057,11146,OH,934,29.106945975744214,2.890792291220557,23.956762749445677
11057,11193,AA,811,27.53441802252816,1.4796547472256474,18.431789737171464
11057,11193,MQ,11,27.27272727272727,0.0,25.0
11057,11193,OH,809,29.898218829516537,2.8430160692212607,21.00127551020408
11057,11252,AA,16,37.5,0.0,31.0625
11057,11252,OH,1193,22.36503856041131,2.179379715004191,16.169811320754718
11057,11259,WN,312,28.846153846153843,0.0,18.466019417475728
11057,11267,OH,1076,27.511737089201876,1.0223048327137547,21.85902255639098
11057,11278,AA,2123,32.86407766990291,2.9674988224211023,26.651559454191034
11057,11278,OH,549,30.66914498141264,2.0036429872495445,24.682835820895523
11057,11292,AA,1434,29.82456140350877,0.6276150627615062,20.782394366197185
11057,11292,F9,163,31.446540880503143,2.4539877300613497,18.67924528301887
11057,11292,UA,608,21.818181818181817,0.4934210526315789,18.6578073089701
11057,11292,WN,260,38.46153846153847,0.0,27.662745098039217
11057,11298,AA,3113,25.336838646072955,2.24863475746868,17.265831134564642
11057,11298,F9,127,29.268292682926827,3.1496062992125986,38.08943089430894
11057,11298,NK,96,30.526315789473685,1.0416666666666667,28.08421052631579
11057,11423,AA,581,29.144851657940663,1.3769363166953528,18.19298245614035
11057,11423,OH,72,11.11111111111111,0.0,4.902777777777778
11057,11433,AA,1734,22.75379229871645,1.1534025374855825,16.48336252189142
11057,11433,DL,1304,12.3941493456505,0.3834355828220859,9.081727062451812
11057,11433,NK,101,30.303030303030305,1.9801980198019802,26.171717171717173
11057,11433,YX,1,0.0,0.0,0.0
11057,11481,AA,158,17.197452229299362,0.6329113924050633,8.787096774193548
11057,11481,MQ,77,11.842105263157894,1.2987012987012987,16.0
11057,11481,OH,756,20.741758241758244,3.7037037037037037,14.591471801925723
11057,11617,OH,267,25.563909774436087,0.37453183520599254,18.89433962264151
11057,11618,AA,1479,36.50904033379694,2.7721433400946585,28.92522711390636
11057,11618,NK,297,18.900343642611684,2.0202020202020203,15.171821305841924
11057,11618,UA,907,33.257918552036195,2.535832414553473,36.590702947845806
11057,11618,YX,336,20.18633540372671,4.166666666666667,19.27102803738318
11057,11624,AA,732,22.31404958677686,0.819672131147541,19.642956764295675
11057,11624,MQ,250,16.0,0.0,8.734939759036145
11057,11641,MQ,115,13.043478260869565,0.0,7.6173913043478265
11057,11641,OH,35,22.857142857142858,0.0,27.257142857142856
11057,11697,AA,2079,25.597269624573375,1.3468013468013469,15.996580361504641
11057,11697,NK,677,20.149253731343283,1.03397341211226,12.902694610778443
11057,11823,OH,409,27.480916030534353,3.9119804400977993,20.568877551020407
11057,11953,MQ,26,7.6923076923076925,0.0,2.8076923076923075
11057,11953,OH,193,27.717391304347828,4.66321243523316,16.595628415300546
11057,11973,OH,866,20.697954271961493,4.041570438799076,16.28433734939759
11057,11986,AA,866,26.869158878504674,1.1547344110854503,18.33177570093458
11057,11986,OH,2,0.0,0.0,2.0
11057,11995,AA,516,25.787401574803148,1.550387596899225,21.519685039370078
11057,11995,MQ,212,23.22274881516588,0.4716981132075472,19.677725118483412
11057,11995,OH,657,23.333333333333332,4.109589041095891,15.773015873015874
11057,11996,AA,314,25.161290322580644,1.2738853503184713,19.2
11057,11996,MQ,162,18.238993710691823,1.8518518518518519,13.61006289308176
11057,11996,OH,1438,29.29078014184397,1.9471488178025034,24.161931818181817
11057,12124,MQ,929,18.627450980392158,1.1840688912809472,10.052689352360044
11057,12191,WN,34,47.05882352941176,0.0,22.235294117647058
11057,12197,OH,1107,23.902894491129786,3.252032520325203,21.267485822306238
11057,12217,AA,1,100.0,0.0,18.0
11057,12217,MQ,47,14.893617021276595,0.0,11.382978723404255
11057,12217,OH,552,25.719769673704413,5.615942028985507,22.74088291746641
11057,12264,AA,68,26.47058823529412,0.0,18.88235294117647
11057,12264,OH,1222,23.31081081081081,3.109656301145663,17.882502113271343
11057,12264,UA,109,14.678899082568808,0.0,9.706422018348624
11057,12264,YX,253,12.550607287449392,2.3715415019762847,11.878542510121457
11057,12266,AA,1439,27.317763623496106,1.8068102849200833,18.17555081734186
11057,12266,F9,107,37.62376237623762,5.607476635514018,19.415841584158414
11057,12266,OH,1,100.0,0.0,112.0
11057,12266,OO,8,62.5,0.0,22.75
11057,12266,UA,498,22.494887525562373,1.8072289156626506,20.1577868852459
11057,12323,AA,1330,25.304878048780488,1.3533834586466165,21.450800915331808
11057,12323,MQ,165,20.98765432098765,1.8181818181818181,9.290123456790123
11057,12323,OH,448,18.433179723502306,3.125,12.95852534562212
11057,12339,AA,1556,26.439790575916227,1.7994858611825193,18.25952693823916
11057,12339,NK,45,13.953488372093023,4.444444444444445,9.953488372093023
11057,12339,OH,4,0.0,25.0,0.0
11057,12441,AA,122,17.21311475409836,0.0,14.434426229508198
11057,12448,OH,416,29.219143576826195,4.5673076923076925,21.908629441624367
11057,12451,AA,1867,23.156182212581346,1.2319228709159078,15.945108695652173
11057,12451,OH,5,0.0,20.0,1.75
11057,12478,AA,1472,32.6671261199173,1.4266304347826086,27.816425120772948
11057,12478,YX,330,23.49206349206349,4.545454545454546,22.76751592356688
11057,12889,AA,1831,21.61716171617162,0.70999453850355,13.729178157749587
11057,12889,NK,133,16.923076923076923,2.255639097744361,12.2890625
11057,12892,AA,2090,22.810394610202117,0.5741626794258373,14.446316803081368
11057,12892,NK,34,23.52941176470588,0.0,10.235294117647058
11057,12945,OH,1577,27.559055118110237,3.360811667723526,19.197896120973045
11057,12951,OH,304,34.8122866894198,3.6184210526315788,28.10580204778157
11057,12953,AA,2697,31.73150266971777,2.7808676307007785,24.32501918649271
11057,12953,F9,274,38.059701492537314,2.18978102189781,42.906716417910445
11057,12953,NK,432,18.11764705882353,1.6203703703703705,17.934117647058823
11057,12953,YX,678,16.944024205748864,2.5073746312684366,13.746969696969696
11057,12992,MQ,446,24.82758620689655,2.4663677130044843,16.910138248847925
11057,12992,OH,585,23.57142857142857,4.273504273504273,15.374551971326165
11057,13198,AA,1111,25.528007346189163,1.9801980198019802,17.060773480662984
11057,13198,OH,9,0.0,0.0,1.8888888888888888
11057,13204,AA,3287,28.14039408866995,1.1864922421661088,21.163013275702376
11057,13204,F9,384,29.708222811671085,1.8229166666666667,26.194148936170212
11057,13204,NK,394,23.65038560411311,1.2690355329949239,17.568123393316196
11057,13230,AA,384,19.94750656167979,0.78125,14.902887139107612
11057,13230,OH,196,37.03703703703704,3.5714285714285716,29.06878306878307
11057,13232,WN,588,24.570446735395187,1.0204081632653061,15.622413793103448
11057,13244,AA,1162,25.786713286713287,1.549053356282272,19.671628721541158
11057,13244,OH,343,22.796352583586625,4.081632653061225,15.932721712538227
11057,13296,OH,745,24.099722991689752,3.087248322147651,19.653739612188367
11057,13303,AA,2749,26.86072218128224,1.2731902510003639,19.788617886178862
11057,13303,F9,149,22.758620689655174,2.684563758389262,30.862068965517242
11057,13303,NK,211,21.052631578947366,0.9478672985781991,15.990338164251208
11057,13342,AA,683,26.222222222222225,1.171303074670571,21.484398216939077
11057,13342,OH,174,29.239766081871345,1.7241379310344827,18.27485380116959
11057,13360,OH,1023,23.52941176470588,1.9550342130987293,17.88434695912263
11057,13367,OH,538,27.533460803059274,2.7881040892193307,17.988505747126435
11057,13422,OH,11,9.090909090909092,0.0,2.727272727272727
11057,13485,AA,310,29.836065573770494,1.6129032258064515,21.81967213114754
11057,13485,OH,549,17.375231053604438,1.4571948998178506,11.339517625231911
11057,13487,AA,1064,23.973256924546323,1.5977443609022557,14.029693486590038
11057,13487,DL,1099,16.697080291970803,0.272975432211101,12.585009140767825
11057,13495,AA,1474,22.727272727272727,1.492537313432836,15.348725017229498
11057,13495,NK,190,15.957446808510639,1.0526315789473684,20.23404255319149
11057,13495,OH,9,0.0,0.0,0.0
11057,13541,MQ,11,0.0,0.0,2.1818181818181817
11057,13577,AA,951,29.48038176033934,0.8412197686645636,21.75371549893843
11057,13577,MQ,24,8.333333333333332,0.0,5.5
11057,13577,OH,1069,22.89628180039139,4.396632366697848,15.481880509304604
11057,13795,OH,305,28.421052631578945,6.557377049180328,23.049122807017543
11057,13851,AA,428,25.238095238095237,1.8691588785046729,18.6555023923445
11057,13851,OH,218,18.357487922705314,5.045871559633028,14.342995169082126
11057,13871,AA,696,24.308588064046578,1.293103448275862,16.541605839416057
11057,13871,MQ,2,50.0,0.0,9.0
11057,13871,OH,148,29.577464788732392,4.054054054054054,18.914285714285715
11057,13891,AA,264,25.954198473282442,0.7575757575757576,19.408396946564885
11057,13930,AA,2517,27.148043565954016,1.5097338100913786,18.798625151637687
11057,13930,F9,97,36.45833333333333,1.0309278350515463,42.46875
11057,13930,NK,1,0.0,0.0,0.0
11057,13930,UA,807,20.275344180225282,0.9913258983890955,19.232704402515722
11057,13930,YX,101,12.0,0.9900990099009901,9.17
11057,13931,AA,1127,25.448028673835125,0.9760425909494232,18.52017937219731
11057,13931,MQ,13,50.0,7.6923076923076925,32.916666666666664
11057,13931,OH,1060,25.459825750242015,2.547169811320755,20.131910766246364
11057,14027,AA,1635,24.133663366336634,1.162079510703364,16.292622442653443
11057,14057,AA,329,34.66257668711656,0.9118541033434651,24.00307692307692
11057,14100,AA,2497,23.337413300693594,1.84221065278334,15.716911764705882
11057,14100,F9,462,38.22222222222222,2.5974025974025974,38.140625
11057,14100,NK,69,20.28985507246377,0.0,13.159420289855072
11057,14100,OH,5,40.0,0.0,25.4
11057,14107,AA,2478,20.884022708840227,0.48426150121065376,13.739625711960944
11057,14108,OH,653,24.363057324840764,3.8284839203675345,19.07051282051282
11057,14122,AA,1616,23.46683354192741,1.113861386138614,14.94486215538847
11057,14122,OH,1,0.0,0.0,0.0
11057,14193,AA,613,18.211920529801322,1.468189233278956,14.016583747927031
11057,14193,MQ,72,33.80281690140845,1.3888888888888888,14.257142857142858
11057,14193,OH,1044,27.596439169139465,3.160919540229885,21.033797216699803
11057,14307,AA,1102,26.223453370267773,1.7241379310344827,17.888066604995373
11057,14307,OH,200,8.205128205128204,2.5,5.835051546391752
11057,14321,AA,422,23.095238095238095,0.47393364928909953,14.857142857142858
11057,14321,OH,211,22.772277227722775,4.265402843601896,17.243781094527364
11057,14457,AA,9,22.22222222222222,0.0,6.555555555555555
11057,14457,MQ,88,9.090909090909092,0.0,6.011363636363637
11057,14457,OH,26,16.0,3.8461538461538463,4.2
11057,14492,AA,2812,22.67631103074141,1.6714082503556187,14.73634719710669
11057,14492,OH,2,50.0,0.0,7.5
11057,14524,AA,1705,26.968973747016705,1.7008797653958945,19.101492537313433
11057,14524,MQ,19,11.11111111111111,5.2631578947368425,9.0
11057,14524,OH,472,19.870410367170628,1.9067796610169492,13.25974025974026
11057,14524,OO,9,0.0,0.0,1.3333333333333333
11057,14576,AA,646,26.053042121684868,0.7739938080495357,23.87519500780031
11057,14576,OH,235,14.102564102564102,0.425531914893617,7.282051282051282
11057,14635,AA,1566,22.66839378238342,1.40485312899106,14.068786502271253
11057,14635,NK,50,6.122448979591836,2.0,6.260869565217392
11057,14679,AA,1380,21.20991253644315,0.5797101449275363,13.064327485380117
11057,14683,AA,1176,26.09442060085837,0.935374149659864,17.877796901893287
11057,14685,AA,597,33.39011925042589,1.6750418760469012,23.919520547945204
11057,14685,MQ,55,16.666666666666664,1.8181818181818181,9.777777777777779
11057,14685,OH,1592,22.38033635187581,2.8894472361809047,17.14637305699482
11057,14696,OH,896,22.831050228310502,2.232142857142857,17.518857142857144
11057,14730,AA,645,28.095238095238095,2.3255813953488373,24.4156050955414
11057,14730,OH,827,24.81389578163772,2.539298669891173,16.115527950310558
11057,14747,AA,1105,27.388535031847134,0.5429864253393665,20.681238615664846
11057,14771,AA,1383,30.488694383661564,0.8676789587852495,17.917397660818715
11057,14783,MQ,371,27.123287671232877,1.6172506738544474,16.51098901098901
11057,14783,OH,711,22.416302765647742,3.3755274261603376,13.540145985401459
11057,14814,OH,513,29.4234592445328,1.949317738791423,21.46414342629482
11057,14814,OO,149,33.793103448275865,2.684563758389262,59.37931034482759
11057,14843,AA,793,24.492385786802032,0.6305170239596469,14.61734693877551
11057,14843,F9,41,52.63157894736842,7.317073170731708,85.97368421052632
11057,14869,AA,458,27.654867256637168,1.3100436681222707,16.873893805309734
11057,14869,DL,304,19.141914191419144,0.32894736842105265,13.729372937293729
11057,14893,AA,412,28.817733990147783,1.4563106796116505,19.896296296296295
11057,14908,AA,304,27.81456953642384,0.6578947368421053,24.0
11057,14986,AA,1141,23.288888888888888,1.4022787028922,17.91273374888691
11057,14986,OH,162,14.285714285714285,0.6172839506172839,12.583850931677018
11057,15016,AA,1385,24.43140132061629,1.5884476534296028,19.11544117647059
11057,15016,OH,9,11.11111111111111,0.0,34.77777777777778
11057,15016,WN,286,24.912280701754387,0.34965034965034963,17.742957746478872
11057,15024,AA,475,18.046709129511676,0.8421052631578947,11.115631691648822
11057,15027,AA,111,20.909090909090907,0.9009009009009009,10.618181818181819
11057,15096,AA,848,23.837902264600714,1.0613207547169812,17.297846889952154
11057,15096,OH,89,11.627906976744185,3.3707865168539324,4.383720930232558
11057,15249,MQ,9,0.0,11.11111111111111,0.0
11057,15249,OH,276,27.238805970149254,2.898550724637681,20.794776119402986
11057,15304,AA,2804,24.04193781634129,1.355206847360913,15.960521550162984
11057,15304,F9,86,35.0,6.976744186046512,34.25
11057,15304,NK,186,20.21857923497268,1.6129032258064515,15.907103825136613
11057,15323,OH,1,100.0,0.0,28.0
11057,15370,AA,425,30.16627078384798,0.9411764705882353,20.44893111638955
11057,15370,OH,208,26.153846153846157,6.25,18.851282051282052
11057,15380,AA,51,1.9607843137254901,0.0,0.6862745098039216
11057,15380,MQ,155,37.254901960784316,1.2903225806451613,23.526315789473685
11057,15380,OH,98,7.142857142857142,0.0,4.6938775510204085
11057,15412,AA,300,28.428093645484946,0.3333333333333333,20.210702341137125
11057,15412,MQ,77,10.526315789473683,1.2987012987012987,3.736842105263158
11057,15412,OH,731,28.190743338008417,2.462380300957592,20.40953716690042
11057,15624,AA,738,26.70299727520436,0.5420054200542005,20.547683923705723
11057,15624,OH,286,23.247232472324722,5.244755244755245,17.83271375464684
11057,15919,AA,520,29.076620825147348,2.1153846153846154,30.478346456692915
11057,15919,MQ,497,27.346938775510203,1.408450704225352,19.593047034764826
11057,15919,OH,390,19.31216931216931,3.076923076923077,10.356382978723405
11066,10397,AA,1,0.0,0.0,0.0
11066,10397,DL,2247,13.920071845532107,0.8900756564307967,11.049571879224876
11066,10397,F9,44,64.28571428571429,4.545454545454546,48.357142857142854
11066,10397,NK,90,13.48314606741573,1.1111111111111112,7.393258426966292
11066,10397,UA,1,0.0,0.0,0.0
11066,10397,WN,390,18.04123711340206,0.5128205128205128,9.257731958762887
11066,10423,AA,1,100.0,0.0,86.0
11066,10423,DL,1,0.0,0.0,3.0
11066,10423,UA,1,100.0,0.0,48.0
11066,10423,WN,310,22.903225806451612,0.0,14.475728155339805
11066,10693,NK,12,33.33333333333333,25.0,11.11111111111111
11066,10693,WN,782,17.2680412371134,0.7672634271099744,8.643870967741936
11066,10721,MQ,186,35.13513513513514,0.5376344086021505,29.481081081081083
11066,10721,NK,18,77.77777777777779,0.0,55.22222222222222
11066,10721,YX,1479,15.688949522510232,0.8789722785665991,11.9740614334471
11066,10821,WN,877,9.62877030162413,1.710376282782212,7.427409988385598
11066,11057,AA,904,18.489289740698986,1.8805309734513274,15.846501128668171
11066,11057,MQ,85,9.411764705882353,0.0,10.08235294117647
11066,11057,OH,680,25.671641791044774,1.4705882352941178,21.301492537313433
11066,11259,WN,353,26.780626780626783,0.56657223796034,18.127167630057805
11066,11278,MQ,330,13.312693498452013,2.121212121212121,7.470588235294118
11066,11278,OH,484,40.35874439461883,7.851239669421488,39.08520179372197
11066,11278,WN,292,22.569444444444446,1.36986301369863,18.10839160839161
11066,11278,YX,623,29.11813643926789,3.5313001605136436,17.47913188647746
11066,11292,F9,62,50.81967213114754,1.6129032258064515,33.73770491803279
11066,11292,UA,608,19.769357495881383,0.16447368421052633,14.182724252491694
11066,11292,WN,783,22.66325224071703,0.2554278416347382,15.718709677419355
11066,11298,AA,1089,25.475285171102662,3.3976124885215793,22.62476007677543
11066,11298,MQ,334,15.915915915915916,0.2994011976047904,14.123867069486405
11066,11298,OH,9,50.0,11.11111111111111,53.125
11066,11433,DL,2,100.0,0.0,52.0
11066,11433,OO,329,13.414634146341465,0.303951367781155,14.329268292682928
11066,11433,YX,857,9.451575262543757,0.0,6.849474912485414
11066,11618,NK,43,25.0,6.976744186046512,23.575
11066,11618,YX,1336,19.81279251170047,4.041916167664671,14.763466042154567
11066,11697,NK,547,16.69724770642202,0.3656307129798903,12.897058823529411
11066,11697,WN,328,23.31288343558282,0.6097560975609756,15.076923076923077
11066,12191,WN,299,14.814814814814813,0.6688963210702341,8.868243243243244
11066,12264,UA,170,13.529411764705882,0.0,6.741176470588235
11066,12264,YX,796,17.369093231162196,1.6331658291457287,12.317135549872123
11066,12266,UA,469,26.34989200863931,1.279317697228145,22.758099352051836
11066,12478,YX,1470,16.643454038997216,2.312925170068027,11.796373779637378
11066,12889,NK,203,19.21182266009852,0.0,15.32512315270936
11066,12889,WN,708,19.519094766619517,0.14124293785310735,11.36685552407932
11066,12892,AA,217,26.851851851851855,0.4608294930875576,48.273148148148145
11066,12892,NK,39,13.157894736842104,2.5641025641025643,12.763157894736842
11066,12892,WN,1,100.0,0.0,36.0
11066,12953,DL,4,0.0,0.0,0.0
11066,12953,NK,292,27.536231884057973,5.47945205479452,19.374545454545455
11066,12953,YX,2352,19.98247151621385,2.9761904761904763,14.278364116094988
11066,13198,WN,28,21.428571428571427,0.0,13.428571428571429
11066,13204,F9,154,22.818791946308725,3.2467532467532467,18.563758389261746
11066,13204,NK,506,22.44488977955912,1.383399209486166,20.122244488977955
11066,13204,WN,1229,17.04918032786885,0.7323026851098454,12.906995884773663
11066,13232,WN,1056,15.114068441064637,0.3787878787878788,10.384980988593156
11066,13303,AA,89,21.59090909090909,1.1235955056179776,12.204545454545455
11066,13303,MQ,632,20.5087440381558,0.47468354430379744,13.634768740031898
11066,13303,WN,124,20.967741935483872,0.0,15.333333333333334
11066,13303,YX,9,11.11111111111111,0.0,11.333333333333334
11066,13485,UA,1,0.0,0.0,0.0
11066,13485,YX,1,0.0,0.0,0.0
11066,13487,DL,633,16.826923076923077,1.4218009478672986,12.20673076923077
11066,13487,OO,111,13.513513513513514,0.0,9.108108108108109
11066,13495,NK,67,20.0,2.985074626865672,25.34375
11066,13577,WN,27,25.925925925925924,0.0,22.185185185185187
11066,13930,AA,82,8.75,2.4390243902439024,8.4875
11066,13930,MQ,1138,26.175687666370894,0.9666080843585237,22.27595385980479
11066,13930,OH,33,33.33333333333333,0.0,23.727272727272727
11066,13930,OO,373,39.166666666666664,3.485254691689008,40.08888888888889
11066,13930,UA,1008,31.96803196803197,0.6944444444444444,23.246
11066,13930,YX,1189,12.267343485617598,0.5887300252312868,9.550381033022862
11066,14100,AA,419,34.08521303258145,4.77326968973747,28.798994974874372
11066,14100,OH,292,28.92857142857143,4.109589041095891,29.189964157706093
11066,14100,YX,443,21.00456621004566,1.1286681715575622,12.576659038901601
11066,14107,AA,509,13.609467455621301,0.3929273084479371,18.900990099009903
11066,14107,WN,467,14.902807775377969,0.8565310492505354,10.842332613390928
11066,14635,NK,11,18.181818181818183,0.0,90.45454545454545
11066,14635,WN,489,16.80327868852459,0.20449897750511248,10.82815734989648
11066,14679,WN,31,29.03225806451613,0.0,18.806451612903224
11066,14683,DL,1,0.0,0.0,0.0
11066,14747,AA,1,0.0,0.0,0.0
11066,14747,AS,411,26.161369193154034,0.48661800486618007,13.963325183374083
11066,14747,DL,1,0.0,0.0,0.0
11066,14747,UA,1,0.0,0.0,0.0
11066,14747,WN,1,100.0,0.0,54.0
11066,14771,UA,220,38.81278538812785,0.45454545454545453,25.990825688073393
11066,14869,DL,303,8.27814569536424,0.33003300330033003,6.046357615894039
11066,14986,WN,259,15.83011583011583,0.0,9.426356589147288
11066,15016,WN,556,14.389799635701275,1.2589928057553956,10.144424131627057
11066,15304,NK,16,0.0,0.0,0.625
11066,15304,WN,736,17.759562841530055,0.5434782608695652,12.246575342465754
11067,11298,MQ,606,18.729096989966553,1.3201320132013201,24.09090909090909
11067,13930,MQ,726,22.54901960784314,1.6528925619834711,16.26890756302521
11076,13930,OO,675,27.607361963190186,3.4074074074074074,31.28813559322034
11097,11292,OO,808,32.10659898477157,2.4752475247524752,30.67052767052767
11109,10397,DL,457,13.053097345132745,1.0940919037199124,12.002237136465324
11109,10466,G4,36,25.0,0.0,29.055555555555557
11109,10821,WN,252,15.53784860557769,0.3968253968253968,8.348178137651821
11109,11259,WN,734,17.71978021978022,0.8174386920980926,12.638620689655172
11109,11292,OO,2851,27.114427860696516,1.297790249035426,23.395092460881934
11109,11292,UA,619,36.00654664484452,1.2924071082390953,30.436988543371523
11109,11292,WN,967,27.62201453790239,0.4136504653567735,17.88785046728972
11109,11298,AA,970,26.10571736785329,4.43298969072165,30.5385450597177
11109,11298,MQ,129,15.873015873015872,2.3255813953488373,12.88
11109,11298,OO,618,25.870646766169152,2.4271844660194173,29.21297836938436
11109,12191,WN,73,19.17808219178082,0.0,7.972602739726027
11109,12266,OO,198,12.755102040816327,1.0101010101010102,13.743589743589743
11109,12889,WN,731,21.506849315068493,0.13679890560875513,13.82876712328767
11109,13232,WN,329,20.364741641337385,0.0,10.190184049079754
11109,13487,DL,92,10.869565217391305,0.0,7.032608695652174
11109,13930,OO,516,18.9083820662768,0.5813953488372093,17.83104125736739
11109,13930,UA,159,18.354430379746837,0.6289308176100629,15.634615384615385
11109,14107,WN,813,16.995073891625616,0.12300123001230012,11.95797280593325
11109,14112,G4,75,10.666666666666668,0.0,10.173333333333334
11109,14679,WN,24,20.833333333333336,0.0,11.541666666666666
11109,14683,WN,3,33.33333333333333,0.0,8.0
11109,14869,OO,420,7.857142857142857,0.0,5.233890214797136
11109,14908,G4,68,37.878787878787875,2.9411764705882355,85.0909090909091
11111,10599,MQ,1,0.0,0.0,2.0
11111,11292,OO,36,16.666666666666664,0.0,10.314285714285715
11111,11298,MQ,723,24.714285714285715,3.18118948824343,17.618705035971225
11111,11298,OH,9,44.44444444444444,0.0,50.111111111111114
11111,11298,OO,221,36.27450980392157,7.6923076923076925,45.759803921568626
11111,13930,MQ,796,24.129032258064516,2.6381909547738696,17.42451612903226
11111,13930,OO,73,23.28767123287671,0.0,12.616438356164384
11122,11292,OO,1974,28.002043944813494,0.8611955420466059,25.515665125834616
11140,11292,F9,7,28.57142857142857,0.0,49.42857142857143
11140,11298,MQ,2037,18.067438349270258,2.454590083456063,14.162039374053508
11140,11298,OO,15,33.33333333333333,20.0,46.833333333333336
11140,12191,WN,802,15.432873274780427,0.6234413965087282,10.032663316582914
11140,12266,OO,448,22.42562929061785,2.455357142857143,24.02745995423341
11146,10397,OO,439,23.943661971830984,2.9612756264236904,26.345070422535212
11146,11057,OH,933,23.903508771929825,2.2508038585209005,21.647639956092206
11146,11278,OH,293,14.130434782608695,5.802047781569966,29.492753623188406
11146,13930,OO,843,30.602409638554217,1.5421115065243178,31.87757575757576
11193,10397,DL,2249,13.291423439604849,0.9782125389061805,11.358363309352518
11193,10397,F9,214,22.22222222222222,3.2710280373831777,15.830097087378642
11193,10423,F9,65,12.307692307692308,0.0,6.553846153846154
11193,10423,G4,72,34.72222222222222,0.0,24.805555555555557
11193,10423,OO,126,18.253968253968253,0.0,14.112
11193,10466,G4,65,16.923076923076923,0.0,14.784615384615385
11193,10693,WN,304,17.880794701986755,0.6578947368421053,11.721854304635762
11193,10721,DL,17,41.17647058823529,0.0,22.470588235294116
11193,10721,F9,8,0.0,0.0,0.0
11193,10721,MQ,272,8.148148148148149,0.7352941176470589,7.518518518518518
11193,10721,YX,1030,26.456071076011845,1.6504854368932038,18.86053412462908
11193,10821,WN,590,19.52054794520548,1.0169491525423728,12.654109589041095
11193,10994,G4,99,21.428571428571427,1.0101010101010102,30.804123711340207
11193,11057,AA,810,21.9573400250941,1.6049382716049383,17.740880503144655
11193,11057,MQ,11,36.36363636363637,0.0,21.545454545454547
11193,11057,OH,809,23.536895674300254,2.8430160692212607,25.30916030534351
11193,11278,OH,759,34.52211126961483,7.64163372859025,38.722063037249285
11193,11278,YX,57,22.807017543859647,0.0,9.333333333333334
11193,11292,F9,310,20.198675496688743,2.5806451612903225,18.698675496688743
11193,11292,G4,26,3.8461538461538463,0.0,2.769230769230769
11193,11292,UA,608,16.55629139072848,0.6578947368421053,13.52436974789916
11193,11292,WN,303,36.633663366336634,0.0,23.142384105960264
11193,11298,AA,1244,27.75476387738194,2.9742765273311895,22.701915070774355
11193,11298,F9,149,18.181818181818183,4.026845637583893,15.293706293706293
11193,11298,MQ,28,18.51851851851852,3.5714285714285716,8.25925925925926
11193,11298,OH,62,10.344827586206897,6.451612903225806,4.017241379310345
11193,11298,OO,31,29.03225806451613,0.0,29.29032258064516
11193,11433,DL,5,0.0,0.0,3.8
11193,11433,OO,5,20.0,0.0,4.6
11193,11433,YX,20,15.0,0.0,9.85
11193,11618,G4,63,19.35483870967742,1.5873015873015872,31.048387096774192
11193,11618,UA,4,25.0,0.0,42.0
11193,11618,YX,423,16.08910891089109,4.491725768321513,12.054455445544555
11193,11624,G4,96,17.894736842105264,1.0416666666666667,14.376344086021506
11193,11697,DL,490,22.821576763485478,1.6326530612244898,12.785862785862786
11193,11697,F9,176,21.26436781609195,1.1363636363636365,13.80813953488372
11193,11697,G4,244,18.930041152263374,0.4098360655737705,14.94238683127572
11193,12264,YX,369,9.562841530054644,0.8130081300813008,6.939890710382514
11193,12266,F9,49,14.285714285714285,0.0,11.714285714285714
11193,12266,UA,424,13.157894736842104,1.4150943396226414,11.884615384615385
11193,12451,G4,104,23.076923076923077,0.0,24.41176470588235
11193,12478,YX,612,15.091210613598674,1.4705882352941178,13.29235880398671
11193,12889,DL,294,18.556701030927837,1.0204081632653061,18.38144329896907
11193,12889,F9,198,23.711340206185564,2.0202020202020203,16.24742268041237
11193,12889,G4,87,28.735632183908045,0.0,27.482758620689655
11193,12892,DL,240,18.067226890756302,0.8333333333333334,11.693277310924369
11193,12892,G4,28,59.25925925925925,3.5714285714285716,73.96296296296296
11193,12953,DL,93,14.130434782608695,1.075268817204301,11.75
11193,12953,F9,14,30.76923076923077,7.142857142857143,33.30769230769231
11193,12953,OO,19,31.57894736842105,0.0,14.105263157894736
11193,12953,YX,615,21.99661590524535,3.902439024390244,15.541595925297115
11193,13204,DL,601,24.74916387959866,0.49916805324459235,18.78135593220339
11193,13204,F9,702,18.82183908045977,0.8547008547008547,21.224137931034484
11193,13204,WN,212,23.696682464454977,0.4716981132075472,18.514285714285716
11193,13232,WN,365,14.285714285714285,0.273972602739726,12.223756906077348
11193,13303,F9,167,20.73170731707317,1.7964071856287425,20.39877300613497
11193,13303,MQ,694,23.795620437956206,1.2968299711815563,17.589442815249267
11193,13303,YX,5,0.0,0.0,2.6
11193,13360,G4,87,18.39080459770115,0.0,15.689655172413794
11193,13487,DL,697,13.793103448275861,0.14347202295552366,14.165229885057471
11193,13487,OO,37,13.88888888888889,2.7027027027027026,4.666666666666667
11193,13495,G4,36,25.71428571428571,2.7777777777777777,12.82857142857143
11193,13577,G4,125,20.967741935483872,0.8,14.60483870967742
11193,13930,AA,68,58.2089552238806,1.4705882352941178,44.52238805970149
11193,13930,MQ,924,27.27272727272727,1.1904761904761905,22.323464912280702
11193,13930,OO,382,30.133333333333333,1.8324607329842932,25.613941018766756
11193,13930,UA,869,26.193247962747378,1.1507479861910241,20.59929906542056
11193,13930,YX,1079,19.792648444863335,1.6682113067655235,14.788679245283019
11193,13931,G4,21,55.00000000000001,4.761904761904762,42.85
11193,14027,F9,10,10.0,0.0,7.9
11193,14027,G4,64,37.5,0.0,29.571428571428573
11193,14057,G4,44,18.181818181818183,0.0,7.9772727272727275
11193,14082,G4,308,18.181818181818183,0.0,16.878688524590164
11193,14100,AA,64,42.857142857142854,1.5625,47.523809523809526
11193,14100,OH,730,26.197183098591548,2.73972602739726,26.603107344632768
11193,14100,YX,64,17.1875,0.0,14.828125
11193,14107,AA,310,16.50485436893204,0.3225806451612903,15.904918032786885
11193,14107,F9,170,14.792899408284024,0.5882352941176471,7.958579881656805
11193,14107,WN,5,0.0,0.0,5.0
11193,14112,G4,335,30.03003003003003,0.5970149253731343,23.906906906906908
11193,14492,OO,61,24.137931034482758,4.918032786885246,31.43103448275862
11193,14635,DL,286,9.090909090909092,0.0,7.549295774647887
11193,14635,F9,314,14.838709677419354,1.2738853503184713,10.631921824104234
11193,14685,G4,173,32.16374269005848,1.1560693641618498,31.92982456140351
11193,14747,AS,351,28.818443804034583,1.1396011396011396,16.769452449567723
11193,14747,DL,303,10.927152317880795,0.33003300330033003,7.69
11193,14761,G4,311,28.155339805825243,0.6430868167202572,29.55987055016181
11193,14869,DL,673,19.1044776119403,0.4457652303120357,15.135820895522388
11193,14986,F9,46,30.434782608695656,0.0,23.333333333333332
11193,14986,G4,268,23.220973782771537,0.373134328358209,19.50561797752809
11193,15304,DL,285,22.45614035087719,0.0,17.245551601423486
11193,15304,F9,378,21.08108108108108,2.1164021164021163,14.54864864864865
11193,15304,WN,5,50.0,20.0,41.5
11193,15624,G4,400,22.55639097744361,0.25,20.173366834170853
11193,16422,G4,47,12.76595744680851,0.0,6.065217391304348
11203,13930,MQ,572,22.75132275132275,0.8741258741258742,18.447971781305114
11233,11292,OO,614,23.927392739273927,1.3029315960912051,27.821487603305783
11252,10397,DL,1323,14.797864225781845,0.9070294784580499,12.777862595419847
11252,11057,AA,16,25.0,0.0,21.625
11252,11057,OH,1193,15.721649484536082,2.4308466051969826,16.19150779896014
11252,11278,OH,4,75.0,0.0,128.75
11252,11278,YX,5,20.0,0.0,13.8
11252,11298,AA,1,0.0,0.0,10.0
11252,11298,MQ,2,50.0,0.0,12.5
11252,11433,DL,2,0.0,0.0,0.0
11252,12953,DL,1,0.0,0.0,0.0
11259,10140,WN,1401,23.37192474674385,1.3561741613133476,14.64735698769008
11259,10279,WN,1041,21.150097465886937,1.440922190201729,13.269794721407624
11259,10397,DL,1543,20.03955174686882,1.6850291639662993,19.35624586913417
11259,10397,WN,1406,23.115942028985508,1.8492176386913228,15.73821609862219
11259,10423,WN,1978,19.845758354755784,1.6683518705763398,12.97633744855967
11259,10599,WN,786,23.225806451612904,1.3994910941475827,14.430232558139535
11259,10693,WN,2045,24.228855721393035,1.7114914425427872,15.47055888223553
11259,10713,WN,9,33.33333333333333,0.0,22.0
11259,10721,WN,138,54.01459854014598,0.7246376811594203,37.8978102189781
11259,10792,WN,18,38.88888888888889,0.0,26.61111111111111
11259,10800,WN,354,25.57471264367816,1.694915254237288,20.660919540229884
11259,10821,WN,1536,24.188204108681248,1.7578125,17.221556886227546
11259,10849,WN,26,26.923076923076923,0.0,16.653846153846153
11259,10994,WN,304,28.23920265780731,0.9868421052631579,17.09
11259,11057,WN,312,29.677419354838708,0.6410256410256411,19.670967741935485
11259,11066,WN,354,25.925925925925924,0.847457627118644,15.301994301994302
11259,11109,WN,734,24.246575342465754,0.5449591280653951,16.31499312242091
11259,11278,WN,1447,31.236749116607776,2.21147201105736,20.70199146514936
11259,11292,WN,2553,29.4912559618442,1.4492753623188406,18.620359281437125
11259,11481,WN,578,28.397212543554005,0.6920415224913494,17.13309982486865
11259,11540,WN,1464,23.52941176470588,1.2978142076502732,14.753120665742024
11259,11638,WN,18,33.33333333333333,0.0,20.666666666666668
11259,11697,WN,562,28.597122302158272,1.0676156583629892,17.354954954954955
11259,11884,WN,18,5.555555555555555,0.0,9.166666666666666
11259,12094,WN,58,22.413793103448278,0.0,18.842105263157894
11259,12191,WN,3453,23.809523809523807,2.0851433536055604,15.086544161232958
11259,12206,WN,314,24.59546925566343,1.5923566878980893,15.126623376623376
11259,12339,WN,549,23.800738007380073,1.2750455373406193,14.859778597785978
11259,12451,WN,290,29.86111111111111,0.6896551724137931,18.020905923344948
11259,12889,WN,2423,20.41072925398156,1.5270326042096574,12.48782535684299
11259,12892,WN,1265,24.561403508771928,0.8695652173913043,14.980815347721823
11259,12896,WN,1334,21.50455927051672,1.3493253373313343,12.68012185833968
11259,12953,WN,1164,26.94663167104112,1.8041237113402062,18.683185840707964
11259,12954,WN,572,21.554770318021202,1.048951048951049,12.07773851590106
11259,12992,WN,845,26.435406698564595,1.0650887573964498,16.64783653846154
11259,13158,WN,1114,20.47531992687386,1.7953321364452424,13.078754578754578
11259,13198,WN,1682,22.75485436893204,2.0214030915576693,13.59074299634592
11259,13204,WN,2153,27.289807421324564,1.114723641430562,18.095283018867924
11259,13232,WN,1848,25.274725274725274,1.5151515151515151,17.196802646086
11259,13244,WN,379,27.586206896551722,0.5277044854881267,16.5718085106383
11259,13303,WN,340,30.76923076923077,0.5882352941176471,23.578635014836795
11259,13342,WN,330,17.98780487804878,0.6060606060606061,10.779816513761467
11259,13487,WN,58,25.862068965517242,0.0,16.017241379310345
11259,13495,WN,1918,24.42788717402874,2.0333680917622523,15.932230522945572
11259,13502,WN,45,22.22222222222222,0.0,10.844444444444445
11259,13577,WN,47,19.148936170212767,0.0,13.53191489361702
11259,13796,WN,492,29.303278688524593,0.8130081300813008,17.58811475409836
11259,13871,WN,342,16.56804733727811,1.1695906432748537,10.017751479289942
11259,13891,WN,327,31.901840490797547,0.3058103975535168,18.910493827160494
11259,13930,WN,805,25.188916876574307,1.3664596273291925,17.596977329974813
11259,13931,WN,57,8.771929824561402,0.0,9.68421052631579
11259,14057,WN,122,32.231404958677686,0.819672131147541,15.75
11259,14100,WN,184,35.32608695652174,0.0,20.010928961748633
11259,14107,WN,2437,22.031053294167016,2.215839146491588,13.941077441077441
11259,14122,WN,304,25.496688741721858,0.6578947368421053,18.91390728476821
11259,14193,WN,418,23.67149758454106,0.9569377990430622,15.70048309178744
11259,14262,WN,8,12.5,0.0,4.25
11259,14307,WN,9,22.22222222222222,0.0,18.666666666666668
11259,14492,WN,346,26.31578947368421,1.1560693641618498,14.026315789473685
11259,14570,WN,42,40.476190476190474,0.0,23.452380952380953
11259,14635,WN,124,28.92561983471074,2.4193548387096775,24.93388429752066
11259,14679,WN,1317,24.76993865030675,0.9870918754745635,14.196304849884527
11259,14683,WN,2323,18.586387434554975,1.334481274214378,11.797379912663756
11259,14685,WN,276,34.78260869565217,0.0,22.135036496350367
11259,14730,WN,292,21.379310344827587,0.684931506849315,15.197916666666666
11259,14747,AS,101,28.28282828282828,1.9801980198019802,16.161616161616163
11259,14747,WN,128,35.714285714285715,1.5625,22.03174603174603
11259,14831,WN,508,23.0,1.5748031496062993,14.541082164328657
11259,14869,WN,570,21.98581560283688,1.0526315789473684,13.317939609236234
11259,14893,WN,546,24.304267161410017,1.2820512820512822,14.719851576994435
11259,14908,WN,304,22.591362126245848,0.9868421052631579,12.893687707641195
11259,14986,WN,117,23.275862068965516,0.8547008547008547,16.663793103448278
11259,15016,WN,1683,20.097146326654524,2.1390374331550803,12.459854014598541
11259,15304,WN,1086,27.82931354359926,0.7366482504604052,17.428969359331475
11259,15370,WN,875,21.709006928406467,1.0285714285714285,14.20949074074074
11259,15376,WN,181,20.33898305084746,2.2099447513812156,13.141242937853107
11259,15624,WN,367,24.725274725274726,0.8174386920980926,16.9366391184573
11267,10397,DL,1143,11.904761904761903,0.7874015748031497,11.379858657243815
11267,11057,OH,1075,18.732261116367077,1.6744186046511629,23.662239089184062
11267,11278,OH,965,28.93013100436681,5.077720207253886,29.11842105263158
11267,11278,YX,3,33.33333333333333,0.0,17.666666666666668
11267,11292,OO,177,12.994350282485875,0.0,8.596590909090908
11267,11292,UA,127,7.874015748031496,0.0,3.4803149606299213
11267,11298,MQ,110,20.952380952380953,4.545454545454546,25.866666666666667
11267,11298,OH,1057,24.347826086956523,2.0813623462630084,22.355750487329434
11267,12953,YX,198,18.134715025906736,2.525252525252525,15.974093264248705
11267,13930,MQ,84,13.095238095238097,0.0,8.976190476190476
11267,13930,OH,406,26.649746192893403,2.955665024630542,26.137755102040817
11267,13930,OO,674,25.339366515837103,1.632047477744807,24.17496229260935
11267,13930,UA,37,8.108108108108109,0.0,3.945945945945946
11267,13930,YX,27,29.629629629629626,0.0,18.555555555555557
11267,14082,G4,77,27.27272727272727,0.0,28.31168831168831
11267,14100,OH,201,12.060301507537687,0.9950248756218906,11.348484848484848
11267,14112,G4,88,42.04545454545455,0.0,60.61363636363637
11267,14761,G4,63,69.84126984126983,0.0,70.6984126984127
11278,10154,B6,120,23.893805309734514,5.833333333333333,13.441441441441441
11278,10154,YX,162,16.455696202531644,2.4691358024691357,7.898089171974522
11278,10208,OH,295,44.866920152091254,10.847457627118644,42.258555133079845
11278,10208,YX,5,60.0,0.0,28.2
11278,10257,MQ,53,24.0,5.660377358490566,18.44
11278,10257,OH,1021,33.68421052631579,6.953966699314398,29.108649789029535
11278,10257,YX,19,11.11111111111111,5.2631578947368425,5.277777777777778
11278,10397,AA,97,27.956989247311824,4.123711340206185,35.130434782608695
11278,10397,DL,3205,21.561100447856685,2.4648985959438376,20.790891597177676
11278,10397,MQ,129,22.5,6.976744186046512,15.966666666666667
11278,10397,OH,791,27.725437415881558,6.06826801517067,21.872972972972974
11278,10397,WN,1143,24.442462087421944,1.9247594050743657,17.862377122430743
11278,10397,YX,422,20.0,5.213270142180095,12.8325
11278,10423,WN,304,55.48172757475083,0.9868421052631579,40.6578073089701
11278,10431,OH,446,28.947368421052634,6.278026905829597,21.358851674641148
11278,10431,YX,31,3.225806451612903,0.0,3.3870967741935485
11278,10529,AA,491,31.501057082452434,3.6659877800407332,25.913319238900634
11278,10529,MQ,88,34.21052631578947,13.636363636363637,16.44736842105263
11278,10529,OH,812,29.18287937743191,5.0492610837438425,21.274382314694407
11278,10529,YX,220,27.053140096618357,5.909090909090909,18.434782608695652
11278,10581,AA,227,23.52941176470588,2.643171806167401,17.855203619909503
11278,10581,MQ,24,54.54545454545454,8.333333333333334,38.45454545454545
11278,10581,OH,554,33.92504930966469,8.483754512635379,32.00394477317554
11278,10581,YX,30,7.4074074074074066,10.0,3.4444444444444446
11278,10599,MQ,1,0.0,0.0,0.0
11278,10599,OH,747,30.527817403708983,6.157965194109773,28.56918687589158
11278,10599,YX,84,28.57142857142857,8.333333333333334,19.592105263157894
11278,10693,AA,135,34.61538461538461,3.7037037037037037,25.453846153846154
11278,10693,MQ,100,23.232323232323232,1.0,17.061855670103093
11278,10693,OH,730,44.086021505376344,10.821917808219178,36.517719568567024
11278,10693,WN,1205,22.506393861892583,2.6556016597510372,17.061696658097688
11278,10693,YX,1395,18.887262079062957,2.078853046594982,13.527126099706745
11278,10721,AA,1547,32.33731739707835,2.650290885585003,26.035192563081008
11278,10721,B6,2333,29.85008818342152,2.786112301757394,26.88095238095238
11278,10721,DL,1,0.0,0.0,0.0
11278,10721,MQ,39,35.13513513513514,5.128205128205129,28.45945945945946
11278,10721,YX,3785,22.360077198786875,4.17437252311757,16.225103448275863
11278,10781,OH,256,33.92070484581498,11.328125,38.32743362831859
11278,10781,UA,1,0.0,0.0,0.0
11278,10785,AA,208,26.108374384236456,2.4038461538461537,29.576354679802957
11278,10785,MQ,36,6.0606060606060606,8.333333333333334,3.5625
11278,10785,OH,814,28.42377260981912,4.914004914004914,21.93774319066148
11278,10785,YX,105,8.653846153846153,0.9523809523809523,4.4326923076923075
11278,10792,MQ,105,8.571428571428571,0.0,4.161904761904762
11278,10792,OH,800,37.16577540106952,6.5,29.528781793842036
11278,10792,YX,187,30.58823529411765,9.090909090909092,15.01764705882353
11278,10868,MQ,22,27.27272727272727,0.0,8.19047619047619
11278,10868,OH,786,37.130801687763714,9.541984732824428,26.96755994358251
11278,10868,YX,106,17.475728155339805,2.830188679245283,11.349514563106796
11278,10874,OH,299,43.47826086956522,7.6923076923076925,42.949090909090906
11278,10980,OH,243,38.91402714932127,9.053497942386832,35.56363636363636
11278,10980,YX,13,75.0,7.6923076923076925,55.666666666666664
11278,10994,AA,370,39.55431754874652,2.972972972972973,35.325905292479106
11278,10994,MQ,4,25.0,0.0,11.0
11278,10994,OH,762,27.142857142857142,8.136482939632545,21.20487106017192
11278,10994,YX,467,23.385300668151448,3.854389721627409,13.447661469933184
11278,11003,MQ,149,11.409395973154362,0.0,5.315436241610739
11278,11003,OH,155,17.006802721088434,5.161290322580645,15.687074829931973
11278,11042,AA,4,0.0,0.0,0.0
11278,11042,OH,1274,33.532934131736525,8.241758241758241,23.96321642429427
11278,11042,YX,69,7.575757575757576,4.3478260869565215,3.1363636363636362
11278,11057,AA,2123,20.429058995611896,3.391427225624117,25.061981454367984
11278,11057,OH,546,33.07984790874524,3.663003663003663,29.29657794676806
11278,11066,MQ,331,28.71287128712871,8.459214501510575,18.801980198019802
11278,11066,OH,485,35.667396061269145,5.77319587628866,25.962800875273523
11278,11066,WN,292,16.151202749140893,0.3424657534246575,12.148275862068965
11278,11066,YX,623,18.226600985221676,2.247191011235955,10.535303776683087
11278,11146,OH,292,39.69465648854962,10.273972602739725,39.64367816091954
11278,11193,OH,760,39.27068723702665,6.184210526315789,33.702816901408454
11278,11193,YX,58,17.24137931034483,0.0,8.672413793103448
11278,11252,OH,4,50.0,0.0,26.0
11278,11252,YX,5,0.0,0.0,1.4
11278,11259,WN,1447,27.84090909090909,2.6952315134761577,18.995723449750535
11278,11267,OH,966,34.13304252998909,5.072463768115942,27.72846237731734
11278,11267,YX,3,33.33333333333333,0.0,5.0
11278,11292,F9,860,23.266745005875443,1.0465116279069768,21.118823529411763
11278,11292,UA,304,28.289473684210524,0.0,30.15771812080537
11278,11298,AA,2882,22.411296162201303,4.163775156141568,21.406272793581326
11278,11423,AA,1,0.0,0.0,0.0
11278,11423,MQ,12,36.36363636363637,8.333333333333334,12.363636363636363
11278,11423,OH,446,29.411764705882355,8.52017937219731,27.343980343980345
11278,11423,YX,135,33.84615384615385,3.7037037037037037,25.476923076923075
11278,11433,DL,1428,21.26600284495021,1.5406162464985995,20.729018492176387
11278,11433,MQ,2,0.0,0.0,0.0
11278,11433,OH,805,30.29490616621984,7.329192546583851,27.77211796246649
11278,11433,YX,93,12.903225806451612,0.0,7.870967741935484
11278,11481,MQ,18,44.44444444444444,0.0,41.470588235294116
11278,11481,OH,103,13.541666666666666,6.796116504854369,9.073684210526316
11278,11481,YX,131,22.30769230769231,0.7633587786259542,11.746153846153845
11278,11618,YX,295,12.36749116607774,4.067796610169491,12.385159010600706
11278,11624,AA,23,21.73913043478261,0.0,16.695652173913043
11278,11624,MQ,189,25.268817204301076,1.5873015873015872,12.456521739130435
11278,11624,YX,228,17.937219730941703,2.192982456140351,8.054794520547945
11278,11697,AA,428,13.064133016627078,1.6355140186915889,11.15
11278,11697,B6,1119,29.094236047575478,2.323503127792672,27.88235294117647
11278,11697,WN,304,26.158940397350992,0.6578947368421053,14.378737541528238
11278,11977,YX,2,0.0,0.0,0.0
11278,11986,OH,579,30.111524163568777,7.081174438687392,25.62313432835821
11278,11986,YX,5,25.0,20.0,4.0
11278,11995,MQ,54,42.22222222222222,16.666666666666668,71.4
11278,11995,OH,552,34.22053231939163,4.7101449275362315,28.47809523809524
11278,11995,YX,40,12.82051282051282,2.5,7.769230769230769
11278,11996,AA,1,0.0,0.0,0.0
11278,11996,MQ,5,0.0,0.0,3.0
11278,11996,OH,826,34.40721649484536,6.053268765133172,29.684754521963825
11278,11996,YX,7,14.285714285714285,0.0,8.0
11278,12124,MQ,116,6.896551724137931,0.0,3.6782608695652175
11278,12124,YX,150,16.216216216216218,1.3333333333333333,9.863013698630137
11278,12191,WN,880,23.076923076923077,2.5,16.213364595545134
11278,12197,OH,1129,37.42802303262956,7.7059344552701505,30.79210779595765
11278,12217,MQ,207,27.225130890052355,7.729468599033816,17.958115183246072
11278,12217,OH,848,31.1787072243346,6.9575471698113205,24.135786802030456
11278,12217,YX,58,15.789473684210526,1.7241379310344827,5.578947368421052
11278,12250,YX,106,12.5,1.8867924528301887,6.240384615384615
11278,12266,UA,1974,17.534811758638476,1.7730496453900708,16.985499741066803
11278,12266,YX,152,21.710526315789476,0.0,10.717105263157896
11278,12278,MQ,27,18.51851851851852,0.0,13.807692307692308
11278,12278,OH,211,33.99014778325123,3.7914691943127963,28.746268656716417
11278,12278,YX,31,19.35483870967742,0.0,14.0
11278,12323,AA,5,0.0,0.0,0.0
11278,12323,MQ,10,11.11111111111111,10.0,3.3333333333333335
11278,12323,OH,735,27.923976608187136,6.938775510204081,19.88433382137628
11278,12323,YX,9,33.33333333333333,0.0,18.11111111111111
11278,12339,AA,99,31.63265306122449,1.0101010101010102,21.918367346938776
11278,12339,MQ,111,27.77777777777778,2.7027027027027026,20.72222222222222
11278,12339,OH,274,27.756653992395435,4.014598540145985,26.408396946564885
11278,12339,YX,1241,21.21724429416737,4.6736502820306205,15.972033898305085
11278,12448,OH,255,42.79475982532751,10.196078431372548,40.00438596491228
11278,12451,AA,856,24.195470798569726,1.985981308411215,19.501193317422434
11278,12451,MQ,31,28.57142857142857,32.25806451612903,20.0
11278,12451,OH,112,21.153846153846153,7.142857142857143,16.41346153846154
11278,12451,YX,252,19.747899159663866,5.555555555555555,11.760504201680673
11278,12478,B6,267,15.444015444015443,2.9962546816479403,14.745173745173744
11278,12478,YX,1969,20.150862068965516,5.738953783646521,15.764959568733154
11278,12884,OH,255,37.65690376569037,6.2745098039215685,33.3235294117647
11278,12889,AA,304,12.91390728476821,0.6578947368421053,8.509933774834437
11278,12889,WN,252,54.21686746987952,1.1904761904761905,31.36842105263158
11278,12892,AA,608,21.096345514950166,0.9868421052631579,14.851419031719532
11278,12892,AS,304,29.76588628762542,1.644736842105263,21.434782608695652
11278,12892,DL,304,34.0,1.3157894736842106,39.79933110367893
11278,12945,YX,258,28.34008097165992,4.263565891472868,26.497975708502025
11278,12953,AA,97,35.483870967741936,4.123711340206185,43.858695652173914
11278,12953,YX,3795,26.35529608006672,5.217391304347826,19.933500278241514
11278,12992,MQ,300,40.27777777777778,4.0,27.764084507042252
11278,12992,YX,5,20.0,0.0,3.8
11278,13198,AA,50,14.000000000000002,0.0,11.408163265306122
11278,13198,MQ,49,30.952380952380953,14.285714285714286,25.404761904761905
11278,13198,OH,421,34.72584856396867,9.026128266033254,28.54089709762533
11278,13198,WN,828,26.913580246913583,2.1739130434782608,18.582920792079207
11278,13198,YX,190,21.808510638297875,1.0526315789473684,11.659574468085106
11278,13204,AA,1533,23.59625668449198,2.4135681669928246,23.29233870967742
11278,13204,B6,814,26.875,1.71990171990172,24.599246231155778
11278,13204,DL,585,26.923076923076923,2.2222222222222223,24.977152899824254
11278,13204,WN,916,26.327433628318587,1.3100436681222707,22.088790233074363
11278,13232,WN,1759,21.52414194299011,2.274019329164298,17.294460641399418
11278,13244,MQ,36,27.27272727272727,8.333333333333334,19.666666666666668
11278,13244,OH,613,26.16984402079723,5.872756933115824,19.321180555555557
11278,13244,YX,422,20.77294685990338,1.8957345971563981,15.297820823244551
11278,13277,OH,255,36.21399176954733,4.705882352941177,33.48347107438016
11278,13296,OH,1085,29.35323383084577,7.373271889400922,21.93027888446215
11278,13296,YX,2,50.0,0.0,30.0
11278,13303,AA,3047,24.19952814290529,2.6255333114538892,20.845165652467884
11278,13303,DL,304,29.666666666666668,1.3157894736842106,29.949494949494948
11278,13303,MQ,1,0.0,0.0,0.0
11278,13303,YX,42,42.857142857142854,0.0,38.926829268292686
11278,13342,OH,555,33.069306930693074,9.00900900900901,29.041749502982107
11278,13342,WN,566,17.921146953405017,1.4134275618374559,13.881720430107526
11278,13485,AA,2,0.0,0.0,0.5
11278,13485,MQ,20,31.57894736842105,5.0,35.31578947368421
11278,13485,OH,494,31.25,2.834008097165992,23.48125
11278,13485,YX,355,22.418879056047196,4.507042253521127,16.342182890855458
11278,13487,AA,32,15.625,0.0,8.46875
11278,13487,DL,1426,18.718861209964412,1.4726507713884993,22.775481111903066
11278,13487,MQ,4,0.0,0.0,0.5
11278,13487,OH,437,30.56234718826406,6.407322654462242,22.32758620689655
11278,13487,YX,132,22.48062015503876,2.272727272727273,15.9453125
11278,13495,AA,402,26.075949367088608,1.7412935323383085,17.253807106598984
11278,13495,OH,404,30.706521739130434,8.910891089108912,22.704918032786885
11278,13495,WN,596,27.22602739726027,2.0134228187919465,19.60034305317324
11278,13495,YX,180,11.363636363636363,2.2222222222222223,7.6647727272727275
11278,13541,B6,96,10.638297872340425,2.0833333333333335,6.117021276595745
11278,13541,YX,179,15.517241379310345,2.793296089385475,10.104046242774567
11278,13577,MQ,5,75.0,20.0,25.0
11278,13577,OH,565,25.0,5.132743362831858,17.850467289719628
11278,13577,YX,9,22.22222222222222,0.0,9.11111111111111
11278,13851,AA,51,32.0,1.9607843137254901,40.38
11278,13851,MQ,26,15.384615384615385,0.0,5.653846153846154
11278,13851,OH,123,37.81512605042017,3.252032520325203,31.32758620689655
11278,13851,WN,271,27.611940298507463,1.1070110701107012,20.781954887218046
11278,13851,YX,130,19.841269841269842,3.076923076923077,12.129032258064516
11278,13871,WN,284,28.01418439716312,0.704225352112676,22.826241134751772
11278,13871,YX,258,8.73015873015873,2.3255813953488373,4.436507936507937
11278,13930,AA,2246,22.658052607291186,3.5173642030276047,21.715011547344112
11278,13930,MQ,1,0.0,0.0,0.0
11278,13930,OO,51,24.489795918367346,3.9215686274509802,9.489795918367347
11278,13930,UA,3087,24.55386649041639,1.9760285066407515,22.06523178807947
11278,13930,YX,258,9.920634920634921,2.3255813953488373,8.773809523809524
11278,13931,MQ,5,0.0,0.0,4.0
11278,13931,OH,887,35.826296743063935,6.538895152198422,26.979468599033815
11278,13931,YX,61,22.413793103448278,4.918032786885246,22.0
11278,14027,AA,667,23.81679389312977,1.7991004497751124,21.535987748851454
11278,14027,B6,568,35.17857142857143,1.408450704225352,27.94096601073345
11278,14027,MQ,9,22.22222222222222,0.0,14.88888888888889
11278,14027,OH,20,5.555555555555555,10.0,3.2777777777777777
11278,14027,YX,117,8.849557522123893,3.4188034188034186,4.548672566371682
11278,14057,AS,304,27.81456953642384,0.6578947368421053,23.940199335548172
11278,14100,AA,5,40.0,0.0,194.2
11278,14100,OH,407,39.257294429708224,7.371007371007371,38.29708222811671
11278,14100,YX,516,24.6,3.10077519379845,15.49
11278,14107,AA,908,15.865921787709498,1.4317180616740088,15.372615039281706
11278,14122,AA,134,26.923076923076923,2.985074626865672,27.746153846153845
11278,14122,MQ,118,14.655172413793101,1.694915254237288,10.408695652173913
11278,14122,OH,456,26.620370370370374,5.2631578947368425,17.416666666666668
11278,14122,YX,609,21.34251290877797,4.597701149425287,16.411359724612737
11278,14193,MQ,43,21.428571428571427,2.3255813953488373,21.357142857142858
11278,14193,OH,586,34.36928702010969,6.6552901023890785,30.606946983546617
11278,14193,YX,132,15.503875968992247,2.272727272727273,8.666666666666666
11278,14307,AA,309,24.675324675324674,0.32362459546925565,14.37012987012987
11278,14307,MQ,88,21.428571428571427,4.545454545454546,12.714285714285714
11278,14307,OH,902,32.76699029126214,8.647450110864744,24.88442822384428
11278,14307,WN,561,25.0,0.8912655971479501,19.38018018018018
11278,14307,YX,342,19.45288753799392,3.801169590643275,11.604863221884498
11278,14321,AA,414,26.41975308641975,2.1739130434782608,20.69382716049383
11278,14321,MQ,29,27.586206896551722,0.0,12.0
11278,14321,OH,524,30.165289256198346,7.633587786259542,23.811203319502074
11278,14321,YX,143,27.480916030534353,8.391608391608392,13.83969465648855
11278,14492,AA,227,32.142857142857146,1.3215859030837005,27.419642857142858
11278,14492,MQ,271,17.647058823529413,5.904059040590406,11.47843137254902
11278,14492,OH,673,30.09259259259259,3.7147102526002973,20.87037037037037
11278,14492,YX,477,25.400457665903893,8.385744234800839,18.411899313501145
11278,14576,MQ,141,19.424460431654676,1.4184397163120568,9.273381294964029
11278,14576,OH,815,32.67195767195767,7.2392638036809815,29.16710875331565
11278,14576,YX,66,20.634920634920633,4.545454545454546,13.873015873015873
11278,14635,AA,325,25.157232704402517,2.1538461538461537,21.41955835962145
11278,14635,MQ,156,22.22222222222222,1.9230769230769231,13.326797385620916
11278,14635,OH,45,38.095238095238095,6.666666666666667,24.404761904761905
11278,14635,YX,85,27.848101265822784,7.0588235294117645,17.658227848101266
11278,14679,AS,228,36.283185840707965,0.8771929824561403,15.893805309734514
11278,14683,AA,244,49.166666666666664,1.639344262295082,47.84453781512605
11278,14685,MQ,60,32.20338983050847,1.6666666666666667,17.70689655172414
11278,14685,OH,808,37.101063829787236,6.930693069306931,33.281333333333336
11278,14685,YX,18,22.22222222222222,0.0,8.833333333333334
11278,14696,YX,11,18.181818181818183,0.0,6.909090909090909
11278,14730,AA,4,25.0,0.0,13.5
11278,14730,OH,524,33.61169102296451,8.587786259541986,22.989561586638832
11278,14730,YX,336,27.47603833865815,6.845238095238095,22.871382636655948
11278,14747,AS,608,20.770519262981573,1.8092105263157894,16.605704697986578
11278,14747,DL,237,22.746781115879827,1.6877637130801688,33.43103448275862
11278,14771,AS,303,30.23255813953488,0.6600660066006601,24.613333333333333
11278,14771,UA,564,18.67145421903052,1.2411347517730495,18.508078994614003
11278,14843,B6,304,19.463087248322147,1.9736842105263157,18.404040404040405
11278,14869,DL,304,26.578073089701,0.9868421052631579,25.119601328903656
11278,14986,AA,295,20.618556701030926,1.3559322033898304,17.47586206896552
11278,14986,OH,5,20.0,0.0,17.2
11278,14986,YX,3,0.0,0.0,0.3333333333333333
11278,15016,AA,284,26.523297491039425,1.7605633802816902,26.236559139784948
11278,15016,MQ,21,9.523809523809524,0.0,4.095238095238095
11278,15016,OH,362,38.53211009174312,9.668508287292818,34.41358024691358
11278,15016,WN,1166,24.890829694323145,1.8010291595197256,19.04366812227074
11278,15016,YX,109,14.423076923076922,4.587155963302752,5.384615384615385
11278,15096,AA,119,36.52173913043478,3.361344537815126,24.582608695652173
11278,15096,MQ,79,44.776119402985074,15.189873417721518,31.91044776119403
11278,15096,OH,736,33.47953216374269,7.065217391304348,25.1950146627566
11278,15096,YX,48,26.08695652173913,4.166666666666667,14.326086956521738
11278,15249,OH,303,36.76470588235294,10.231023102310232,32.8929889298893
11278,15304,AA,1198,28.52233676975945,2.8380634390651087,24.432758620689654
11278,15304,WN,575,26.842105263157894,0.8695652173913043,21.934859154929576
11278,15304,YX,3,0.0,0.0,0.0
11278,15370,OH,268,32.669322709163346,6.343283582089552,21.864
11278,15370,YX,31,30.0,3.225806451612903,12.133333333333333
11278,15380,AA,24,17.391304347826086,4.166666666666667,8.08695652173913
11278,15380,MQ,100,8.0,0.0,4.32
11278,15380,OH,28,52.17391304347826,17.857142857142858,50.52173913043478
11278,15380,YX,4,0.0,0.0,1.25
11278,15412,MQ,32,23.333333333333332,6.25,26.733333333333334
11278,15412,OH,765,36.71766342141864,6.0130718954248366,33.6016713091922
11278,15412,YX,89,14.117647058823529,4.49438202247191,12.141176470588235
11278,15624,AA,70,24.285714285714285,0.0,16.685714285714287
11278,15624,MQ,31,28.57142857142857,9.67741935483871,19.464285714285715
11278,15624,OH,222,34.17085427135678,10.36036036036036,28.78894472361809
11278,15624,YX,6,20.0,16.666666666666668,14.6
11278,15919,MQ,288,22.09737827715356,7.291666666666667,33.69056603773585
11278,15919,YX,18,35.294117647058826,5.555555555555555,26.294117647058822
11283,11292,OO,522,25.889328063241106,3.0651340996168583,36.65940594059406
11288,13930,OO,522,26.171875,1.9157088122605364,27.271484375
11292,10135,G4,46,10.869565217391305,0.0,4.521739130434782
11292,10140,OO,764,22.781456953642383,1.1780104712041886,15.956291390728477
11292,10140,UA,629,25.199362041467303,0.3179650238473768,17.588516746411482
11292,10140,WN,1223,28.078817733990146,0.4088307440719542,18.085456039441247
11292,10157,OO,301,16.666666666666664,0.33222591362126247,15.302013422818792
11292,10257,WN,274,50.92936802973978,1.8248175182481752,33.41044776119403
11292,10279,OO,639,33.33333333333333,1.408450704225352,29.96485623003195
11292,10299,AS,126,35.199999999999996,0.7936507936507936,21.84426229508197
11292,10299,UA,413,18.401937046004843,0.0,8.771498771498772
11292,10372,OO,2292,28.427787934186473,4.537521815008726,28.651465798045603
11292,10397,DL,2296,20.53532250987275,0.740418118466899,16.42586054721977
11292,10397,F9,532,26.996197718631176,1.1278195488721805,18.933333333333334
11292,10397,UA,910,23.867403314917127,0.5494505494505495,16.423034330011074
11292,10397,WN,914,33.11331133113311,0.5470459518599562,20.79690949227373
11292,10408,G4,56,50.0,3.5714285714285716,63.31481481481482
11292,10408,OO,324,26.93498452012384,0.30864197530864196,14.804953560371517
11292,10409,OO,92,20.652173913043477,0.0,16.706521739130434
11292,10423,F9,390,34.79381443298969,0.5128205128205128,23.935567010309278
11292,10423,OO,1,0.0,0.0,0.0
11292,10423,UA,1630,23.38062924120913,0.5521472392638037,16.390847247990106
11292,10423,WN,1968,29.28571428571429,0.4065040650406504,18.49667858967808
11292,10431,G4,94,31.182795698924732,1.0638297872340425,30.27956989247312
11292,10431,OO,201,17.91044776119403,0.0,8.2636815920398
11292,10431,UA,15,13.333333333333334,0.0,3.466666666666667
11292,10529,UA,607,22.937293729372936,0.16474464579901152,17.008278145695364
11292,10529,WN,302,46.97986577181208,1.3245033112582782,31.738255033557046
11292,10558,OO,521,22.89628180039139,1.9193857965451055,19.576771653543307
11292,10561,OO,608,28.336079077429982,0.16447368421052633,20.69586776859504
11292,10599,OO,607,23.0514096185738,0.6589785831960461,14.622923588039868
11292,10599,WN,304,47.15719063545151,1.644736842105263,29.073578595317727
11292,10617,OO,94,30.851063829787233,0.0,15.329787234042554
11292,10620,OO,935,22.8602383531961,1.2834224598930482,14.025109170305678
11292,10620,UA,608,29.32454695222405,0.16447368421052633,20.625412541254125
11292,10627,OO,1327,27.349121466768526,1.356443104747551,24.022256331542593
11292,10693,F9,285,32.97872340425532,1.0526315789473684,20.578014184397162
11292,10693,UA,1009,24.13108242303873,0.19821605550049554,15.797202797202797
11292,10693,WN,1896,28.845130388504526,0.8966244725738397,18.250668091929448
11292,10713,F9,59,32.20338983050847,0.0,18.949152542372882
11292,10713,OO,553,25.58983666061706,0.3616636528028933,17.451730418943534
11292,10713,UA,964,21.852237252861602,0.3112033195020747,13.343392299687824
11292,10713,WN,917,30.81967213114754,0.21810250817884405,18.39277899343545
11292,10721,B6,562,30.107526881720432,0.7117437722419929,25.016129032258064
11292,10721,DL,354,28.774928774928775,0.847457627118644,18.8005698005698
11292,10721,UA,1671,26.423007789095266,0.11968880909634949,18.950809838032395
11292,10721,WN,745,41.12903225806452,0.1342281879194631,29.489905787348587
11292,10779,OO,302,31.74061433447099,2.980132450331126,38.8013698630137
11292,10785,UA,171,22.22222222222222,0.0,9.222222222222221
11292,10792,F9,62,19.35483870967742,0.0,9.161290322580646
11292,10792,UA,163,45.39877300613497,0.0,40.214723926380366
11292,10792,WN,299,48.821548821548824,0.6688963210702341,29.389830508474578
11292,10800,F9,99,17.17171717171717,0.0,12.393939393939394
11292,10800,UA,806,25.24875621890547,0.24813895781637718,17.05992509363296
11292,10800,WN,1120,30.783078307830785,0.8035714285714286,21.290876242095756
11292,10821,F9,110,29.09090909090909,0.0,19.745454545454546
11292,10821,UA,815,23.580246913580247,0.6134969325153374,13.568238213399503
11292,10821,WN,1655,25.962125839951128,1.0876132930513596,15.40676923076923
11292,10849,OO,351,14.899713467048711,0.5698005698005698,9.456896551724139
11292,10849,UA,967,21.865284974093264,0.20682523267838676,14.316718587746625
11292,10849,WN,975,28.909465020576132,0.3076923076923077,17.07017543859649
11292,10994,UA,304,21.262458471760798,0.9868421052631579,9.01
11292,10994,WN,267,34.71698113207547,0.7490636704119851,21.46969696969697
11292,11003,F9,130,26.356589147286826,0.7692307692307693,19.37984496124031
11292,11003,OO,141,14.184397163120568,0.0,10.492857142857142
11292,11003,UA,608,27.31788079470199,0.6578947368421053,21.064569536423843
11292,11042,F9,216,17.75700934579439,0.9259259259259259,12.537735849056604
11292,11042,UA,807,20.869565217391305,0.24783147459727387,15.306832298136646
11292,11042,WN,498,38.8663967611336,0.8032128514056225,26.155870445344128
11292,11057,AA,1435,20.365168539325843,0.7665505226480837,18.841772151898734
11292,11057,F9,163,15.09433962264151,2.4539877300613497,7.9245283018867925
11292,11057,UA,608,27.467105263157894,0.0,19.251655629139073
11292,11057,WN,260,36.67953667953668,0.38461538461538464,19.822393822393824
11292,11066,F9,62,24.59016393442623,1.6129032258064515,21.081967213114755
11292,11066,UA,608,23.228995057660626,0.16447368421052633,14.929042904290428
11292,11066,WN,782,36.794871794871796,0.2557544757033248,23.40897435897436
11292,11097,OO,808,26.075949367088608,2.227722772277228,21.95219638242894
11292,11109,OO,2850,28.982930298719772,1.3333333333333333,25.421802636266477
11292,11109,UA,621,29.497568881685577,0.644122383252818,20.74959349593496
11292,11109,WN,967,30.29045643153527,0.31023784901758017,18.817427385892117
11292,11111,OO,37,10.81081081081081,0.0,7.45945945945946
11292,11122,OO,1975,26.946721311475407,1.1645569620253164,21.738437821171633
11292,11140,F9,7,28.57142857142857,0.0,43.857142857142854
11292,11193,F9,310,34.21052631578947,1.935483870967742,30.542763157894736
11292,11193,G4,26,19.230769230769234,0.0,20.576923076923077
11292,11193,UA,608,21.85430463576159,0.6578947368421053,14.444444444444445
11292,11193,WN,303,32.67326732673268,0.0,19.28
11292,11233,OO,614,28.877887788778878,1.3029315960912051,36.78666666666667
11292,11259,WN,2563,29.40015785319653,1.1314865392118612,18.501586042823156
11292,11267,OO,176,27.27272727272727,0.0,18.710227272727273
11292,11267,UA,128,35.9375,0.0,27.3515625
11292,11278,F9,863,28.354725787631274,0.6952491309385863,19.99882075471698
11292,11278,UA,304,17.105263157894736,0.0,12.970099667774086
11292,11283,OO,522,22.00392927308448,2.4904214559386975,15.755467196819085
11292,11298,AA,2554,28.357605177993527,3.2106499608457324,29.758326563769295
11292,11298,F9,831,30.56234718826406,1.5643802647412757,23.51348039215686
11292,11298,MQ,5,60.0,0.0,39.8
11292,11298,OO,7,0.0,0.0,2.5714285714285716
11292,11298,UA,1682,26.378896882494008,0.8323424494649228,19.476219145093317
11292,11315,OO,569,29.528985507246375,2.9876977152899826,31.862888482632542
11292,11413,OO,1212,23.25,0.9900990099009901,19.394472361809044
11292,11413,UA,608,27.062706270627064,0.32894736842105265,17.99174917491749
11292,11423,F9,112,20.72072072072072,0.8928571428571429,15.846846846846846
11292,11423,OO,715,13.521126760563378,0.6993006993006993,10.94922425952045
11292,11423,UA,659,24.31192660550459,0.7587253414264037,19.08728943338438
11292,11423,WN,423,36.96682464454976,0.2364066193853428,28.89311163895487
11292,11433,DL,1033,17.458777885548013,0.1936108422071636,12.21692607003891
11292,11433,F9,308,25.649350649350648,0.0,21.016233766233768
11292,11433,OO,1,0.0,0.0,0.0
11292,11433,UA,606,22.772277227722775,0.0,16.2864238410596
11292,11433,WN,556,39.71119133574007,0.3597122302158273,24.452079566003615
11292,11447,OO,371,15.633423180592992,0.0,10.013550135501355
11292,11468,OO,521,22.674418604651162,0.9596928982725528,18.773879142300196
11292,11481,OO,13,23.076923076923077,0.0,8.923076923076923
11292,11481,UA,24,54.166666666666664,0.0,21.583333333333332
11292,11481,WN,160,33.125,0.0,20.16875
11292,11503,F9,32,41.935483870967744,3.125,17.35483870967742
11292,11503,OO,683,19.910846953937593,1.4641288433382138,11.53422619047619
11292,11503,UA,424,25.235849056603776,0.0,20.24764150943396
11292,11540,F9,254,18.650793650793652,0.7874015748031497,11.175298804780876
11292,11540,OO,80,20.0,0.0,13.1125
11292,11540,UA,531,27.22117202268431,0.3766478342749529,17.495256166982923
11292,11540,WN,642,29.531249999999996,0.3115264797507788,17.4296875
11292,11603,OO,177,5.649717514124294,0.0,5.209039548022599
11292,11603,UA,608,30.427631578947366,0.0,19.957236842105264
11292,11603,WN,150,28.859060402684566,0.6666666666666666,14.791946308724832
11292,11618,UA,2669,30.29958285930982,1.1989509179467965,26.174360930942388
11292,11630,UA,126,28.799999999999997,0.7936507936507936,19.229508196721312
11292,11637,F9,158,18.471337579617835,0.6329113924050633,14.630573248407643
11292,11637,OO,793,28.934010152284262,0.6305170239596469,22.727388535031846
11292,11637,UA,304,30.363036303630363,0.32894736842105265,38.06953642384106
11292,11638,OO,646,17.492260061919502,0.0,10.470588235294118
11292,11638,UA,264,31.297709923664126,0.7575757575757576,22.641221374045802
11292,11638,WN,301,22.591362126245848,0.0,10.621262458471762
11292,11648,OO,345,9.593023255813954,0.2898550724637681,6.825072886297376
11292,11648,UA,682,26.215022091310754,0.4398826979472141,16.536873156342182
11292,11697,UA,1018,21.576354679802957,0.29469548133595286,14.445103857566766
11292,11697,WN,297,36.14864864864865,0.3367003367003367,24.2320819112628
11292,11711,OO,177,23.728813559322035,0.0,28.593220338983052
11292,11775,F9,145,26.20689655172414,0.0,15.779310344827586
11292,11775,OO,1127,19.213583556747096,0.709849157054126,12.456093189964157
11292,11775,UA,305,32.89473684210527,0.32786885245901637,36.99669966996699
11292,11865,OO,608,21.812080536912752,1.9736842105263157,22.979763912310286
11292,11884,F9,63,20.634920634920633,0.0,9.285714285714286
11292,11884,OO,169,13.017751479289942,0.0,7.644970414201183
11292,11884,UA,719,28.53146853146853,0.5563282336578581,18.08976157082749
11292,11884,WN,724,31.024930747922436,0.27624309392265195,18.79889042995839
11292,11921,OO,1211,25.6857855361596,0.6606110652353427,19.938333333333333
11292,11921,UA,610,27.257799671592775,0.16393442622950818,22.733990147783253
11292,11977,F9,29,17.857142857142858,3.4482758620689653,11.678571428571429
11292,11986,F9,118,21.1864406779661,0.0,16.550847457627118
11292,11986,UA,608,26.237623762376238,0.32894736842105265,17.58512396694215
11292,11986,WN,329,39.02439024390244,0.303951367781155,22.722560975609756
11292,11995,OO,304,31.456953642384107,0.6578947368421053,24.629139072847682
11292,11996,OO,141,17.857142857142858,0.7092198581560284,7.057142857142857
11292,11996,UA,163,16.56441717791411,0.0,10.822085889570552
11292,11996,WN,18,22.22222222222222,0.0,12.166666666666666
11292,12003,OO,281,20.863309352517987,1.0676156583629892,17.39568345323741
11292,12003,UA,327,28.834355828220858,0.3058103975535168,25.996932515337424
11292,12012,OO,859,19.1812865497076,0.46565774155995343,21.90962441314554
11292,12094,OO,323,34.0625,0.9287925696594427,29.015673981191224
11292,12094,UA,530,21.79732313575526,1.320754716981132,16.071290944123316
11292,12094,WN,338,23.582089552238806,0.8875739644970414,15.937125748502995
11292,12156,OO,763,27.82956058588549,1.5727391874180865,24.07785234899329
11292,12173,UA,520,25.436893203883493,0.9615384615384616,19.359683794466402
11292,12177,OO,304,44.89795918367347,3.289473684210526,52.53767123287671
11292,12191,F9,69,22.058823529411764,1.4492753623188406,14.970149253731343
11292,12191,WN,1891,27.703782631859355,0.74034902168165,17.693997856377276
11292,12206,OO,4,0.0,25.0,4.666666666666667
11292,12217,OO,608,25.412541254125415,0.32894736842105265,18.26776859504132
11292,12255,OO,522,25.49019607843137,2.2988505747126435,26.60433070866142
11292,12264,UA,2221,20.253164556962027,0.40522287257991896,12.955949137148048
11292,12264,WN,756,34.528552456839314,0.3968253968253968,21.845744680851062
11292,12266,F9,585,27.75862068965517,0.8547008547008547,19.643103448275863
11292,12266,UA,3205,24.882186616399622,0.6864274570982839,17.58992125984252
11292,12278,OO,1050,17.91907514450867,1.1428571428571428,15.371980676328503
11292,12278,UA,305,33.77483443708609,0.9836065573770492,28.00662251655629
11292,12278,WN,423,39.473684210526315,1.1820330969267139,28.71462829736211
11292,12280,G4,30,30.0,0.0,22.6
11292,12280,OO,1463,24.688796680497926,1.1619958988380041,19.354659248956885
11292,12323,OO,13,46.15384615384615,0.0,11.076923076923077
11292,12339,F9,236,20.51282051282051,0.847457627118644,13.08974358974359
11292,12339,UA,742,21.951219512195124,0.5390835579514824,12.987771739130435
11292,12339,WN,1208,32.365145228215766,0.24834437086092714,23.12053200332502
11292,12441,OO,414,12.106537530266344,0.24154589371980675,7.11056511056511
11292,12441,UA,964,26.20041753653445,0.6224066390041494,20.27253668763103
11292,12451,UA,449,28.507795100222715,0.0,17.450892857142858
11292,12451,WN,308,33.66013071895425,0.6493506493506493,18.547540983606556
11292,12478,B6,503,34.48979591836735,2.584493041749503,30.583505154639177
11292,12478,DL,746,17.598908594815825,1.742627345844504,13.838134430727024
11292,12478,F9,11,9.090909090909092,0.0,28.363636363636363
11292,12511,OO,303,26.578073089701,0.6600660066006601,20.668896321070235
11292,12519,OO,396,17.17171717171717,0.0,11.348600508905852
11292,12758,UA,304,14.144736842105262,0.0,10.695364238410596
11292,12888,OO,522,23.91304347826087,3.0651340996168583,20.24404761904762
11292,12889,F9,1305,26.210607225211373,0.3065134099616858,20.123750960799384
11292,12889,UA,2099,25.489260143198088,0.19056693663649357,17.395126612517917
11292,12889,WN,2705,30.34251675353686,0.7024029574861368,19.501118568232663
11292,12892,DL,658,20.552147239263803,0.9118541033434651,18.641104294478527
11292,12892,F9,597,26.138279932546375,0.6700167504187605,17.47892074198988
11292,12892,OO,1020,20.333988212180746,0.19607843137254902,17.92920353982301
11292,12892,UA,2612,17.802450229709034,0.0,12.432784373803141
11292,12892,WN,1639,28.9119804400978,0.18303843807199513,16.685626911314984
11292,12896,OO,598,34.46519524617997,1.5050167224080269,34.16211604095563
11292,12896,WN,199,33.33333333333333,0.5025125628140703,26.3248730964467
11292,12899,OO,521,22.63779527559055,2.495201535508637,16.276134122287967
11292,12902,OO,522,20.19607843137255,2.2988505747126435,13.59
11292,12945,OO,304,30.363036303630363,0.32894736842105265,21.516556291390728
11292,12953,DL,864,24.20306965761511,1.9675925925925926,22.22488038277512
11292,12953,F9,147,38.57142857142858,4.761904761904762,28.542857142857144
11292,12953,UA,1663,27.223230490018146,0.6013229104028863,17.993263931414575
11292,12953,WN,1146,32.3036187113857,1.1343804537521816,21.433392539964476
11292,12954,WN,855,26.439482961222094,0.4678362573099415,15.481743227326266
11292,12982,UA,316,16.666666666666664,1.2658227848101267,10.616129032258064
11292,12992,F9,86,39.285714285714285,2.3255813953488373,37.67857142857143
11292,12992,OO,903,25.56053811659193,1.2181616832779623,18.307519640852973
11292,12992,WN,304,28.289473684210524,0.0,15.335526315789474
11292,13029,OO,1360,30.26022304832714,1.1029411764705883,31.482062780269057
11292,13127,OO,31,32.25806451612903,0.0,10.064516129032258
11292,13158,OO,1088,29.57486136783734,0.5514705882352942,29.81564245810056
11292,13158,WN,178,34.659090909090914,1.1235955056179776,25.977272727272727
11292,13198,F9,158,28.205128205128204,1.2658227848101267,18.27741935483871
11292,13198,OO,187,7.526881720430108,0.5347593582887701,6.849462365591398
11292,13198,UA,1193,29.441624365482234,0.9220452640402347,20.65736040609137
11292,13198,WN,1978,26.96629213483146,1.0111223458038423,17.827709611451944
11292,13204,F9,661,24.847560975609756,0.75642965204236,18.795107033639145
11292,13204,UA,1583,21.102661596958175,0.3158559696778269,16.998091603053435
11292,13204,WN,1614,27.75357809583074,0.43370508054522927,16.310819262038773
11292,13232,F9,206,30.24390243902439,0.4854368932038835,20.779411764705884
11292,13232,WN,2007,26.73716012084592,1.046337817638266,17.546969696969697
11292,13244,F9,103,16.50485436893204,0.0,14.950980392156863
11292,13244,UA,608,29.09090909090909,0.4934210526315789,21.3150912106136
11292,13244,WN,303,39.8671096345515,0.6600660066006601,31.229235880398672
11292,13264,OO,122,22.131147540983605,0.0,12.55
11292,13264,UA,488,26.65289256198347,0.819672131147541,17.65424430641822
11292,13303,AA,704,26.857142857142858,0.5681818181818182,22.255014326647565
11292,13303,F9,304,29.666666666666668,1.3157894736842106,16.043333333333333
11292,13303,UA,858,26.51869158878505,0.2331002331002331,16.7576112412178
11292,13303,WN,289,33.68055555555556,0.3460207612456747,22.682926829268293
11292,13342,F9,85,22.35294117647059,0.0,15.105882352941176
11292,13342,OO,336,31.137724550898206,0.5952380952380952,23.487951807228917
11292,13342,UA,541,28.09611829944547,0.0,20.408163265306122
11292,13342,WN,1074,30.422535211267604,0.8379888268156425,22.791549295774647
11292,13367,OO,304,34.65346534653465,0.32894736842105265,20.67986798679868
11292,13433,OO,1026,24.75442043222004,0.7797270955165692,20.42167487684729
11292,13476,OO,608,23.597359735973598,0.32894736842105265,17.760797342192692
11292,13485,F9,102,30.392156862745097,0.0,18.41176470588235
11292,13485,OO,127,12.598425196850393,0.0,5.587301587301587
11292,13485,UA,622,24.878836833602584,0.48231511254019294,15.198707592891761
11292,13486,F9,28,10.714285714285714,0.0,6.333333333333333
11292,13486,OO,390,17.737789203084834,0.2564102564102564,12.850129198966409
11292,13486,UA,602,21.428571428571427,0.0,15.170283806343907
11292,13487,DL,1539,22.28013029315961,0.2599090318388564,16.754076973255057
11292,13487,F9,447,35.13513513513514,0.6711409395973155,25.01126126126126
11292,13487,OO,108,12.962962962962962,0.0,11.11111111111111
11292,13487,UA,1336,24.84984984984985,0.2994011976047904,17.335090361445783
11292,13487,WN,1480,29.878048780487802,0.2702702702702703,18.403389830508473
11292,13495,F9,126,28.000000000000004,0.7936507936507936,14.8
11292,13495,UA,832,20.243902439024392,1.4423076923076923,13.580487804878048
11292,13495,WN,941,34.726688102893895,0.8501594048884166,22.185622317596568
11292,13502,OO,113,23.214285714285715,0.8849557522123894,12.830357142857142
11292,13502,UA,740,26.422764227642276,0.2702702702702703,19.16010854816825
11292,13502,WN,333,22.52252252252252,0.0,10.402402402402402
11292,13577,OO,10,10.0,0.0,3.4
11292,13577,UA,13,38.46153846153847,0.0,24.0
11292,13577,WN,77,31.16883116883117,0.0,22.223684210526315
11292,13796,WN,1438,32.960893854748605,0.4172461752433936,21.527932960893853
11292,13830,UA,323,18.75,0.9287925696594427,15.347133757961783
11292,13851,F9,295,34.13793103448276,1.694915254237288,21.020689655172415
11292,13851,OO,1418,23.47517730496454,0.5641748942172073,18.808404558404558
11292,13851,UA,37,27.027027027027028,0.0,14.486486486486486
11292,13851,WN,1007,32.40279162512463,0.3972194637537239,21.278
11292,13871,F9,141,28.776978417266186,1.4184397163120568,20.028776978417266
11292,13871,OO,174,9.826589595375722,0.5747126436781609,4.838150289017341
11292,13871,UA,1210,26.083333333333332,0.8264462809917356,18.908939014202172
11292,13871,WN,1230,29.238329238329236,0.7317073170731707,19.279508196721313
11292,13891,F9,515,20.939334637964773,0.7766990291262136,13.193737769080235
11292,13891,OO,6,16.666666666666664,0.0,33.833333333333336
11292,13891,UA,784,26.47058823529412,0.25510204081632654,18.70897435897436
11292,13891,WN,1085,32.74418604651162,0.9216589861751152,18.54147250698975
11292,13930,AA,1207,25.230511316010055,1.15990057995029,30.827150084317033
11292,13930,F9,305,37.95379537953795,0.6557377049180327,42.81518151815182
11292,13930,MQ,1,100.0,0.0,19.0
11292,13930,UA,2981,28.720890988862642,0.6038242200603824,20.99424898511502
11292,13930,WN,920,31.65938864628821,0.43478260869565216,20.65826944140197
11292,13931,UA,307,39.01639344262295,0.6514657980456026,29.859016393442623
11292,13931,WN,272,35.661764705882355,0.0,19.878676470588236
11292,13964,OO,157,19.10828025477707,0.0,9.070512820512821
11292,14004,F9,44,11.363636363636363,0.0,10.204545454545455
11292,14027,UA,86,31.3953488372093,0.0,22.790697674418606
11292,14057,AS,425,28.297362110311752,1.8823529411764706,19.532374100719423
11292,14057,F9,392,25.581395348837212,1.2755102040816326,17.57105943152455
11292,14057,OO,7,71.42857142857143,0.0,27.428571428571427
11292,14057,UA,1591,21.865154379332072,0.251414204902577,14.034656584751103
11292,14057,WN,1375,35.08771929824561,0.509090909090909,19.813323572474378
11292,14100,AA,735,21.818181818181817,2.7210884353741496,16.668073136427566
11292,14100,F9,273,44.28044280442804,0.7326007326007326,43.549815498154985
11292,14100,UA,813,24.876847290640395,0.12300123001230012,17.061728395061728
11292,14100,WN,740,35.90785907859079,0.2702702702702703,23.914402173913043
11292,14107,AA,812,20.915841584158414,0.49261083743842365,23.954151177199503
11292,14107,F9,1177,25.68027210884354,0.08496176720475786,17.30494037478705
11292,14107,MQ,157,40.38461538461539,0.6369426751592356,33.81410256410256
11292,14107,OO,1,0.0,0.0,0.0
11292,14107,UA,2028,22.623762376237625,0.39447731755424065,15.416955875061973
11292,14107,WN,3297,29.578331794398277,1.4558689717925386,18.152683528685998
11292,14108,G4,89,42.69662921348314,0.0,50.29545454545455
11292,14108,OO,217,43.31797235023041,0.0,25.550925925925927
11292,14120,OO,175,21.965317919075144,1.1428571428571428,18.169590643274855
11292,14122,F9,45,26.666666666666668,0.0,28.377777777777776
11292,14122,UA,754,25.132978723404253,0.26525198938992045,17.083888149134488
11292,14122,WN,666,41.389728096676734,0.6006006006006006,25.73716012084592
11292,14193,F9,166,26.506024096385545,0.0,22.44578313253012
11292,14193,OO,9,11.11111111111111,0.0,4.111111111111111
11292,14193,UA,136,26.47058823529412,0.0,10.65925925925926
11292,14193,WN,159,30.18867924528302,0.0,18.608974358974358
11292,14237,OO,310,28.246753246753247,0.6451612903225806,23.754901960784313
11292,14252,OO,393,15.267175572519085,0.0,10.213740458015268
11292,14252,UA,217,38.425925925925924,0.4608294930875576,35.902325581395345
11292,14262,F9,115,21.73913043478261,0.0,14.57391304347826
11292,14262,OO,542,20.222634508348794,0.5535055350553506,16.878731343283583
11292,14262,UA,582,21.649484536082475,0.0,12.548109965635739
11292,14262,WN,438,26.31578947368421,0.228310502283105,15.260969976905312
11292,14307,WN,252,42.46031746031746,0.0,24.84860557768924
11292,14321,UA,171,19.298245614035086,0.0,8.24561403508772
11292,14457,OO,1963,25.180972078593587,1.477330616403464,19.13714285714286
11292,14457,UA,521,26.21359223300971,1.1516314779270633,20.957115009746587
11292,14487,OO,130,19.230769230769234,0.0,12.253846153846155
11292,14489,UA,608,28.217821782178216,0.32894736842105265,17.14950166112957
11292,14492,F9,217,18.98148148148148,0.4608294930875576,11.981481481481481
11292,14492,UA,695,23.34293948126801,0.14388489208633093,13.795093795093795
11292,14492,WN,583,40.72164948453608,0.17152658662092624,26.872852233676976
11292,14524,F9,4,0.0,0.0,3.0
11292,14524,UA,304,37.41721854304636,0.6578947368421053,25.632450331125828
11292,14524,WN,272,44.44444444444444,0.7352941176470589,33.06015037593985
11292,14534,OO,608,21.357615894039736,0.6578947368421053,20.852404643449418
11292,14543,OO,608,26.54424040066778,1.480263157894737,24.04054054054054
11292,14570,F9,94,13.829787234042554,0.0,8.319148936170214
11292,14570,OO,25,0.0,0.0,1.32
11292,14570,UA,1274,25.864779874213838,0.15698587127158556,18.466456195737965
11292,14570,WN,916,30.616740088105725,0.8733624454148472,17.21767955801105
11292,14635,F9,13,30.76923076923077,0.0,13.23076923076923
11292,14635,UA,572,19.93006993006993,0.0,12.46140350877193
11292,14635,WN,245,29.38775510204082,0.0,18.057377049180328
11292,14674,OO,1161,21.645021645021643,0.5167958656330749,15.464409722222221
11292,14679,AS,55,18.51851851851852,1.8181818181818181,8.716981132075471
11292,14679,F9,661,25.0,0.75642965204236,19.65137614678899
11292,14679,OO,28,60.71428571428571,0.0,25.535714285714285
11292,14679,UA,1748,22.158438576349024,0.34324942791762014,13.153801843317972
11292,14679,WN,1954,31.275720164609055,0.5117707267144319,18.293450232078392
11292,14683,F9,202,25.247524752475247,0.0,18.049751243781095
11292,14683,OO,31,39.285714285714285,9.67741935483871,28.464285714285715
11292,14683,UA,1020,22.789783889980352,0.19607843137254902,14.480276134122288
11292,14683,WN,1204,27.939949958298584,0.4152823920265781,18.747280334728032
11292,14685,OO,76,14.666666666666666,1.3157894736842106,3.92
11292,14685,UA,216,21.75925925925926,0.0,10.018518518518519
11292,14685,WN,65,38.46153846153847,0.0,26.307692307692307
11292,14689,OO,45,13.333333333333334,0.0,11.11111111111111
11292,14689,UA,746,26.422764227642276,1.0723860589812333,16.56734693877551
11292,14689,WN,99,20.2020202020202,0.0,9.693877551020408
11292,14698,OO,305,22.295081967213115,0.0,13.226229508196722
11292,14698,UA,299,31.864406779661014,1.3377926421404682,30.431506849315067
11292,14716,G4,30,66.66666666666666,10.0,79.37037037037037
11292,14730,UA,547,23.853211009174313,0.3656307129798903,19.5
11292,14730,WN,315,40.57507987220447,0.6349206349206349,32.038585209003216
11292,14747,AS,1325,31.52671755725191,1.1320754716981132,21.24751718869366
11292,14747,DL,741,23.097826086956523,0.6747638326585695,22.9578231292517
11292,14747,F9,364,29.88826815642458,1.6483516483516483,20.220670391061454
11292,14747,OO,169,18.452380952380953,0.591715976331361,16.714285714285715
11292,14747,UA,1667,22.309079975947082,0.23995200959808038,13.983754512635379
11292,14747,WN,1193,37.42640874684609,0.3352891869237217,21.32296047098402
11292,14771,F9,483,31.185031185031185,0.4140786749482402,21.347193347193347
11292,14771,UA,2865,24.464724464724465,0.5584642233856894,16.793962793962795
11292,14771,WN,1296,41.51820294345468,0.38580246913580246,25.765298218435323
11292,14783,OO,1127,26.517857142857142,0.6211180124223602,21.955156950672645
11292,14794,OO,875,23.13860252004582,0.22857142857142856,16.975806451612904
11292,14812,OO,608,23.283082077051926,1.8092105263157894,20.597643097643097
11292,14814,OO,303,29.80132450331126,0.33003300330033003,28.745819397993312
11292,14831,F9,134,20.30075187969925,0.746268656716418,9.887218045112782
11292,14831,OO,53,5.660377358490567,0.0,2.2264150943396226
11292,14831,UA,926,23.974082073434126,0.0,16.782702702702704
11292,14831,WN,1313,27.75229357798165,0.38080731150038083,18.603975535168196
11292,14843,UA,272,29.044117647058826,0.0,15.390334572490707
11292,14869,DL,1406,19.301994301994302,0.1422475106685633,18.636688079942896
11292,14869,F9,807,22.47191011235955,0.7434944237918215,17.392009987515607
11292,14869,OO,1149,26.619964973730298,0.6092254134029591,20.235087719298246
11292,14869,UA,1148,24.25828970331588,0.17421602787456447,15.31675392670157
11292,14869,WN,2031,30.202669303015323,0.39389463318562284,17.52920792079208
11292,14877,OO,304,35.35353535353536,2.3026315789473686,34.610921501706486
11292,14893,F9,125,16.93548387096774,0.8,11.185483870967742
11292,14893,OO,1,0.0,0.0,0.0
11292,14893,UA,1572,20.676451818761965,0.31806615776081426,13.817369093231163
11292,14893,WN,1599,34.253450439146796,0.31269543464665417,20.988080301129234
11292,14908,F9,291,15.916955017301039,0.6872852233676976,7.510416666666667
11292,14908,UA,1502,19.505678022712093,0.33288948069241014,11.094022834116856
11292,14908,WN,1300,26.702786377708975,0.6153846153846154,13.512043512043512
11292,14986,UA,78,12.82051282051282,0.0,10.35064935064935
11292,14986,WN,89,30.681818181818183,1.1235955056179776,19.375
11292,15016,F9,212,11.374407582938389,0.4716981132075472,6.881516587677726
11292,15016,OO,176,32.0,0.5681818181818182,23.264367816091955
11292,15016,UA,907,19.623059866962304,0.5512679162072768,14.177580466148724
11292,15016,WN,1836,25.740944017563116,0.7625272331154684,16.778205833791965
11292,15041,OO,549,20.695970695970693,0.546448087431694,19.156537753222835
11292,15048,OO,304,27.0,1.3157894736842106,18.33
11292,15096,UA,380,32.631578947368425,0.0,23.1688654353562
11292,15304,F9,486,25.413223140495866,0.411522633744856,18.109504132231404
11292,15304,UA,1035,22.674418604651162,0.2898550724637681,14.413191076624637
11292,15304,WN,1089,33.700642791551886,0.0,22.59705611775529
11292,15370,F9,6,50.0,0.0,16.666666666666668
11292,15370,OO,1020,20.414201183431953,0.5882352941176471,14.7784371909001
11292,15370,UA,192,41.14583333333333,0.0,34.276041666666664
11292,15370,WN,807,35.33083645443196,0.7434944237918215,22.5
11292,15376,F9,82,18.51851851851852,1.2195121951219512,12.333333333333334
11292,15376,OO,622,20.64516129032258,0.3215434083601286,16.037156704361873
11292,15376,UA,591,20.0,0.1692047377326565,12.430508474576271
11292,15376,WN,1021,28.164867517173697,0.1958863858961802,16.75147347740668
11292,15380,OO,23,8.695652173913043,0.0,3.260869565217391
11292,15380,UA,211,25.59241706161137,0.0,19.68421052631579
11292,15412,F9,88,21.59090909090909,0.0,15.795454545454545
11292,15412,G4,87,37.2093023255814,1.1494252873563218,75.77906976744185
11292,15412,OO,387,29.31937172774869,1.2919896640826873,18.777486910994764
11292,15412,UA,221,20.81447963800905,0.0,10.262443438914028
11292,15897,OO,188,20.212765957446805,0.0,12.157608695652174
11292,15919,F9,118,21.367521367521366,0.847457627118644,18.82051282051282
11292,15919,OO,606,18.543046357615893,0.33003300330033003,12.08457711442786
11292,15919,UA,306,31.25,0.6535947712418301,24.917218543046356
11292,16869,OO,1285,24.353954581049333,0.622568093385214,18.032359905288082
11298,10136,MQ,1472,24.407252440725244,2.5815217391304346,13.766759776536313
11298,10140,AA,1591,35.36345776031434,4.022627278441232,26.332018408941487
11298,10140,MQ,463,22.026431718061673,1.9438444924406046,11.85022026431718
11298,10140,OO,29,20.689655172413794,0.0,17.75862068965517
11298,10155,MQ,299,30.82191780821918,2.3411371237458196,19.034246575342465
11298,10155,OO,612,22.602739726027394,4.57516339869281,16.27319587628866
11298,10185,MQ,88,14.942528735632186,1.1363636363636365,9.55813953488372
11298,10185,OO,822,22.37851662404092,4.866180048661801,19.094871794871796
11298,10208,AA,17,35.294117647058826,0.0,17.764705882352942
11298,10208,MQ,93,20.689655172413794,6.451612903225806,10.89655172413793
11298,10208,OH,212,25.961538461538463,1.8867924528301887,27.033816425120772
11298,10257,AA,267,54.61538461538461,2.6217228464419478,61.63461538461539
11298,10279,AA,96,58.69565217391305,4.166666666666667,56.34444444444444
11298,10279,MQ,1835,18.721973094170405,2.779291553133515,11.055806087936865
11298,10279,OO,129,16.0,3.10077519379845,11.056
11298,10299,AA,336,36.30952380952381,0.0,32.35928143712575
11298,10372,OO,1004,29.235537190082646,3.585657370517928,21.20935412026726
11298,10397,AA,2233,29.340761374187558,3.5378414688759516,21.54151119402985
11298,10397,DL,2322,20.928196147110334,1.636520241171404,21.701800614844093
11298,10397,F9,534,35.97678916827853,3.183520599250936,27.474806201550386
11298,10397,MQ,63,22.22222222222222,0.0,10.419354838709678
11298,10397,NK,366,21.944444444444443,1.639344262295082,15.377777777777778
11298,10408,MQ,308,22.475570032573287,0.3246753246753247,16.938110749185668
11298,10423,AA,2900,32.78453829634932,3.6551724137931036,27.17497310864109
11298,10423,MQ,849,24.103831891223734,4.7114252061248525,13.189826302729529
11298,10423,OH,13,46.15384615384615,0.0,49.23076923076923
11298,10423,OO,246,24.481327800829874,2.032520325203252,18.232365145228215
11298,10431,AA,177,34.30232558139535,2.824858757062147,24.795321637426902
11298,10431,MQ,374,21.798365122615802,1.8716577540106951,18.21311475409836
11298,10431,OH,18,29.411764705882355,5.555555555555555,69.23529411764706
11298,10529,AA,709,30.979827089337174,2.1156558533145273,21.117391304347827
11298,10561,AA,287,50.71428571428571,2.4390243902439024,53.05
11298,10599,AA,181,44.50867052023121,4.419889502762431,48.10982658959538
11298,10599,MQ,984,18.7042842215256,2.7439024390243905,13.145397489539748
11298,10599,OH,592,38.62433862433862,4.222972972972973,40.399293286219084
11298,10599,OO,147,27.083333333333332,2.0408163265306123,19.305555555555557
11298,10620,MQ,608,24.666666666666668,1.3157894736842106,12.626043405676127
11298,10627,MQ,607,25.662251655629138,0.4942339373970346,17.00662251655629
11298,10685,MQ,609,17.470881863560734,1.3136288998357963,11.278333333333334
11298,10693,AA,2536,35.54735547355474,3.824921135646688,30.15735414954807
11298,10693,F9,22,18.181818181818183,0.0,13.772727272727273
11298,10693,MQ,323,20.689655172413794,1.238390092879257,12.465408805031446
11298,10693,OH,29,35.714285714285715,3.4482758620689653,16.464285714285715
11298,10693,OO,61,33.33333333333333,1.639344262295082,31.71186440677966
11298,10713,AA,665,34.76923076923077,2.255639097744361,27.01386748844376
11298,10713,MQ,1,100.0,0.0,21.0
11298,10721,AA,2184,36.84210526315789,2.5641025641025643,25.955764705882352
11298,10721,B6,283,46.785714285714285,1.0600706713780919,51.772563176895304
11298,10721,DL,764,25.398936170212767,1.5706806282722514,27.800266311584554
11298,10721,F9,42,17.5,4.761904761904762,8.461538461538462
11298,10721,NK,32,53.125,0.0,44.9375
11298,10728,OO,606,21.143847487001732,4.785478547854786,22.665505226480835
11298,10747,MQ,931,19.340659340659343,2.255639097744361,11.159867695700111
11298,10747,OO,386,32.967032967032964,5.699481865284974,22.747222222222224
11298,10781,MQ,502,15.975103734439832,3.9840637450199203,9.878914405010438
11298,10781,OH,1062,29.261083743842363,4.425612052730696,26.548323471400394
11298,10781,OO,170,38.75,5.882352941176471,26.91875
11298,10792,AA,432,42.042755344418055,2.5462962962962963,34.53681710213777
11298,10792,MQ,1,0.0,0.0,0.0
11298,10792,OH,9,71.42857142857143,22.22222222222222,48.0
11298,10800,AA,608,33.3889816360601,1.480263157894737,21.212730318257957
11298,10821,AA,809,30.897435897435898,3.584672435105068,19.797680412371133
11298,10821,F9,213,34.95145631067961,3.2863849765258215,26.504901960784313
11298,10821,NK,217,28.971962616822427,1.3824884792626728,18.906103286384976
11298,10849,AA,634,30.880000000000003,1.4195583596214512,21.346709470304976
11298,10849,UA,1,0.0,0.0,0.0
11298,10868,AA,136,40.0,4.411764705882353,37.09230769230769
11298,10868,MQ,266,24.71042471042471,2.6315789473684212,12.455252918287938
11298,10868,OH,298,34.146341463414636,3.6912751677852347,26.818181818181817
11298,10980,MQ,475,21.45922746781116,1.894736842105263,14.817204301075268
11298,10980,OH,703,31.130690161527163,3.1294452347083928,26.512481644640236
11298,10980,OO,122,30.327868852459016,0.0,15.62295081967213
11298,10994,AA,819,32.70440251572327,2.93040293040293,22.921717171717173
11298,10994,F9,7,14.285714285714285,0.0,18.857142857142858
11298,10994,MQ,20,25.0,0.0,20.75
11298,10994,OH,129,38.582677165354326,1.550387596899225,36.01574803149607
11298,11003,AA,276,45.11278195488722,3.6231884057971016,38.698113207547166
11298,11003,MQ,608,16.863406408094438,2.4671052631578947,11.277027027027026
11298,11003,OH,141,26.811594202898554,2.127659574468085,21.318840579710145
11298,11042,AA,1260,31.07667210440457,2.6984126984126986,24.383986928104576
11298,11042,F9,133,15.909090909090908,0.7518796992481203,16.651515151515152
11298,11042,MQ,20,10.0,0.0,3.4
11298,11042,OH,9,62.5,11.11111111111111,99.625
11298,11049,MQ,487,17.364016736401673,1.8480492813141685,9.727463312368974
11298,11049,OO,511,20.858895705521473,4.305283757338552,16.90573770491803
11298,11057,AA,3114,29.031198686371102,2.2157996146435455,22.539473684210527
11298,11057,F9,127,15.32258064516129,2.3622047244094486,8.919354838709678
11298,11057,NK,96,29.47368421052631,1.0416666666666667,17.05263157894737
11298,11066,AA,1089,30.265654648956357,3.2139577594123048,21.876425855513308
11298,11066,MQ,333,31.722054380664655,0.6006006006006006,22.114803625377643
11298,11066,OH,9,75.0,11.11111111111111,61.375
11298,11067,MQ,609,18.302828618968388,1.3136288998357963,14.905158069883527
11298,11109,AA,970,33.87096774193548,4.123711340206185,26.103448275862068
11298,11109,MQ,129,15.079365079365079,2.3255813953488373,9.507936507936508
11298,11109,OO,618,28.92561983471074,2.103559870550162,25.938640132669985
11298,11111,MQ,725,22.46065808297568,3.586206896551724,14.351931330472103
11298,11111,OH,9,44.44444444444444,0.0,50.888888888888886
11298,11111,OO,221,31.88405797101449,6.334841628959276,18.40096618357488
11298,11140,MQ,2036,19.567404426559357,2.357563850687623,11.725944584382871
11298,11140,OO,15,30.76923076923077,13.333333333333334,43.69230769230769
11298,11193,AA,1243,30.985915492957744,2.8962188254223653,23.569409808811304
11298,11193,F9,149,23.776223776223777,4.026845637583893,22.591549295774648
11298,11193,MQ,29,17.857142857142858,3.4482758620689653,34.357142857142854
11298,11193,OH,62,57.14285714285714,9.67741935483871,49.232142857142854
11298,11193,OO,31,30.0,3.225806451612903,23.6
11298,11252,AA,1,0.0,0.0,1.0
11298,11252,MQ,2,0.0,0.0,4.5
11298,11267,MQ,110,17.92452830188679,3.6363636363636362,11.38679245283019
11298,11267,OH,1056,26.141885325558796,2.5568181818181817,24.579922027290447
11298,11278,AA,2880,26.546112115732367,3.9930555555555554,17.558588064046578
11298,11292,AA,2552,38.421052631578945,3.2131661442006267,29.418529053230394
11298,11292,F9,833,23.52216748768473,2.5210084033613445,21.953086419753088
11298,11292,MQ,5,20.0,0.0,26.8
11298,11292,OO,7,28.57142857142857,0.0,10.857142857142858
11298,11292,UA,1683,27.81456953642384,1.3071895424836601,23.095151515151514
11298,11413,AA,130,39.53488372093023,0.7692307692307693,34.04651162790697
11298,11413,OO,838,23.710073710073708,2.863961813842482,18.054254007398274
11298,11423,AA,718,40.43795620437956,4.596100278551532,39.44721407624633
11298,11423,MQ,310,14.473684210526317,1.935483870967742,7.427631578947368
11298,11423,OH,63,20.0,4.761904761904762,16.566666666666666
11298,11433,AA,1499,29.629629629629626,2.735156771180787,23.06108442004118
11298,11433,DL,1169,17.743324720068905,0.6843455945252352,16.750862068965517
11298,11433,F9,154,11.842105263157894,1.2987012987012987,11.552631578947368
11298,11433,MQ,24,4.166666666666666,0.0,3.3333333333333335
11298,11433,NK,440,19.26605504587156,0.9090909090909091,17.144495412844037
11298,11481,AA,339,51.07033639143731,3.5398230088495577,49.56880733944954
11298,11481,MQ,549,24.15730337078652,2.73224043715847,15.164794007490636
11298,11481,OH,196,26.373626373626376,7.142857142857143,24.84065934065934
11298,11503,AA,781,33.984375,1.6645326504481435,29.63040629095675
11298,11503,F9,34,21.21212121212121,2.9411764705882355,8.9375
11298,11540,AA,1722,37.84596871239471,3.484320557491289,32.85292344786016
11298,11540,F9,11,20.0,9.090909090909092,11.8
11298,11540,MQ,517,19.92110453648915,1.9342359767891684,11.883399209486166
11298,11540,OO,47,36.95652173913043,2.127659574468085,22.555555555555557
11298,11603,AA,171,28.235294117647058,0.5847953216374269,23.394117647058824
11298,11612,MQ,700,21.26099706744868,2.5714285714285716,11.952941176470588
11298,11612,OH,26,15.384615384615385,0.0,10.615384615384615
11298,11612,OO,59,24.561403508771928,3.389830508474576,17.42105263157895
11298,11618,AA,1185,36.228070175438596,3.7974683544303796,31.618246235606733
11298,11618,NK,284,36.95652173913043,2.816901408450704,33.55072463768116
11298,11618,UA,1343,26.351865955826355,2.2338049143708116,27.0715935334873
11298,11618,YX,26,50.0,0.0,93.38461538461539
11298,11624,AA,268,32.57575757575758,1.492537313432836,29.045801526717558
11298,11637,MQ,909,18.151447661469934,1.21012101210121,11.57158836689038
11298,11638,AA,1213,37.06823925863522,2.1434460016488046,26.842327150084316
11298,11648,AA,225,31.08108108108108,1.3333333333333333,18.99099099099099
11298,11648,MQ,64,12.5,0.0,5.777777777777778
11298,11695,OO,346,26.865671641791046,3.179190751445087,22.253012048192772
11298,11697,AA,1593,33.464052287581694,3.9548022598870056,24.583224115334207
11298,11697,NK,694,19.67930029154519,1.1527377521613833,13.182481751824817
11298,11775,AA,411,45.137157107231914,2.4330900243309004,41.14713216957606
11298,11775,MQ,445,20.506912442396313,2.4719101123595504,11.658986175115208
11298,11775,OO,51,16.0,1.9607843137254901,11.04
11298,11778,MQ,978,17.42826780021254,3.783231083844581,10.459488272921108
11298,11823,MQ,844,21.325301204819276,1.6587677725118484,12.798309178743962
11298,11823,OH,62,20.33898305084746,4.838709677419355,9.559322033898304
11298,11867,MQ,608,24.576271186440678,2.960526315789474,14.834188034188035
11298,11884,AA,473,36.26609442060086,1.4799154334038056,29.390557939914164
11298,11905,MQ,298,24.829931972789115,1.342281879194631,15.170648464163822
11298,11905,OO,310,22.789115646258505,5.161290322580645,28.034364261168385
11298,11921,MQ,386,21.727748691099478,1.0362694300518134,13.217277486910994
11298,11921,OO,372,24.649859943977592,4.032258064516129,15.898876404494382
11298,11953,MQ,305,19.801980198019802,0.6557377049180327,13.43189368770764
11298,11953,OH,149,28.467153284671532,8.053691275167786,38.56204379562044
11298,11973,MQ,666,20.46511627906977,3.1531531531531534,13.09472049689441
11298,11973,OH,119,27.358490566037734,10.92436974789916,24.471698113207548
11298,11973,OO,127,15.447154471544716,3.1496062992125986,11.113821138211382
11298,11980,OO,607,21.858864027538726,4.283360790774299,17.52249134948097
11298,11982,MQ,1119,25.275735294117645,2.770330652368186,14.83778801843318
11298,11982,OO,339,24.22360248447205,5.014749262536873,17.354037267080745
11298,11986,AA,830,33.37484433374844,3.253012048192771,26.57730673316708
11298,11986,MQ,85,17.857142857142858,1.1764705882352942,11.357142857142858
11298,11995,AA,606,46.735395189003434,3.9603960396039604,35.139655172413796
11298,11995,MQ,211,12.857142857142856,0.47393364928909953,6.266666666666667
11298,11996,AA,607,42.857142857142854,1.9769357495881383,32.917647058823526
11298,11996,MQ,287,23.32155477031802,1.3937282229965158,12.219081272084805
11298,11996,OH,149,14.18918918918919,0.6711409395973155,12.27027027027027
11298,12007,OO,182,19.444444444444446,1.098901098901099,19.757062146892654
11298,12012,AA,99,28.57142857142857,1.0101010101010102,26.77319587628866
11298,12012,OO,7,28.57142857142857,0.0,17.714285714285715
11298,12094,AA,106,29.523809523809526,0.9433962264150944,32.18
11298,12173,AA,456,33.70044052863436,0.43859649122807015,46.00443458980045
11298,12191,MQ,1295,22.426177174780527,3.2432432432432434,13.040032025620496
11298,12191,OH,99,29.88505747126437,12.121212121212121,28.593023255813954
11298,12191,OO,483,30.93681917211329,4.968944099378882,20.10989010989011
11298,12206,MQ,1067,19.765166340508806,4.217432052483599,12.045988258317026
11298,12206,OH,146,14.893617021276595,3.4246575342465753,28.26950354609929
11298,12206,OO,112,29.7029702970297,9.821428571428571,18.86
11298,12217,AA,185,44.38202247191011,3.7837837837837838,37.87640449438202
11298,12217,MQ,954,18.083961248654468,2.620545073375262,11.697950377562028
11298,12217,OH,612,32.869565217391305,6.045751633986928,35.59019264448336
11298,12217,OO,55,29.629629629629626,1.8181818181818181,15.555555555555555
11298,12264,AA,725,32.10227272727273,2.896551724137931,22.427350427350426
11298,12264,F9,93,9.782608695652174,1.075268817204301,6.75
11298,12264,UA,784,18.393782383419687,1.530612244897959,15.655844155844155
11298,12266,AA,2079,39.79848866498741,4.521404521404522,31.712701612903224
11298,12266,F9,105,29.292929292929294,5.714285714285714,19.363636363636363
11298,12266,MQ,755,21.11111111111111,4.635761589403973,11.679271708683473
11298,12266,NK,2,50.0,0.0,18.5
11298,12266,OH,3,0.0,0.0,0.0
11298,12266,OO,95,23.91304347826087,3.1578947368421053,23.956521739130434
11298,12266,UA,1811,26.410835214446955,2.1535063500828273,23.139626907857547
11298,12278,AA,69,67.6923076923077,5.797101449275362,76.84615384615384
11298,12278,MQ,761,21.117166212534062,3.54796320630749,13.395634379263301
11298,12278,OH,1184,31.55515370705244,6.587837837837838,30.6627486437613
11298,12278,OO,247,19.246861924686193,3.2388663967611335,15.184873949579831
11298,12280,OO,484,28.059071729957807,2.0661157024793386,21.866525423728813
11298,12323,AA,144,33.33333333333333,4.166666666666667,27.42753623188406
11298,12323,MQ,463,18.421052631578945,1.511879049676026,14.864035087719298
11298,12339,AA,1623,31.11111111111111,2.957486136783734,22.41555130656469
11298,12339,F9,88,11.494252873563218,1.1363636363636365,12.10344827586207
11298,12339,MQ,14,7.142857142857142,0.0,4.142857142857143
11298,12339,NK,51,15.686274509803921,0.0,12.705882352941176
11298,12441,AA,688,30.029585798816566,1.744186046511628,26.369207772795217
11298,12448,MQ,587,21.98952879581152,2.385008517887564,12.408056042031523
11298,12448,OH,675,23.919753086419753,4.0,24.592879256965944
11298,12448,OO,348,31.901840490797547,6.32183908045977,20.647058823529413
11298,12451,AA,1453,35.729537366548044,3.3035099793530627,26.6802284082798
11298,12451,F9,33,27.27272727272727,0.0,19.060606060606062
11298,12478,AA,1077,26.540284360189574,2.042711234911792,19.754752851711025
11298,12478,DL,539,14.61100569259962,2.226345083487941,13.030710172744723
11298,12478,F9,167,18.787878787878785,1.1976047904191616,10.375757575757575
11298,12889,AA,3444,35.318766836276566,2.9907084785133566,25.199579831932773
11298,12889,F9,646,20.0,2.476780185758514,18.192063492063493
11298,12889,NK,650,20.96273291925466,0.9230769230769231,16.237577639751553
11298,12891,OH,445,29.655172413793103,2.247191011235955,30.788863109048723
11298,12891,OO,465,25.813953488372093,7.526881720430108,17.746511627906976
11298,12892,AA,3945,32.71221532091098,2.053231939163498,22.102278612118074
11298,12892,DL,596,12.66891891891892,0.6711409395973155,11.62331081081081
11298,12892,F9,313,23.47266881028939,0.6389776357827476,17.478964401294498
11298,12892,NK,691,17.49271137026239,0.723589001447178,13.023357664233577
11298,12896,AA,448,43.851508120649655,3.794642857142857,48.13488372093023
11298,12896,MQ,1460,18.87719298245614,2.3972602739726026,11.132394366197182
11298,12896,OO,393,20.157068062827225,2.7989821882951653,14.534210526315789
11298,12915,MQ,174,15.606936416184972,0.5747126436781609,13.878612716763005
11298,12915,OO,736,23.043478260869566,6.25,19.197932053175776
11298,12945,MQ,757,22.162162162162165,2.2457067371202113,14.163513513513514
11298,12945,OH,251,25.94142259414226,4.780876494023905,25.9163179916318
11298,12945,OO,32,3.125,0.0,2.0
11298,12951,MQ,659,19.440124416796266,2.4279210925644916,12.702492211838006
11298,12951,OH,404,34.02061855670103,3.9603960396039604,30.92248062015504
11298,12951,OO,412,23.155216284987276,4.611650485436893,18.635204081632654
11298,12953,AA,3480,31.605600238308014,3.5344827586206895,22.53762793497893
11298,12953,DL,1810,25.241066364152015,2.596685082872928,24.702919290211792
11298,12953,F9,300,36.42611683848797,3.0,24.593103448275862
11298,12953,NK,224,26.905829596412556,0.44642857142857145,17.5
11298,12992,AA,311,41.2751677852349,4.180064308681672,51.77852348993289
11298,12992,MQ,1538,21.129568106312295,2.1456436931079326,14.114437791084498
11298,12992,OH,379,33.23442136498516,11.08179419525066,33.724035608308604
11298,12992,OO,147,30.985915492957744,3.401360544217687,20.8943661971831
11298,13061,MQ,1354,21.06072252113759,3.914327917282127,12.033924441017733
11298,13061,OO,62,25.423728813559322,4.838709677419355,10.482758620689655
11298,13158,MQ,1728,24.451038575667656,2.488425925925926,14.642261904761904
11298,13158,OH,33,12.121212121212121,0.0,18.454545454545453
11298,13158,OO,726,23.836389280677007,2.3415977961432506,21.480225988700564
11298,13198,AA,1606,38.85640025990903,4.171855541718555,33.571893298633704
11298,13198,MQ,446,18.98148148148148,3.1390134529147984,10.101851851851851
11298,13198,OH,54,24.0,7.407407407407407,17.79591836734694
11298,13198,OO,57,30.909090909090907,3.508771929824561,18.854545454545455
11298,13204,AA,2956,40.459610027855156,2.841677943166441,31.627581379068953
11298,13204,F9,512,26.89243027888446,1.953125,23.94810379241517
11298,13204,MQ,62,17.741935483870968,0.0,8.564516129032258
11298,13204,NK,517,21.414538310412574,1.5473887814313345,16.765748031496063
11298,13230,AA,305,52.68456375838926,2.2950819672131146,46.5503355704698
11298,13232,F9,263,25.482625482625483,1.520912547528517,26.98062015503876
11298,13244,AA,1294,33.46677341873499,3.4775888717156107,26.69015212169736
11298,13244,MQ,758,23.803009575923394,3.5620052770448547,13.039671682626539
11298,13244,OH,42,26.190476190476193,0.0,19.69047619047619
11298,13244,OO,22,40.0,9.090909090909092,29.5
11298,13256,AA,1220,34.83050847457627,3.278688524590164,30.777400169923535
11298,13256,MQ,712,20.69464544138929,2.949438202247191,12.549275362318841
11298,13256,OO,201,25.38860103626943,3.9800995024875623,16.34715025906736
11298,13277,MQ,215,14.553990610328638,0.9302325581395349,11.179245283018869
11298,13277,OH,471,29.86425339366516,6.1571125265392785,28.488687782805428
11298,13277,OO,221,29.906542056074763,3.167420814479638,26.530516431924884
11298,13290,MQ,468,23.623853211009173,6.837606837606837,13.412442396313365
11298,13290,OO,443,24.249422632794456,2.2573363431151243,16.34027777777778
11298,13303,AA,3584,33.162246934702026,2.1484375,24.88065254722381
11298,13303,F9,143,35.46099290780142,1.3986013986013985,32.94326241134752
11298,13303,NK,279,14.130434782608695,1.075268817204301,10.757246376811594
11298,13342,AA,929,35.254988913525494,2.9063509149623252,31.00777777777778
11298,13342,OH,11,9.090909090909092,0.0,19.727272727272727
11298,13367,MQ,641,18.92744479495268,1.0920436817472698,11.006319115323855
11298,13367,OH,28,35.714285714285715,0.0,36.214285714285715
11298,13367,OO,25,16.0,0.0,19.48
11298,13377,MQ,909,21.7787913340935,3.5203520352035205,14.272
11298,13422,MQ,264,24.59016393442623,7.575757575757576,14.11111111111111
11298,13422,OH,667,26.782884310618066,5.397301349325337,23.07936507936508
11298,13476,AA,287,24.113475177304963,1.7421602787456445,17.673758865248228
11298,13485,AA,911,37.4578177727784,2.4149286498353457,34.563841807909604
11298,13485,MQ,2,0.0,0.0,0.0
11298,13486,AA,220,34.883720930232556,2.272727272727273,28.413953488372094
11298,13486,MQ,144,22.535211267605636,1.3888888888888888,12.177304964539006
11298,13487,AA,1435,28.797696184305256,3.205574912891986,20.36002886002886
11298,13487,DL,1168,20.499569336778638,0.5993150684931506,21.00776531492666
11298,13487,F9,107,21.49532710280374,0.0,29.49056603773585
11298,13495,AA,1793,37.11460151250727,4.1271611823759065,28.20081490104773
11298,13495,MQ,444,23.15035799522673,5.63063063063063,11.55421686746988
11298,13495,NK,198,29.015544041450774,2.525252525252525,27.316062176165804
11298,13495,OH,23,42.10526315789473,17.391304347826086,32.0
11298,13495,OO,29,32.142857142857146,3.4482758620689653,24.285714285714285
11298,13502,AA,335,25.454545454545453,1.492537313432836,22.033434650455927
11298,13502,MQ,185,18.681318681318682,1.6216216216216217,8.67403314917127
11298,13577,AA,211,42.4390243902439,2.843601895734597,35.645320197044335
11298,13577,MQ,139,16.911764705882355,2.158273381294964,9.176470588235293
11298,13577,OH,95,47.19101123595505,6.315789473684211,39.1123595505618
11298,13830,AA,328,30.886850152905197,0.3048780487804878,40.400611620795104
11298,13851,AA,1394,37.21275018532246,3.2281205164992826,32.58705357142857
11298,13851,MQ,1073,22.25461613216715,4.100652376514446,12.833657587548638
11298,13851,OH,66,25.396825396825395,4.545454545454546,20.483870967741936
11298,13851,OO,197,19.895287958115183,3.045685279187817,17.36842105263158
11298,13871,AA,1113,36.49906890130354,3.504043126684636,29.66759776536313
11298,13871,MQ,194,13.227513227513226,2.577319587628866,7.624338624338624
11298,13871,OH,9,37.5,11.11111111111111,12.875
11298,13871,OO,6,16.666666666666664,0.0,8.5
11298,13891,AA,1700,36.4897466827503,2.4705882352941178,25.53901996370236
11298,13891,F9,267,24.124513618677042,3.745318352059925,14.715953307392995
11298,13930,AA,3332,30.757341576506953,2.9111644657863147,26.93868070610096
11298,13930,F9,299,34.707903780068726,2.6755852842809364,24.16551724137931
11298,13930,MQ,105,36.633663366336634,3.8095238095238093,23.76
11298,13930,NK,162,28.930817610062892,1.8518518518518519,25.52201257861635
11298,13930,OO,3,0.0,0.0,2.0
11298,13930,UA,1689,24.057450628366247,1.0657193605683837,20.857572115384617
11298,13931,AA,811,33.078880407124686,3.082614056720099,23.85677749360614
11298,13931,F9,45,22.22222222222222,0.0,20.177777777777777
11298,13931,MQ,18,16.666666666666664,0.0,11.0
11298,14027,AA,899,36.84210526315789,2.7808676307007785,27.369266055045873
11298,14057,AA,1565,37.467362924281986,2.108626198083067,27.152287581699348
11298,14057,AS,445,33.63636363636363,1.1235955056179776,21.93409090909091
11298,14057,F9,8,0.0,12.5,0.0
11298,14100,AA,2568,29.21529175050302,3.2320872274143304,21.513317191283292
11298,14100,F9,185,38.547486033519554,3.2432432432432434,47.57303370786517
11298,14100,NK,1,0.0,0.0,0.0
11298,14107,AA,3781,31.483486735246345,2.3009785770960063,23.291293734743693
11298,14107,F9,393,24.352331606217618,1.7811704834605597,19.088082901554404
11298,14107,NK,130,23.25581395348837,0.7692307692307693,17.550387596899224
11298,14107,OO,1,0.0,0.0,0.0
11298,14108,MQ,335,17.272727272727273,1.492537313432836,10.7
11298,14108,OH,483,25.161290322580644,3.7267080745341614,29.532327586206897
11298,14122,AA,1268,27.425821972734564,1.6561514195583595,19.771268057784912
11298,14122,MQ,11,36.36363636363637,0.0,12.181818181818182
11298,14122,OH,5,20.0,0.0,8.0
11298,14193,AA,930,37.54189944134078,3.763440860215054,32.942889137737964
11298,14193,MQ,331,18.789808917197455,5.13595166163142,10.97452229299363
11298,14193,NK,76,19.736842105263158,0.0,17.460526315789473
11298,14193,OH,247,38.13559322033898,4.4534412955465585,32.770212765957446
11298,14262,AA,840,32.968369829683695,2.142857142857143,23.188494492044065
11298,14314,OO,824,32.6302729528536,2.1844660194174756,27.4025
11298,14321,AA,144,30.76923076923077,0.6944444444444444,20.18881118881119
11298,14457,MQ,862,21.893491124260358,1.9721577726218098,13.05581947743468
11298,14489,AA,90,29.213483146067414,1.1111111111111112,34.47191011235955
11298,14492,AA,1696,30.38976857490865,3.1839622641509435,22.091519219035998
11298,14492,F9,121,9.401709401709402,3.3057851239669422,5.931034482758621
11298,14492,MQ,10,44.44444444444444,10.0,30.0
11298,14492,NK,50,32.0,0.0,22.26
11298,14524,AA,861,32.06197854588796,2.5551684088269453,22.817964071856288
11298,14524,MQ,19,0.0,0.0,0.21052631578947367
11298,14570,AA,1048,31.341821743388838,2.5763358778625953,20.96051332675222
11298,14588,OO,827,23.106060606060606,4.2321644498186215,18.343908629441625
11298,14635,AA,1140,35.47511312217195,3.0701754385964914,27.024523160762943
11298,14635,NK,1,0.0,0.0,0.0
11298,14674,OH,9,50.0,11.11111111111111,51.375
11298,14674,OO,1512,26.244035446489434,2.9761904761904763,17.368818681318682
11298,14679,AA,2664,37.03990701278575,3.1156156156156154,25.14052160373686
11298,14679,F9,228,37.27272727272727,3.508771929824561,33.97727272727273
11298,14683,AA,2880,35.415162454873645,3.8194444444444446,31.821467293097218
11298,14683,MQ,613,25.383304940374785,4.241435562805873,16.051107325383306
11298,14683,OO,310,32.21476510067114,3.870967741935484,21.20805369127517
11298,14685,AA,679,41.52671755725191,3.5346097201767304,40.11908396946565
11298,14685,MQ,244,18.930041152263374,0.4098360655737705,9.140495867768594
11298,14689,AA,287,23.131672597864767,2.0905923344947737,17.50357142857143
11298,14696,OH,9,62.5,11.11111111111111,76.0
11298,14696,OO,902,23.814898419864562,1.7738359201773837,17.7836919592299
11298,14698,AA,264,24.427480916030532,0.7575757575757576,17.284615384615385
11298,14730,AA,948,34.49781659388647,3.3755274261603376,29.573304157549234
11298,14730,MQ,483,18.53448275862069,3.9337474120082816,11.041036717062635
11298,14730,NK,28,25.0,0.0,19.142857142857142
11298,14730,OH,260,27.27272727272727,6.923076923076923,31.165289256198346
11298,14730,OO,54,15.09433962264151,1.8518518518518519,7.39622641509434
11298,14747,AA,2300,30.97463284379172,2.3043478260869565,21.51804008908686
11298,14747,AS,1484,34.151329243353786,1.1455525606469004,20.98839590443686
11298,14747,DL,568,16.873889875666073,0.8802816901408451,14.542857142857143
11298,14747,F9,73,24.65753424657534,0.0,16.506849315068493
11298,14771,AA,2570,35.739928201037095,2.4513618677042803,26.78873801916933
11298,14771,F9,173,35.11904761904761,2.8901734104046244,21.172619047619047
11298,14771,UA,648,22.55054432348367,0.7716049382716049,22.270606531881803
11298,14783,MQ,2514,22.986167615947924,2.2275258552108195,13.28717320261438
11298,14783,OO,37,13.513513513513514,0.0,5.5675675675675675
11298,14794,OO,453,26.948775055679285,0.8830022075055187,19.25
11298,14814,MQ,496,19.624217118997915,3.4274193548387095,10.95615866388309
11298,14814,OH,543,30.155642023346303,5.3406998158379375,31.873294346978557
11298,14814,OO,793,28.534031413612563,3.656998738965952,23.280471821756226
11298,14831,AA,943,28.726877040261158,2.545068928950159,20.90087145969499
11298,14831,NK,166,18.181818181818183,0.6024096385542169,9.757575757575758
11298,14842,OO,911,23.71721778791334,3.7321624588364433,20.339816933638446
11298,14843,AA,473,33.33333333333333,0.42283298097251587,21.86965811965812
11298,14843,F9,6,16.666666666666664,0.0,4.833333333333333
11298,14843,NK,298,26.51006711409396,0.0,18.336700336700336
11298,14869,AA,1887,38.06663025669033,2.96767355590885,28.29009304871374
11298,14869,DL,1209,21.833333333333332,0.7444168734491315,20.454545454545453
11298,14869,F9,124,22.131147540983605,1.6129032258064515,17.39344262295082
11298,14893,AA,1464,34.12587412587413,2.3224043715846996,26.52591036414566
11298,14908,AA,2492,23.799668874172188,3.0497592295345104,14.38477537437604
11298,14960,MQ,12,16.666666666666664,0.0,35.0
11298,14960,OO,596,24.295774647887324,4.697986577181208,24.630742049469966
11298,14986,AA,313,34.31372549019608,2.236421725239617,24.3125
11298,14986,MQ,36,25.71428571428571,2.7777777777777777,14.529411764705882
11298,15016,AA,1395,32.8125,3.6559139784946235,26.772321428571427
11298,15016,F9,34,9.090909090909092,2.9411764705882355,6.2727272727272725
11298,15016,MQ,439,15.887850467289718,2.5056947608200457,8.56440281030445
11298,15016,OO,105,43.269230769230774,0.9523809523809523,39.0
11298,15023,AA,121,27.500000000000004,0.8264462809917356,22.65
11298,15023,MQ,53,7.547169811320755,0.0,5.339622641509434
11298,15024,AA,93,30.107526881720432,0.0,20.43010752688172
11298,15074,OO,608,18.448275862068968,4.605263157894737,17.239655172413794
11298,15096,AA,266,52.32558139534884,3.007518796992481,51.310077519379846
11298,15249,MQ,310,25.0,3.225806451612903,16.593333333333334
11298,15249,OH,570,28.366247755834827,2.280701754385965,28.840215439856372
11298,15249,OO,30,10.344827586206897,3.3333333333333335,4.827586206896552
11298,15304,AA,2027,33.77483443708609,3.1573754316724223,25.607252298263536
11298,15304,F9,168,25.609756097560975,2.380952380952381,12.603658536585366
11298,15304,MQ,60,37.28813559322034,1.6666666666666667,27.576271186440678
11298,15304,NK,130,26.5625,1.5384615384615385,17.046875
11298,15323,MQ,476,21.961620469083158,1.4705882352941178,11.773504273504274
11298,15323,OH,6,0.0,16.666666666666668,0.0
11298,15370,AA,1457,34.61538461538461,3.63761153054221,26.58672376873662
11298,15370,MQ,556,17.77777777777778,2.8776978417266186,9.714814814814815
11298,15370,OH,364,22.941176470588236,6.593406593406593,19.18235294117647
11298,15370,OO,205,13.432835820895523,1.951219512195122,10.241206030150753
11298,15376,AA,1809,31.51862464183381,3.5378662244333885,24.410550458715598
11298,15376,F9,7,0.0,0.0,0.5714285714285714
11298,15376,MQ,8,25.0,0.0,11.75
11298,15380,AA,127,36.0,1.5748031496062993,34.0
11298,15380,MQ,25,24.0,0.0,10.12
11298,15401,MQ,298,23.448275862068964,2.684563758389262,13.5
11298,15401,OO,310,25.08474576271186,4.838709677419355,21.18430034129693
11298,15411,MQ,446,25.512528473804103,1.5695067264573992,18.826879271070617
11298,15411,OO,465,22.67573696145125,5.161290322580645,15.906818181818181
11298,15412,AA,1044,33.69781312127236,3.6398467432950192,28.56374501992032
11298,15412,MQ,35,20.588235294117645,2.857142857142857,7.794117647058823
11298,15412,OH,289,28.368794326241137,2.422145328719723,26.98936170212766
11298,15412,OO,7,28.57142857142857,0.0,56.57142857142857
11298,15624,AA,778,34.08488063660477,3.0848329048843186,28.022636484687084
11298,15624,MQ,316,22.92358803986711,4.746835443037975,12.498338870431894
11298,15624,OH,87,25.64102564102564,10.344827586206897,24.194805194805195
11298,15919,AA,490,37.73987206823028,4.285714285714286,44.86695278969957
11298,15919,MQ,2096,22.18396458435809,3.0057251908396947,14.359644795263938
11298,15919,OH,254,19.183673469387756,3.543307086614173,15.13469387755102
11298,15919,OO,84,23.456790123456788,3.5714285714285716,10.17283950617284
11298,16218,OO,304,26.621160409556317,3.6184210526315788,22.058419243986254
11308,10397,OO,52,44.230769230769226,0.0,104.46153846153847
11315,11292,OO,569,30.46594982078853,1.9332161687170475,28.194594594594594
11336,10299,AS,114,21.238938053097346,0.8771929824561403,8.442477876106194
11337,13487,DL,6,16.666666666666664,0.0,6.0
11337,13487,OO,896,12.960893854748603,0.11160714285714286,12.432402234636871
11337,13930,OO,930,26.39040348964013,1.3978494623655915,26.240174672489083
11337,13930,YX,17,0.0,5.882352941176471,0.9375
11413,11292,OO,1212,28.27356130108424,1.0726072607260726,29.479899497487438
11413,11292,UA,608,22.185430463576157,0.6578947368421053,14.525790349417637
11413,11298,AA,129,32.28346456692913,1.550387596899225,46.07936507936508
11413,11298,OO,838,24.504950495049506,3.579952267303103,25.594763092269325
11413,14107,MQ,1,0.0,0.0,0.0
11413,14107,OO,706,15.01416430594901,0.0,14.618439716312057
11423,10397,DL,1050,13.256484149855908,0.8571428571428571,16.04234841193455
11423,10423,G4,87,26.436781609195403,0.0,19.57471264367816
11423,10466,G4,151,17.449664429530202,1.3245033112582782,17.731543624161073
11423,10693,G4,160,20.0,0.0,19.95
11423,10721,G4,47,6.382978723404255,0.0,2.3404255319148937
11423,11057,AA,582,17.482517482517483,1.7182130584192439,21.924693520140107
11423,11057,OH,71,8.450704225352112,0.0,15.619718309859154
11423,11278,AA,1,0.0,0.0,0.0
11423,11278,MQ,13,27.27272727272727,15.384615384615385,16.0
11423,11278,OH,445,21.497584541062803,6.966292134831461,19.69829683698297
11423,11278,YX,135,34.67741935483871,8.148148148148149,23.611570247933884
11423,11292,F9,112,27.027027027027028,0.8928571428571429,29.53153153153153
11423,11292,OO,714,8.720112517580873,0.42016806722689076,8.147887323943662
11423,11292,UA,660,30.474732006125578,1.0606060606060606,25.253846153846155
11423,11292,WN,423,15.165876777251185,0.2364066193853428,10.591448931116389
11423,11298,AA,718,31.049562682215743,4.456824512534819,31.606194690265486
11423,11298,MQ,309,19.141914191419144,1.941747572815534,14.293333333333333
11423,11298,OH,63,28.8135593220339,6.349206349206349,16.74137931034483
11423,11618,G4,50,12.244897959183673,2.0,9.73469387755102
11423,11697,G4,79,23.376623376623375,2.5316455696202533,19.0
11423,12191,G4,46,21.73913043478261,0.0,13.152173913043478
11423,12266,OO,1,100.0,0.0,118.0
11423,12266,UA,272,8.955223880597014,1.4705882352941178,7.817164179104478
11423,12451,G4,47,2.127659574468085,0.0,4.239130434782608
11423,12889,G4,195,21.243523316062177,1.0256410256410255,18.65625
11423,12889,WN,304,13.57615894039735,0.6578947368421053,8.225165562913908
11423,12892,OO,27,18.51851851851852,0.0,14.37037037037037
11423,12953,YX,271,18.560606060606062,2.5830258302583027,13.634980988593156
11423,13204,F9,32,21.875,0.0,27.875
11423,13303,MQ,94,16.129032258064516,1.0638297872340425,9.0
11423,13303,YX,13,30.76923076923077,0.0,23.23076923076923
11423,13487,DL,1,0.0,0.0,0.0
11423,13487,OO,36,16.666666666666664,0.0,19.333333333333332
11423,13930,AA,178,17.441860465116278,3.3707865168539324,20.707602339181285
11423,13930,MQ,223,20.0,1.345291479820628,12.5662100456621
11423,13930,OO,717,34.097421203438394,2.6499302649930265,33.52797704447633
11423,13930,UA,790,22.25063938618926,1.0126582278481013,16.02685421994885
11423,13930,YX,509,17.330677290836654,1.37524557956778,11.611553784860558
11423,14057,G4,56,19.642857142857142,0.0,12.464285714285714
11423,14082,G4,182,16.574585635359114,0.5494505494505495,13.88950276243094
11423,14100,OH,261,18.181818181818183,3.0651340996168583,23.64822134387352
11423,14100,YX,33,21.875,3.0303030303030303,9.28125
11423,14107,AA,238,16.52542372881356,0.8403361344537815,13.582978723404254
11423,14107,MQ,199,8.673469387755102,1.5075376884422111,11.540816326530612
11423,14107,OO,304,14.23841059602649,0.6578947368421053,8.870431893687707
11423,14107,WN,185,19.672131147540984,1.0810810810810811,13.065573770491802
11423,14112,G4,205,25.12315270935961,0.975609756097561,23.572139303482587
11423,14679,G4,26,30.76923076923077,0.0,31.26923076923077
11423,14761,G4,168,18.072289156626507,1.1904761904761905,15.41566265060241
11423,14908,G4,89,15.730337078651685,0.0,16.227272727272727
11423,14986,G4,75,21.333333333333336,0.0,16.066666666666666
11423,15016,WN,562,11.827956989247312,0.7117437722419929,7.987455197132617
11423,15624,G4,26,15.384615384615385,0.0,4.730769230769231
11423,16422,G4,9,0.0,0.0,0.0
11433,10140,DL,4,0.0,0.0,1.25
11433,10208,DL,9,33.33333333333333,0.0,15.0
11433,10257,DL,185,28.10810810810811,0.0,17.657608695652176
11433,10257,OO,737,16.847826086956523,0.13568521031207598,11.874829931972789
11433,10299,AS,13,69.23076923076923,0.0,39.53846153846154
11433,10299,DL,108,25.925925925925924,0.0,16.833333333333332
11433,10333,OO,523,13.017751479289942,3.0592734225621414,12.257936507936508
11433,10397,DL,3038,17.514871116986118,0.39499670836076367,12.701423369745118
11433,10397,F9,339,36.391437308868504,3.5398230088495577,28.269113149847094
11433,10397,NK,814,23.258706467661693,1.2285012285012284,17.037546933667084
11433,10408,DL,25,12.0,0.0,3.12
11433,10408,OO,850,18.06375442739079,0.35294117647058826,16.623668639053253
11433,10423,DL,1063,24.150943396226417,0.28222013170272814,14.424528301886792
11433,10423,NK,63,19.35483870967742,1.5873015873015872,15.983333333333333
11433,10469,OO,856,19.10377358490566,0.9345794392523364,19.29585798816568
11433,10529,DL,977,15.583075335397318,0.8188331627430911,10.816580310880829
11433,10529,NK,82,19.51219512195122,0.0,19.530864197530864
11433,10529,OO,39,20.51282051282051,0.0,8.179487179487179
11433,10577,OO,178,15.168539325842698,0.0,8.429378531073446
11433,10581,DL,1,0.0,0.0,0.0
11433,10599,NK,24,20.833333333333336,0.0,9.291666666666666
11433,10599,OO,228,30.08849557522124,0.8771929824561403,24.47787610619469
11433,10693,DL,1161,16.81109185441941,0.602928509905254,11.655923344947736
11433,10693,NK,261,16.153846153846153,0.3831417624521073,10.173076923076923
11433,10693,OO,19,31.57894736842105,0.0,19.157894736842106
11433,10693,WN,636,16.74565560821485,0.4716981132075472,8.931854199683043
11433,10693,YX,1,0.0,0.0,5.0
11433,10721,B6,682,24.2152466367713,1.906158357771261,23.146706586826348
11433,10721,DL,1430,25.352112676056336,0.6993006993006993,17.926056338028168
11433,10721,NK,265,19.46564885496183,1.1320754716981132,13.522900763358779
11433,10721,YX,11,9.090909090909092,0.0,89.54545454545455
11433,10785,DL,1,0.0,0.0,0.0
11433,10785,OO,308,19.155844155844157,0.0,13.267100977198696
11433,10792,DL,384,20.833333333333336,0.0,19.279373368146214
11433,10792,OO,378,23.015873015873016,0.0,14.531746031746032
11433,10821,DL,1003,15.9,0.29910269192422734,12.094094094094094
11433,10821,F9,135,23.308270676691727,1.4814814814814814,21.7593984962406
11433,10821,NK,142,15.492957746478872,0.0,15.633802816901408
11433,10821,OO,2,0.0,0.0,0.0
11433,10821,WN,669,18.67469879518072,0.7473841554559043,11.524096385542169
11433,10821,YX,14,0.0,7.142857142857143,1.5384615384615385
11433,10849,DL,19,15.789473684210526,0.0,21.38888888888889
11433,10980,OO,33,24.242424242424242,0.0,12.4375
11433,10994,DL,202,10.396039603960396,0.0,8.143564356435643
11433,10994,NK,56,7.142857142857142,0.0,5.821428571428571
11433,10994,OO,399,29.11392405063291,1.0025062656641603,21.526582278481012
11433,10994,YX,2,100.0,0.0,63.0
11433,11013,OO,303,18.93687707641196,0.6600660066006601,16.94648829431438
11433,11042,OO,579,22.876949740034664,0.3454231433506045,17.80034722222222
11433,11042,YX,22,4.545454545454546,0.0,1.0454545454545454
11433,11057,AA,1734,14.577259475218659,1.0957324106113033,14.12543757292882
11433,11057,DL,1305,15.165511932255582,0.45977011494252873,11.589368258859784
11433,11057,NK,100,13.0,0.0,12.14
11433,11057,YX,1,0.0,0.0,8.0
11433,11066,DL,2,50.0,0.0,19.0
11433,11066,OO,329,16.717325227963524,0.0,16.1890243902439
11433,11066,YX,856,11.461988304093568,0.11682242990654206,8.87704918032787
11433,11193,DL,5,100.0,0.0,66.6
11433,11193,OO,5,20.0,0.0,8.0
11433,11193,YX,21,28.57142857142857,0.0,8.19047619047619
11433,11252,DL,2,0.0,0.0,0.0
11433,11278,DL,1428,27.23404255319149,1.2605042016806722,19.01931330472103
11433,11278,MQ,2,0.0,0.0,0.0
11433,11278,OH,807,27.140974967061926,5.947955390334572,33.77410832232497
11433,11278,YX,92,17.391304347826086,0.0,12.695652173913043
11433,11292,DL,1033,24.636275460717748,0.1936108422071636,15.157534246575343
11433,11292,F9,308,16.286644951140065,0.3246753246753247,13.543973941368078
11433,11292,OO,1,0.0,0.0,0.0
11433,11292,UA,606,17.744610281923716,0.49504950495049505,17.18655462184874
11433,11292,WN,556,24.504504504504503,0.17985611510791366,15.041516245487365
11433,11298,AA,1500,24.7599451303155,2.8,25.68413793103448
11433,11298,DL,1169,24.655172413793103,0.7698887938408896,15.653007846556234
11433,11298,F9,154,34.437086092715234,1.948051948051948,34.688741721854306
11433,11298,MQ,24,8.333333333333332,0.0,7.083333333333333
11433,11298,NK,444,22.095671981776764,1.1261261261261262,16.490867579908677
11433,11537,OO,703,19.230769230769234,0.1422475106685633,16.216833095577748
11433,11587,OO,304,13.175675675675674,2.6315789473684212,21.95578231292517
11433,11618,DL,1282,30.878859857482183,1.4820592823712948,29.362410785091196
11433,11618,NK,363,31.502890173410403,4.683195592286501,32.028901734104046
11433,11618,OO,4,50.0,0.0,16.5
11433,11618,UA,221,13.24200913242009,0.9049773755656109,14.251141552511415
11433,11618,YX,823,26.288659793814436,5.710814094775213,21.271907216494846
11433,11697,DL,1366,21.969140337986776,0.36603221083455345,15.300813008130081
11433,11697,NK,834,19.494584837545126,0.3597122302158273,14.67913148371532
11433,11823,OO,442,27.149321266968325,0.0,20.79638009049774
11433,11977,DL,51,23.52941176470588,0.0,13.333333333333334
11433,11977,OO,470,23.076923076923077,0.425531914893617,20.34475374732334
11433,11986,DL,140,21.58273381294964,0.7142857142857143,9.690647482014388
11433,11986,OO,931,20.667384284176535,0.21482277121374865,16.91280947255113
11433,11986,YX,9,11.11111111111111,0.0,5.444444444444445
11433,11995,OO,153,20.915032679738562,0.0,20.248366013071895
11433,11996,DL,197,23.3502538071066,0.0,21.725888324873097
11433,11996,OO,188,21.390374331550802,0.5319148936170213,16.387096774193548
11433,12173,DL,254,11.023622047244094,0.0,11.195219123505977
11433,12197,OO,337,26.268656716417908,0.5934718100890207,19.9009009009009
11433,12217,DL,1,0.0,0.0,0.0
11433,12217,OO,96,27.083333333333332,0.0,21.072916666666668
11433,12264,DL,33,24.242424242424242,0.0,11.242424242424242
11433,12264,OO,811,25.55831265508685,0.6165228113440198,25.399253731343283
11433,12264,UA,7,14.285714285714285,0.0,12.142857142857142
11433,12264,YX,119,10.16949152542373,0.8403361344537815,10.40677966101695
11433,12266,DL,1080,20.988805970149254,0.7407407407407407,13.412698412698413
11433,12266,NK,481,18.37160751565762,0.4158004158004158,13.755230125523013
11433,12266,UA,294,13.986013986013987,2.7210884353741496,9.538461538461538
11433,12335,OO,304,17.549668874172188,0.6578947368421053,20.303030303030305
11433,12339,DL,3,33.33333333333333,0.0,25.333333333333332
11433,12339,OO,249,12.903225806451612,0.40160642570281124,9.633064516129032
11433,12339,YX,170,5.294117647058823,0.0,2.664705882352941
11433,12451,DL,476,16.73728813559322,0.8403361344537815,9.470338983050848
11433,12478,B6,235,11.538461538461538,0.425531914893617,14.572649572649572
11433,12478,DL,602,21.41652613827993,1.495016611295681,19.72927241962775
11433,12884,OO,822,19.024390243902438,0.24330900243309003,16.0989010989011
11433,12889,DL,1618,20.928792569659443,0.18541409147095178,13.069478908188586
11433,12889,F9,22,13.636363636363635,0.0,6.7727272727272725
11433,12889,NK,718,14.644351464435147,0.1392757660167131,8.55586592178771
11433,12889,WN,270,18.88888888888889,0.0,9.20817843866171
11433,12892,DL,1672,19.43611277744451,0.29904306220095694,13.944043321299638
11433,12892,NK,620,13.268608414239482,0.3225806451612903,8.474110032362459
11433,12945,OO,423,21.002386634844868,0.9456264775413712,18.86157517899761
11433,12945,YX,276,13.818181818181818,0.36231884057971014,8.68
11433,12953,DL,1637,23.347745521927116,1.0995723885155773,18.07816377171216
11433,12953,NK,749,23.25581395348837,2.403204272363151,16.356164383561644
11433,12953,YX,833,20.5,3.9615846338535414,17.829573934837093
11433,13029,OO,1,0.0,0.0,7.0
11433,13184,OO,1054,18.54684512428298,0.7590132827324478,15.374760994263863
11433,13198,AA,1,0.0,0.0,0.0
11433,13198,DL,1114,15.913200723327305,0.718132854578097,11.99909420289855
11433,13198,NK,28,21.428571428571427,0.0,17.142857142857142
11433,13198,OO,5,20.0,0.0,4.4
11433,13198,YX,1,0.0,0.0,0.0
11433,13204,DL,1705,24.46933962264151,0.5278592375366569,17.57566765578635
11433,13204,F9,340,26.56716417910448,1.4705882352941178,26.686567164179106
11433,13204,NK,1085,15.526802218114602,0.2764976958525346,11.896840148698885
11433,13204,WN,69,21.73913043478261,0.0,17.18840579710145
11433,13230,OO,261,17.692307692307693,0.3831417624521073,14.72972972972973
11433,13232,OO,746,24.3606998654105,0.40214477211796246,16.123822341857334
11433,13232,WN,886,17.386363636363637,0.6772009029345373,11.93158494868871
11433,13244,DL,397,18.112244897959183,1.2594458438287153,12.599489795918368
11433,13244,NK,63,18.0327868852459,3.1746031746031744,10.78688524590164
11433,13244,OO,332,19.879518072289155,0.0,13.757575757575758
11433,13244,YX,35,17.142857142857142,0.0,7.942857142857143
11433,13303,AA,304,13.90728476821192,0.6578947368421053,11.612582781456954
11433,13303,DL,823,21.776155717761558,0.12150668286755771,13.785103785103786
11433,13303,MQ,56,35.714285714285715,0.0,23.571428571428573
11433,13303,NK,285,22.968197879858657,0.7017543859649122,17.78723404255319
11433,13342,DL,343,14.327485380116958,0.2915451895043732,9.128654970760234
11433,13342,NK,23,4.545454545454546,4.3478260869565215,2.1363636363636362
11433,13342,OO,723,21.43845089903181,0.0,16.73509015256588
11433,13342,YX,57,17.543859649122805,0.0,8.228070175438596
11433,13459,OO,304,17.725752508361204,1.644736842105263,23.124161073825505
11433,13485,DL,305,17.04918032786885,0.0,13.498360655737704
11433,13485,OO,702,22.79202279202279,0.0,17.64336661911555
11433,13485,YX,3,66.66666666666666,0.0,40.666666666666664
11433,13487,DL,1568,20.485003190810467,0.06377551020408163,14.890095846645368
11433,13487,NK,201,21.5,0.4975124378109453,14.665
11433,13495,DL,525,20.502901353965182,1.5238095238095237,9.895145631067962
11433,13495,NK,244,18.106995884773664,0.4098360655737705,12.238683127572017
11433,13577,DL,336,13.813813813813812,0.8928571428571429,8.566666666666666
11433,13577,NK,183,11.475409836065573,0.0,6.453551912568306
11433,13851,AA,1,100.0,0.0,87.0
11433,13851,DL,4,0.0,0.0,3.25
11433,13851,WN,1,0.0,0.0,10.0
11433,13871,DL,5,40.0,0.0,18.0
11433,13871,OO,986,21.406727828746178,0.5070993914807302,16.01124744376278
11433,13930,AA,66,19.047619047619047,4.545454545454546,13.428571428571429
11433,13930,DL,1469,25.804243668720055,0.5445881552076243,19.60863605209047
11433,13930,MQ,604,29.059829059829063,3.1456953642384105,19.817094017094018
11433,13930,OO,1537,17.678100263852244,1.3662979830839297,15.359973579920739
11433,13930,UA,590,32.534246575342465,1.0169491525423728,23.180102915951974
11433,13930,YX,665,15.220700152207002,1.2030075187969924,14.339421613394217
11433,13931,DL,267,22.641509433962266,0.7490636704119851,13.553030303030303
11433,13931,NK,62,19.672131147540984,1.6129032258064515,13.0
11433,13931,OO,277,20.51282051282051,1.444043321299639,18.6996336996337
11433,13931,YX,4,25.0,0.0,5.0
11433,14027,DL,394,18.877551020408163,0.5076142131979695,13.58673469387755
11433,14057,DL,299,23.48993288590604,0.33444816053511706,11.925925925925926
11433,14100,AA,317,28.205128205128204,1.5772870662460567,30.7459807073955
11433,14100,DL,1241,18.689320388349515,0.40290088638195004,14.648867313915858
11433,14100,F9,24,12.5,0.0,7.375
11433,14100,NK,230,18.859649122807017,0.8695652173913043,15.473684210526315
11433,14100,OH,400,19.893899204244033,5.75,18.25994694960212
11433,14100,OO,88,31.818181818181817,0.0,21.329545454545453
11433,14100,YX,114,29.629629629629626,5.2631578947368425,26.47222222222222
11433,14107,AA,519,15.860735009671178,0.3853564547206166,18.52621359223301
11433,14107,DL,1088,22.672811059907836,0.2757352941176471,17.377777777777776
11433,14107,F9,263,22.60536398467433,0.7604562737642585,20.21072796934866
11433,14107,NK,106,11.320754716981133,0.0,6.394230769230769
11433,14107,WN,17,18.75,5.882352941176471,10.4375
11433,14122,DL,109,15.59633027522936,0.0,11.81651376146789
11433,14122,OO,557,23.877917414721722,0.0,18.836624775583484
11433,14122,YX,290,11.072664359861593,0.3448275862068966,7.775086505190312
11433,14150,OO,566,15.963302752293579,3.7102473498233217,13.661111111111111
11433,14193,DL,64,12.5,0.0,12.375
11433,14193,NK,59,22.033898305084744,0.0,8.689655172413794
11433,14307,DL,69,16.176470588235293,1.4492753623188406,10.838235294117647
11433,14307,OO,455,20.17738359201774,0.8791208791208791,15.82
11433,14321,DL,337,12.797619047619047,0.29673590504451036,10.979166666666666
11433,14321,OO,43,27.906976744186046,0.0,17.837209302325583
11433,14321,YX,35,11.428571428571429,0.0,11.2
11433,14492,DL,1143,14.135206321334504,0.34995625546806647,9.611599297012303
11433,14492,F9,104,15.384615384615385,0.0,10.85576923076923
11433,14492,NK,82,15.853658536585366,0.0,13.329268292682928
11433,14524,DL,236,14.592274678111588,1.271186440677966,12.416309012875537
11433,14524,NK,28,10.714285714285714,0.0,7.642857142857143
11433,14524,OO,376,21.715817694369974,0.7978723404255319,20.552560646900268
11433,14576,DL,1,100.0,0.0,121.0
11433,14576,OO,325,19.076923076923077,0.0,18.262345679012345
11433,14576,YX,1,100.0,0.0,17.0
11433,14635,DL,997,17.408906882591094,0.9027081243731193,11.190621814475026
11433,14635,F9,46,34.090909090909086,4.3478260869565215,22.363636363636363
11433,14635,NK,440,21.149425287356323,1.1363636363636365,16.68735632183908
11433,14679,DL,1006,22.17782217782218,0.4970178926441352,12.296184738955823
11433,14679,NK,66,10.76923076923077,1.5151515151515151,9.09375
11433,14683,DL,763,18.44532279314888,0.5242463958060288,11.12796833773087
11433,14683,NK,33,12.121212121212121,0.0,16.59375
11433,14685,DL,205,9.803921568627452,0.4878048780487805,4.720588235294118
11433,14685,OO,166,36.96969696969697,0.6024096385542169,21.213414634146343
11433,14696,OO,449,32.21476510067114,0.44543429844098,21.62192393736018
11433,14696,YX,1,0.0,0.0,0.0
11433,14730,DL,2,0.0,0.0,0.0
11433,14730,NK,24,16.666666666666664,0.0,6.166666666666667
11433,14730,OO,496,20.73170731707317,0.8064516129032258,11.747967479674797
11433,14730,YX,497,14.949494949494948,0.4024144869215292,11.242424242424242
11433,14747,AS,443,18.552036199095024,0.22573363431151242,9.61451247165533
11433,14747,DL,1267,14.932486100079428,0.6314127861089187,8.640190627482129
11433,14771,DL,1146,20.928196147110334,0.34904013961605584,13.760736196319018
11433,14771,UA,382,18.351063829787233,1.5706806282722514,17.14745308310992
11433,14831,DL,63,17.46031746031746,0.0,29.77777777777778
11433,14843,DL,269,21.561338289962826,0.0,11.58955223880597
11433,14843,NK,72,19.444444444444446,0.0,11.069444444444445
11433,14869,DL,1272,14.948859166011013,0.07861635220125786,9.060629921259842
11433,14869,NK,36,2.7777777777777777,0.0,1.5277777777777777
11433,14893,DL,197,18.274111675126903,0.0,12.47715736040609
11433,14908,DL,242,25.72614107883817,0.4132231404958678,16.602510460251047
11433,14908,NK,22,13.636363636363635,0.0,4.636363636363637
11433,14986,DL,107,30.8411214953271,0.0,21.867924528301888
11433,15016,DL,1008,17.81094527363184,0.2976190476190476,11.946161515453639
11433,15016,NK,48,14.893617021276595,2.0833333333333335,16.02127659574468
11433,15016,OO,32,19.35483870967742,3.125,9.64516129032258
11433,15016,WN,417,16.867469879518072,0.47961630695443647,9.929951690821255
11433,15016,YX,2,100.0,0.0,25.5
11433,15096,DL,303,24.503311258278146,0.33003300330033003,20.827814569536425
11433,15096,OO,186,22.043010752688172,0.0,16.156756756756756
11433,15096,YX,28,17.857142857142858,0.0,8.142857142857142
11433,15304,DL,1311,20.951650038372986,0.6102212051868803,14.82846153846154
11433,15304,F9,85,30.58823529411765,0.0,22.294117647058822
11433,15304,NK,570,15.547703180212014,0.7017543859649122,9.419469026548672
11433,15304,WN,5,20.0,0.0,32.6
11433,15380,DL,319,23.89937106918239,0.31347962382445144,16.81761006289308
11433,15380,OO,591,20.16949152542373,0.1692047377326565,15.918367346938776
11433,15624,DL,19,0.0,5.2631578947368425,0.5555555555555556
11433,15919,DL,2,0.0,0.0,0.0
11433,15919,OO,1,0.0,0.0,13.0
11447,11292,OO,396,32.82051282051282,1.5151515151515151,31.65721649484536
11447,12519,OO,151,17.880794701986755,0.0,12.087837837837839
11468,11292,OO,521,18.023255813953487,0.9596928982725528,25.428571428571427
11471,13930,OO,522,19.298245614035086,1.7241379310344827,26.173828125
11481,10397,DL,1959,17.10594315245478,1.225114854517611,12.587687532333161
11481,10423,OO,237,37.130801687763714,0.0,30.70886075949367
11481,10423,WN,204,27.941176470588236,0.0,17.08374384236453
11481,10693,WN,918,13.581599123767798,0.5446623093681917,8.562979189485214
11481,10821,WN,43,32.55813953488372,0.0,19.53488372093023
11481,11057,AA,158,21.656050955414013,0.6329113924050633,24.46496815286624
11481,11057,MQ,76,5.263157894736842,0.0,3.236842105263158
11481,11057,OH,756,18.6046511627907,3.306878306878307,16.685362517099865
11481,11259,WN,577,17.398945518453427,1.3864818024263432,12.139823008849557
11481,11278,MQ,18,60.0,16.666666666666668,57.2
11481,11278,OH,103,17.20430107526882,9.70873786407767,31.129032258064516
11481,11278,YX,131,21.53846153846154,0.7633587786259542,32.353846153846156
11481,11292,OO,13,23.076923076923077,0.0,26.846153846153847
11481,11292,UA,24,37.5,0.0,15.291666666666666
11481,11292,WN,160,15.625,0.0,10.625
11481,11298,AA,339,40.0611620795107,3.5398230088495577,58.38650306748466
11481,11298,MQ,549,22.138836772983115,2.914389799635701,17.90754716981132
11481,11298,OH,197,24.725274725274726,7.614213197969543,26.105555555555554
11481,12191,WN,328,13.455657492354739,0.3048780487804878,8.27217125382263
11481,12266,OO,60,33.89830508474576,1.6666666666666667,42.779661016949156
11481,12339,WN,53,35.84905660377358,0.0,36.924528301886795
11481,13198,WN,97,25.773195876288657,0.0,21.978947368421053
11481,13232,WN,175,22.857142857142858,0.0,12.017241379310345
11481,13930,MQ,8,25.0,0.0,27.5
11481,13930,OO,44,32.55813953488372,2.272727272727273,31.595238095238095
11481,13930,UA,112,30.357142857142854,0.0,29.225225225225227
11481,13930,YX,96,15.625,0.0,10.76842105263158
11481,14100,OH,90,38.095238095238095,6.666666666666667,41.433734939759034
11481,15016,WN,306,18.688524590163937,0.32679738562091504,9.727868852459016
11503,10397,DL,159,23.225806451612904,2.5157232704402515,27.716129032258063
11503,11292,F9,32,45.16129032258064,3.125,22.29032258064516
11503,11292,OO,684,29.777777777777775,1.3157894736842106,22.382440476190474
11503,11292,UA,423,30.260047281323878,0.0,16.40521327014218
11503,11298,AA,783,34.50520833333333,1.9157088122605364,32.70904325032765
11503,11298,F9,34,15.151515151515152,2.9411764705882355,9.121212121212121
11503,11618,UA,88,32.18390804597701,1.1363636363636365,25.482758620689655
11503,12266,UA,123,24.793388429752067,1.6260162601626016,13.03305785123967
11503,12478,AA,92,26.08695652173913,0.0,21.455555555555556
11503,12892,OO,174,29.47976878612717,0.5747126436781609,27.08187134502924
11503,13303,AA,186,32.795698924731184,0.0,33.95652173913044
11503,13930,AA,71,34.285714285714285,1.408450704225352,47.114285714285714
11503,13930,UA,180,29.05027932960894,0.5555555555555556,22.44632768361582
11503,14107,OO,96,32.97872340425532,2.0833333333333335,25.532608695652176
11503,14679,OO,33,15.151515151515152,0.0,5.515151515151516
11503,14747,OO,33,33.33333333333333,0.0,25.727272727272727
11503,14771,F9,10,30.0,0.0,17.8
11503,14771,OO,92,19.78021978021978,1.0869565217391304,14.824175824175825
11525,14869,OO,405,3.45679012345679,0.0,4.767901234567901
11537,11433,OO,703,14.67236467236467,0.1422475106685633,13.666666666666666
11537,14082,G4,47,19.148936170212767,0.0,11.127659574468085
11537,14112,G4,106,20.754716981132077,0.0,11.457142857142857
11537,14761,G4,152,29.605263157894733,0.0,20.357615894039736
11537,14986,G4,26,7.6923076923076925,0.0,8.653846153846153
11540,10397,DL,593,10.374149659863946,0.8431703204047217,9.69982847341338
11540,10423,WN,831,13.405797101449277,0.36101083032490977,9.478260869565217
11540,11259,WN,1465,14.305555555555555,1.7064846416382253,10.213836477987421
11540,11292,F9,254,24.6031746031746,0.7874015748031497,25.05952380952381
11540,11292,OO,81,38.75,1.2345679012345678,35.075
11540,11292,UA,530,21.062618595825427,0.5660377358490566,17.277566539923953
11540,11292,WN,640,23.742138364779876,0.625,18.61949685534591
11540,11298,AA,1724,22.91040288634997,3.5382830626450117,23.03621001810501
11540,11298,F9,11,30.0,9.090909090909092,11.0
11540,11298,MQ,517,21.936758893280633,2.127659574468085,18.711155378486055
11540,11298,OO,47,32.608695652173914,2.127659574468085,29.466666666666665
11540,12191,WN,864,15.11627906976744,0.46296296296296297,9.181711606096131
11540,12266,OO,106,20.754716981132077,0.0,29.228571428571428
11540,12889,F9,219,13.88888888888889,1.36986301369863,8.652777777777779
11540,12889,G4,2,0.0,0.0,0.0
11540,12889,WN,859,14.836448598130842,0.3492433061699651,9.977777777777778
11540,12892,AA,6,0.0,16.666666666666668,0.0
11540,12892,OO,680,7.669616519174041,0.29411764705882354,8.149187592319056
11540,12892,WN,328,21.712538226299692,0.3048780487804878,12.299694189602446
11540,12954,WN,173,17.341040462427745,0.0,9.837209302325581
11540,13204,WN,50,40.0,0.0,31.0
11540,13232,WN,270,10.074626865671641,0.7407407407407407,4.747169811320755
11540,13930,AA,32,43.75,0.0,16.78125
11540,13930,MQ,276,15.217391304347828,0.0,10.10948905109489
11540,13930,OO,236,19.565217391304348,2.542372881355932,13.253275109170305
11540,13930,YX,95,9.574468085106384,1.0526315789473684,5.01063829787234
11540,14107,AA,162,17.28395061728395,0.0,16.203703703703702
11540,14107,MQ,188,10.638297872340425,0.0,5.508021390374331
11540,14107,OO,843,14.336917562724013,0.7117437722419929,13.360812425328554
11540,14107,WN,1007,19.939879759519037,0.8937437934458788,12.125376128385156
11540,14679,WN,270,18.95910780669145,0.37037037037037035,10.686567164179104
11540,14683,WN,744,15.967523680649526,0.6720430107526881,12.218157181571815
11587,11433,OO,304,12.5,2.6315789473684212,21.89527027027027
11587,13487,OO,220,10.138248847926267,1.3636363636363635,14.953917050691244
11603,10466,G4,105,17.142857142857142,0.0,12.247619047619047
11603,10800,OO,6,16.666666666666664,0.0,26.666666666666668
11603,10800,WN,3,0.0,0.0,5.0
11603,11292,OO,177,37.2093023255814,2.824858757062147,25.269005847953217
11603,11292,UA,608,19.43986820428336,0.16447368421052633,17.737896494156928
11603,11292,WN,150,29.333333333333332,0.0,17.29530201342282
11603,11298,AA,172,41.52046783625731,0.5813953488372093,39.17058823529412
11603,12339,AA,1,0.0,0.0,0.0
11603,12889,G4,87,37.93103448275862,0.0,90.4367816091954
11603,12889,WN,313,21.405750798722046,0.0,10.23397435897436
11603,12892,AS,23,8.695652173913043,0.0,22.08695652173913
11603,12892,OO,304,11.627906976744185,0.9868421052631579,6.34
11603,13230,AA,1,100.0,0.0,24.0
11603,13485,AA,1,0.0,0.0,0.0
11603,13485,UA,1,0.0,0.0,0.0
11603,13796,WN,305,15.737704918032788,0.0,9.921311475409835
11603,13851,WN,1,100.0,0.0,159.0
11603,14057,OO,190,7.4074074074074066,0.5263157894736842,10.60846560846561
11603,14107,AA,378,13.866666666666665,0.7936507936507936,20.051075268817204
11603,14107,MQ,58,6.896551724137931,0.0,4.689655172413793
11603,14679,AS,73,19.718309859154928,2.73972602739726,11.728571428571428
11603,14679,OO,175,33.33333333333333,0.5714285714285714,20.528735632183906
11603,14747,AS,447,23.755656108597282,1.1185682326621924,13.60180995475113
11603,14747,OO,1268,11.480601741884403,0.3943217665615142,8.317208564631246
11603,14771,OO,208,17.78846153846154,0.0,13.98076923076923
11603,14771,UA,604,16.666666666666664,0.6622516556291391,15.216666666666667
11603,14831,WN,180,24.581005586592177,0.5555555555555556,14.519553072625698
11603,14869,OO,608,6.425041186161449,0.16447368421052633,6.527182866556837
11603,14893,WN,304,7.236842105263158,0.0,4.845394736842105
11603,14908,G4,76,43.66197183098591,6.578947368421052,59.521126760563384
11612,10397,OO,291,27.33812949640288,4.4673539518900345,27.375451263537904
11612,11298,MQ,700,20.674486803519063,2.5714285714285716,15.792341678939618
11612,11298,OH,26,12.0,3.8461538461538463,9.125
11612,11298,OO,59,26.31578947368421,3.389830508474576,36.785714285714285
11612,13930,MQ,279,21.611721611721613,2.150537634408602,18.457875457875456
11612,14112,G4,87,27.906976744186046,1.1494252873563218,38.37647058823529
11612,14761,G4,101,43.56435643564357,0.0,46.24752475247525
11612,15624,G4,30,20.0,0.0,49.06666666666667
11617,11057,OH,266,20.454545454545457,0.7518796992481203,20.88973384030418
11618,10257,YX,45,21.428571428571427,6.666666666666667,12.880952380952381
11618,10299,UA,103,19.801980198019802,1.941747572815534,14.7
11618,10397,DL,2566,30.38981702466189,2.0265003897116136,28.703555733120254
11618,10397,F9,466,36.97104677060133,3.648068669527897,36.051224944320715
11618,10397,NK,397,27.249357326478147,2.0151133501259446,22.691516709511568
11618,10397,UA,1545,26.958831341301458,2.5242718446601944,22.91005996002665
11618,10397,YX,92,23.863636363636363,4.3478260869565215,8.852272727272727
11618,10408,G4,26,23.076923076923077,0.0,22.076923076923077
11618,10423,NK,199,16.83673469387755,1.5075376884422111,15.270408163265307
11618,10423,UA,1323,25.419847328244277,0.982615268329554,20.747135217723454
11618,10423,YX,9,0.0,0.0,2.2857142857142856
11618,10431,G4,118,28.8135593220339,0.0,17.389830508474578
11618,10431,YX,101,11.881188118811881,0.0,5.128712871287129
11618,10581,YX,456,22.769953051643192,6.578947368421052,24.065727699530516
11618,10599,NK,83,21.518987341772153,4.819277108433735,14.886075949367088
11618,10693,NK,249,23.96694214876033,2.8112449799196786,21.367768595041323
11618,10693,UA,1170,23.693379790940767,1.8803418803418803,18.646596858638745
11618,10693,YX,180,21.59090909090909,2.2222222222222223,13.130681818181818
11618,10721,NK,7,57.14285714285714,0.0,42.857142857142854
11618,10721,UA,2137,32.1685016754428,2.2461394478240524,28.27477261847774
11618,10721,YX,981,32.97180043383948,6.014271151885831,27.05639913232104
11618,10732,UA,304,28.333333333333332,1.3157894736842106,18.186666666666667
11618,10785,UA,140,33.81294964028777,0.7142857142857143,23.057553956834532
11618,10785,YX,519,15.261044176706829,4.046242774566474,10.795546558704453
11618,10792,UA,194,39.037433155080215,3.6082474226804124,31.518716577540108
11618,10792,YX,118,20.175438596491226,3.389830508474576,11.5
11618,10849,UA,349,10.315186246418339,0.0,5.568965517241379
11618,10868,NK,58,18.96551724137931,0.0,16.403508771929825
11618,10980,NK,57,10.714285714285714,1.7543859649122806,4.375
11618,10994,NK,295,24.555160142348754,4.745762711864407,24.11743772241993
11618,10994,UA,617,19.901315789473685,1.4586709886547813,14.070723684210526
11618,10994,YX,257,20.171673819742487,9.33852140077821,19.25974025974026
11618,11042,UA,1108,29.174311926605505,1.6245487364620939,28.79908256880734
11618,11042,YX,488,10.81081081081081,1.4344262295081966,6.547916666666667
11618,11057,AA,1482,23.119777158774372,3.1039136302294197,20.63718662952646
11618,11057,NK,298,19.93127147766323,2.348993288590604,19.219931271477662
11618,11057,UA,907,26.905829596412556,1.6538037486218302,26.70964125560538
11618,11057,YX,334,8.307692307692308,2.694610778443114,3.556923076923077
11618,11066,NK,43,22.5,6.976744186046512,21.5
11618,11066,YX,1343,19.765625,4.690990320178704,17.022673964034404
11618,11193,G4,63,29.03225806451613,1.5873015873015872,41.064516129032256
11618,11193,UA,4,25.0,0.0,5.75
11618,11193,YX,426,14.888337468982629,5.39906103286385,13.064676616915422
11618,11278,YX,296,21.631205673758867,4.72972972972973,16.829787234042552
11618,11292,UA,2673,25.14177693761815,1.0475121586232696,19.024334600760458
11618,11298,AA,1186,24.01402278702892,3.794266441821248,23.25817860300619
11618,11298,NK,284,28.51985559566787,2.464788732394366,21.732851985559567
11618,11298,UA,1343,22.67884322678843,2.1593447505584513,20.418836140888207
11618,11298,YX,26,19.230769230769234,0.0,11.44
11618,11423,G4,50,8.16326530612245,2.0,9.979591836734693
11618,11433,DL,1282,26.486915146708963,1.6380655226209049,28.51746031746032
11618,11433,NK,364,25.360230547550433,4.670329670329671,24.05763688760807
11618,11433,OO,4,50.0,0.0,10.25
11618,11433,UA,222,15.52511415525114,1.3513513513513513,9.584474885844749
11618,11433,YX,819,18.494897959183675,4.273504273504273,12.658163265306122
11618,11503,UA,88,21.59090909090909,0.0,15.152941176470588
11618,11624,UA,238,25.957446808510635,1.2605042016806722,17.816239316239315
11618,11624,YX,66,12.121212121212121,0.0,5.363636363636363
11618,11697,B6,828,31.350681536555143,2.536231884057971,26.527431421446384
11618,11697,NK,1045,23.91304347826087,3.1578947368421053,23.496538081107815
11618,11697,UA,2034,23.371456986573843,1.1307767944936087,18.075161772025883
11618,11721,G4,22,18.181818181818183,0.0,6.363636363636363
11618,11986,G4,24,50.0,0.0,54.375
11618,11986,YX,640,16.666666666666664,4.375,11.839869281045752
11618,11995,YX,23,9.090909090909092,4.3478260869565215,7.090909090909091
11618,11996,UA,1,0.0,0.0,0.0
11618,11996,YX,518,20.739219712525667,5.984555984555985,16.866255144032923
11618,12094,UA,70,12.857142857142856,0.0,13.104477611940299
11618,12124,YX,214,18.095238095238095,1.8691588785046729,10.870192307692308
11618,12173,UA,95,15.789473684210526,0.0,19.204301075268816
11618,12264,UA,1149,30.185348631950575,1.392515230635335,26.33539276257723
11618,12264,YX,110,22.857142857142858,4.545454545454546,15.923809523809524
11618,12266,NK,274,29.166666666666668,3.6496350364963503,26.2
11618,12266,UA,2795,23.804347826086957,1.2522361359570662,18.777697057755177
11618,12323,YX,110,17.647058823529413,7.2727272727272725,11.882352941176471
11618,12339,NK,302,25.08474576271186,2.3178807947019866,21.447457627118645
11618,12339,UA,2,50.0,0.0,12.0
11618,12339,YX,1385,17.91951404707669,4.909747292418772,14.340182648401827
11618,12397,YX,4,0.0,25.0,0.0
11618,12441,UA,270,24.615384615384617,3.7037037037037037,30.472
11618,12451,UA,877,23.014018691588785,2.394526795895097,20.45263157894737
11618,12451,YX,197,15.957446808510639,4.568527918781726,12.01595744680851
11618,12889,NK,470,25.925925925925924,2.3404255319148937,26.01528384279476
11618,12889,UA,2094,22.28626320845341,0.5730659025787965,17.804044294655753
11618,12892,AS,598,27.39495798319328,0.5016722408026756,24.922558922558924
11618,12892,B6,506,29.75708502024291,2.3715415019762847,26.525354969574035
11618,12892,NK,331,19.32515337423313,1.5105740181268883,15.744615384615384
11618,12892,UA,2849,26.75250357653791,1.8603018603018604,22.819061268362596
11618,13198,UA,89,47.12643678160919,2.247191011235955,49.627906976744185
11618,13198,YX,208,14.795918367346939,5.769230769230769,10.826530612244898
11618,13204,B6,1157,29.432624113475175,2.5064822817631804,28.079322638146166
11618,13204,NK,1111,24.65245597775718,2.8802880288028803,22.727272727272727
11618,13204,UA,3095,23.84213959556425,0.9369951534733441,19.470029479200786
11618,13232,F9,11,60.0,9.090909090909092,58.4
11618,13244,UA,5,40.0,0.0,36.4
11618,13244,YX,292,27.137546468401485,7.876712328767123,24.382899628252787
11618,13303,AA,1127,24.137931034482758,2.218278615794144,24.267335766423358
11618,13303,MQ,1,0.0,0.0,0.0
11618,13303,NK,406,31.806615776081426,3.2019704433497536,29.275510204081634
11618,13303,UA,1811,24.832962138084632,0.8282716731087797,19.76102735901731
11618,13342,YX,677,18.808777429467085,5.760709010339734,12.28414442700157
11618,13485,UA,81,27.500000000000004,1.2345679012345678,26.725
11618,13485,YX,216,23.036649214659686,11.574074074074074,24.16315789473684
11618,13487,DL,1029,28.98120672601385,1.749271137026239,34.34223541048467
11618,13487,UA,360,28.932584269662918,1.1111111111111112,32.563380281690144
11618,13487,YX,401,16.071428571428573,2.2443890274314215,10.35969387755102
11618,13495,B6,2,0.0,0.0,2.5
11618,13495,NK,168,30.434782608695656,4.166666666666667,25.80745341614907
11618,13495,UA,818,23.52941176470588,2.3227383863080684,18.917293233082706
11618,13495,YX,28,19.230769230769234,7.142857142857143,19.791666666666668
11618,13502,UA,71,19.718309859154928,0.0,17.802816901408452
11618,13577,NK,418,29.187817258883246,5.741626794258373,29.275510204081634
11618,13577,UA,108,15.887850467289718,0.9259259259259259,10.018691588785046
11618,13577,YX,374,20.448179271708682,4.545454545454546,13.608450704225351
11618,13830,UA,1,0.0,0.0,0.0
11618,13871,UA,4,50.0,0.0,71.25
11618,13930,AA,448,25.581395348837212,4.017857142857143,26.095348837209304
11618,13930,MQ,776,35.869565217391305,5.154639175257732,27.955102040816328
11618,13930,NK,179,13.48314606741573,0.5586592178770949,13.48876404494382
11618,13930,UA,3482,27.92452830188679,1.0626076967260196,20.949389179755673
11618,13930,YX,73,38.57142857142858,4.109589041095891,36.01428571428571
11618,13931,UA,301,34.48275862068966,3.654485049833887,26.29757785467128
11618,13931,YX,242,14.285714285714285,4.545454545454546,10.904761904761905
11618,14027,B6,638,32.532051282051285,2.19435736677116,26.41062801932367
11618,14027,UA,2124,24.02101241642789,1.4124293785310735,17.72653256704981
11618,14057,AS,258,31.349206349206348,2.3255813953488373,31.55378486055777
11618,14057,UA,426,20.33096926713948,0.704225352112676,14.69431279620853
11618,14107,AA,856,22.786304604486425,1.0514018691588785,23.04378698224852
11618,14107,UA,1192,21.96776929601357,1.0906040268456376,16.08326253186066
11618,14122,NK,225,33.64485981308411,4.888888888888889,33.75233644859813
11618,14122,YX,1415,19.864559819413092,6.07773851590106,15.489089541008276
11618,14307,UA,3,66.66666666666666,0.0,14.666666666666666
11618,14307,YX,8,25.0,0.0,8.125
11618,14321,UA,234,37.280701754385966,2.5641025641025643,29.229074889867842
11618,14321,YX,614,14.093959731543624,2.9315960912052117,8.973154362416107
11618,14492,NK,110,25.252525252525253,10.0,19.724489795918366
11618,14492,UA,1204,26.333615580016932,1.910299003322259,20.0
11618,14492,YX,167,15.337423312883436,2.395209580838323,9.858895705521473
11618,14524,YX,148,20.13888888888889,2.7027027027027026,16.881944444444443
11618,14570,UA,3,0.0,0.0,1.6666666666666667
11618,14576,UA,137,29.1970802919708,0.0,19.64963503649635
11618,14576,YX,371,17.142857142857142,5.660377358490566,12.962857142857143
11618,14635,B6,302,25.249169435215947,0.33112582781456956,18.816053511705686
11618,14635,NK,20,44.44444444444444,10.0,40.611111111111114
11618,14635,UA,1350,21.225710014947683,0.8888888888888888,17.21755438859715
11618,14679,AS,262,29.249011857707508,3.435114503816794,32.607287449392715
11618,14679,UA,1048,20.653218059558117,0.6679389312977099,15.938104448742747
11618,14683,NK,18,23.52941176470588,5.555555555555555,17.764705882352942
11618,14683,UA,376,20.212765957446805,0.0,14.670212765957446
11618,14685,G4,12,25.0,0.0,11.333333333333334
11618,14685,NK,79,19.230769230769234,1.2658227848101267,17.96153846153846
11618,14685,UA,495,27.572016460905353,1.8181818181818181,23.469135802469136
11618,14685,YX,221,12.962962962962962,2.262443438914027,6.782407407407407
11618,14696,UA,5,20.0,0.0,11.4
11618,14730,NK,30,28.57142857142857,6.666666666666667,21.821428571428573
11618,14730,UA,5,100.0,0.0,135.6
11618,14730,YX,708,17.083946980854197,4.096045197740113,15.853982300884956
11618,14747,AS,867,31.4792899408284,2.5374855824682814,30.28909952606635
11618,14747,UA,790,20.304568527918782,0.25316455696202533,14.010178117048346
11618,14771,AS,581,30.60869565217391,1.0327022375215147,28.959860383944154
11618,14771,UA,3108,24.63102656608724,1.8983268983268984,22.585141354372123
11618,14843,B6,538,23.91713747645951,1.3011152416356877,17.9924670433145
11618,14843,F9,434,48.94613583138173,1.6129032258064515,47.26066350710901
11618,14843,NK,20,29.411764705882355,15.0,25.647058823529413
11618,14843,UA,912,27.906976744186046,0.9868421052631579,21.194444444444443
11618,14869,DL,599,31.986531986531986,0.8347245409015025,29.72344013490725
11618,14869,UA,455,21.63355408388521,0.43956043956043955,13.867549668874172
11618,14893,UA,222,32.87671232876712,1.3513513513513513,33.68202764976959
11618,14908,UA,907,16.722408026755854,1.1025358324145536,11.290763968072977
11618,14986,UA,706,21.060171919770774,1.13314447592068,18.320863309352518
11618,14986,YX,50,8.333333333333332,4.0,2.9166666666666665
11618,15016,UA,96,20.833333333333336,0.0,22.63157894736842
11618,15016,YX,737,18.523878437047756,6.241519674355495,13.529667149059334
11618,15024,UA,187,15.053763440860216,0.5347593582887701,8.286486486486487
11618,15096,UA,13,50.0,7.6923076923076925,28.5
11618,15096,YX,427,15.284974093264248,9.601873536299765,9.005181347150259
11618,15304,B6,422,35.049019607843135,3.3175355450236967,29.09181141439206
11618,15304,UA,1862,24.431202600216682,0.8592910848549946,18.68041237113402
11618,15412,G4,128,21.09375,0.0,14.796875
11618,15624,G4,99,31.313131313131315,0.0,26.08080808080808
11618,15919,YX,2,0.0,0.0,0.0
11624,10397,DL,1208,20.617696160267112,0.8278145695364238,15.86241610738255
11624,10431,G4,96,24.210526315789473,1.0416666666666667,13.563829787234043
11624,10693,DL,1,100.0,0.0,30.0
11624,10721,B6,123,28.92561983471074,1.6260162601626016,22.946428571428573
11624,10721,YX,21,40.0,4.761904761904762,18.94736842105263
11624,11057,AA,733,23.96694214876033,0.9549795361527967,24.240997229916896
11624,11057,MQ,250,16.93548387096774,0.8,9.816326530612244
11624,11193,G4,96,29.47368421052631,1.0416666666666667,32.07368421052632
11624,11278,AA,23,30.434782608695656,0.0,34.21739130434783
11624,11278,MQ,189,22.404371584699454,3.1746031746031744,15.011173184357542
11624,11278,YX,228,23.318385650224215,2.192982456140351,13.586363636363636
11624,11298,AA,267,33.07984790874524,1.4981273408239701,26.69260700389105
11624,11618,UA,238,31.196581196581196,1.680672268907563,41.69565217391305
11624,11618,YX,66,28.78787878787879,0.0,24.560606060606062
11624,12264,UA,45,11.11111111111111,0.0,21.68888888888889
11624,12339,G4,75,25.333333333333336,0.0,12.35135135135135
11624,12953,DL,8,25.0,0.0,27.375
11624,12953,YX,234,29.184549356223176,0.42735042735042733,26.635135135135137
11624,13303,AA,4,25.0,0.0,38.25
11624,13303,MQ,1053,18.738049713193117,0.6647673314339981,14.223709369024856
11624,13303,YX,26,42.30769230769231,0.0,40.34615384615385
11624,13930,MQ,161,36.477987421383645,1.2422360248447204,21.632911392405063
11624,13930,UA,128,29.92125984251969,0.78125,24.748031496062993
11624,13930,YX,30,13.333333333333334,0.0,20.0
11624,14100,AA,271,38.66171003717472,0.7380073800738007,69.80152671755725
11624,14100,YX,154,16.447368421052634,1.2987012987012987,8.175675675675675
11624,14112,G4,260,14.285714285714285,0.38461538461538464,10.844357976653697
11624,14122,G4,80,20.0,0.0,8.962025316455696
11624,14761,G4,81,42.5,1.2345679012345678,26.037974683544302
11624,15412,G4,9,11.11111111111111,0.0,13.0
11630,10299,AS,745,15.020297699594046,0.8053691275167785,8.882273342354534
11630,11292,UA,126,4.0,0.7936507936507936,7.448
11630,13487,DL,92,19.565217391304348,0.0,21.76086956521739
11630,13930,UA,138,11.678832116788321,0.7246376811594203,5.708029197080292
11630,14747,AS,1591,13.544303797468354,0.6913890634820867,8.10126582278481
11630,14747,DL,424,16.864608076009503,0.7075471698113207,13.232779097387173
11630,14869,DL,92,28.26086956521739,0.0,24.5
11637,10397,DL,5,40.0,0.0,13.2
11637,10466,G4,319,16.037735849056602,0.31347962382445144,8.845911949685535
11637,10693,G4,87,16.091954022988507,0.0,32.770114942528735
11637,11292,F9,158,26.11464968152866,0.6329113924050633,21.203821656050955
11637,11292,OO,794,28.950695322376742,0.3778337531486146,30.264294790343076
11637,11292,UA,304,32.11920529801324,0.6578947368421053,19.956953642384107
11637,11298,MQ,909,17.817371937639198,1.21012101210121,14.829405162738496
11637,12889,G4,116,14.655172413793101,0.0,8.025862068965518
11637,13204,F9,14,0.0,7.142857142857143,1.5384615384615385
11637,13487,DL,582,10.327022375215146,0.1718213058419244,10.395869191049915
11637,13487,OO,634,16.429699842022117,0.15772870662460567,11.458135860979462
11637,13930,MQ,813,27.103960396039607,0.6150061500615006,17.799256505576206
11637,13930,OO,997,25.783619817997977,0.802407221664995,28.672431332655137
11637,14107,MQ,99,19.587628865979383,2.0202020202020203,14.371134020618557
11637,14112,G4,54,18.51851851851852,0.0,23.11111111111111
11637,14761,G4,65,23.076923076923077,0.0,21.2
11638,10397,DL,218,20.37037037037037,0.9174311926605505,28.791666666666668
11638,11259,WN,18,16.666666666666664,0.0,26.77777777777778
11638,11292,OO,647,10.510046367851624,0.0,6.770542635658915
11638,11292,UA,265,8.396946564885496,1.1320754716981132,10.297709923664122
11638,11292,WN,300,27.666666666666668,0.0,22.046822742474916
11638,11298,AA,1212,20.202874049027894,2.392739273927393,19.481639624252775
11638,12889,G4,539,21.561338289962826,0.18552875695732837,16.866171003717472
11638,12889,WN,962,16.024973985431842,0.10395010395010396,10.514583333333333
11638,12892,OO,858,11.188811188811188,0.0,8.783216783216783
11638,13930,UA,183,33.89830508474576,3.278688524590164,19.744318181818183
11638,14057,G4,24,16.666666666666664,0.0,11.375
11638,14057,OO,620,9.046849757673666,0.16129032258064516,6.101777059773829
11638,14107,AA,539,26.81564245810056,0.37105751391465674,32.90502793296089
11638,14107,MQ,1,0.0,0.0,0.0
11638,14107,OO,657,18.56925418569254,0.0,21.852134146341463
11638,14679,AS,43,23.809523809523807,2.3255813953488373,17.341463414634145
11638,14679,OO,953,23.597883597883598,0.8394543546694648,14.411324786324787
11638,14679,WN,56,21.818181818181817,1.7857142857142858,10.036363636363637
11638,14747,AS,244,33.33333333333333,2.8688524590163933,16.936708860759495
11638,14747,OO,649,20.897832817337463,0.4622496147919877,10.29922480620155
11638,14771,OO,1119,24.484304932735427,0.3574620196604111,20.999103139013453
11638,14869,OO,1051,6.279733587059944,0.0,4.261655566127498
11641,10397,DL,76,31.08108108108108,2.6315789473684212,45.465753424657535
11641,10397,OO,82,20.73170731707317,0.0,20.98780487804878
11641,11057,MQ,115,5.217391304347826,0.0,5.104347826086957
11641,11057,OH,35,8.571428571428571,0.0,11.4
11648,10466,G4,90,15.555555555555555,0.0,21.622222222222224
11648,11292,OO,345,18.6046511627907,0.2898550724637681,13.74927113702624
11648,11292,UA,682,22.189349112426036,0.8797653958944281,22.411940298507464
11648,11298,AA,225,28.37837837837838,1.3333333333333333,37.15
11648,11298,MQ,64,25.0,0.0,15.841269841269842
11648,12266,UA,10,50.0,0.0,21.7
11648,12889,G4,94,23.404255319148938,0.0,23.372340425531913
11648,12892,G4,34,12.121212121212121,2.9411764705882355,10.303030303030303
11648,12892,OO,138,13.043478260869565,0.0,9.333333333333334
11648,12953,AA,13,46.15384615384615,0.0,19.923076923076923
11648,13487,DL,399,15.909090909090908,0.7518796992481203,12.98984771573604
11648,13796,G4,18,22.22222222222222,0.0,7.666666666666667
11648,13930,AA,215,53.52112676056338,0.9302325581395349,61.55238095238095
11648,13930,MQ,26,26.923076923076923,0.0,12.615384615384615
11648,13930,OO,111,29.357798165137616,1.8018018018018018,17.175925925925927
11648,13930,UA,163,18.404907975460123,0.0,19.452830188679247
11648,14679,OO,40,27.500000000000004,0.0,11.75
11648,14771,OO,202,15.841584158415841,0.0,12.886138613861386
11648,14869,DL,304,9.210526315789473,0.0,17.23355263157895
11648,14869,OO,674,4.154302670623145,0.0,2.5281899109792283
11695,11298,OO,347,24.41176470588235,2.0172910662824206,29.88757396449704
11695,12892,OO,10,44.44444444444444,10.0,53.77777777777778
11695,14107,OO,1060,19.38872970391595,1.2264150943396226,20.672397325692454
11697,10135,G4,105,22.115384615384613,0.9523809523809523,16.85576923076923
11697,10158,NK,466,14.193548387096774,0.2145922746781116,9.91594827586207
11697,10257,B6,430,24.178403755868544,0.9302325581395349,15.456470588235295
11697,10257,WN,27,33.33333333333333,0.0,29.846153846153847
11697,10397,DL,3438,23.81652455160247,1.0762070971495055,21.13126843657817
11697,10397,F9,442,34.18604651162791,2.7149321266968327,30.552447552447553
11697,10397,NK,1187,29.923273657289002,1.1794439764111204,19.788888888888888
11697,10397,WN,191,15.873015873015872,1.0471204188481675,10.455026455026456
11697,10408,G4,35,22.857142857142858,0.0,14.628571428571428
11697,10423,NK,302,25.249169435215947,0.33112582781456956,17.840531561461795
11697,10423,WN,300,20.066889632107024,0.3333333333333333,12.01010101010101
11697,10431,G4,561,29.695885509838998,0.35650623885918004,28.744144144144144
11697,10529,B6,485,24.583333333333332,1.0309278350515463,14.510460251046025
11697,10529,NK,192,12.56544502617801,0.5208333333333334,10.926701570680628
11697,10529,WN,8,37.5,0.0,11.875
11697,10581,G4,43,11.627906976744185,0.0,6.790697674418604
11697,10599,NK,210,25.60386473429952,1.4285714285714286,16.183574879227052
11697,10676,G4,58,5.172413793103448,0.0,2.396551724137931
11697,10693,G4,73,21.91780821917808,0.0,15.561643835616438
11697,10693,NK,535,20.33898305084746,0.7476635514018691,13.249056603773585
11697,10693,WN,1104,19.561243144424132,0.9057971014492754,12.414141414141413
11697,10721,B6,1442,31.538461538461537,0.8321775312066574,25.425770308123248
11697,10721,DL,678,31.09118086696562,1.3274336283185841,23.113602391629296
11697,10721,NK,697,24.20289855072464,1.0043041606886658,16.971014492753625
11697,10732,B6,245,28.57142857142857,0.0,16.290983606557376
11697,10792,B6,413,21.601941747572813,0.24213075060532688,15.46829268292683
11697,10792,WN,65,20.3125,1.5384615384615385,11.46875
11697,10821,NK,892,22.22222222222222,1.1210762331838564,13.551020408163266
11697,10821,WN,1849,19.68114348543156,1.6224986479177934,15.05068870523416
11697,10868,G4,39,43.58974358974359,0.0,26.28205128205128
11697,10868,NK,52,21.568627450980394,1.9230769230769231,20.823529411764707
11697,10874,G4,67,14.925373134328357,0.0,10.686567164179104
11697,10980,NK,48,29.166666666666668,0.0,34.1875
11697,10994,B6,237,9.322033898305085,0.4219409282700422,7.14468085106383
11697,10994,NK,205,21.287128712871286,1.4634146341463414,12.886138613861386
11697,11003,G4,64,21.875,0.0,25.84375
11697,11042,F9,247,24.59016393442623,1.214574898785425,26.43032786885246
11697,11042,NK,259,27.906976744186046,0.3861003861003861,19.9031007751938
11697,11042,UA,386,9.585492227979273,0.0,8.52987012987013
11697,11057,AA,2078,17.65853658536585,1.3474494706448508,18.27650219833903
11697,11057,NK,683,23.338257016248154,0.8784773060029283,15.010339734121123
11697,11066,NK,550,22.08029197080292,0.36363636363636365,13.73308957952468
11697,11066,WN,328,30.67484662576687,0.6097560975609756,20.579754601226995
11697,11193,DL,490,32.780082987551864,1.6326530612244898,21.415800415800415
11697,11193,F9,176,22.093023255813954,2.272727272727273,19.476744186046513
11697,11193,G4,244,22.633744855967077,0.4098360655737705,27.864197530864196
11697,11259,WN,563,22.60397830018083,1.7761989342806395,15.498181818181818
11697,11278,AA,428,17.142857142857142,1.8691588785046729,15.66826923076923
11697,11278,B6,1120,29.791099000908268,1.6964285714285714,22.48294930875576
11697,11278,WN,304,38.205980066445186,0.9868421052631579,34.97315436241611
11697,11292,UA,1016,15.695952615992104,0.2952755905511811,12.302579365079366
11697,11292,WN,297,27.609427609427613,0.0,19.658703071672356
11697,11298,AA,1594,29.607843137254903,4.015056461731493,27.261213720316622
11697,11298,NK,688,20.408163265306122,0.29069767441860467,13.8475073313783
11697,11423,G4,79,28.57142857142857,2.5316455696202533,17.727272727272727
11697,11433,DL,1367,20.92511013215859,0.365764447695684,17.014695077149156
11697,11433,NK,840,21.74432497013142,0.35714285714285715,16.16047904191617
11697,11618,B6,826,34.37110834371108,2.7845036319612593,28.32456140350877
11697,11618,NK,1045,28.152492668621704,2.1052631578947367,22.825147347740668
11697,11618,UA,2034,25.970149253731346,1.1799410029498525,26.50501002004008
11697,11721,G4,22,0.0,0.0,0.5454545454545454
11697,11775,G4,32,9.375,0.0,6.9375
11697,11986,G4,94,13.829787234042554,0.0,7.308510638297872
11697,11996,G4,75,35.13513513513514,1.3333333333333333,22.876712328767123
11697,12094,B6,25,20.0,0.0,8.875
11697,12191,WN,639,17.981072555205046,0.7824726134585289,10.213946117274167
11697,12197,B6,717,18.169014084507044,0.9762900976290098,12.833095577746077
11697,12223,G4,41,41.46341463414634,0.0,35.34146341463415
11697,12264,UA,634,12.361331220285262,0.47318611987381703,8.853968253968254
11697,12266,NK,916,23.161361141602637,0.5458515283842795,16.913091309130913
11697,12266,UA,1274,16.047430830039524,0.706436420722135,14.18621236133122
11697,12339,G4,161,36.64596273291926,0.0,44.36645962732919
11697,12339,NK,394,20.153061224489797,0.5076142131979695,13.816326530612244
11697,12339,WN,342,21.700879765395893,0.29239766081871343,16.521994134897362
11697,12391,B6,235,9.787234042553191,0.0,6.153191489361702
11697,12391,F9,78,27.27272727272727,1.2820512820512822,25.960526315789473
11697,12391,WN,3,0.0,0.0,0.0
11697,12451,B6,119,36.440677966101696,0.8403361344537815,25.85593220338983
11697,12478,B6,1857,25.795828759604827,1.884760366182014,21.14246424642464
11697,12478,DL,1288,21.82821118991332,1.4751552795031055,21.35177865612648
11697,12544,G4,149,35.13513513513514,0.6711409395973155,34.16891891891892
11697,12889,B6,484,18.801652892561986,0.0,11.227272727272727
11697,12889,DL,3,33.33333333333333,0.0,13.0
11697,12889,NK,338,21.66172106824926,0.2958579881656805,11.652818991097924
11697,12889,UA,1,100.0,0.0,76.0
11697,12889,WN,13,23.076923076923077,0.0,7.833333333333333
11697,12892,AS,5,20.0,0.0,5.2
11697,12892,B6,1280,16.5625,0.0,12.26484375
11697,12892,DL,294,26.27986348122867,0.3401360544217687,24.18088737201365
11697,12892,NK,80,17.72151898734177,1.25,10.949367088607595
11697,12898,NK,51,23.52941176470588,0.0,14.294117647058824
11697,12917,G4,71,32.3943661971831,0.0,30.91549295774648
11697,12945,G4,109,41.284403669724774,0.0,28.504587155963304
11697,12953,B6,1111,30.502283105022833,1.4401440144014401,22.920590951061865
11697,12953,DL,1310,23.556942277691107,2.1374045801526718,19.11529411764706
11697,12953,NK,894,19.27437641723356,1.342281879194631,12.505668934240363
11697,13198,NK,114,13.274336283185843,0.8771929824561403,14.345132743362832
11697,13198,WN,353,16.28571428571429,0.8498583569405099,12.459770114942529
11697,13204,NK,604,16.721854304635762,0.0,11.291873963515755
11697,13204,WN,390,10.025706940874036,0.2564102564102564,6.683804627249358
11697,13230,G4,63,25.396825396825395,0.0,19.634920634920636
11697,13232,WN,946,21.08626198083067,0.7399577167019028,15.083511777301927
11697,13244,G4,125,16.8,0.0,18.056
11697,13244,NK,96,25.806451612903224,3.125,15.720430107526882
11697,13296,B6,63,29.508196721311474,3.1746031746031744,13.85
11697,13342,NK,79,23.076923076923077,1.2658227848101267,16.102564102564102
11697,13342,WN,61,34.42622950819672,0.0,20.278688524590162
11697,13487,DL,569,18.29484902309059,1.054481546572935,16.64349376114082
11697,13487,NK,14,35.714285714285715,0.0,24.142857142857142
11697,13495,NK,651,19.284603421461895,1.228878648233487,13.429906542056075
11697,13495,WN,302,28.000000000000004,0.6622516556291391,17.946666666666665
11697,13577,NK,322,21.5625,0.6211180124223602,14.717868338557993
11697,13871,WN,13,15.384615384615385,0.0,8.916666666666666
11697,13930,AA,478,23.46723044397463,1.0460251046025104,30.804255319148936
11697,13930,NK,849,19.572953736654807,0.7067137809187279,13.760095011876485
11697,13930,UA,1015,21.726190476190478,0.6896551724137931,16.460079840319363
11697,13931,G4,20,5.0,0.0,5.3
11697,13931,NK,259,22.35294117647059,1.5444015444015444,14.168627450980392
11697,13933,B6,263,16.342412451361866,2.2813688212927756,9.736220472440944
11697,14025,G4,121,13.223140495867769,0.0,7.24793388429752
11697,14057,AS,35,38.23529411764706,2.857142857142857,17.08823529411765
11697,14100,AA,1036,21.2807881773399,2.027027027027027,33.590325765054295
11697,14100,B6,229,20.614035087719298,0.4366812227074236,14.837004405286343
11697,14100,F9,323,28.391167192429023,1.8575851393188854,35.126182965299684
11697,14100,NK,667,20.574886535552196,0.8995502248875562,14.556732223903177
11697,14107,B6,137,17.51824817518248,0.0,9.598540145985401
11697,14107,NK,34,8.823529411764707,0.0,3.8484848484848486
11697,14107,WN,9,44.44444444444444,0.0,9.222222222222221
11697,14108,G4,18,27.77777777777778,0.0,59.0
11697,14122,NK,443,21.08843537414966,0.45146726862302483,17.226757369614514
11697,14122,WN,329,28.65853658536585,0.303951367781155,21.91768292682927
11697,14193,NK,303,18.729096989966553,1.3201320132013201,13.117056856187292
11697,14307,B6,425,24.407582938388625,0.7058823529411765,16.28978622327791
11697,14307,WN,28,28.57142857142857,0.0,16.321428571428573
11697,14492,B6,325,26.234567901234566,0.3076923076923077,18.469135802469136
11697,14492,DL,304,27.57475083056478,0.9868421052631579,31.213333333333335
11697,14492,NK,231,18.614718614718615,0.0,15.121212121212121
11697,14492,WN,110,28.18181818181818,0.0,21.045454545454547
11697,14524,B6,301,28.187919463087248,0.9966777408637874,18.624161073825505
11697,14524,NK,373,23.513513513513516,0.8042895442359249,15.921621621621622
11697,14576,NK,169,30.357142857142854,0.591715976331361,23.79640718562874
11697,14679,AS,120,15.833333333333332,0.0,8.796610169491526
11697,14679,B6,6,16.666666666666664,0.0,10.0
11697,14683,NK,240,18.067226890756302,0.8333333333333334,13.39406779661017
11697,14683,WN,1,0.0,0.0,14.0
11697,14685,G4,48,16.666666666666664,0.0,52.1875
11697,14696,G4,19,5.263157894736842,0.0,2.526315789473684
11697,14730,G4,99,13.131313131313133,0.0,14.202020202020202
11697,14730,NK,234,26.08695652173913,1.7094017094017093,15.615720524017467
11697,14730,WN,11,63.63636363636363,0.0,73.8
11697,14747,AS,406,32.08955223880597,0.9852216748768473,16.296758104738153
11697,14747,DL,304,25.91362126245847,0.9868421052631579,22.638795986622075
11697,14771,AS,5,20.0,0.0,9.6
11697,14771,B6,634,17.246835443037973,0.31545741324921134,11.466666666666667
11697,14771,UA,353,16.857142857142858,0.8498583569405099,11.562857142857142
11697,14843,B6,1235,21.59090909090909,0.242914979757085,13.227642276422765
11697,14843,F9,68,39.0625,5.882352941176471,52.40625
11697,14843,NK,249,24.899598393574294,0.0,19.453815261044177
11697,14843,WN,296,26.68918918918919,0.0,17.18243243243243
11697,14869,DL,305,14.144736842105262,0.32786885245901637,15.200657894736842
11697,15016,NK,125,18.0327868852459,2.4,10.295081967213115
11697,15016,WN,593,17.346938775510203,0.8431703204047217,13.228668941979523
11697,15024,NK,320,9.717868338557993,0.3125,5.531645569620253
11697,15027,NK,171,14.619883040935672,0.0,7.535294117647059
11697,15070,G4,80,17.5,0.0,15.4375
11697,15096,G4,99,24.242424242424242,0.0,15.05050505050505
11697,15304,NK,650,19.47449768160742,0.46153846153846156,12.024767801857585
11697,15304,WN,304,14.802631578947366,0.0,10.851485148514852
11697,15380,G4,62,30.64516129032258,0.0,24.193548387096776
11697,15412,G4,411,31.951219512195124,0.24330900243309003,29.558536585365854
11697,15919,G4,77,14.285714285714285,0.0,11.376623376623376
11711,11292,OO,176,15.428571428571427,0.5681818181818182,23.428571428571427
11721,10466,G4,93,17.20430107526882,0.0,11.838709677419354
11721,10693,G4,77,9.090909090909092,0.0,9.987012987012987
11721,11618,G4,22,4.545454545454546,0.0,2.0
11721,11697,G4,22,4.545454545454546,0.0,2.3636363636363638
11721,12451,G4,67,23.88059701492537,0.0,18.119402985074625
11721,12889,G4,88,23.863636363636363,0.0,21.386363636363637
11721,13930,OO,1247,31.05691056910569,1.36327185244587,33.546047269763655
11721,14057,G4,30,3.3333333333333335,0.0,2.933333333333333
11721,14082,G4,270,22.59259259259259,0.0,16.617100371747213
11721,14112,G4,254,20.47244094488189,0.0,14.496031746031745
11721,14761,G4,301,22.92358803986711,0.0,19.574750830564785
11721,14986,G4,152,27.1523178807947,0.6578947368421053,15.105960264900663
11721,15624,G4,87,5.747126436781609,0.0,5.344827586206897
11725,13930,OO,522,18.823529411764707,2.2988505747126435,20.572549019607845
11775,10397,DL,304,19.063545150501675,1.644736842105263,13.164429530201343
11775,10466,G4,315,23.49206349206349,0.0,18.64761904761905
11775,10693,G4,88,25.0,0.0,47.64772727272727
11775,11292,F9,145,35.41666666666667,0.6896551724137931,34.34027777777778
11775,11292,OO,1129,21.62645218945487,0.8857395925597874,20.261496844003606
11775,11292,UA,302,40.0,0.6622516556291391,26.696666666666665
11775,11298,AA,411,32.66832917705736,2.4330900243309004,32.913486005089055
11775,11298,MQ,445,23.502304147465438,2.4719101123595504,14.890697674418604
11775,11298,OO,51,18.367346938775512,3.9215686274509802,16.040816326530614
11775,11697,G4,32,18.75,0.0,13.75
11775,12889,G4,143,18.181818181818183,0.0,18.454545454545453
11775,12892,G4,24,54.166666666666664,0.0,26.166666666666668
11775,13487,DL,305,11.513157894736842,0.32786885245901637,15.851973684210526
11775,13487,OO,460,15.468409586056644,0.21739130434782608,10.450980392156863
11775,13930,MQ,271,18.587360594795538,0.7380073800738007,13.866171003717472
11775,13930,OO,761,39.33333333333333,1.445466491458607,33.419571045576404
11775,13930,UA,297,10.884353741496598,1.0101010101010102,12.02721088435374
11775,13930,YX,13,8.333333333333332,7.6923076923076925,4.5
11775,14082,G4,33,21.21212121212121,0.0,11.303030303030303
11775,14107,MQ,116,18.96551724137931,0.0,11.706896551724139
11775,14107,OO,214,16.355140186915886,0.0,18.397196261682243
11775,14112,G4,101,22.772277227722775,0.0,15.257425742574258
11775,14761,G4,97,30.927835051546392,0.0,42.865979381443296
11778,11298,MQ,978,17.872340425531917,3.885480572597137,12.146211312700107
11823,10397,OO,872,17.91907514450867,0.8027522935779816,18.198606271777003
11823,10466,G4,64,31.25,0.0,45.46031746031746
11823,11057,OH,410,24.00990099009901,1.4634146341463414,25.900990099009903
11823,11298,MQ,844,24.246079613992762,1.7772511848341233,16.998783454987834
11823,11298,OH,62,22.033898305084744,4.838709677419355,19.220338983050848
11823,11433,OO,441,13.60544217687075,0.0,13.575963718820862
11823,12889,G4,77,22.07792207792208,0.0,41.857142857142854
11823,13487,OO,304,18.421052631578945,0.0,20.70957095709571
11823,13577,G4,35,35.294117647058826,2.857142857142857,21.970588235294116
11823,13930,MQ,248,17.408906882591094,0.4032258064516129,11.748987854251013
11823,13930,OH,88,54.87804878048781,6.818181818181818,62.03703703703704
11823,13930,OO,1455,33.028812368236125,2.1993127147766325,28.91760563380282
11823,14082,G4,189,27.513227513227513,0.0,23.444444444444443
11823,14112,G4,159,40.88050314465409,0.0,30.734177215189874
11823,14761,G4,166,41.21212121212121,0.6024096385542169,37.42424242424242
11823,14986,G4,94,14.893617021276595,0.0,10.404255319148936
11865,11292,OO,608,22.521008403361346,2.138157894736842,35.31197301854975
11867,11298,MQ,608,22.033898305084744,2.960526315789474,18.693877551020407
11884,10397,DL,427,15.876777251184834,1.17096018735363,11.507177033492823
11884,10466,G4,79,31.645569620253166,0.0,19.025316455696203
11884,10713,OO,210,13.333333333333334,0.0,8.247619047619047
11884,11259,WN,18,38.88888888888889,0.0,18.235294117647058
11884,11292,F9,63,33.33333333333333,0.0,15.365079365079366
11884,11292,OO,169,22.485207100591715,0.0,13.976331360946746
11884,11292,UA,719,20.41958041958042,0.5563282336578581,18.369014084507043
11884,11292,WN,725,18.758620689655174,0.0,12.325936199722607
11884,11298,AA,474,21.244635193133046,1.6877637130801688,22.148471615720524
11884,12889,G4,87,28.735632183908045,0.0,20.67816091954023
11884,12889,WN,615,11.256117455138662,0.3252032520325203,5.454248366013072
11884,12892,AS,297,6.122448979591836,1.0101010101010102,5.225255972696246
11884,12892,G4,30,30.0,0.0,54.166666666666664
11884,12892,OO,478,5.857740585774058,0.0,3.8933054393305437
11884,13232,WN,77,11.842105263157894,1.2987012987012987,6.878378378378378
11884,13487,DL,658,9.422492401215806,0.0,8.563829787234043
11884,13796,WN,457,12.967032967032969,0.437636761487965,6.356043956043956
11884,13930,AA,165,40.853658536585364,0.6060606060606061,35.27777777777778
11884,13930,OO,251,30.677290836653388,0.0,17.344129554655872
11884,13930,UA,5,0.0,0.0,2.2
11884,14057,AS,254,13.438735177865613,0.3937007874015748,7.07905138339921
11884,14057,OO,344,13.450292397660817,0.5813953488372093,8.362573099415204
11884,14107,AA,440,14.578587699316628,0.22727272727272727,21.977168949771688
11884,14107,WN,496,10.685483870967742,0.0,5.608870967741935
11884,14679,AS,243,6.329113924050633,2.4691358024691357,5.966244725738397
11884,14679,OO,23,8.695652173913043,0.0,3.8260869565217392
11884,14747,AS,1353,29.433681073025337,0.8130081300813008,13.914243102162565
11884,14747,DL,304,7.28476821192053,0.6578947368421053,14.473509933774835
11884,14747,OO,2806,14.448804851944343,0.10691375623663578,8.541592288468404
11884,14771,OO,751,18.157543391188252,0.2663115845539281,10.908847184986595
11884,14771,UA,1,0.0,0.0,13.0
11884,14831,WN,248,16.129032258064516,0.0,8.185483870967742
11884,14869,DL,850,13.561320754716983,0.23529411764705882,10.748524203069657
11884,14869,OO,543,7.550644567219153,0.0,6.324125230202578
11884,14893,WN,584,14.751286449399656,0.17123287671232876,10.344768439108062
11884,14908,G4,31,66.66666666666666,3.225806451612903,57.36666666666667
11898,10466,G4,57,21.052631578947366,0.0,10.298245614035087
11898,12889,G4,87,14.942528735632186,0.0,12.310344827586206
11898,13487,OO,493,13.995943204868155,0.0,8.71602434077079
11898,14761,G4,28,32.142857142857146,0.0,64.96428571428571
11905,11298,MQ,297,18.43003412969283,1.3468013468013469,24.448630136986303
11905,11298,OO,311,22.895622895622896,4.501607717041801,37.26599326599327
11921,11292,OO,1211,31.521739130434785,1.2386457473162675,31.550251256281406
11921,11292,UA,610,23.973727422003286,0.16393442622950818,17.713815789473685
11921,11298,MQ,385,20.99737532808399,1.0389610389610389,13.336
11921,11298,OO,372,23.955431754874652,3.4946236559139785,20.834269662921347
11921,11503,OO,1,0.0,0.0,
11921,12889,G4,2,0.0,0.0,0.0
11921,14107,MQ,30,50.0,0.0,21.366666666666667
11921,14107,OO,744,12.516823687752353,0.13440860215053763,14.506089309878213
11921,14869,OO,526,6.2857142857142865,0.19011406844106463,5.573333333333333
11953,10397,DL,1291,13.515625,0.8520526723470179,13.039123630672927
11953,10397,OO,9,14.285714285714285,22.22222222222222,3.5714285714285716
11953,10423,DL,1,100.0,0.0,42.0
11953,10423,MQ,1,0.0,0.0,0.0
11953,11049,MQ,1,0.0,0.0,0.0
11953,11057,MQ,26,7.6923076923076925,0.0,9.846153846153847
11953,11057,OH,194,9.72972972972973,4.639175257731959,28.227027027027027
11953,11298,MQ,304,19.205298013245034,0.6578947368421053,16.46
11953,11298,OH,149,38.405797101449274,7.382550335570469,42.463235294117645
11953,12266,DL,1,0.0,0.0,0.0
11953,13303,MQ,306,5.6105610561056105,0.9803921568627451,7.122112211221122
11973,10397,DL,1087,13.165266106442578,1.4719411223551058,13.453695042095417
11973,11057,OH,866,17.91767554479419,4.618937644341801,16.807038834951456
11973,11298,MQ,666,17.984496124031008,3.1531531531531534,13.594090202177293
11973,11298,OH,119,14.953271028037381,10.084033613445378,10.542056074766355
11973,11298,OO,128,24.390243902439025,3.90625,21.229508196721312
11977,10397,DL,310,10.423452768729643,0.967741935483871,10.957516339869281
11977,11278,YX,2,0.0,0.0,6.5
11977,11292,F9,29,21.428571428571427,3.4482758620689653,24.25
11977,11433,DL,52,7.6923076923076925,0.0,6.1923076923076925
11977,11433,OO,470,14.316239316239315,0.425531914893617,12.459401709401709
11977,12892,DL,1,100.0,0.0,26.0
11977,12953,DL,1,0.0,0.0,0.0
11977,12953,YX,2,0.0,0.0,0.0
11977,13204,DL,1,100.0,0.0,52.0
11977,13487,OO,659,16.207951070336392,0.7587253414264037,18.085626911314986
11977,13930,MQ,745,25.51159618008186,1.610738255033557,14.914051841746248
11977,13930,OO,1056,27.27272727272727,1.0416666666666667,24.130268199233715
11977,13930,YX,89,13.48314606741573,0.0,5.48314606741573
11977,14107,DL,1,0.0,0.0,0.0
11977,14107,MQ,2,0.0,0.0,1.5
11977,14869,DL,2,0.0,0.0,0.0
11980,10466,G4,126,14.285714285714285,0.0,7.444444444444445
11980,11298,OO,607,20.68376068376068,3.624382207578254,25.15582191780822
11980,12889,G4,87,18.39080459770115,0.0,10.114942528735632
11982,11298,MQ,1120,22.03856749311295,2.767857142857143,14.754369825206991
11982,11298,OO,338,20.625,5.325443786982248,13.780564263322884
11986,10397,DL,1149,10.711150131694469,0.8703220191470844,8.453345070422536
11986,10397,F9,40,25.0,0.0,9.55
11986,10423,G4,73,24.65753424657534,0.0,17.397260273972602
11986,10466,G4,184,17.391304347826086,0.0,10.717391304347826
11986,10693,G4,138,29.411764705882355,1.4492753623188406,24.36764705882353
11986,10693,WN,28,17.857142857142858,0.0,9.142857142857142
11986,10721,G4,67,5.970149253731343,0.0,3.8333333333333335
11986,10821,WN,346,20.99125364431487,0.8670520231213873,13.558479532163743
11986,11057,AA,866,17.852975495915985,1.0392609699769053,14.04200700116686
11986,11057,OH,2,0.0,0.0,0.0
11986,11278,OH,580,23.119266055045873,6.0344827586206895,26.597042513863215
11986,11278,YX,5,0.0,0.0,0.0
11986,11292,F9,117,36.206896551724135,0.8547008547008547,35.75
11986,11292,UA,608,15.346534653465346,0.32894736842105265,11.783112582781458
11986,11292,WN,329,15.501519756838904,0.0,9.355623100303951
11986,11298,AA,830,32.33458177278402,3.4939759036144578,35.38442211055276
11986,11298,MQ,85,20.238095238095237,1.1764705882352942,11.855421686746988
11986,11433,DL,141,15.0,0.7092198581560284,8.728571428571428
11986,11433,OO,929,17.044228694714132,0.21528525296017223,15.196332254584682
11986,11433,YX,9,11.11111111111111,0.0,3.0
11986,11618,G4,24,41.66666666666667,0.0,35.75
11986,11618,UA,1,0.0,0.0,0.0
11986,11618,YX,629,17.441860465116278,4.292527821939586,13.653846153846153
11986,11697,G4,94,15.957446808510639,0.0,13.148936170212766
11986,12266,OO,1,0.0,0.0,10.0
11986,12451,G4,47,8.51063829787234,0.0,4.297872340425532
11986,12889,G4,186,27.419354838709676,0.0,32.68108108108108
11986,12889,WN,269,19.702602230483272,0.0,12.228464419475655
11986,12892,G4,24,16.666666666666664,0.0,6.25
11986,12953,OO,55,22.641509433962266,3.6363636363636362,15.88679245283019
11986,12953,YX,659,19.53125,2.8831562974203337,13.967032967032967
11986,13204,F9,250,20.242914979757085,1.2,23.36842105263158
11986,13204,WN,106,23.58490566037736,0.0,17.735849056603772
11986,13232,WN,747,21.5528781793842,0.0,12.668900804289544
11986,13303,AA,57,32.142857142857146,1.7543859649122806,21.75
11986,13303,MQ,68,13.23529411764706,0.0,21.88235294117647
11986,13487,DL,596,14.285714285714285,0.16778523489932887,13.929411764705883
11986,13487,OO,375,20.0,0.0,12.098930481283423
11986,13577,G4,30,13.333333333333334,0.0,10.689655172413794
11986,13930,AA,375,23.097826086956523,1.8666666666666667,26.00817438692098
11986,13930,MQ,513,28.937007874015748,0.9746588693957114,16.3248031496063
11986,13930,OO,705,38.362068965517246,1.2765957446808511,34.42528735632184
11986,13930,UA,626,22.829581993569132,0.6389776357827476,16.580385852090032
11986,13930,YX,686,20.471281296023562,1.0204081632653061,10.923416789396171
11986,14027,G4,47,10.638297872340425,0.0,5.130434782608695
11986,14057,G4,36,11.11111111111111,0.0,5.194444444444445
11986,14082,G4,292,14.726027397260275,0.0,9.989655172413793
11986,14100,OH,126,10.4,0.7936507936507936,18.44
11986,14100,YX,37,13.513513513513514,0.0,6.297297297297297
11986,14107,AA,94,35.483870967741936,1.0638297872340425,66.23655913978494
11986,14112,G4,322,22.981366459627328,0.0,13.806853582554517
11986,14635,F9,84,17.073170731707318,2.380952380952381,22.26829268292683
11986,14635,WN,22,31.818181818181817,0.0,16.454545454545453
11986,14685,G4,41,12.195121951219512,0.0,8.75609756097561
11986,14761,G4,350,33.714285714285715,0.0,22.834285714285713
11986,14986,G4,144,20.13888888888889,0.0,16.756944444444443
11986,15304,F9,37,22.22222222222222,2.7027027027027026,12.0
11986,15304,WN,8,12.5,0.0,4.75
11986,15624,G4,78,19.230769230769234,0.0,22.22077922077922
11995,10397,DL,2264,11.756817165847117,1.1925795053003534,9.892521271831617
11995,11057,AA,516,19.68503937007874,1.550387596899225,16.351084812623274
11995,11057,MQ,211,13.333333333333334,0.47393364928909953,6.466666666666667
11995,11057,OH,658,18.167456556082147,3.7993920972644375,20.565560821484993
11995,11278,MQ,55,20.833333333333336,12.727272727272727,10.8125
11995,11278,OH,553,25.800376647834273,3.9783001808318263,24.705103969754255
11995,11278,YX,39,10.526315789473683,2.5641025641025643,6.157894736842105
11995,11292,OO,304,11.258278145695364,0.6578947368421053,8.053156146179402
11995,11298,AA,606,27.241379310344826,4.29042904290429,32.167530224525045
11995,11298,MQ,211,19.523809523809526,0.47393364928909953,17.438095238095237
11995,11433,OO,152,20.394736842105264,0.0,24.42105263157895
11995,11618,YX,20,45.0,0.0,32.65
11995,12264,YX,1,0.0,0.0,5.0
11995,12953,DL,2,0.0,0.0,0.0
11995,12953,YX,1525,19.56373551465576,3.80327868852459,16.49283276450512
11995,13303,MQ,366,8.21917808219178,0.273224043715847,6.347107438016529
11995,13303,YX,3,0.0,0.0,2.6666666666666665
11995,13930,MQ,556,17.66848816029144,1.2589928057553956,14.178506375227686
11995,13930,OO,282,30.0,0.7092198581560284,22.1326164874552
11995,13930,YX,42,11.904761904761903,0.0,10.261904761904763
11995,14100,OH,95,31.03448275862069,8.421052631578947,45.59770114942529
11995,14100,YX,43,30.952380952380953,2.3255813953488373,20.0
11995,14112,G4,77,37.66233766233766,0.0,62.64473684210526
11995,14761,G4,20,25.0,0.0,15.7
11996,10397,DL,2279,12.040725984949093,0.8775778850372971,10.314716312056738
11996,10397,WN,97,6.315789473684211,2.0618556701030926,3.2
11996,10693,WN,304,13.157894736842104,0.0,9.351973684210526
11996,10721,DL,2,100.0,0.0,67.0
11996,10821,WN,575,15.936952714535902,0.6956521739130435,10.070175438596491
11996,11057,AA,313,18.446601941747574,1.2779552715654952,13.935275080906148
11996,11057,MQ,162,23.89937106918239,1.8518518518518519,15.779874213836479
11996,11057,OH,1439,19.176136363636363,2.1542738012508686,17.561079545454547
11996,11278,AA,1,0.0,0.0,0.0
11996,11278,MQ,5,20.0,0.0,5.8
11996,11278,OH,825,28.903225806451616,6.0606060606060606,24.85122897800776
11996,11278,YX,7,28.57142857142857,0.0,17.714285714285715
11996,11292,OO,141,15.107913669064748,1.4184397163120568,10.53623188405797
11996,11292,UA,163,29.447852760736197,0.0,26.11949685534591
11996,11292,WN,18,50.0,0.0,25.8
11996,11298,AA,607,28.739495798319325,1.9769357495881383,27.613827993254638
11996,11298,MQ,287,26.95035460992908,1.7421602787456445,23.12589928057554
11996,11298,OH,149,18.91891891891892,0.6711409395973155,17.726027397260275
11996,11433,DL,195,7.6923076923076925,0.0,4.783505154639175
11996,11433,OO,189,18.617021276595743,0.5291005291005291,22.372340425531913
11996,11618,UA,1,0.0,0.0,0.0
11996,11618,YX,514,18.346774193548388,3.501945525291829,20.858299595141702
11996,11697,G4,75,45.94594594594595,1.3333333333333333,46.229729729729726
11996,12191,WN,207,23.18840579710145,0.0,17.47826086956522
11996,12266,UA,121,17.5,0.8264462809917356,27.875
11996,12953,YX,793,18.133333333333333,5.422446406052964,15.272727272727273
11996,13303,MQ,518,15.11627906976744,0.3861003861003861,8.79611650485437
11996,13303,YX,9,55.55555555555556,0.0,60.77777777777778
11996,13495,AA,1,0.0,0.0,0.0
11996,13495,DL,1,0.0,0.0,0.0
11996,13495,WN,1,0.0,0.0,0.0
11996,13930,MQ,461,25.33039647577093,1.5184381778741864,17.589403973509935
11996,13930,OH,148,18.181818181818183,3.3783783783783785,14.640845070422536
11996,13930,OO,237,26.923076923076923,1.2658227848101267,22.6480686695279
11996,13930,UA,54,12.962962962962962,0.0,32.98148148148148
11996,13930,YX,313,10.032362459546926,1.2779552715654952,7.9870550161812295
11996,14100,AA,1,0.0,0.0,0.0
11996,14100,OH,415,14.532019704433496,2.1686746987951806,17.24137931034483
11996,14112,G4,88,46.590909090909086,0.0,40.86046511627907
11996,14761,G4,91,57.14285714285714,0.0,55.84615384615385
11996,14986,G4,75,15.068493150684931,2.6666666666666665,12.726027397260275
11997,12523,AS,86,18.072289156626507,3.488372093023256,13.180722891566266
12003,10466,G4,80,26.25,0.0,31.9625
12003,11292,OO,281,17.437722419928825,0.0,14.064516129032258
12003,11292,UA,327,24.0,0.6116207951070336,22.461300309597522
12003,12889,G4,88,21.59090909090909,0.0,36.375
12003,13487,OO,250,9.6,0.0,6.1
12003,13930,OO,13,7.6923076923076925,0.0,2.5
12003,14747,OO,179,21.787709497206702,0.0,10.379888268156424
12003,14869,OO,886,6.320541760722348,0.0,4.518058690744921
12007,11298,OO,182,27.77777777777778,1.098901098901099,34.95505617977528
12012,11292,OO,859,26.168224299065418,0.3492433061699651,20.230046948356808
12012,11298,AA,99,35.714285714285715,1.0101010101010102,104.95876288659794
12012,11298,OO,7,42.857142857142854,0.0,39.142857142857146
12012,13930,OO,7,0.0,0.0,1.8333333333333333
12016,12173,UA,304,6.312292358803987,0.9868421052631579,4.3133333333333335
12016,14955,UA,306,3.934426229508197,0.32679738562091504,5.085245901639344
12094,10397,DL,89,24.705882352941178,4.49438202247191,17.773809523809526
12094,10693,WN,9,44.44444444444444,0.0,19.25
12094,10721,B6,35,29.411764705882355,2.857142857142857,53.121212121212125
12094,11259,WN,58,32.758620689655174,0.0,30.224137931034484
12094,11292,OO,322,29.062500000000004,0.6211180124223602,22.38871473354232
12094,11292,UA,531,29.174664107485604,1.8832391713747645,27.021153846153847
12094,11292,WN,338,24.850299401197603,1.183431952662722,21.363363363363362
12094,11298,AA,106,38.46153846153847,1.8867924528301887,48.89320388349515
12094,11618,UA,70,28.57142857142857,0.0,35.8
12094,11697,B6,25,16.0,0.0,18.72
12094,12264,UA,13,38.46153846153847,0.0,58.0
12094,12266,OO,33,12.5,3.0303030303030303,9.96875
12094,12266,UA,6,50.0,0.0,28.833333333333332
12094,12892,OO,66,20.0,1.5151515151515151,13.96923076923077
12094,13487,DL,29,24.137931034482758,0.0,15.241379310344827
12094,13930,MQ,56,42.592592592592595,3.5714285714285716,21.62962962962963
12094,13930,UA,88,19.54022988505747,1.1363636363636365,22.906976744186046
12094,14679,OO,46,22.22222222222222,2.1739130434782608,11.333333333333334
12094,14747,OO,6,16.666666666666664,0.0,5.666666666666667
12094,14771,OO,13,30.76923076923077,0.0,12.076923076923077
12119,13577,G4,74,50.70422535211267,4.054054054054054,35.68571428571428
12119,14112,G4,90,49.43820224719101,1.1111111111111112,53.92045454545455
12119,14761,G4,111,44.95412844036697,1.8018018018018018,57.36697247706422
12124,10397,YX,195,10.309278350515463,0.5128205128205128,7.783505154639175
12124,10721,YX,13,46.15384615384615,0.0,34.69230769230769
12124,11057,MQ,929,15.679824561403507,1.8299246501614639,12.582236842105264
12124,11278,MQ,116,10.434782608695652,0.8620689655172413,6.582608695652174
12124,11278,YX,150,17.80821917808219,2.6666666666666665,14.972602739726028
12124,11618,YX,214,31.862745098039213,4.672897196261682,36.208955223880594
12124,12953,YX,195,26.842105263157894,2.5641025641025643,39.8125
12124,13930,MQ,17,35.294117647058826,0.0,35.470588235294116
12124,13930,YX,20,42.10526315789473,5.0,26.736842105263158
12124,14100,YX,108,27.61904761904762,2.7777777777777777,33.05940594059406
12129,13487,OO,522,14.23076923076923,0.3831417624521073,17.33269230769231
12156,11292,OO,763,31.739707835325365,1.3106159895150722,34.524324324324326
12156,14747,OO,61,31.666666666666664,1.639344262295082,19.416666666666668
12156,14869,OO,607,3.4710743801652892,0.32948929159802304,3.7867768595041325
12173,10299,AS,304,26.755852842809364,1.644736842105263,13.53020134228188
12173,10397,DL,304,21.59468438538206,0.9868421052631579,12.700996677740864
12173,10423,HA,27,33.33333333333333,0.0,15.962962962962964
12173,10721,DL,93,15.384615384615385,2.150537634408602,11.505494505494505
12173,10721,HA,187,24.598930481283425,0.0,11.408602150537634
12173,11292,UA,520,15.11627906976744,0.7692307692307693,8.209302325581396
12173,11298,AA,456,19.51219512195122,1.0964912280701755,29.162946428571427
12173,11433,DL,255,17.716535433070867,0.39215686274509803,9.023622047244094
12173,11618,UA,95,27.368421052631582,0.0,20.768421052631577
12173,12016,UA,304,15.131578947368421,0.0,8.5625
12173,12264,UA,122,13.675213675213676,4.098360655737705,19.887931034482758
12173,12266,UA,317,14.64968152866242,0.9463722397476341,7.671974522292993
12173,12402,HA,3732,9.573894282632146,0.6430868167202572,5.485159201295197
12173,12402,WN,1550,5.974025974025974,0.6451612903225806,3.2194805194805194
12173,12478,DL,263,6.870229007633588,0.38022813688212925,7.5576923076923075
12173,12478,HA,304,27.960526315789476,0.0,15.118421052631579
12173,12758,HA,4725,11.013686911890504,1.037037037037037,6.39602053915276
12173,12758,WN,1572,5.121638924455826,0.6361323155216285,2.88348271446863
12173,12889,HA,996,19.67871485943775,0.0,13.38994974874372
12173,12889,WN,663,5.757575757575758,0.45248868778280543,3.003030303030303
12173,12892,AA,972,11.443298969072165,0.205761316872428,15.304437564499484
12173,12892,AS,77,41.333333333333336,2.5974025974025974,21.64
12173,12892,DL,912,10.607734806629834,0.7675438596491229,12.821705426356589
12173,12892,HA,1031,31.584062196307094,0.19398642095053345,17.835443037974684
12173,12892,UA,1037,10.970873786407767,0.6750241080038573,13.801941747572815
12173,12892,WN,398,6.313131313131313,0.5025125628140703,3.4116161616161618
12173,12954,HA,304,19.205298013245034,0.6578947368421053,8.096345514950166
12173,12954,WN,304,9.210526315789473,0.0,3.557755775577558
12173,12982,HA,5204,11.337209302325581,0.8455034588777863,6.488169123351435
12173,12982,WN,1573,4.856230031948882,0.5085823267641449,2.790920716112532
12173,13487,DL,304,14.333333333333334,1.3157894736842106,9.775919732441471
12173,13796,HA,303,21.192052980132452,0.33003300330033003,10.66225165562914
12173,13796,WN,373,6.702412868632708,0.0,4.276881720430108
12173,13830,HA,6320,11.359285258455648,0.8227848101265823,6.3476942715812985
12173,13830,WN,2677,4.406779661016949,0.8218154650728428,2.4432717678100264
12173,13891,AS,142,16.312056737588655,0.704225352112676,9.397163120567376
12173,13891,HA,162,39.130434782608695,0.6172839506172839,15.53125
12173,13930,AA,6,16.666666666666664,0.0,5.833333333333333
12173,13930,UA,359,11.235955056179774,0.8356545961002786,10.661971830985916
12173,14004,AS,111,9.90990990990991,0.0,8.790909090909091
12173,14057,AS,162,25.78616352201258,1.8518518518518519,12.9937106918239
12173,14057,HA,535,21.722846441947567,0.18691588785046728,16.287054409005627
12173,14107,AA,508,12.22879684418146,0.1968503937007874,16.619329388560157
12173,14107,HA,304,20.065789473684212,0.0,13.236842105263158
12173,14107,WN,338,6.325301204819277,1.7751479289940828,2.3825301204819276
12173,14222,HA,124,22.950819672131146,1.6129032258064515,11.237704918032787
12173,14679,AS,167,30.48780487804878,1.7964071856287425,14.679012345679013
12173,14679,HA,548,26.3254113345521,0.18248175182481752,17.121323529411764
12173,14679,WN,606,9.735973597359736,0.0,5.32890365448505
12173,14747,AS,907,25.64389697648376,1.543550165380375,15.291479820627803
12173,14747,DL,673,9.95475113122172,1.485884101040119,15.220211161387631
12173,14747,HA,925,31.99566160520607,0.32432432432432434,17.05
12173,14771,AS,77,60.526315789473685,1.2987012987012987,32.35526315789474
12173,14771,HA,504,32.734530938123754,0.5952380952380952,18.20558882235529
12173,14771,UA,1387,10.595065312046444,0.6488824801730353,9.669331395348838
12173,14831,AS,77,14.285714285714285,0.0,7.7272727272727275
12173,14831,HA,302,18.211920529801322,0.0,12.293333333333333
12173,14831,WN,393,6.106870229007633,0.0,3.2264631043257
12173,14869,DL,389,13.838120104438643,1.5424164524421593,9.6282722513089
12173,14869,HA,304,16.447368421052634,0.0,13.191419141914192
12173,14893,HA,304,19.801980198019802,0.32894736842105265,13.348837209302326
12173,14893,WN,304,13.157894736842104,0.0,6.279605263157895
12177,11292,OO,304,22.895622895622896,2.3026315789473686,35.99324324324324
12177,12266,OO,304,22.073578595317723,1.644736842105263,31.734006734006734
12191,10140,WN,811,18.929016189290163,0.9864364981504316,11.990037359900374
12191,10279,WN,12,41.66666666666667,0.0,17.833333333333332
12191,10397,DL,1237,17.801476620180477,1.4551333872271626,17.027937551355794
12191,10397,WN,1268,20.36741214057508,1.2618296529968454,12.0544
12191,10423,WN,1284,21.630094043887148,0.6230529595015576,12.777080062794349
12191,10431,G4,40,40.0,0.0,21.775
12191,10599,WN,394,19.387755102040817,0.5076142131979695,12.34871794871795
12191,10693,WN,1453,21.50313152400835,1.1011699931176875,12.706005586592179
12191,10800,WN,266,17.669172932330827,0.0,13.242424242424242
12191,10821,WN,1208,21.4527027027027,1.9867549668874172,12.277118644067796
12191,10994,WN,194,26.288659793814436,0.0,15.329896907216495
12191,11057,WN,34,26.47058823529412,0.0,9.764705882352942
12191,11066,WN,300,28.093645484949832,0.3333333333333333,17.869565217391305
12191,11109,WN,73,21.91780821917808,0.0,10.232876712328768
12191,11140,WN,802,21.608040201005025,0.7481296758104738,15.520100502512562
12191,11259,WN,3454,19.323241317898486,2.4609148812970467,12.594530321046374
12191,11278,WN,880,31.875719217491373,1.25,21.155272305909616
12191,11292,F9,69,20.588235294117645,1.4492753623188406,32.4264705882353
12191,11292,WN,1849,23.866739486619334,0.9734991887506761,14.71923076923077
12191,11298,MQ,1295,21.274900398406373,3.088803088803089,17.324281150159745
12191,11298,OH,99,29.213483146067414,10.1010101010101,36.30337078651685
12191,11298,OO,483,31.72866520787746,5.383022774327122,27.52759381898455
12191,11423,G4,46,17.391304347826086,0.0,13.41304347826087
12191,11481,WN,328,21.646341463414632,0.0,15.490853658536585
12191,11540,WN,865,19.53488372093023,0.5780346820809249,10.732788798133022
12191,11697,WN,638,25.4746835443038,0.9404388714733543,16.305732484076433
12191,11996,WN,207,18.84057971014493,0.0,10.618357487922705
12191,12206,WN,1090,20.42910447761194,1.651376146788991,12.129785247432306
12191,12339,WN,428,24.355971896955502,0.2336448598130841,12.539906103286384
12191,12448,WN,608,23.597359735973598,0.32894736842105265,14.037953795379538
12191,12451,WN,256,35.68627450980392,0.390625,20.454901960784312
12191,12889,WN,1727,20.52478134110787,0.6948465547191662,11.755102040816327
12191,12892,WN,989,19.91869918699187,0.5055611729019212,10.768056968463886
12191,12896,WN,66,21.21212121212121,0.0,8.863636363636363
12191,12953,WN,1128,24.057450628366247,1.2411347517730495,17.280797101449274
12191,12954,WN,462,18.478260869565215,0.4329004329004329,10.122004357298476
12191,12992,WN,24,25.0,0.0,16.0
12191,13158,WN,1099,20.3311867525299,1.091901728844404,11.743093922651934
12191,13198,WN,839,22.10144927536232,1.3110846245530394,13.246973365617434
12191,13204,WN,1568,20.964630225080384,0.8290816326530612,13.992273019961365
12191,13232,WN,1543,20.01312335958005,1.2313674659753726,12.188034188034187
12191,13244,WN,678,24.368499257057948,0.7374631268436578,13.660208643815201
12191,13303,WN,260,30.501930501930502,0.38461538461538464,19.135135135135137
12191,13495,WN,1892,15.873864243719934,1.109936575052854,10.037967914438502
12191,13796,WN,309,33.22475570032573,0.6472491909385113,16.706840390879478
12191,13851,WN,1080,20.22367194780988,0.6481481481481481,12.296641791044776
12191,13871,WN,327,15.479876160990713,1.2232415902140672,11.226006191950464
12191,13891,WN,302,14.333333333333334,0.6622516556291391,9.376666666666667
12191,14107,WN,1764,21.02857142857143,0.7936507936507936,12.425629290617849
12191,14122,WN,256,26.171875,0.0,17.890625
12191,14193,WN,298,30.201342281879196,0.0,17.484848484848484
12191,14314,G4,102,22.772277227722775,0.9803921568627451,25.643564356435643
12191,14492,WN,286,29.225352112676056,0.6993006993006993,14.70774647887324
12191,14635,WN,21,19.047619047619047,0.0,11.238095238095237
12191,14679,WN,720,22.657342657342657,0.6944444444444444,12.299719887955183
12191,14683,WN,1320,17.98780487804878,0.6060606060606061,9.872616323417239
12191,14685,WN,197,27.17948717948718,1.015228426395939,17.304123711340207
12191,14696,DL,1,0.0,0.0,1.0
12191,14730,WN,249,22.58064516129032,0.40160642570281124,14.153225806451612
12191,14747,WN,119,31.932773109243694,0.0,18.81512605042017
12191,14831,WN,303,18.666666666666668,0.9900990099009901,10.773333333333333
12191,14843,WN,83,30.120481927710845,0.0,13.19277108433735
12191,14869,WN,347,19.420289855072465,0.5763688760806917,8.970930232558139
12191,14893,WN,304,20.198675496688743,0.6578947368421053,10.135761589403973
12191,14986,WN,149,29.054054054054053,0.6711409395973155,19.35810810810811
12191,15016,WN,1267,17.133706965572458,1.420678768745067,10.626303127506015
12191,15304,WN,816,17.40740740740741,0.7352941176470589,10.951792336217553
12191,15370,WN,624,17.828200972447323,1.1217948717948718,9.108766233766234
12191,15376,WN,302,17.725752508361204,0.9933774834437086,10.26086956521739
12191,15412,G4,37,32.432432432432435,0.0,25.45945945945946
12191,15624,WN,216,27.77777777777778,0.0,20.38317757009346
12191,16422,G4,24,20.833333333333336,0.0,11.125
12197,10154,B6,235,10.434782608695652,2.127659574468085,6.293859649122807
12197,10397,DL,667,16.3109756097561,1.6491754122938531,18.791730474732006
12197,10397,OO,35,26.47058823529412,2.857142857142857,32.088235294117645
12197,11057,OH,1107,23.164918970448046,5.239385727190605,22.652007648183556
12197,11278,OH,1129,33.61742424242424,6.465899025686448,35.10161443494777
12197,11433,OO,337,26.80722891566265,1.4836795252225519,25.63141993957704
12197,11697,B6,715,19.577464788732392,0.6993006993006993,12.997167138810198
12197,13204,B6,1030,21.25984251968504,1.3592233009708738,21.452716297786722
12197,13303,MQ,124,9.917355371900827,2.4193548387096775,3.347107438016529
12197,13930,MQ,1108,21.29032258064516,2.0758122743682312,16.395198522622344
12197,14027,B6,1320,20.56574923547401,0.9090909090909091,15.49423520368947
12197,14635,B6,599,15.242881072026801,0.333889816360601,10.391891891891891
12197,14843,B6,303,20.198675496688743,0.33003300330033003,12.478405315614618
12197,15304,B6,303,6.666666666666667,0.9900990099009901,5.751677852348993
12206,10423,OO,158,27.631578947368425,3.7974683544303796,21.08609271523179
12206,10423,WN,531,13.461538461538462,2.071563088512241,9.5626204238921
12206,11259,WN,314,13.029315960912053,2.229299363057325,7.700325732899023
12206,11292,OO,4,0.0,25.0,0.0
12206,11298,MQ,1068,18.003913894324853,4.307116104868914,14.73235294117647
12206,11298,OH,145,16.312056737588655,2.7586206896551726,20.357142857142858
12206,11298,OO,112,28.000000000000004,10.714285714285714,19.2
12206,12191,WN,1090,17.850467289719628,1.834862385321101,11.586142322097379
12206,12266,OO,26,28.000000000000004,3.8461538461538463,37.56
12206,13487,DL,123,12.396694214876034,1.6260162601626016,4.9421487603305785
12206,13487,OO,8,0.0,12.5,0.14285714285714285
12206,13930,OO,8,28.57142857142857,12.5,31.285714285714285
12217,10397,DL,2026,12.231652521218173,1.1352418558736426,11.286356821589205
12217,11057,AA,1,0.0,0.0,0.0
12217,11057,MQ,47,19.148936170212767,0.0,11.638297872340425
12217,11057,OH,554,23.639774859287055,3.7906137184115525,22.462406015037594
12217,11278,MQ,207,31.914893617021278,9.178743961352657,19.0
12217,11278,OH,849,36.6751269035533,7.184923439340401,38.37275064267352
12217,11278,YX,57,17.857142857142858,1.7543859649122806,6.553571428571429
12217,11292,OO,608,22.277227722772277,0.32894736842105265,20.276206322795343
12217,11298,AA,184,34.090909090909086,4.3478260869565215,26.09659090909091
12217,11298,MQ,953,22.97734627831715,2.728226652675761,17.995670995670995
12217,11298,OH,613,37.89473684210527,7.014681892332789,42.767605633802816
12217,11298,OO,53,33.33333333333333,3.7735849056603774,23.274509803921568
12217,11433,DL,1,0.0,0.0,0.0
12217,11433,OO,96,19.791666666666664,0.0,23.25
12217,12266,OO,11,9.090909090909092,0.0,9.545454545454545
12217,13303,MQ,25,36.0,0.0,35.92
12217,13303,YX,1,100.0,0.0,16.0
12217,13930,MQ,48,14.583333333333334,0.0,12.541666666666666
12217,13930,OO,894,29.943502824858758,1.0067114093959733,28.48471121177803
12223,11697,G4,41,46.34146341463415,0.0,39.707317073170735
12223,13577,G4,66,18.181818181818183,0.0,7.621212121212121
12223,14082,G4,24,62.5,0.0,89.69565217391305
12223,14112,G4,174,43.02325581395349,1.1494252873563218,40.11695906432749
12223,14761,G4,124,54.09836065573771,1.6129032258064515,47.131147540983605
12223,15624,G4,44,34.090909090909086,0.0,59.86363636363637
12250,11278,YX,106,36.36363636363637,6.60377358490566,34.65979381443299
12250,12478,B6,111,32.71028037383177,3.6036036036036037,48.401869158878505
12250,12953,YX,76,22.666666666666664,1.3157894736842106,37.053333333333335
12250,13930,YX,11,30.0,9.090909090909092,15.0
12250,14100,YX,76,15.789473684210526,0.0,16.586666666666666
12255,11292,OO,522,21.18811881188119,3.256704980842912,22.148809523809526
12264,10140,UA,162,16.666666666666664,0.0,24.84567901234568
12264,10299,UA,108,34.57943925233645,0.9259259259259259,24.00952380952381
12264,10397,DL,1797,22.768361581920903,1.5025041736227045,20.423622941510505
12264,10397,F9,416,38.75,3.8461538461538463,36.5125
12264,10397,UA,959,20.3781512605042,0.7299270072992701,18.425711275026345
12264,10397,YX,36,22.857142857142858,2.7777777777777777,15.6
12264,10423,G4,16,6.25,0.0,1.9375
12264,10423,UA,909,20.81949058693245,0.6600660066006601,14.369179600886918
12264,10423,YX,22,18.181818181818183,0.0,8.045454545454545
12264,10431,G4,39,12.82051282051282,0.0,9.736842105263158
12264,10529,UA,641,16.144200626959247,0.46801872074882994,9.921630094043888
12264,10529,YX,110,19.444444444444446,1.8181818181818181,11.805555555555555
12264,10693,G4,45,22.22222222222222,0.0,17.488888888888887
12264,10693,UA,804,20.72409488139825,0.373134328358209,14.823308270676693
12264,10693,YX,7,42.857142857142854,0.0,68.0
12264,10721,UA,1335,26.303854875283445,0.898876404494382,21.549508692365837
12264,10721,YX,5,0.0,0.0,2.0
12264,10785,UA,9,33.33333333333333,0.0,24.375
12264,10785,YX,590,16.987740805604204,3.2203389830508473,17.83684210526316
12264,10792,UA,7,16.666666666666664,14.285714285714286,6.0
12264,10792,YX,102,25.252525252525253,2.9411764705882355,30.656565656565657
12264,10849,UA,49,4.081632653061225,0.0,6.285714285714286
12264,10994,UA,242,7.851239669421488,0.0,5.1115702479338845
12264,10994,YX,368,14.565826330532214,2.989130434782609,8.014005602240896
12264,11042,UA,567,14.564831261101244,0.7054673721340388,12.52584670231729
12264,11042,YX,267,16.28787878787879,1.1235955056179776,12.56060606060606
12264,11057,AA,68,16.176470588235293,0.0,7.014705882352941
12264,11057,OH,1223,20.067739204064353,3.4341782502044156,18.26502963590178
12264,11057,UA,108,21.296296296296298,0.0,11.027777777777779
12264,11057,YX,255,13.654618473895583,2.3529411764705883,13.710843373493976
12264,11066,UA,170,7.647058823529412,0.0,3.476470588235294
12264,11066,YX,796,22.998729351969505,1.1306532663316582,19.698473282442748
12264,11193,YX,369,13.661202185792352,0.8130081300813008,8.419178082191781
12264,11292,UA,2224,21.19981957600361,0.3147482014388489,15.991803278688524
12264,11292,WN,756,21.866666666666667,0.7936507936507936,13.07095046854083
12264,11298,AA,728,25.035360678925034,2.8846153846153846,25.30527817403709
12264,11298,F9,93,14.285714285714285,2.150537634408602,16.455555555555556
12264,11298,UA,778,23.086900129701686,0.8997429305912596,18.65748031496063
12264,11433,DL,33,9.090909090909092,0.0,5.636363636363637
12264,11433,OO,811,20.099255583126553,0.6165228113440198,21.404466501240694
12264,11433,UA,3,0.0,0.0,0.0
12264,11433,YX,118,24.786324786324787,0.847457627118644,19.811965811965813
12264,11618,UA,1158,37.17277486910995,1.0362694300518134,38.97202797202797
12264,11618,YX,99,37.2093023255814,13.131313131313131,41.66279069767442
12264,11624,UA,45,26.666666666666668,0.0,21.84090909090909
12264,11697,UA,634,18.196202531645568,0.31545741324921134,14.110759493670885
12264,12094,UA,13,61.53846153846154,0.0,29.25
12264,12173,UA,122,15.702479338842975,0.819672131147541,20.06611570247934
12264,12266,UA,1643,20.772058823529413,0.6695069993913573,14.104358502148557
12264,12339,UA,26,19.230769230769234,0.0,9.846153846153847
12264,12339,YX,944,17.703862660944207,1.271186440677966,14.244897959183673
12264,12451,G4,49,62.5,2.0408163265306123,91.5625
12264,12451,UA,388,20.77922077922078,0.7731958762886598,16.588541666666668
12264,12451,YX,145,20.28985507246377,4.827586206896552,9.565217391304348
12264,12478,OO,59,29.310344827586203,1.694915254237288,19.74137931034483
12264,12559,OO,304,20.875420875420875,2.3026315789473686,24.808873720136518
12264,12889,F9,113,26.548672566371685,0.0,22.38053097345133
12264,12889,UA,980,22.801635991820042,0.20408163265306123,16.07897435897436
12264,12892,AS,183,35.51912568306011,0.0,27.224043715846996
12264,12892,UA,1844,18.54882705946536,0.596529284164859,14.981996726677577
12264,12953,UA,7,57.14285714285714,0.0,56.0
12264,12953,YX,555,24.763705103969755,4.684684684684685,20.37807183364839
12264,13198,UA,3,0.0,0.0,0.0
12264,13198,YX,7,28.57142857142857,0.0,9.142857142857142
12264,13204,F9,242,34.59915611814346,2.0661157024793386,37.28691983122363
12264,13204,UA,1677,23.237753882915175,0.17889087656529518,16.714712918660286
12264,13282,OO,304,17.80821917808219,3.9473684210526314,31.708904109589042
12264,13303,F9,110,41.66666666666667,1.8181818181818181,44.175925925925924
12264,13303,UA,380,14.511873350923482,0.2631578947368421,11.134564643799472
12264,13485,UA,1,100.0,0.0,264.0
12264,13487,DL,23,21.73913043478261,0.0,51.0
12264,13487,OO,686,13.76281112737921,0.43731778425655976,12.217647058823529
12264,13487,YX,34,11.76470588235294,0.0,13.117647058823529
12264,13495,UA,531,18.51145038167939,1.3182674199623352,14.791984732824428
12264,13495,YX,19,10.526315789473683,0.0,6.631578947368421
12264,13577,YX,11,9.090909090909092,0.0,4.363636363636363
12264,13930,UA,1694,24.02135231316726,0.4722550177095632,16.436979785969083
12264,13931,UA,204,20.2970297029703,0.9803921568627451,16.386138613861387
12264,13931,YX,233,14.537444933920703,2.575107296137339,10.51101321585903
12264,14027,UA,12,16.666666666666664,0.0,40.75
12264,14027,YX,52,17.307692307692307,0.0,7.2745098039215685
12264,14057,UA,246,24.081632653061224,0.4065040650406504,23.751020408163264
12264,14082,G4,65,18.461538461538463,0.0,14.123076923076923
12264,14100,UA,5,20.0,0.0,7.0
12264,14100,YX,18,16.666666666666664,0.0,6.0
12264,14107,UA,689,17.49271137026239,0.43541364296081275,14.545985401459854
12264,14107,WN,303,32.11920529801324,0.33003300330033003,17.483333333333334
12264,14122,UA,164,15.950920245398773,0.6097560975609756,7.674846625766871
12264,14122,YX,802,17.961783439490446,2.119700748129676,14.672611464968153
12264,14262,UA,120,7.563025210084033,0.8333333333333334,3.1512605042016806
12264,14307,YX,133,12.878787878787879,0.7518796992481203,9.946969696969697
12264,14321,UA,6,20.0,16.666666666666668,5.6
12264,14321,YX,761,15.591397849462366,2.2339027595269383,14.516129032258064
12264,14492,UA,649,14.751552795031056,0.7704160246533128,9.065522620904837
12264,14492,YX,338,22.5609756097561,2.9585798816568047,17.10670731707317
12264,14524,YX,55,9.25925925925926,1.8181818181818181,5.685185185185185
12264,14576,UA,6,50.0,0.0,33.666666666666664
12264,14576,YX,100,30.208333333333332,4.0,33.572916666666664
12264,14635,UA,392,14.615384615384617,0.5102040816326531,11.110539845758355
12264,14679,AS,302,28.57142857142857,0.33112582781456956,17.663299663299664
12264,14679,UA,906,16.261061946902654,0.22075055187637968,11.305122494432071
12264,14683,UA,529,18.59582542694497,0.3780718336483932,15.603415559772296
12264,14685,G4,39,23.076923076923077,0.0,55.97435897435897
12264,14685,YX,109,13.88888888888889,0.9174311926605505,20.850467289719628
12264,14696,UA,1,0.0,0.0,0.0
12264,14696,YX,211,21.463414634146343,2.843601895734597,22.970731707317075
12264,14711,YX,3,66.66666666666666,0.0,35.666666666666664
12264,14730,UA,4,0.0,0.0,1.25
12264,14730,YX,354,12.285714285714286,1.1299435028248588,9.825714285714286
12264,14747,AS,722,22.284122562674096,0.554016620498615,13.458217270194986
12264,14747,DL,304,14.19141914191419,0.32894736842105265,15.241721854304636
12264,14747,UA,686,20.527859237536656,0.5830903790087464,13.464705882352941
12264,14771,AS,286,25.4416961130742,1.048951048951049,16.936395759717314
12264,14771,UA,2114,19.733713742272943,0.5203405865657521,15.877560743211053
12264,14843,F9,49,64.58333333333334,2.0408163265306123,125.54166666666667
12264,14843,UA,416,18.55421686746988,0.2403846153846154,10.204819277108435
12264,14869,DL,305,11.80327868852459,0.0,9.476973684210526
12264,14869,UA,305,21.45214521452145,0.6557377049180327,13.85430463576159
12264,14893,UA,304,29.372937293729372,0.32894736842105265,22.603960396039604
12264,14986,G4,75,29.72972972972973,1.3333333333333333,57.2972972972973
12264,15016,YX,1,100.0,0.0,234.0
12264,15024,UA,246,14.285714285714285,0.4065040650406504,8.408163265306122
12264,15096,YX,70,22.058823529411764,2.857142857142857,27.16176470588235
12264,15304,F9,207,41.11675126903553,4.830917874396135,31.362244897959183
12264,15304,UA,1125,22.192513368983956,0.26666666666666666,15.886404293381037
12264,15380,UA,8,12.5,0.0,5.0
12264,15412,G4,37,21.62162162162162,0.0,55.24324324324324
12264,15624,G4,32,25.0,0.0,16.4375
12265,13577,G4,47,38.297872340425535,0.0,51.340425531914896
12265,14082,G4,171,20.710059171597635,1.1695906432748537,19.464285714285715
12265,14112,G4,114,30.973451327433626,0.8771929824561403,15.098214285714286
12265,14761,G4,79,39.743589743589745,1.2658227848101267,28.91025641025641
12266,10140,OO,40,20.0,0.0,12.9
12266,10140,UA,326,26.25,1.8404907975460123,16.07547169811321
12266,10279,OO,166,23.92638036809816,1.8072289156626506,29.49079754601227
12266,10299,UA,126,31.746031746031743,0.0,21.142857142857142
12266,10372,OO,475,31.848552338530066,5.473684210526316,35.269689737470166
12266,10397,DL,2009,19.58502024291498,1.642608262817322,17.315068493150687
12266,10397,F9,491,42.5,2.240325865580448,40.85355648535565
12266,10397,NK,478,22.41014799154334,1.0460251046025104,12.556025369978858
12266,10397,OO,5,0.0,0.0,0.8
12266,10397,UA,764,19.230769230769234,1.3089005235602094,15.588859416445624
12266,10408,OO,3,33.33333333333333,0.0,21.333333333333332
12266,10423,OO,142,20.422535211267608,0.0,19.225352112676056
12266,10423,UA,2041,23.214285714285715,1.224889759921607,16.804962779156327
12266,10599,OO,106,32.69230769230769,1.8867924528301887,38.10576923076923
12266,10693,NK,77,28.985507246376812,10.38961038961039,14.246376811594203
12266,10693,OO,357,26.36103151862464,2.2408963585434174,20.841954022988507
12266,10693,UA,711,23.295454545454543,0.9845288326300985,18.664285714285715
12266,10721,B6,391,42.55874673629243,2.0460358056265986,33.77165354330709
12266,10721,UA,1303,25.05800464037123,0.7674597083653109,20.138437741686
12266,10781,OO,310,23.432343234323433,2.2580645161290325,19.09271523178808
12266,10781,UA,1,,100.0,
12266,10821,NK,389,21.614583333333336,1.2853470437017995,13.156657963446476
12266,10821,OO,1,0.0,0.0,1.0
12266,10821,UA,572,29.049295774647888,0.6993006993006993,21.368141592920352
12266,10849,UA,65,32.30769230769231,0.0,22.796875
12266,10994,OO,1,100.0,0.0,91.0
12266,10994,UA,139,45.98540145985402,1.4388489208633093,33.722627737226276
12266,11042,UA,807,13.909774436090224,1.1152416356877324,9.52638190954774
12266,11057,AA,1438,20.8955223880597,2.1557719054242,25.962277580071174
12266,11057,F9,108,25.961538461538463,3.7037037037037037,19.278846153846153
12266,11057,OH,1,,100.0,
12266,11057,OO,8,62.5,0.0,28.0
12266,11057,UA,498,27.180527383367142,1.0040160642570282,20.290650406504064
12266,11066,UA,469,25.376344086021508,0.8528784648187633,21.67241379310345
12266,11109,OO,197,26.804123711340207,1.5228426395939085,20.5
12266,11140,OO,449,23.636363636363637,2.0044543429844097,27.020454545454545
12266,11193,F9,49,14.583333333333334,2.0408163265306123,12.541666666666666
12266,11193,UA,424,27.380952380952383,0.9433962264150944,17.06904761904762
12266,11278,UA,1975,27.88065843621399,1.5696202531645569,19.59658208182289
12266,11278,YX,152,23.026315789473685,0.0,9.867549668874172
12266,11292,F9,585,26.551724137931032,0.8547008547008547,21.756476683937823
12266,11292,UA,3204,21.92899780081684,0.6554307116104869,16.69782128197032
12266,11298,AA,2080,27.42828384499245,4.471153846153846,37.86038306451613
12266,11298,F9,105,37.0,4.761904761904762,31.67
12266,11298,MQ,756,24.410540915395284,4.62962962962963,20.774687065368568
12266,11298,OH,3,33.33333333333333,0.0,8.333333333333334
12266,11298,OO,95,28.57142857142857,4.2105263157894735,22.164835164835164
12266,11298,UA,1818,26.13318410744264,1.705170517051705,22.106561974200787
12266,11423,UA,274,31.11111111111111,1.4598540145985401,18.151851851851852
12266,11433,DL,1080,16.511194029850746,0.7407407407407407,17.006560449859418
12266,11433,NK,485,14.906832298136646,0.41237113402061853,13.614906832298137
12266,11433,UA,298,25.17241379310345,2.684563758389262,13.53448275862069
12266,11481,OO,60,30.0,0.0,26.084745762711865
12266,11503,UA,123,37.1900826446281,1.6260162601626016,16.39669421487603
12266,11540,OO,106,11.320754716981133,0.0,9.31132075471698
12266,11618,NK,274,26.41509433962264,3.2846715328467155,20.30188679245283
12266,11618,UA,2797,27.308946034045633,1.2870933142652843,24.18768221574344
12266,11648,UA,10,10.0,0.0,5.1
12266,11697,NK,913,20.13274336283186,0.9857612267250822,15.62015503875969
12266,11697,UA,1275,19.968429360694554,0.6274509803921569,15.407436708860759
12266,11953,DL,1,0.0,0.0,12.0
12266,11996,UA,120,32.773109243697476,0.8333333333333334,21.084033613445378
12266,12094,OO,33,21.875,3.0303030303030303,36.5
12266,12094,UA,6,50.0,0.0,21.166666666666668
12266,12173,UA,317,23.49206349206349,0.6309148264984227,15.261980830670927
12266,12177,OO,304,27.89115646258503,3.289473684210526,33.41034482758621
12266,12206,OO,26,38.46153846153847,0.0,39.92
12266,12217,OO,11,27.27272727272727,0.0,10.272727272727273
12266,12264,UA,1643,21.949724095646843,0.7303712720632989,15.18159509202454
12266,12278,OO,364,21.568627450980394,1.9230769230769231,20.23098591549296
12266,12278,UA,66,30.303030303030305,0.0,16.272727272727273
12266,12339,OO,1,100.0,0.0,20.0
12266,12339,UA,629,20.84006462035541,1.589825119236884,15.511326860841423
12266,12441,UA,59,20.689655172413794,1.694915254237288,12.948275862068966
12266,12448,OO,52,36.0,3.8461538461538463,71.64
12266,12451,OO,30,34.48275862068966,3.3333333333333335,62.793103448275865
12266,12451,UA,483,26.41509433962264,1.2422360248447204,17.757894736842104
12266,12478,B6,143,33.80281690140845,0.6993006993006993,29.347517730496453
12266,12478,DL,54,18.867924528301888,1.8518518518518519,33.56603773584906
12266,12889,F9,212,30.434782608695656,2.358490566037736,35.27804878048781
12266,12889,NK,643,17.26844583987441,0.9331259720062208,13.570754716981131
12266,12889,UA,2135,19.650448748228623,0.8430913348946136,13.376242309512541
12266,12892,DL,543,12.267657992565056,0.9208103130755064,13.631284916201118
12266,12892,F9,288,30.49645390070922,2.0833333333333335,18.73049645390071
12266,12892,NK,632,15.840000000000002,1.1075949367088607,13.751602564102564
12266,12892,OO,346,16.569767441860463,0.5780346820809249,12.142857142857142
12266,12892,UA,2697,16.51101979828166,0.7415647015202076,11.837322363500373
12266,12896,OO,100,34.73684210526316,5.0,42.204301075268816
12266,12915,OO,98,14.432989690721648,1.0204081632653061,12.618556701030927
12266,12951,OO,234,27.074235807860266,2.1367521367521367,23.388646288209607
12266,12953,DL,1110,23.57798165137615,1.8018018018018018,22.400372439478584
12266,12953,NK,350,27.77777777777778,2.2857142857142856,21.43108504398827
12266,12953,OO,5,20.0,0.0,7.0
12266,12953,UA,2131,26.215443279313632,1.5485687470671046,20.182036503362152
12266,12992,OO,461,22.29580573951435,1.735357917570499,18.77777777777778
12266,13158,OO,445,25.799086757990867,1.5730337078651686,22.668949771689498
12266,13158,UA,309,25.0814332247557,0.6472491909385113,18.831683168316832
12266,13198,OO,24,34.78260869565217,4.166666666666667,26.652173913043477
12266,13198,UA,338,29.607250755287005,2.0710059171597632,19.362537764350453
12266,13204,F9,364,39.226519337016576,0.5494505494505495,40.4792243767313
12266,13204,NK,582,23.519163763066203,1.3745704467353952,23.32460732984293
12266,13204,UA,1970,20.410256410256412,1.015228426395939,17.41404233350542
12266,13232,F9,138,31.386861313868614,0.7246376811594203,32.605839416058394
12266,13241,OO,522,25.0,1.9157088122605364,29.974509803921567
12266,13244,OO,496,19.47261663286004,0.6048387096774194,16.428861788617887
12266,13244,UA,296,30.584192439862544,1.6891891891891893,23.88659793814433
12266,13256,OO,192,19.047619047619047,1.5625,14.19047619047619
12266,13256,UA,353,18.624641833810887,1.13314447592068,14.286532951289399
12266,13303,AA,1231,25.041322314049587,1.7059301380991063,33.36772046589018
12266,13303,F9,121,34.74576271186441,2.479338842975207,47.97457627118644
12266,13303,MQ,111,21.296296296296298,2.7027027027027026,18.66355140186916
12266,13303,NK,463,22.807017543859647,1.511879049676026,19.590308370044053
12266,13303,UA,1169,22.904062229904927,1.0265183917878529,16.741543798785777
12266,13342,OO,122,17.21311475409836,0.0,9.59016393442623
12266,13422,OO,32,32.25806451612903,3.125,29.433333333333334
12266,13485,UA,1,0.0,0.0,0.0
12266,13487,DL,1088,21.626617375231053,0.5514705882352942,22.076851851851853
12266,13487,UA,385,30.687830687830687,1.8181818181818181,21.314814814814813
12266,13495,NK,266,19.771863117870723,1.1278195488721805,15.927756653992395
12266,13495,OO,5,40.0,0.0,43.6
12266,13495,UA,2322,19.57092819614711,1.636520241171404,14.183252959228408
12266,13502,OO,2,50.0,0.0,11.5
12266,13851,OO,1142,26.83790965456156,1.138353765323993,24.480427046263344
12266,13851,UA,91,9.89010989010989,0.0,8.054945054945055
12266,13871,OO,83,10.843373493975903,0.0,9.120481927710843
12266,13871,UA,473,33.62068965517241,1.9027484143763214,28.14038876889849
12266,13891,F9,142,47.44525547445255,3.5211267605633805,31.78832116788321
12266,13891,UA,305,30.033003300330037,0.6557377049180327,22.910596026490065
12266,13930,AA,732,28.01664355062413,1.5027322404371584,37.10138888888889
12266,13930,F9,150,40.97222222222222,4.0,66.36111111111111
12266,13930,MQ,126,28.000000000000004,0.7936507936507936,24.264
12266,13930,NK,399,25.96401028277635,2.506265664160401,17.850515463917525
12266,13930,OH,4,50.0,0.0,77.75
12266,13930,OO,1,100.0,0.0,858.0
12266,13930,UA,3151,18.968279397628965,0.952078705172961,13.950882825040129
12266,13930,YX,286,26.811594202898554,3.4965034965034967,21.220588235294116
12266,13931,UA,88,18.823529411764707,3.409090909090909,8.352941176470589
12266,14027,OO,11,36.36363636363637,0.0,33.0
12266,14027,UA,232,26.83982683982684,0.43103448275862066,16.450216450216452
12266,14057,AS,170,17.261904761904763,1.1764705882352942,15.922155688622755
12266,14057,UA,728,20.527045769764214,0.9615384615384616,13.406944444444445
12266,14100,AA,490,23.890063424947147,3.4693877551020407,45.959830866807614
12266,14100,NK,88,28.57142857142857,4.545454545454546,48.19277108433735
12266,14100,OH,139,29.1970802919708,1.4388489208633093,42.88235294117647
12266,14100,UA,646,20.12480499219969,0.7739938080495357,13.62402496099844
12266,14107,AA,289,15.384615384615385,1.0380622837370241,29.667832167832167
12266,14107,F9,245,38.333333333333336,2.0408163265306123,31.18487394957983
12266,14107,MQ,202,17.587939698492463,1.4851485148514851,15.537688442211055
12266,14107,OO,229,20.88888888888889,1.7467248908296944,19.77777777777778
12266,14107,UA,1560,21.77002583979328,0.7692307692307693,15.171410090556273
12266,14109,OO,522,26.5625,1.9157088122605364,20.73870333988212
12266,14122,NK,1,0.0,0.0,0.0
12266,14122,OO,8,50.0,0.0,43.625
12266,14122,UA,471,24.57264957264957,0.6369426751592356,16.108974358974358
12266,14193,NK,10,20.0,0.0,4.4
12266,14193,OO,185,32.78688524590164,1.0810810810810811,26.224043715846996
12266,14193,UA,332,27.018633540372672,3.0120481927710845,18.76323987538941
12266,14262,OO,64,17.1875,0.0,24.88888888888889
12266,14262,UA,105,16.19047619047619,0.0,10.104761904761904
12266,14321,OO,13,15.384615384615385,0.0,4.461538461538462
12266,14492,F9,90,25.555555555555554,0.0,19.855555555555554
12266,14492,OO,9,55.55555555555556,0.0,88.66666666666667
12266,14492,UA,568,17.2291296625222,0.8802816901408451,12.492007104795738
12266,14524,UA,6,40.0,16.666666666666668,22.0
12266,14570,UA,27,18.51851851851852,0.0,11.148148148148149
12266,14635,UA,621,21.197411003236247,0.4830917874396135,14.775974025974026
12266,14674,OO,17,23.52941176470588,0.0,18.058823529411764
12266,14679,UA,1386,21.517140773158278,1.0822510822510822,14.733382030679328
12266,14683,OO,112,30.357142857142854,0.0,25.089285714285715
12266,14683,UA,1870,19.39328277356446,1.2834224598930482,14.036876355748372
12266,14696,UA,1,0.0,0.0,7.0
12266,14696,YX,1,0.0,0.0,0.0
12266,14730,MQ,2,0.0,0.0,0.0
12266,14730,NK,2,50.0,0.0,25.0
12266,14730,UA,8,37.5,0.0,13.25
12266,14747,AS,736,25.555555555555554,2.1739130434782608,14.977653631284916
12266,14747,UA,1060,26.666666666666668,0.9433962264150944,18.76952380952381
12266,14771,UA,2834,20.384204909284954,0.8115737473535639,14.963688145247419
12266,14783,OO,500,27.66393442622951,2.4,33.03917525773196
12266,14814,OO,987,26.632124352331605,2.2289766970618032,23.711917098445596
12266,14831,UA,184,14.285714285714285,1.0869565217391304,9.406593406593407
12266,14843,NK,149,22.972972972972975,0.6711409395973155,17.83108108108108
12266,14843,UA,737,18.66485013623978,0.40705563093622793,12.039509536784742
12266,14869,DL,833,17.2289156626506,0.36014405762304924,14.58866103739445
12266,14869,OO,60,30.0,0.0,26.983333333333334
12266,14869,UA,761,18.96551724137931,0.9198423127463863,12.159362549800797
12266,14877,OO,184,36.87150837988827,2.717391304347826,47.53932584269663
12266,14893,UA,562,22.678571428571427,0.35587188612099646,15.833631484794276
12266,14908,UA,987,14.795918367346939,0.7092198581560284,9.225206611570249
12266,14986,OO,2,0.0,0.0,11.5
12266,14986,UA,4,50.0,0.0,25.0
12266,15016,OO,98,29.591836734693878,0.0,22.76530612244898
12266,15016,UA,397,29.336734693877553,1.2594458438287153,20.55242966751918
12266,15024,UA,119,15.384615384615385,1.680672268907563,6.836206896551724
12266,15304,F9,143,35.97122302158273,2.797202797202797,57.73381294964029
12266,15304,NK,231,25.76419213973799,0.8658008658008658,15.02183406113537
12266,15304,UA,1138,19.469026548672566,0.70298769771529,15.307897071872228
12266,15370,OO,518,20.930232558139537,0.3861003861003861,19.035019455252918
12266,15370,UA,335,26.299694189602445,2.388059701492537,16.18348623853211
12266,15376,OO,63,13.114754098360656,3.1746031746031744,9.770491803278688
12266,15376,UA,240,21.09704641350211,1.25,10.763713080168776
12266,15380,OO,54,46.2962962962963,0.0,33.98148148148148
12266,15569,OO,485,22.483940042826553,3.711340206185567,42.90948275862069
12266,15919,OO,140,22.302158273381295,0.7142857142857143,19.043478260869566
12266,15919,UA,13,7.6923076923076925,0.0,2.8461538461538463
12278,10397,DL,951,15.605095541401273,0.9463722397476341,16.05
12278,10466,G4,89,17.045454545454543,1.1235955056179776,8.511363636363637
12278,11278,MQ,27,30.76923076923077,3.7037037037037037,24.84
12278,11278,OH,215,40.0,11.627906976744185,53.01069518716577
12278,11278,YX,31,32.25806451612903,0.0,16.161290322580644
12278,11292,OO,1052,21.113243761996163,0.9505703422053232,20.23869104908566
12278,11292,UA,305,31.22923588039867,1.3114754098360655,15.631229235880399
12278,11292,WN,423,21.71837708830549,0.9456264775413712,20.51196172248804
12278,11298,AA,69,30.76923076923077,5.797101449275362,52.16923076923077
12278,11298,MQ,759,24.21340629274966,3.689064558629776,19.10989010989011
12278,11298,OH,1185,26.282628262826286,6.244725738396625,30.44605621033545
12278,11298,OO,247,24.152542372881356,4.4534412955465585,29.97457627118644
12278,12266,OO,363,21.84873949579832,1.6528925619834711,19.149717514124294
12278,12266,UA,66,4.615384615384616,1.5151515151515151,2.3692307692307693
12278,12889,G4,90,37.77777777777778,0.0,27.877777777777776
12278,12889,WN,304,14.521452145214523,0.32894736842105265,9.597359735973598
12278,12892,G4,24,25.0,0.0,23.25
12278,13303,MQ,17,5.88235294117647,0.0,1.4705882352941178
12278,13487,OO,266,15.530303030303031,0.7518796992481203,11.905303030303031
12278,13930,MQ,301,20.962199312714777,3.3222591362126246,15.061855670103093
12278,13930,OO,1116,30.945821854912765,2.4193548387096775,30.444342226310948
12278,13930,UA,266,15.32567049808429,1.8796992481203008,12.685823754789272
12278,13930,YX,3,0.0,0.0,0.0
12278,14107,MQ,58,8.620689655172415,0.0,6.310344827586207
12278,14107,OO,239,18.37606837606838,2.092050209205021,21.759656652360515
12278,14107,WN,185,10.326086956521738,0.5405405405405406,6.864130434782608
12278,14112,G4,30,46.666666666666664,0.0,25.666666666666668
12278,14761,G4,24,21.73913043478261,4.166666666666667,31.608695652173914
12278,15016,WN,562,14.388489208633093,1.0676156583629892,10.25
12278,15624,G4,78,24.358974358974358,0.0,15.474358974358974
12280,10466,G4,175,20.114942528735632,0.5714285714285714,16.166666666666668
12280,11292,G4,30,64.28571428571429,6.666666666666667,54.148148148148145
12280,11292,OO,1462,24.94802494802495,1.2995896032831737,23.45740223463687
12280,11298,OO,484,24.0,1.859504132231405,20.451820128479657
12280,12889,G4,90,24.444444444444443,0.0,51.71111111111111
12280,13796,G4,30,23.333333333333332,0.0,45.2
12280,13930,OO,87,43.02325581395349,1.1494252873563218,47.08641975308642
12280,14057,G4,64,31.25,0.0,51.6875
12280,14107,OO,124,14.634146341463413,0.8064516129032258,11.804878048780488
12280,14747,OO,11,0.0,0.0,3.8181818181818183
12280,14869,DL,300,15.333333333333332,0.0,17.55
12280,14869,OO,680,7.363770250368189,0.14705882352941177,7.368188512518409
12280,14908,G4,89,25.842696629213485,0.0,41.92134831460674
12323,10397,DL,752,14.87935656836461,0.7978723404255319,12.555704697986577
12323,10397,OO,28,18.51851851851852,3.5714285714285716,14.0
12323,10721,B6,179,27.27272727272727,1.675977653631285,19.72159090909091
12323,10721,MQ,211,36.71497584541063,1.8957345971563981,28.02415458937198
12323,10721,YX,60,15.0,0.0,12.966666666666667
12323,11057,AA,1330,14.43850267379679,1.5789473684210527,15.376146788990825
12323,11057,MQ,165,20.98765432098765,1.8181818181818181,10.61111111111111
12323,11057,OH,447,14.418604651162791,3.8031319910514543,10.341860465116278
12323,11278,AA,5,20.0,0.0,58.4
12323,11278,MQ,10,33.33333333333333,10.0,16.0
12323,11278,OH,736,29.927007299270077,6.929347826086956,30.907894736842106
12323,11278,YX,9,44.44444444444444,0.0,58.22222222222222
12323,11292,OO,13,69.23076923076923,0.0,33.583333333333336
12323,11298,AA,143,20.437956204379564,4.195804195804196,13.779411764705882
12323,11298,MQ,464,15.75492341356674,1.5086206896551724,11.80879120879121
12323,11618,YX,111,28.125,13.513513513513514,40.305263157894736
12323,12953,YX,822,18.380462724935732,5.35279805352798,16.49355670103093
12323,13303,AA,69,5.970149253731343,2.898550724637681,3.985074626865672
12323,13303,MQ,235,12.017167381974248,0.851063829787234,10.446351931330472
12323,13303,YX,17,47.05882352941176,0.0,25.823529411764707
12323,13487,DL,27,40.74074074074074,0.0,37.407407407407405
12323,13930,AA,70,36.76470588235294,2.857142857142857,34.208955223880594
12323,13930,MQ,132,23.076923076923077,1.5151515151515151,13.338461538461539
12323,13930,OO,82,37.9746835443038,3.658536585365854,39.164556962025316
12323,13930,YX,59,58.92857142857143,5.084745762711864,36.589285714285715
12323,14100,OH,138,15.789473684210526,3.6231884057971016,22.37593984962406
12335,11433,OO,304,20.26578073089701,0.9868421052631579,26.272425249169434
12335,13487,OO,303,18.729096989966553,1.3201320132013201,23.615384615384617
12339,10397,AA,1,0.0,0.0,0.0
12339,10397,DL,2280,10.048694112439133,0.9210526315789473,8.277456647398845
12339,10397,F9,94,40.65934065934066,3.1914893617021276,31.24175824175824
12339,10397,NK,62,24.59016393442623,1.6129032258064515,21.666666666666668
12339,10397,WN,391,18.441558441558442,1.5345268542199488,11.502604166666666
12339,10423,G4,22,45.45454545454545,0.0,22.59090909090909
12339,10423,OO,178,3.932584269662921,0.0,2.352272727272727
12339,10423,WN,471,19.78723404255319,0.21231422505307856,11.82089552238806
12339,10693,WN,240,19.166666666666668,0.0,11.694560669456067
12339,10721,G4,22,13.636363636363635,0.0,4.681818181818182
12339,10721,MQ,37,30.555555555555557,2.7027027027027026,19.0
12339,10721,YX,1608,24.0834386852086,1.6169154228855722,17.647914032869785
12339,10821,WN,1019,17.046580773042617,0.9813542688910697,12.261904761904763
12339,10994,G4,23,21.73913043478261,0.0,24.217391304347824
12339,11057,AA,1556,19.80327868852459,1.9922879177377892,18.29790026246719
12339,11057,NK,45,25.0,2.2222222222222223,20.5
12339,11057,OH,4,0.0,25.0,4.0
12339,11259,WN,549,17.79816513761468,0.7285974499089253,13.313653136531366
12339,11278,AA,99,33.6734693877551,1.0101010101010102,37.103092783505154
12339,11278,MQ,111,20.0,5.405405405405405,18.98076923076923
12339,11278,OH,275,36.0655737704918,11.272727272727273,42.37344398340249
12339,11278,YX,1242,18.718801996672212,3.2206119162640903,11.817651956702747
12339,11292,F9,236,25.862068965517242,1.694915254237288,19.474137931034484
12339,11292,UA,742,21.98100407055631,0.6738544474393531,14.380952380952381
12339,11292,WN,1179,23.554421768707485,0.2544529262086514,15.427839453458583
12339,11298,AA,1620,24.602670057215512,2.9012345679012346,28.60089399744572
12339,11298,F9,88,19.54022988505747,1.1363636363636365,21.82758620689655
12339,11298,MQ,14,21.428571428571427,0.0,6.428571428571429
12339,11298,NK,51,29.411764705882355,0.0,24.49019607843137
12339,11433,DL,3,0.0,0.0,0.0
12339,11433,OO,249,12.903225806451612,0.40160642570281124,11.379032258064516
12339,11433,YX,168,7.142857142857142,0.0,3.3154761904761907
12339,11481,WN,53,22.641509433962266,0.0,16.528301886792452
12339,11603,AA,1,100.0,0.0,17.0
12339,11618,NK,302,27.054794520547947,3.3112582781456954,27.11986301369863
12339,11618,UA,2,50.0,0.0,51.0
12339,11618,YX,1393,18.024132730015083,4.809763101220388,15.120090634441087
12339,11624,G4,75,29.72972972972973,1.3333333333333333,15.094594594594595
12339,11697,G4,161,26.08695652173913,0.0,21.763975155279503
12339,11697,NK,397,14.030612244897958,1.2594458438287153,14.462915601023019
12339,11697,WN,343,11.799410029498524,1.1661807580174928,8.687315634218288
12339,12191,WN,433,15.42056074766355,1.1547344110854503,8.199063231850117
12339,12264,UA,27,11.11111111111111,0.0,3.6666666666666665
12339,12264,YX,943,14.254859611231103,1.8027571580063626,10.046486486486486
12339,12266,OO,1,100.0,0.0,82.0
12339,12266,UA,628,19.57928802588997,1.5923566878980893,14.933441558441558
12339,12451,G4,76,13.513513513513514,2.6315789473684212,5.4324324324324325
12339,12478,YX,987,19.151138716356108,2.127659574468085,15.768191268191268
12339,12889,G4,81,18.75,1.2345679012345678,10.775
12339,12889,NK,221,15.52511415525114,0.9049773755656109,11.876712328767123
12339,12889,WN,922,16.32208922742111,0.32537960954446854,10.602185792349728
12339,12892,AA,302,17.333333333333336,0.6622516556291391,13.688963210702342
12339,12892,DL,244,10.699588477366255,0.4098360655737705,4.243801652892562
12339,12892,G4,24,54.166666666666664,0.0,43.375
12339,12892,NK,50,18.75,4.0,15.9375
12339,12953,OO,50,28.57142857142857,2.0,34.183673469387756
12339,12953,YX,2004,15.447570332480817,2.4451097804391217,10.620051413881749
12339,13198,WN,287,12.937062937062937,0.34843205574912894,5.846153846153846
12339,13204,F9,200,29.896907216494846,3.0,31.077720207253886
12339,13204,NK,463,12.200435729847495,0.8639308855291576,10.516339869281046
12339,13204,WN,1308,18.447348193697156,0.5351681957186545,13.55177743431221
12339,13204,YX,2,0.0,0.0,0.0
12339,13232,WN,176,17.045454545454543,0.0,8.931818181818182
12339,13303,AA,564,22.162162162162165,1.5957446808510638,18.735507246376812
12339,13303,MQ,114,18.75,1.7543859649122806,17.5
12339,13303,WN,71,18.30985915492958,0.0,17.3943661971831
12339,13303,YX,13,0.0,0.0,0.9230769230769231
12339,13487,DL,849,15.04739336492891,0.5889281507656066,11.855450236966824
12339,13487,OO,69,23.18840579710145,0.0,8.478260869565217
12339,13495,NK,28,0.0,0.0,0.4642857142857143
12339,13577,G4,13,61.53846153846154,0.0,38.07692307692308
12339,13930,AA,292,25.177304964539005,3.4246575342465753,27.322695035460992
12339,13930,MQ,618,20.26143790849673,0.970873786407767,20.19607843137255
12339,13930,OO,230,25.333333333333336,2.1739130434782608,19.564444444444444
12339,13930,UA,406,35.58897243107769,1.7241379310344827,30.794486215538846
12339,13930,YX,2467,13.169734151329243,0.8917713822456425,8.155828220858895
12339,14027,G4,16,31.25,0.0,24.9375
12339,14057,G4,30,26.666666666666668,0.0,19.733333333333334
12339,14082,G4,226,24.0,0.4424778761061947,17.822222222222223
12339,14100,AA,511,33.131313131313135,3.131115459882583,36.4040404040404
12339,14100,OH,158,25.82781456953642,4.430379746835443,42.0
12339,14100,YX,658,14.701378254211333,0.7598784194528876,9.36923076923077
12339,14107,AA,528,16.793893129770993,0.7575757575757576,22.32950191570881
12339,14107,WN,756,21.352785145888596,0.26455026455026454,12.39522546419098
12339,14112,G4,210,30.0,0.0,23.9
12339,14492,F9,45,20.0,0.0,33.422222222222224
12339,14635,NK,76,20.0,1.3157894736842106,30.186666666666667
12339,14635,WN,669,20.150375939849624,0.5979073243647235,13.498493975903614
12339,14679,WN,260,20.384615384615383,0.0,10.5
12339,14685,G4,34,23.52941176470588,0.0,16.58823529411765
12339,14747,AS,463,27.729257641921397,1.079913606911447,15.914660831509847
12339,14761,G4,199,29.64824120603015,0.0,26.217171717171716
12339,14771,UA,427,16.350710900473935,1.17096018735363,12.09501187648456
12339,14869,DL,304,7.973421926910299,0.9868421052631579,4.6976744186046515
12339,14986,G4,150,20.80536912751678,0.6666666666666666,21.08843537414966
12339,14986,WN,147,19.310344827586206,1.3605442176870748,15.641379310344828
12339,15304,F9,74,26.76056338028169,4.054054054054054,19.281690140845072
12339,15304,NK,195,16.315789473684212,2.5641025641025643,11.322751322751323
12339,15304,WN,743,20.78272604588394,0.2691790040376851,13.726045883940621
12339,15624,G4,88,10.227272727272728,0.0,8.727272727272727
12343,13487,OO,553,10.363636363636363,0.5424954792043399,13.147272727272727
12391,10721,B6,6,,100.0,
12391,10821,WN,1011,15.124378109452735,0.5934718100890207,11.833499501495513
12391,11697,B6,235,23.404255319148938,0.0,14.261802575107296
12391,11697,F9,78,27.27272727272727,1.2820512820512822,38.62337662337662
12391,11697,WN,3,33.33333333333333,0.0,9.666666666666666
12391,13204,B6,304,27.302631578947366,0.0,19.33112582781457
12391,13204,F9,378,30.213903743315505,1.0582010582010581,32.74064171122995
12391,13204,WN,554,21.59709618874773,0.5415162454873647,17.976190476190474
12391,13303,WN,213,23.943661971830984,0.0,18.341232227488153
12391,13577,F9,103,17.475728155339805,0.0,21.372549019607842
12391,14027,B6,285,30.87719298245614,0.0,24.548042704626333
12391,14027,F9,147,19.17808219178082,0.6802721088435374,23.82191780821918
12391,14027,WN,606,22.259136212624583,0.6600660066006601,15.337228714524207
12391,14635,F9,58,25.454545454545453,5.172413793103448,28.254545454545454
12391,15304,F9,284,29.1970802919708,3.5211267605633805,24.1021897810219
12391,15304,WN,165,25.609756097560975,0.6060606060606061,18.109756097560975
12397,11618,YX,4,0.0,0.0,1.0
12402,12173,HA,3731,11.872638963842418,0.6700616456714018,6.737992444684296
12402,12173,WN,1550,3.515625,0.9032258064516129,1.9732899022801302
12402,13830,HA,264,6.8181818181818175,0.0,3.8863636363636362
12441,10397,DL,197,33.1578947368421,3.553299492385787,37.28042328042328
12441,11057,AA,122,27.86885245901639,0.0,37.59016393442623
12441,11292,OO,414,23.058252427184467,0.4830917874396135,19.434146341463414
12441,11292,UA,965,33.36820083682008,0.9326424870466321,33.75503711558855
12441,11298,AA,688,33.77777777777778,1.8895348837209303,42.53125
12441,11618,UA,271,29.296875,5.535055350553505,28.715415019762847
12441,12266,UA,59,27.586206896551722,1.694915254237288,16.526315789473685
12441,12892,OO,492,26.434426229508194,0.8130081300813008,21.673773987206822
12441,12892,UA,114,9.734513274336283,0.8771929824561403,5.769911504424779
12441,13487,DL,48,20.833333333333336,0.0,13.395833333333334
12441,13930,AA,355,39.154929577464785,0.0,49.137142857142855
12441,13930,OO,14,35.714285714285715,0.0,44.46153846153846
12441,13930,UA,376,18.817204301075268,1.0638297872340425,20.065395095367847
12441,14679,OO,72,48.57142857142857,2.7777777777777777,31.642857142857142
12441,14747,OO,187,21.62162162162162,1.0695187165775402,14.349726775956285
12441,14771,OO,103,16.666666666666664,0.970873786407767,11.441176470588236
12441,14771,UA,220,24.42396313364055,1.3636363636363635,19.05581395348837
12441,14869,DL,644,16.149068322981368,0.0,13.8027950310559
12441,14869,OO,362,10.277777777777777,0.5524861878453039,9.536111111111111
12448,10397,DL,1724,14.982373678025851,1.2761020881670533,12.933568489124045
12448,10397,WN,96,12.631578947368421,1.0416666666666667,11.463157894736842
12448,10693,WN,208,25.60386473429952,0.4807692307692308,16.519417475728154
12448,10821,WN,248,18.69918699186992,0.8064516129032258,11.506122448979593
12448,11057,OH,416,17.839195979899497,4.326923076923077,24.366834170854272
12448,11278,OH,256,12.448132780082988,5.859375,21.394190871369293
12448,11298,MQ,587,20.94240837696335,2.385008517887564,14.74561403508772
12448,11298,OH,675,26.875,5.185185185185185,30.901408450704224
12448,11298,OO,348,32.42424242424242,5.172413793103448,28.145454545454545
12448,12191,WN,608,14.309484193011649,1.1513157894736843,9.94991652754591
12448,12266,OO,52,25.0,0.0,27.25
12448,12889,WN,1,0.0,0.0,0.0
12448,13204,WN,14,50.0,0.0,33.714285714285715
12451,10397,DL,3193,16.88888888888889,1.3466958972752896,14.626908396946565
12451,10397,F9,41,43.58974358974359,4.878048780487805,31.487179487179485
12451,10397,WN,147,16.551724137931036,1.3605442176870748,11.354166666666666
12451,10423,OO,178,30.113636363636363,1.1235955056179776,22.47159090909091
12451,10423,WN,26,19.230769230769234,0.0,19.692307692307693
12451,10676,G4,48,44.680851063829785,2.0833333333333335,27.76595744680851
12451,10693,G4,24,4.3478260869565215,4.166666666666667,2.1739130434782608
12451,10693,WN,848,13.793103448275861,0.8254716981132075,8.207142857142857
12451,10721,B6,530,32.947976878612714,2.0754716981132075,26.00965250965251
12451,10721,DL,55,22.22222222222222,1.8181818181818181,39.81481481481482
12451,10721,YX,724,23.595505617977526,1.6574585635359116,21.966244725738395
12451,10821,WN,1138,16.636851520572453,1.757469244288225,11.837668161434978
12451,10874,G4,39,17.94871794871795,0.0,7.282051282051282
12451,11057,AA,1870,18.89550622631294,1.2299465240641712,15.295713510580574
12451,11057,OH,5,0.0,20.0,0.0
12451,11193,G4,105,41.34615384615385,0.9523809523809523,63.59615384615385
12451,11259,WN,290,32.16783216783217,1.3793103448275863,22.346289752650176
12451,11278,AA,854,28.31541218637993,1.990632318501171,28.55515587529976
12451,11278,MQ,30,0.0,6.666666666666667,0.21428571428571427
12451,11278,OH,107,18.627450980392158,4.672897196261682,12.73
12451,11278,YX,259,16.666666666666664,5.019305019305019,10.885714285714286
12451,11292,UA,449,16.741071428571427,0.22271714922049,14.121348314606742
12451,11292,WN,308,12.418300653594772,0.6493506493506493,7.6524590163934425
12451,11298,AA,1453,24.28774928774929,3.372333103922918,23.326133909287257
12451,11298,F9,33,22.58064516129032,6.0606060606060606,20.548387096774192
12451,11423,G4,47,4.25531914893617,0.0,8.425531914893616
12451,11433,DL,476,16.101694915254235,0.8403361344537815,9.463983050847459
12451,11618,UA,876,27.421236872812138,2.1689497716894977,33.01292596944771
12451,11618,YX,198,24.175824175824175,8.080808080808081,26.703296703296704
12451,11697,B6,119,26.72413793103448,2.5210084033613445,30.45689655172414
12451,11721,G4,67,31.343283582089555,0.0,20.64179104477612
12451,11986,G4,47,31.914893617021278,0.0,45.829787234042556
12451,12191,WN,256,9.84251968503937,0.78125,7.019762845849803
12451,12264,G4,49,45.83333333333333,2.0408163265306123,52.583333333333336
12451,12264,UA,388,11.948051948051948,0.7731958762886598,11.776041666666666
12451,12264,YX,145,7.092198581560284,2.7586206896551726,7.780141843971631
12451,12266,OO,30,16.666666666666664,0.0,30.0
12451,12266,UA,483,11.181434599156118,1.8633540372670807,10.921940928270041
12451,12339,G4,76,31.08108108108108,2.6315789473684212,18.78082191780822
12451,12478,B6,693,25.07418397626113,2.7417027417027415,19.929850746268656
12451,12478,DL,280,30.656934306569344,2.142857142857143,33.49629629629629
12451,12478,YX,133,17.1875,3.7593984962406015,19.0546875
12451,12889,WN,1,100.0,0.0,18.0
12451,12953,DL,31,16.666666666666664,3.225806451612903,18.566666666666666
12451,12953,YX,109,14.018691588785046,1.834862385321101,10.342857142857143
12451,13198,AA,1,0.0,0.0,0.0
12451,13198,DL,1,0.0,0.0,0.0
12451,13198,WN,10,20.0,0.0,9.8
12451,13230,G4,70,17.142857142857142,0.0,11.971428571428572
12451,13232,WN,321,18.181818181818183,0.6230529595015576,12.74921630094044
12451,13303,AA,812,23.25,1.477832512315271,23.7675
12451,13303,MQ,710,19.03409090909091,0.8450704225352113,12.897581792318634
12451,13303,YX,14,21.428571428571427,0.0,14.428571428571429
12451,13487,DL,280,20.503597122302157,0.7142857142857143,13.582733812949641
12451,13930,AA,359,22.285714285714285,2.5069637883008355,32.89684813753582
12451,13930,MQ,241,13.617021276595745,2.4896265560165975,8.561702127659574
12451,13930,OO,140,18.84057971014493,1.4285714285714286,11.905109489051094
12451,13930,UA,672,20.0,1.0416666666666667,15.232277526395173
12451,13930,YX,56,12.5,0.0,7.875
12451,13931,G4,46,23.91304347826087,0.0,11.456521739130435
12451,14100,AA,711,20.946915351506455,1.969057665260197,20.41319942611191
12451,14100,F9,279,32.11678832116788,1.7921146953405018,26.452554744525546
12451,14100,OH,262,33.06122448979592,6.488549618320611,32.522448979591836
12451,14100,YX,92,7.777777777777778,2.1739130434782608,4.477777777777778
12451,14107,AA,249,16.532258064516128,0.40160642570281124,30.58467741935484
12451,14122,G4,96,35.41666666666667,0.0,35.083333333333336
12451,14747,AA,1,0.0,0.0,12.0
12451,14843,F9,115,24.545454545454547,4.3478260869565215,50.45454545454545
12451,15016,WN,461,14.161220043572984,0.43383947939262474,12.627450980392156
12451,15304,F9,1,100.0,0.0,348.0
12451,15412,G4,88,26.136363636363637,0.0,33.18181818181818
12478,10140,B6,170,37.12574850299401,1.7647058823529411,27.84431137724551
12478,10140,DL,4,25.0,0.0,29.25
12478,10154,B6,199,17.708333333333336,3.5175879396984926,11.895833333333334
12478,10154,YX,109,10.377358490566039,2.7522935779816513,7.235849056603773
12478,10299,AS,69,34.32835820895522,2.898550724637681,13.82089552238806
12478,10397,B6,944,31.127982646420826,2.330508474576271,23.64814814814815
12478,10397,DL,2034,21.456888007928644,0.7866273352999017,18.953117206982544
12478,10397,F9,544,29.268292682926827,2.0220588235294117,22.44360902255639
12478,10423,AA,591,22.030981067125648,1.6920473773265652,26.231833910034602
12478,10423,DL,1048,20.192307692307693,0.7633587786259542,15.29383429672447
12478,10529,B6,185,40.43715846994536,1.0810810810810811,24.3224043715847
12478,10693,B6,452,33.10502283105023,3.0973451327433628,25.68433179723502
12478,10693,OO,68,20.588235294117645,0.0,12.411764705882353
12478,10693,YX,871,21.5962441314554,2.1814006888633752,14.137485311398354
12478,10721,B6,2060,28.414755732801595,2.621359223300971,23.758723828514455
12478,10721,DL,304,38.12709030100335,1.644736842105263,41.42140468227425
12478,10721,YX,2302,22.25705329153605,2.997393570807993,17.997759856630825
12478,10732,B6,519,28.180039138943247,1.5414258188824663,17.05294117647059
12478,10785,YX,7,14.285714285714285,0.0,13.571428571428571
12478,10792,B6,1104,26.722532588454378,2.717391304347826,21.610800744878958
12478,10792,OO,8,25.0,0.0,17.75
12478,10800,B6,179,39.20454545454545,1.675977653631285,32.22857142857143
12478,10849,B6,84,20.238095238095237,0.0,16.70731707317073
12478,10849,DL,45,11.11111111111111,0.0,5.044444444444444
12478,10994,B6,568,26.126126126126124,2.288732394366197,19.386281588447652
12478,10994,DL,1,0.0,0.0,0.0
12478,10994,YX,75,26.027397260273972,2.6666666666666665,16.575342465753426
12478,11042,YX,642,14.64968152866242,2.1806853582554515,8.979299363057326
12478,11057,AA,1472,18.65929509329648,1.6983695652173914,16.988942639944714
12478,11057,YX,328,14.417177914110429,0.6097560975609756,10.843558282208589
12478,11066,YX,1470,21.67247386759582,2.380952380952381,16.720362622036262
12478,11193,YX,612,15.422885572139302,1.4705882352941178,9.29
12478,11278,B6,267,46.8503937007874,4.868913857677903,43.59683794466403
12478,11278,YX,1994,25.676392572944295,5.466399197592779,18.613382899628252
12478,11292,B6,502,31.515151515151512,1.3944223107569722,21.262626262626263
12478,11292,DL,746,27.322404371584703,1.876675603217158,21.184931506849313
12478,11292,F9,11,18.181818181818183,0.0,112.0909090909091
12478,11298,AA,1081,24.056603773584907,1.942645698427382,24.32254995242626
12478,11298,DL,539,29.601518026565465,2.226345083487941,31.213051823416507
12478,11298,F9,167,27.878787878787882,1.1976047904191616,22.595092024539877
12478,11433,B6,236,35.622317596566525,1.271186440677966,28.167381974248926
12478,11433,DL,603,23.737373737373737,1.492537313432836,27.446880269814503
12478,11503,AA,93,15.053763440860216,0.0,27.07777777777778
12478,11697,B6,1857,27.631578947368425,1.7770597738287561,19.977422907488986
12478,11697,DL,1288,21.98581560283688,1.4751552795031055,17.570411392405063
12478,12173,DL,263,17.557251908396946,0.38022813688212925,12.011450381679388
12478,12173,HA,305,28.289473684210524,0.32786885245901637,17.3993399339934
12478,12250,B6,111,16.822429906542055,3.6036036036036037,11.074766355140186
12478,12264,OO,59,16.94915254237288,0.0,15.016949152542374
12478,12266,B6,143,30.069930069930066,0.0,17.622377622377623
12478,12266,DL,54,20.754716981132077,1.8518518518518519,13.90566037735849
12478,12339,YX,986,25.473684210526315,3.6511156186612577,22.350895679662802
12478,12451,B6,693,30.37037037037037,2.5974025974025974,22.73551263001486
12478,12451,DL,279,19.272727272727273,1.4336917562724014,18.022222222222222
12478,12451,YX,134,24.409448818897637,5.223880597014926,15.181102362204724
12478,12889,AA,309,13.355048859934854,0.6472491909385113,11.026143790849673
12478,12889,AS,1,0.0,0.0,0.0
12478,12889,B6,1272,18.636003172085648,0.8647798742138365,12.768312101910828
12478,12889,DL,1457,20.317899101589497,0.6863417982155113,12.737716262975779
12478,12889,F9,304,27.242524916943523,0.9868421052631579,18.743333333333332
12478,12892,AA,2715,17.20430107526882,0.6629834254143646,18.034892353377877
12478,12892,B6,2820,18.863879957127548,0.7446808510638298,13.560128847530422
12478,12892,DL,2792,21.253602305475503,0.5730659025787965,18.07792207792208
12478,12892,F9,184,27.173913043478258,0.0,21.759562841530055
12478,13198,OO,63,26.229508196721312,3.1746031746031744,23.16393442622951
12478,13204,B6,2244,32.171945701357465,1.5151515151515151,24.151363636363637
12478,13204,DL,1592,23.439490445859875,1.3819095477386936,17.483685220729367
12478,13204,F9,310,27.92207792207792,0.6451612903225806,28.462540716612377
12478,13296,B6,77,47.94520547945205,5.194805194805195,39.534246575342465
12478,13303,AA,2205,25.61371005094951,2.0861678004535147,22.229553903345725
12478,13303,B6,546,35.80705009276438,1.2820512820512822,24.324626865671643
12478,13303,DL,1287,24.9211356466877,1.4763014763014763,21.717908082408876
12478,13303,F9,195,29.533678756476682,1.0256410256410255,27.932291666666668
12478,13342,OO,67,33.33333333333333,1.492537313432836,30.939393939393938
12478,13342,YX,9,11.11111111111111,0.0,28.0
12478,13487,DL,605,17.166666666666668,0.8264462809917356,21.95819397993311
12478,13487,OO,122,17.21311475409836,0.0,8.868852459016393
12478,13495,B6,329,17.53846153846154,1.21580547112462,14.513846153846155
12478,13495,DL,610,18.61252115059222,3.1147540983606556,14.542372881355933
12478,13495,YX,3,100.0,0.0,42.666666666666664
12478,13541,B6,179,23.563218390804597,2.793296089385475,18.810344827586206
12478,13541,YX,109,5.555555555555555,0.9174311926605505,5.5
12478,13891,B6,179,41.24293785310734,1.1173184357541899,31.90960451977401
12478,13930,AA,512,23.340040241448694,2.9296875,22.22020202020202
12478,13930,B6,443,29.561200923787528,2.2573363431151243,23.521939953810623
12478,13930,F9,16,43.75,0.0,36.5
12478,13930,OO,125,32.78688524590164,2.4,26.762295081967213
12478,13930,YX,473,24.384787472035793,5.496828752642706,23.27578475336323
12478,13931,YX,584,15.24822695035461,3.4246575342465753,9.991119005328597
12478,13933,YX,185,10.869565217391305,0.5405405405405406,5.907103825136612
12478,14027,B6,1170,32.26086956521739,1.7094017094017093,24.225919439579684
12478,14027,DL,608,24.83108108108108,2.6315789473684212,19.61629881154499
12478,14057,AS,304,35.69023569023569,2.3026315789473686,26.895622895622896
12478,14057,DL,482,22.851153039832283,1.037344398340249,17.821428571428573
12478,14107,AA,1068,14.555765595463138,0.9363295880149812,11.822916666666666
12478,14107,B6,415,29.683698296836987,0.963855421686747,19.082926829268292
12478,14107,DL,756,20.10723860589812,1.3227513227513228,15.746308724832215
12478,14122,B6,244,36.9098712446352,4.508196721311475,34.3862660944206
12478,14122,OO,58,26.31578947368421,1.7241379310344827,19.57894736842105
12478,14122,YX,1161,21.660649819494584,4.565030146425495,18.600722673893404
12478,14254,B6,88,50.602409638554214,5.681818181818182,35.08433734939759
12478,14262,AS,96,14.736842105263156,1.0416666666666667,11.978947368421053
12478,14262,DL,18,16.666666666666664,0.0,9.555555555555555
12478,14307,B6,185,40.10989010989011,1.6216216216216217,27.10989010989011
12478,14321,B6,393,31.03448275862069,4.071246819338422,25.610079575596817
12478,14321,YX,5,0.0,0.0,0.0
12478,14492,AA,4,0.0,0.0,0.0
12478,14492,B6,781,29.658792650918635,2.4327784891165174,21.969736842105263
12478,14492,OO,4,0.0,0.0,1.25
12478,14492,YX,1118,22.033898305084744,5.008944543828265,14.285849056603773
12478,14524,YX,25,32.0,0.0,14.48
12478,14570,B6,132,40.76923076923077,1.5151515151515151,45.201550387596896
12478,14576,B6,579,33.098591549295776,1.8998272884283247,26.920774647887324
12478,14576,YX,126,23.770491803278688,3.1746031746031744,19.917355371900825
12478,14635,B6,705,25.396825396825395,1.702127659574468,17.93168604651163
12478,14635,DL,407,13.216957605985039,1.4742014742014742,8.231920199501246
12478,14679,AS,536,31.060606060606062,1.492537313432836,19.236190476190476
12478,14679,B6,601,15.254237288135593,1.8302828618968385,7.544991511035653
12478,14679,DL,859,19.78798586572438,1.1641443538998837,12.795724465558195
12478,14683,DL,305,11.589403973509933,0.9836065573770492,8.483443708609272
12478,14685,B6,434,28.60520094562648,2.5345622119815667,19.33729216152019
12478,14685,DL,1,0.0,0.0,0.0
12478,14685,YX,255,19.91869918699187,3.5294117647058822,18.45528455284553
12478,14730,YX,2,0.0,0.0,0.0
12478,14747,AS,1130,28.971119133574007,1.9469026548672566,19.210335448776064
12478,14747,B6,179,29.213483146067414,0.5586592178770949,26.117977528089888
12478,14747,DL,1111,21.731289449954915,0.18001800180018002,13.789330922242314
12478,14771,AA,1196,19.05564924114671,0.8361204013377926,15.266666666666667
12478,14771,AS,945,28.11158798283262,1.3756613756613756,21.44301075268817
12478,14771,B6,1624,21.801242236024844,0.8620689655172413,18.247666459240822
12478,14771,DL,1854,16.84723726977248,0.43149946062567424,13.723277265328269
12478,14843,B6,1901,27.90450928381963,0.8416622830089426,19.63104731525784
12478,14843,DL,908,21.238938053097346,0.44052863436123346,13.119601328903654
12478,14843,F9,532,42.96577946768061,1.1278195488721805,33.82950191570881
12478,14869,B6,355,29.428571428571427,1.408450704225352,19.62750716332378
12478,14869,DL,1280,18.260188087774296,0.3125,11.033751962323391
12478,14893,B6,179,42.3728813559322,1.1173184357541899,27.23728813559322
12478,14908,AA,303,13.666666666666666,0.9900990099009901,14.240802675585284
12478,14986,B6,382,18.253968253968253,1.0471204188481675,11.14627659574468
12478,15024,AA,245,12.757201646090536,0.8163265306122449,10.49792531120332
12478,15024,DL,223,15.246636771300448,0.0,9.418181818181818
12478,15096,B6,391,32.72251308900523,2.3017902813299234,22.72703412073491
12478,15096,YX,82,21.794871794871796,4.878048780487805,11.435897435897436
12478,15304,B6,923,29.028697571743926,1.8418201516793067,21.292873051224944
12478,15304,DL,912,23.02558398220245,1.4254385964912282,19.090401785714285
12478,15304,F9,296,24.489795918367346,0.6756756756756757,17.75170068027211
12511,11292,OO,303,39.32203389830509,2.6402640264026402,46.726027397260275
12511,13930,OO,304,18.367346938775512,3.289473684210526,32.696245733788395
12519,11292,OO,371,22.131147540983605,1.3477088948787062,19.728021978021978
12519,11447,OO,176,17.24137931034483,1.1363636363636365,12.647398843930636
12523,10299,AS,1051,12.62135922330097,1.9980970504281637,10.66504854368932
12523,11997,AS,86,16.867469879518072,3.488372093023256,9.304878048780488
12523,12819,AS,303,7.094594594594595,2.31023102310231,8.243986254295532
12523,14256,AS,303,15.894039735099339,0.33003300330033003,9.663299663299663
12523,14747,AS,1262,20.69243156199678,1.5847860538827259,12.155896607431341
12523,14747,DL,140,7.913669064748201,0.7142857142857143,10.417266187050359
12523,14828,AS,607,12.5,1.1532125205930808,6.730769230769231
12523,15991,AS,303,11.073825503355705,1.6501650165016502,5.48135593220339
12544,11697,G4,149,44.21768707482993,1.342281879194631,57.57534246575342
12544,14082,G4,102,29.7029702970297,0.9803921568627451,24.306930693069308
12544,14112,G4,161,42.76729559748428,1.2422360248447204,30.67924528301887
12544,14761,G4,160,50.625,0.0,60.31875
12559,12264,OO,304,16.4983164983165,2.3026315789473686,32.95286195286195
12559,13930,OO,304,25.418060200668897,1.644736842105263,39.75503355704698
12758,10299,AS,79,11.39240506329114,0.0,9.320512820512821
12758,11292,UA,304,10.0,1.3157894736842106,7.158783783783784
12758,12173,HA,4725,12.770053475935828,1.0582010582010581,7.597005347593583
12758,12173,WN,1574,3.1390134529147984,0.8259212198221093,2.2115384615384617
12758,12889,WN,304,3.9867109634551494,0.9868421052631579,1.8604651162790697
12758,12892,AA,300,17.05685618729097,0.3333333333333333,36.784511784511785
12758,12892,AS,142,22.142857142857142,1.408450704225352,19.0431654676259
12758,12892,DL,304,14.56953642384106,0.6578947368421053,16.185430463576157
12758,12892,HA,162,15.527950310559005,0.6172839506172839,13.049689440993788
12758,12892,UA,411,5.665024630541872,1.2165450121654502,5.517326732673268
12758,12892,WN,23,8.695652173913043,0.0,6.3478260869565215
12758,12982,HA,304,5.2805280528052805,0.32894736842105265,3.221122112211221
12758,13796,WN,64,12.5,0.0,4.8125
12758,13830,HA,912,8.690869086908691,0.32894736842105265,4.639867841409692
12758,13830,WN,312,7.741935483870968,0.6410256410256411,5.693548387096774
12758,13930,UA,16,25.0,0.0,24.25
12758,14057,AS,282,25.886524822695034,0.0,14.661921708185053
12758,14107,AA,310,9.77198697068404,0.967741935483871,43.83660130718954
12758,14679,AS,273,26.56826568265683,0.7326007326007326,15.724907063197026
12758,14747,AS,895,16.514806378132118,1.899441340782123,11.675398633257403
12758,14747,DL,304,8.305647840531561,0.9868421052631579,5.67
12758,14771,AS,81,25.925925925925924,0.0,19.25925925925926
12758,14771,UA,575,13.787085514834205,0.34782608695652173,13.428321678321678
12758,14831,AS,134,23.134328358208954,0.0,10.871212121212121
12758,14893,HA,130,19.230769230769234,0.0,13.607692307692307
12758,14893,WN,240,5.0,0.0,4.820833333333334
12819,12523,AS,303,10.738255033557047,1.6501650165016502,8.409395973154362
12819,14747,AS,1121,15.938069216757741,2.0517395182872433,11.077413479052824
12819,14828,AS,304,29.39189189189189,2.6315789473684212,15.549152542372882
12819,15841,AS,303,21.40468227424749,1.3201320132013201,13.162162162162161
12878,13930,OO,138,15.217391304347828,0.0,25.28985507246377
12884,11278,OH,255,42.0353982300885,11.372549019607844,43.9375
12884,11433,OO,822,19.488428745432397,0.12165450121654502,18.010962241169306
12884,13930,MQ,620,17.263843648208468,0.967741935483871,14.603588907014682
12888,11292,OO,522,30.4,4.21455938697318,34.496
12889,10140,NK,117,8.620689655172415,0.8547008547008547,6.356521739130435
12889,10140,WN,1374,24.525547445255473,0.29112081513828236,14.043795620437956
12889,10257,WN,263,17.870722433460077,0.0,11.378378378378379
12889,10279,WN,304,10.927152317880795,0.6578947368421053,6.688741721854305
12889,10299,AS,85,35.714285714285715,1.1764705882352942,24.88607594936709
12889,10397,DL,2804,15.146051208077893,1.1055634807417973,12.796886314265025
12889,10397,F9,359,29.799426934097422,2.785515320334262,22.99712643678161
12889,10397,NK,331,20.18348623853211,1.2084592145015105,15.346625766871165
12889,10397,WN,613,15.270935960591133,0.6525285481239804,7.0247116968698515
12889,10408,G4,132,12.121212121212121,0.0,19.083333333333332
12889,10423,DL,304,33.77483443708609,0.6578947368421053,23.591362126245848
12889,10423,F9,240,17.796610169491526,1.6666666666666667,12.506382978723405
12889,10423,G4,20,5.0,0.0,2.8
12889,10423,NK,134,20.30075187969925,0.746268656716418,10.007518796992482
12889,10423,WN,1775,23.346523459581682,0.3380281690140845,14.05331820760068
12889,10431,G4,87,20.689655172413794,0.0,14.057471264367816
12889,10466,G4,54,22.641509433962266,1.8518518518518519,13.79245283018868
12889,10599,WN,304,22.697368421052634,0.0,10.486754966887418
12889,10620,G4,104,15.384615384615385,0.0,15.29126213592233
12889,10627,G4,100,12.0,0.0,8.62
12889,10666,G4,413,8.716707021791766,0.0,9.764563106796116
12889,10676,G4,54,11.11111111111111,0.0,9.203703703703704
12889,10693,AA,2,0.0,0.0,0.0
12889,10693,DL,1,0.0,0.0,0.0
12889,10693,G4,2,50.0,0.0,37.0
12889,10693,NK,224,18.552036199095024,1.3392857142857142,9.950226244343892
12889,10693,WN,1459,18.375774260151413,0.41124057573680606,9.789510006901311
12889,10713,G4,12,8.333333333333332,0.0,4.0
12889,10713,NK,135,17.16417910447761,0.7407407407407407,12.686567164179104
12889,10713,OO,217,23.502304147465438,0.0,15.96774193548387
12889,10713,WN,848,22.130177514792898,0.35377358490566035,11.8698224852071
12889,10721,B6,947,22.717622080679405,0.5279831045406547,17.977516059957175
12889,10721,DL,530,24.95274102079395,0.18867924528301888,18.168560606060606
12889,10792,WN,326,25.538461538461537,0.3067484662576687,16.13888888888889
12889,10800,NK,1068,11.76470588235294,1.3108614232209739,8.583809523809524
12889,10800,WN,2631,22.316602316602317,1.5583428354237931,12.881624758220504
12889,10821,NK,369,20.76502732240437,0.8130081300813008,14.868852459016393
12889,10821,WN,1356,20.311341734618235,0.5162241887905604,11.193139448173005
12889,10849,G4,87,12.643678160919542,0.0,11.755813953488373
12889,10849,WN,435,25.287356321839084,0.0,12.580645161290322
12889,10980,G4,72,8.333333333333332,0.0,4.583333333333333
12889,11003,G4,112,13.392857142857142,0.0,8.214285714285714
12889,11042,F9,549,19.047619047619047,0.546448087431694,16.28545119705341
12889,11042,WN,310,20.32258064516129,0.0,9.535483870967742
12889,11057,AA,1828,15.33370104798676,0.8205689277899344,15.123477297895903
12889,11057,NK,133,12.213740458015266,1.5037593984962405,7.938931297709924
12889,11066,NK,203,15.270935960591133,0.0,10.208955223880597
12889,11066,WN,707,23.903818953323906,0.0,14.497159090909092
12889,11109,WN,727,21.54696132596685,0.4126547455295736,11.87136929460581
12889,11193,DL,294,14.0893470790378,1.0204081632653061,8.22680412371134
12889,11193,F9,199,28.717948717948715,2.0100502512562812,19.41025641025641
12889,11193,G4,87,26.436781609195403,0.0,44.12643678160919
12889,11259,WN,2424,23.936613844870724,1.0726072607260726,13.860201511335013
12889,11278,AA,304,21.52317880794702,0.6578947368421053,19.43581081081081
12889,11278,WN,252,31.746031746031743,0.0,13.94238683127572
12889,11292,F9,1309,25.42242703533026,0.5347593582887701,21.964615384615385
12889,11292,UA,2100,21.462715105162523,0.38095238095238093,14.705459770114942
12889,11292,WN,2719,29.614529280948855,0.7723427730783377,20.083705357142858
12889,11298,AA,3447,20.742292726728525,3.075137800986365,21.187707140705033
12889,11298,F9,644,20.095693779904305,2.639751552795031,20.55448717948718
12889,11298,NK,658,19.662058371735792,1.0638297872340425,16.066770186335404
12889,11423,G4,195,24.870466321243523,1.0256410256410255,19.385416666666668
12889,11423,WN,304,20.792079207920793,0.32894736842105265,8.655629139072847
12889,11433,DL,1618,15.789473684210526,0.18541409147095178,13.468691878487292
12889,11433,F9,22,4.545454545454546,0.0,2.0454545454545454
12889,11433,NK,713,17.207334273624824,0.5610098176718092,12.75954738330976
12889,11433,WN,270,25.27881040892193,0.37037037037037035,14.141263940520446
12889,11540,F9,219,13.425925925925927,1.36986301369863,8.36574074074074
12889,11540,G4,2,0.0,0.0,0.0
12889,11540,WN,846,23.39667458432304,0.4728132387706856,12.509546539379475
12889,11603,G4,87,21.839080459770116,0.0,11.988372093023257
12889,11603,WN,313,13.099041533546327,0.0,8.495207667731629
12889,11618,NK,471,17.570498915401302,2.1231422505307855,12.696506550218341
12889,11618,UA,2093,23.892100192678228,0.8122312470138557,20.75327829043225
12889,11637,G4,116,8.620689655172415,0.0,5.0
12889,11638,G4,539,13.382899628252787,0.18552875695732837,7.972067039106145
12889,11638,WN,962,20.60353798126951,0.10395010395010396,11.768990634755463
12889,11648,G4,94,12.76595744680851,0.0,6.774193548387097
12889,11697,B6,484,20.082815734989648,0.2066115702479339,13.629166666666666
12889,11697,DL,3,0.0,0.0,0.0
12889,11697,NK,339,23.076923076923077,0.2949852507374631,20.905044510385757
12889,11697,WN,13,7.6923076923076925,0.0,5.3076923076923075
12889,11721,G4,88,29.545454545454547,0.0,31.420454545454547
12889,11775,G4,143,8.391608391608392,0.0,9.853146853146853
12889,11823,G4,77,12.987012987012985,0.0,8.636363636363637
12889,11884,G4,87,22.988505747126435,0.0,11.735632183908047
12889,11884,WN,620,19.41747572815534,0.3225806451612903,10.064724919093852
12889,11898,G4,87,9.195402298850574,0.0,5.402298850574713
12889,11921,G4,2,0.0,0.0,1.0
12889,11980,G4,87,8.045977011494253,0.0,5.160919540229885
12889,11986,G4,186,25.806451612903224,0.0,21.07103825136612
12889,11986,WN,269,18.95910780669145,0.0,8.95539033457249
12889,12003,G4,88,14.772727272727273,0.0,7.806818181818182
12889,12173,HA,1000,27.33668341708543,0.5,22.130784708249497
12889,12173,WN,661,11.043872919818456,0.0,7.368
12889,12191,WN,1711,21.36550912301354,0.701344243132671,11.543838862559241
12889,12264,F9,113,27.43362831858407,0.0,18.20353982300885
12889,12264,UA,976,12.949640287769784,0.3073770491803279,10.649845520082389
12889,12266,F9,213,27.142857142857142,1.408450704225352,11.295238095238096
12889,12266,NK,635,20.5087440381558,0.9448818897637795,14.098569157392687
12889,12266,UA,2138,14.380321665089877,1.1225444340505144,11.24559733460257
12889,12278,G4,90,30.0,0.0,19.133333333333333
12889,12278,WN,304,19.407894736842106,0.0,10.674418604651162
12889,12280,G4,90,16.666666666666664,0.0,9.477777777777778
12889,12339,G4,81,25.0,1.2345679012345678,23.1625
12889,12339,NK,220,11.87214611872146,0.45454545454545453,5.755760368663594
12889,12339,WN,915,23.355263157894736,0.32786885245901637,15.41978021978022
12889,12448,WN,1,100.0,0.0,17.0
12889,12478,AA,309,28.990228013029316,0.6472491909385113,29.17704918032787
12889,12478,AS,1,0.0,0.0,0.0
12889,12478,B6,1272,22.470119521912352,1.3364779874213837,20.652912621359224
12889,12478,DL,1456,19.515570934256054,0.7554945054945055,17.320083682008367
12889,12478,F9,304,15.2317880794702,0.6578947368421053,9.195364238410596
12889,12758,WN,304,16.776315789473685,0.0,7.176666666666667
12889,12892,AA,1031,19.76630963972736,0.3879728419010669,22.256085686465433
12889,12892,AS,32,25.0,0.0,9.375
12889,12892,DL,1452,18.20689655172414,0.13774104683195593,14.228275862068966
12889,12892,F9,430,21.16279069767442,0.0,11.995348837209303
12889,12892,NK,901,12.263099219620958,0.4439511653718091,6.499442586399108
12889,12892,OO,222,15.765765765765765,0.0,8.108108108108109
12889,12892,UA,1207,14.119601328903656,0.24855012427506215,9.681063122923588
12889,12892,WN,2100,28.912213740458014,0.19047619047619047,15.834844868735084
12889,12896,WN,304,15.181518151815181,0.32894736842105265,8.112211221122113
12889,12945,G4,75,17.56756756756757,1.3333333333333333,11.878378378378379
12889,12953,NK,1,0.0,0.0,0.0
12889,12954,WN,1915,19.68586387434555,0.2610966057441253,10.454450261780105
12889,12982,WN,304,13.486842105263158,0.0,6.1438127090301
12889,12992,WN,299,21.62162162162162,1.0033444816053512,10.176271186440678
12889,13061,G4,88,17.045454545454543,0.0,14.0
12889,13158,WN,304,19.471947194719473,0.32894736842105265,11.003300330033003
12889,13198,NK,230,11.403508771929824,0.8695652173913043,4.86784140969163
12889,13198,WN,1365,21.328413284132843,0.7326007326007326,12.917777777777777
12889,13204,B6,4,50.0,0.0,8.75
12889,13204,DL,3,0.0,0.0,2.0
12889,13204,F9,362,30.47091412742382,0.27624309392265195,25.080555555555556
12889,13204,NK,273,26.10294117647059,0.3663003663003663,16.922509225092252
12889,13204,WN,622,23.06451612903226,0.3215434083601286,10.05654281098546
12889,13232,F9,109,30.18867924528302,2.7522935779816513,25.057142857142857
12889,13232,G4,2,50.0,0.0,73.5
12889,13232,WN,2151,18.449322746380194,0.46490004649000466,11.410328638497653
12889,13244,G4,89,10.227272727272728,1.1235955056179776,5.261363636363637
12889,13244,NK,232,12.5,0.0,15.030172413793103
12889,13244,WN,279,17.921146953405017,0.0,10.906474820143885
12889,13256,G4,378,12.433862433862434,0.0,10.246031746031745
12889,13264,G4,130,23.076923076923077,0.0,10.823076923076924
12889,13303,AA,1180,19.591141396933562,0.5084745762711864,19.4819587628866
12889,13303,DL,3,33.33333333333333,0.0,12.333333333333334
12889,13303,F9,55,38.88888888888889,1.8181818181818181,19.055555555555557
12889,13303,NK,229,19.383259911894275,0.8733624454148472,9.237885462555067
12889,13342,NK,170,10.119047619047619,1.1764705882352942,8.904191616766466
12889,13342,WN,847,22.458628841607563,0.1180637544273908,13.277580071174377
12889,13367,G4,86,11.627906976744185,0.0,16.1046511627907
12889,13433,G4,107,14.953271028037381,0.0,9.261682242990654
12889,13476,G4,88,21.59090909090909,0.0,20.724137931034484
12889,13486,G4,86,19.767441860465116,0.0,8.223529411764705
12889,13487,DL,1787,13.03370786516854,0.39171796306659207,8.293686583990981
12889,13487,NK,1,100.0,0.0,28.0
12889,13487,WN,246,29.795918367346943,0.4065040650406504,18.240816326530613
12889,13495,NK,271,20.149253731343283,1.1070110701107012,11.264925373134329
12889,13495,WN,556,23.146473779385172,0.539568345323741,13.159420289855072
12889,13796,NK,651,15.217391304347828,1.075268817204301,10.583850931677018
12889,13796,WN,2782,25.05407354001442,0.2875629043853343,14.250901225666906
12889,13830,HA,305,23.355263157894736,0.32786885245901637,12.078947368421053
12889,13830,WN,337,11.869436201780417,0.0,5.474474474474475
12889,13851,F9,113,13.274336283185843,0.0,6.133928571428571
12889,13851,G4,24,29.166666666666668,0.0,32.08695652173913
12889,13851,WN,879,23.63013698630137,0.3412969283276451,15.456521739130435
12889,13871,G4,80,7.5,0.0,22.5125
12889,13871,WN,833,22.16867469879518,0.36014405762304924,13.726723095525998
12889,13891,F9,636,17.563291139240505,0.6289308176100629,14.700949367088608
12889,13891,WN,1500,22.973878097789687,0.4666666666666667,13.390080428954423
12889,13930,AA,1434,21.071176885130374,1.0460251046025104,21.140226628895185
12889,13930,F9,161,36.53846153846153,3.1055900621118013,29.083870967741934
12889,13930,NK,547,13.186813186813188,0.18281535648994515,7.562271062271062
12889,13930,UA,1899,17.609730301427817,0.421274354923644,12.748274030801912
12889,13930,WN,493,27.142857142857142,0.6085192697768763,15.181632653061225
12889,14004,AS,188,19.680851063829788,0.0,11.86096256684492
12889,14004,F9,44,38.63636363636363,0.0,27.795454545454547
12889,14057,AS,1217,18.687707641196013,1.0682004930156122,11.637873754152825
12889,14057,F9,164,18.902439024390244,0.0,9.573170731707316
12889,14057,NK,498,11.491935483870968,0.40160642570281124,6.4089068825910935
12889,14057,OO,5,20.0,0.0,6.8
12889,14057,WN,1005,23.75249500998004,0.29850746268656714,15.477522477522477
12889,14100,AA,1116,17.062043795620436,1.7921146953405018,14.109074243813016
12889,14100,F9,177,30.681818181818183,0.5649717514124294,24.914772727272727
12889,14100,NK,251,17.959183673469386,2.3904382470119523,9.29795918367347
12889,14107,AA,1593,16.614222781623663,0.25109855618330196,15.585858585858587
12889,14107,F9,733,21.16182572614108,1.364256480218281,20.077455048409405
12889,14107,MQ,9,0.0,0.0,0.0
12889,14107,NK,123,14.049586776859504,1.6260162601626016,7.033057851239669
12889,14107,WN,2912,22.075668170774037,1.0645604395604396,12.939541348158443
12889,14108,G4,103,4.854368932038835,0.0,2.5145631067961167
12889,14122,NK,150,16.0,0.0,7.933333333333334
12889,14122,WN,580,22.9706390328152,0.1724137931034483,12.191709844559586
12889,14252,G4,101,18.81188118811881,0.0,10.801980198019802
12889,14262,WN,582,24.006908462867013,0.5154639175257731,12.11111111111111
12889,14314,G4,12,41.66666666666667,0.0,116.5
12889,14457,G4,87,26.436781609195403,0.0,32.95238095238095
12889,14492,DL,303,9.900990099009901,0.0,4.273927392739274
12889,14492,F9,55,32.72727272727273,0.0,21.78181818181818
12889,14492,WN,283,37.36654804270463,0.7067137809187279,20.610714285714284
12889,14512,G4,87,9.195402298850574,0.0,7.310344827586207
12889,14570,F9,127,29.838709677419356,2.3622047244094486,25.25
12889,14570,NK,496,10.772357723577237,0.8064516129032258,7.928716904276985
12889,14570,WN,2601,20.504854368932037,0.9996155324875048,11.56591263650546
12889,14576,WN,265,20.754716981132077,0.0,11.787878787878787
12889,14679,F9,393,36.62337662337662,2.035623409669211,34.01298701298701
12889,14679,NK,827,18.07081807081807,0.9673518742442564,12.308068459657703
12889,14679,OO,1780,29.977246871444823,1.2359550561797752,20.30523917995444
12889,14679,WN,3136,31.68380462724936,0.7653061224489796,17.85314910025707
12889,14683,F9,197,12.18274111675127,0.0,9.878172588832488
12889,14683,NK,406,14.392059553349876,0.7389162561576355,12.23076923076923
12889,14683,WN,1239,24.267100977198698,0.8878127522195319,15.94530612244898
12889,14689,WN,714,24.682651622002822,0.7002801120448179,12.540425531914893
12889,14696,G4,87,26.436781609195403,0.0,15.89655172413793
12889,14698,OO,117,47.82608695652174,1.7094017094017093,32.30701754385965
12889,14716,G4,327,12.923076923076923,0.6116207951070336,8.472222222222221
12889,14730,NK,33,9.090909090909092,0.0,5.696969696969697
12889,14730,WN,305,28.38283828382838,0.6557377049180327,18.462046204620464
12889,14747,AS,2215,22.704431247144814,1.1738148984198646,15.587294332723948
12889,14747,DL,1440,12.595685455810719,0.20833333333333334,10.662717770034844
12889,14747,F9,189,17.11229946524064,1.0582010582010581,10.209677419354838
12889,14747,NK,277,13.357400722021662,0.0,7.55956678700361
12889,14747,OO,15,53.333333333333336,0.0,30.533333333333335
12889,14747,WN,824,27.28380024360536,0.3640776699029126,13.202439024390245
12889,14771,AS,888,30.444697833523378,1.2387387387387387,16.34435575826682
12889,14771,F9,762,28.92998678996037,0.6561679790026247,18.95112285336856
12889,14771,OO,118,28.8135593220339,0.0,23.88888888888889
12889,14771,UA,2210,22.74580879021296,0.13574660633484162,13.581332125056639
12889,14771,WN,1109,38.607594936708864,0.27051397655545534,20.529837251356238
12889,14783,G4,113,14.15929203539823,0.0,16.849557522123895
12889,14814,G4,88,10.227272727272728,0.0,9.420454545454545
12889,14831,AS,3,0.0,0.0,0.0
12889,14831,DL,2,50.0,0.0,23.0
12889,14831,F9,179,27.27272727272727,1.675977653631285,19.664772727272727
12889,14831,NK,647,15.527950310559005,0.46367851622874806,8.860248447204969
12889,14831,OO,178,16.853932584269664,0.0,21.814606741573034
12889,14831,UA,2,0.0,0.0,0.0
12889,14831,WN,2722,18.614080353851826,0.33063923585598826,11.394397346111315
12889,14869,DL,1448,16.516931582584657,0.06906077348066299,12.20525224602626
12889,14869,F9,307,10.891089108910892,1.3029315960912051,8.254966887417218
12889,14869,NK,203,19.0,1.477832512315271,15.135678391959798
12889,14869,OO,7,28.57142857142857,0.0,10.857142857142858
12889,14869,WN,1206,19.91701244813278,0.08291873963515754,12.701827242524917
12889,14893,F9,143,21.16788321167883,4.195804195804196,15.321167883211679
12889,14893,NK,628,14.331723027375201,1.1146496815286624,10.808064516129033
12889,14893,OO,752,15.957446808510639,0.0,15.865691489361701
12889,14893,WN,2864,21.701085054252715,0.24441340782122906,12.668885774351788
12889,14905,G4,87,23.25581395348837,1.1494252873563218,20.069767441860463
12889,14908,F9,194,23.4375,1.0309278350515463,17.25130890052356
12889,14908,NK,737,12.26158038147139,0.40705563093622793,9.028610354223433
12889,14908,OO,737,15.983606557377051,0.6784260515603799,11.85890410958904
12889,14908,WN,2066,19.367396593673966,0.5324298160696999,10.235609756097562
12889,15016,F9,211,16.019417475728158,2.3696682464454977,12.29611650485437
12889,15016,WN,1453,21.483021483021485,0.6882312456985548,12.563282336578581
12889,15023,OO,213,32.70142180094787,0.9389671361502347,22.942857142857143
12889,15304,F9,65,26.984126984126984,3.076923076923077,15.112903225806452
12889,15304,NK,416,13.942307692307693,0.0,9.846153846153847
12889,15304,WN,515,29.571984435797667,0.1941747572815534,14.549019607843137
12889,15370,G4,89,20.454545454545457,1.1235955056179776,9.943181818181818
12889,15370,WN,537,22.574626865671643,0.186219739292365,14.803370786516854
12889,15376,F9,53,19.230769230769234,1.8867924528301887,27.673076923076923
12889,15376,WN,1028,21.853658536585368,0.2918287937743191,13.162109375
12889,15412,G4,105,20.0,0.0,20.542857142857144
12889,15624,G4,36,22.22222222222222,0.0,10.25
12889,15919,G4,95,13.684210526315791,0.0,7.28421052631579
12891,11298,OH,444,25.86605080831409,2.4774774774774775,31.199074074074073
12891,11298,OO,466,22.96983758700696,7.510729613733906,20.348027842227378
12892,10140,OO,1477,10.094850948509485,0.06770480704129993,6.9667796610169495
12892,10140,WN,322,9.627329192546584,0.0,5.962616822429907
12892,10157,OO,304,9.210526315789473,0.0,6.373333333333333
12892,10299,AS,282,13.829787234042554,0.0,7.067615658362989
12892,10299,DL,15,6.666666666666667,0.0,1.1333333333333333
12892,10372,OO,941,26.270270270270267,1.7003188097768331,31.847031963470318
12892,10397,AA,303,27.1523178807947,0.33003300330033003,29.574750830564785
12892,10397,DL,3254,17.90352504638219,0.6146281499692686,13.762496119217634
12892,10397,F9,389,55.61497326203209,3.8560411311053984,45.56300268096515
12892,10397,NK,560,17.604355716878402,1.6071428571428572,10.001821493624773
12892,10423,AA,749,18.867924528301888,0.9345794392523364,18.88243243243243
12892,10423,DL,1058,16.698292220113853,0.3780718336483932,13.421904761904761
12892,10423,NK,36,13.88888888888889,0.0,4.555555555555555
12892,10423,OO,424,8.51063829787234,0.2358490566037736,5.061757719714964
12892,10423,UA,234,6.0606060606060606,1.2820512820512822,2.8484848484848486
12892,10423,WN,822,16.34146341463415,0.24330900243309003,9.034271725826194
12892,10666,G4,91,8.791208791208792,0.0,4.076923076923077
12892,10693,AA,303,21.92691029900332,0.6600660066006601,21.535117056856187
12892,10693,DL,732,11.675824175824175,0.546448087431694,6.907586206896552
12892,10693,NK,87,11.627906976744185,1.1494252873563218,7.6395348837209305
12892,10693,WN,629,10.737179487179487,0.794912559618442,5.041867954911433
12892,10713,OO,1205,10.37344398340249,0.0,7.487541528239203
12892,10713,UA,1,100.0,0.0,15.0
12892,10721,AA,739,18.26792963464141,0.0,15.025815217391305
12892,10721,B6,1485,18.66125760649087,0.40404040404040403,16.40921409214092
12892,10721,DL,968,20.621761658031087,0.30991735537190085,16.54932502596054
12892,10721,UA,608,15.815485996705107,0.16447368421052633,11.273927392739274
12892,10792,B6,132,29.00763358778626,0.7575757575757576,38.146153846153844
12892,10821,NK,238,20.425531914893615,1.2605042016806722,13.970212765957447
12892,10821,UA,501,7.000000000000001,0.1996007984031936,4.855421686746988
12892,10821,WN,730,11.538461538461538,0.273972602739726,5.652892561983471
12892,10849,OO,356,11.267605633802818,0.2808988764044944,7.525568181818182
12892,10849,UA,170,13.609467455621301,0.5882352941176471,12.023668639053254
12892,11003,G4,24,25.0,0.0,19.041666666666668
12892,11042,UA,554,9.2057761732852,0.0,6.650994575045208
12892,11057,AA,2086,15.180722891566264,0.5273250239693192,13.736486486486486
12892,11057,NK,32,12.5,0.0,6.3125
12892,11066,AA,217,19.35483870967742,0.0,19.430555555555557
12892,11066,DL,2,50.0,0.0,50.5
12892,11066,NK,39,13.157894736842104,2.5641025641025643,12.5
12892,11066,UA,2,0.0,0.0,7.0
12892,11193,DL,240,16.80672268907563,0.8333333333333334,9.878151260504202
12892,11193,G4,28,37.03703703703704,3.5714285714285716,67.74074074074075
12892,11259,WN,1264,16.62669864108713,1.0284810126582278,9.969502407704654
12892,11278,AA,608,18.77076411960133,0.9868421052631579,16.35641891891892
12892,11278,AS,304,36.333333333333336,1.3157894736842106,26.79194630872483
12892,11278,DL,304,16.611295681063122,0.9868421052631579,14.815699658703071
12892,11292,DL,657,23.159509202453986,0.76103500761035,16.13888888888889
12892,11292,F9,597,19.830508474576273,1.1725293132328307,16.806451612903224
12892,11292,OO,1021,21.197252208047104,0.1958863858961802,15.307996051332676
12892,11292,UA,2612,15.458381281166092,0.19142419601837674,11.430111667308433
12892,11292,WN,1641,21.542227662178703,0.42656916514320536,15.129981606376456
12892,11298,AA,3945,23.168521874191043,2.0785804816223066,25.184808144087704
12892,11298,DL,596,18.074324324324326,0.6711409395973155,14.583050847457628
12892,11298,F9,313,29.03225806451613,0.9584664536741214,31.983818770226538
12892,11298,NK,688,16.299559471365637,1.0174418604651163,13.227941176470589
12892,11423,OO,26,3.8461538461538463,0.0,4.153846153846154
12892,11433,DL,1671,16.50660264105642,0.2992220227408737,10.443708609271523
12892,11433,NK,621,13.452188006482983,0.644122383252818,12.350081037277148
12892,11503,OO,174,27.586206896551722,0.0,16.33529411764706
12892,11540,AA,5,0.0,20.0,1.5
12892,11540,OO,680,12.094395280235988,0.29411764705882354,9.573116691285081
12892,11540,WN,328,13.149847094801222,0.3048780487804878,8.2782874617737
12892,11603,AS,23,4.3478260869565215,0.0,7.130434782608695
12892,11603,OO,304,19.93355481727575,0.9868421052631579,10.475083056478406
12892,11603,UA,1,0.0,0.0,0.0
12892,11618,AS,598,13.23283082077052,0.16722408026755853,13.109612141652613
12892,11618,B6,508,23.847695390781563,1.7716535433070866,20.46406570841889
12892,11618,NK,331,16.257668711656443,1.5105740181268883,15.587692307692308
12892,11618,UA,2849,22.16660707901323,1.8252018252018252,21.22126126126126
12892,11638,OO,861,11.730545876887339,0.0,8.983739837398375
12892,11648,G4,34,6.0606060606060606,2.9411764705882355,10.333333333333334
12892,11648,OO,138,12.318840579710146,0.0,8.130434782608695
12892,11695,OO,10,30.0,0.0,32.2
12892,11697,AS,4,50.0,0.0,13.25
12892,11697,B6,1280,13.671875,0.0,11.083398898505115
12892,11697,DL,294,36.51877133105802,0.3401360544217687,19.81569965870307
12892,11697,NK,82,15.853658536585366,0.0,13.5
12892,11775,G4,24,29.166666666666668,0.0,19.875
12892,11884,AS,297,9.556313993174061,1.3468013468013469,4.952218430034129
12892,11884,G4,30,20.0,0.0,11.866666666666667
12892,11884,OO,477,10.90146750524109,0.0,6.90356394129979
12892,11977,DL,1,0.0,0.0,0.0
12892,11986,G4,24,41.66666666666667,0.0,35.916666666666664
12892,12094,OO,66,18.181818181818183,0.0,12.23076923076923
12892,12173,AA,971,17.543859649122805,0.2059732234809475,9.934782608695652
12892,12173,AS,77,3.896103896103896,0.0,3.56
12892,12173,DL,912,17.05170517051705,0.32894736842105265,13.26101321585903
12892,12173,HA,1036,32.1011673151751,0.7722007722007722,20.572541382667964
12892,12173,UA,1037,12.900096993210475,0.5785920925747348,14.414563106796116
12892,12173,WN,398,7.5566750629722925,0.25125628140703515,5.10379746835443
12892,12191,WN,989,14.51776649746193,0.4044489383215369,7.162576687116564
12892,12264,AS,184,11.956521739130435,0.0,5.65934065934066
12892,12264,UA,1845,13.358778625954198,0.5962059620596206,8.899233296823658
12892,12266,DL,543,13.197026022304833,0.9208103130755064,9.62781954887218
12892,12266,F9,288,41.281138790035584,2.4305555555555554,29.17437722419929
12892,12266,NK,630,14.492753623188406,1.4285714285714286,15.74757281553398
12892,12266,OO,346,13.91304347826087,0.28901734104046245,7.795918367346939
12892,12266,UA,2694,11.285500747384155,0.6681514476614699,7.846471471471472
12892,12278,G4,24,20.833333333333336,0.0,19.541666666666668
12892,12339,AA,302,22.666666666666664,0.6622516556291391,20.244147157190636
12892,12339,DL,244,11.11111111111111,0.4098360655737705,5.131687242798354
12892,12339,G4,24,25.0,0.0,37.041666666666664
12892,12339,NK,50,14.000000000000002,0.0,16.979591836734695
12892,12441,OO,492,22.244897959183675,0.4065040650406504,15.262833675564682
12892,12441,UA,115,9.565217391304348,0.0,9.182608695652174
12892,12478,AA,2714,18.52264291017075,0.7369196757553427,20.582178959191314
12892,12478,B6,2821,18.07444523979957,0.957107408720312,15.247485632183908
12892,12478,DL,2792,18.545192653943104,0.5372492836676218,16.193115942028985
12892,12478,F9,184,29.347826086956523,0.0,24.18032786885246
12892,12758,AA,300,11.666666666666666,0.0,8.297658862876254
12892,12758,AS,142,32.857142857142854,1.408450704225352,18.741007194244606
12892,12758,DL,304,12.211221122112212,0.32894736842105265,11.247524752475247
12892,12758,HA,162,7.453416149068323,0.6172839506172839,11.608695652173912
12892,12758,UA,411,9.290953545232274,0.48661800486618007,3.531862745098039
12892,12758,WN,23,8.695652173913043,0.0,8.565217391304348
12892,12889,AA,1032,27.237354085603112,0.3875968992248062,25.795719844357976
12892,12889,AS,33,24.242424242424242,0.0,13.454545454545455
12892,12889,DL,1453,23.08752584424535,0.13764624913971094,15.144727773949
12892,12889,F9,430,31.76470588235294,1.1627906976744187,27.870588235294118
12892,12889,NK,896,14.125560538116591,0.44642857142857145,9.531390134529149
12892,12889,OO,221,13.574660633484163,0.0,7.221719457013575
12892,12889,UA,1207,16.58374792703151,0.08285004142502071,10.832504145936982
12892,12889,WN,2082,21.879518072289155,0.33621517771373677,13.132530120481928
12892,12982,AA,300,10.033444816053512,0.3333333333333333,6.385906040268456
12892,12982,DL,304,16.887417218543046,0.6578947368421053,13.83774834437086
12892,12982,HA,304,15.841584158415841,0.32894736842105265,8.602649006622517
12892,12982,UA,286,7.3426573426573425,0.0,4.594405594405594
12892,12982,WN,23,4.3478260869565215,0.0,7.956521739130435
12892,12992,G4,24,20.833333333333336,0.0,9.875
12892,13029,OO,1,0.0,0.0,13.0
12892,13198,DL,456,13.716814159292035,0.8771929824561403,9.282850779510023
12892,13198,NK,202,12.5,0.9900990099009901,9.914141414141413
12892,13198,WN,299,9.45945945945946,1.0033444816053512,5.149152542372882
12892,13204,AA,567,20.634920634920633,0.0,15.060390763765541
12892,13204,DL,1114,20.14388489208633,0.17953321364452424,14.984643179765131
12892,13204,F9,217,47.926267281105986,0.0,40.56481481481482
12892,13204,UA,596,9.899328859060402,0.0,7.016891891891892
12892,13204,WN,88,15.909090909090908,0.0,5.795454545454546
12892,13230,AA,1,0.0,0.0,0.0
12892,13232,WN,1146,13.47331583552056,0.2617801047120419,7.378521126760563
12892,13244,DL,211,26.666666666666668,0.47393364928909953,18.9377990430622
12892,13244,G4,20,5.0,0.0,2.6
12892,13256,G4,36,11.11111111111111,0.0,5.916666666666667
12892,13303,AA,2327,20.129032258064516,0.08594757198109153,15.312148724600087
12892,13303,DL,309,19.805194805194805,0.32362459546925565,10.39413680781759
12892,13342,NK,34,14.705882352941178,0.0,6.264705882352941
12892,13476,OO,721,7.361111111111112,0.13869625520110956,4.917827298050139
12892,13485,OO,2,50.0,0.0,19.0
12892,13486,OO,89,11.235955056179774,0.0,4.314606741573034
12892,13487,DL,1870,14.790996784565916,0.21390374331550802,9.527896995708154
12892,13495,AA,17,47.05882352941176,0.0,39.23529411764706
12892,13495,DL,812,14.196762141967623,1.1083743842364533,10.9435382685069
12892,13495,NK,338,12.912912912912914,1.4792899408284024,15.558558558558559
12892,13495,UA,3,66.66666666666666,0.0,25.666666666666668
12892,13495,WN,344,16.422287390029325,0.872093023255814,8.536873156342184
12892,13502,OO,24,16.666666666666664,0.0,7.0
12892,13796,WN,1875,12.580645161290322,0.8,7.263440860215054
12892,13830,AA,394,12.46819338422392,0.25380710659898476,8.974424552429667
12892,13830,AS,2,50.0,0.0,24.5
12892,13830,DL,428,11.943793911007026,0.2336448598130841,8.72
12892,13830,HA,304,15.894039735099339,0.6578947368421053,10.086092715231787
12892,13830,UA,462,9.327548806941431,0.21645021645021645,4.814814814814815
12892,13830,WN,5,0.0,0.0,0.0
12892,13851,OO,658,8.854961832061068,0.45592705167173253,6.837672281776417
12892,13871,AA,2,0.0,0.0,7.0
12892,13871,G4,24,13.043478260869565,4.166666666666667,29.47826086956522
12892,13871,OO,318,10.410094637223976,0.31446540880503143,9.037974683544304
12892,13871,UA,1,0.0,0.0,1.0
12892,13930,AA,2532,23.07383627608347,1.5797788309636651,20.565954013715206
12892,13930,F9,119,26.956521739130434,3.361344537815126,31.556521739130435
12892,13930,NK,505,12.94820717131474,0.594059405940594,7.269461077844311
12892,13930,UA,2775,14.451285766026803,0.5045045045045045,10.04316285817918
12892,14027,B6,125,12.0,0.0,7.016129032258065
12892,14057,AS,1722,9.787735849056604,1.5098722415795587,6.001769911504425
12892,14057,DL,1397,12.589928057553957,0.5010737294201861,8.943844492440604
12892,14057,F9,227,18.83408071748879,1.7621145374449338,13.071748878923767
12892,14057,OO,513,20.703125,0.1949317738791423,17.23046875
12892,14100,AA,1917,19.261213720316622,1.1476264997391759,16.538624338624338
12892,14100,F9,116,58.55855855855856,4.310344827586207,51.945454545454545
12892,14100,NK,149,11.564625850340136,1.342281879194631,4.557823129251701
12892,14107,AA,1541,19.921875,0.3244646333549643,17.378995433789953
12892,14107,DL,27,7.4074074074074066,0.0,2.3333333333333335
12892,14107,F9,382,23.218997361477573,0.7853403141361257,20.353562005277045
12892,14107,MQ,127,4.724409448818897,0.0,8.362204724409448
12892,14107,OO,2033,12.0630231413097,0.09837678307919331,7.090192212912765
12892,14107,UA,500,12.825651302605209,0.2,7.140280561122244
12892,14107,WN,1703,16.49911295091662,0.7046388725778039,9.571850975753991
12892,14122,AA,199,18.090452261306535,0.0,21.412060301507537
12892,14237,OO,304,24.832214765100673,1.9736842105263157,48.11447811447812
12892,14252,OO,304,13.157894736842104,0.0,9.290429042904291
12892,14262,OO,252,11.11111111111111,0.0,5.988095238095238
12892,14457,G4,1,0.0,0.0,0.0
12892,14487,OO,270,8.148148148148149,0.0,4.840740740740741
12892,14489,OO,303,7.2607260726072615,0.0,4.546357615894039
12892,14492,AA,308,18.566775244299674,0.3246753246753247,19.667752442996743
12892,14492,DL,328,18.34862385321101,0.3048780487804878,8.457055214723926
12892,14570,NK,48,19.565217391304348,4.166666666666667,12.173913043478262
12892,14570,OO,1917,11.064499213424227,0.5216484089723527,7.015271195365982
12892,14570,UA,4,0.0,0.0,3.5
12892,14570,WN,304,19.333333333333332,1.3157894736842106,10.391304347826088
12892,14635,UA,3,0.0,0.0,0.0
12892,14674,OO,26,26.923076923076923,0.0,16.23076923076923
12892,14679,OO,1989,12.134944612286,0.15082956259426847,9.705941591137966
12892,14679,UA,11,9.090909090909092,0.0,5.454545454545454
12892,14683,AA,129,11.627906976744185,0.0,13.186046511627907
12892,14683,DL,577,17.739130434782606,0.3466204506065858,16.277003484320556
12892,14683,NK,265,10.344827586206897,1.509433962264151,6.134615384615385
12892,14683,OO,434,11.778290993071593,0.2304147465437788,7.99537037037037
12892,14683,WN,302,13.90728476821192,0.0,7.80794701986755
12892,14689,OO,574,11.733800350262696,0.5226480836236934,9.923893805309735
12892,14696,UA,1,100.0,0.0,22.0
12892,14698,OO,582,13.10344827586207,0.3436426116838488,13.024305555555555
12892,14730,AA,2,0.0,0.0,0.0
12892,14730,DL,1,100.0,0.0,25.0
12892,14730,NK,116,12.280701754385964,1.7241379310344827,7.464912280701754
12892,14730,UA,1,0.0,0.0,0.0
12892,14747,AA,1,0.0,0.0,0.0
12892,14747,AS,2760,17.84400294334069,1.5217391304347827,9.823031640912436
12892,14747,DL,1833,10.0,0.16366612111292964,7.43630399125205
12892,14747,F9,222,19.63470319634703,1.3513513513513513,17.493150684931507
12892,14747,NK,108,12.149532710280374,0.9259259259259259,8.25233644859813
12892,14747,OO,663,19.242424242424242,0.45248868778280543,16.374810318664643
12892,14747,UA,576,14.485165794066319,0.5208333333333334,7.546247818499127
12892,14771,AA,484,29.39958592132505,0.2066115702479339,20.36721991701245
12892,14771,AS,111,40.0,0.9009009009009009,17.990909090909092
12892,14771,DL,1985,25.42885973763875,0.15113350125944586,15.717457114026237
12892,14771,F9,352,34.85714285714286,0.5681818181818182,28.345714285714287
12892,14771,OO,2291,21.25054656755575,0.17459624618070713,13.316827344434707
12892,14771,UA,2774,22.595806218365873,0.2883922134102379,12.878524945770065
12892,14771,WN,1098,30.05464480874317,0.0,17.112021857923498
12892,14783,G4,55,12.727272727272727,0.0,12.127272727272727
12892,14794,OO,302,12.91390728476821,0.0,14.251655629139073
12892,14831,AS,1,0.0,0.0,0.0
12892,14831,F9,55,20.0,0.0,14.981818181818182
12892,14831,NK,115,12.173913043478262,0.0,5.956521739130435
12892,14831,OO,2492,8.871938980329185,0.04012841091492777,4.700521878763549
12892,14831,WN,1513,13.245033112582782,0.1982815598149372,7.57322730284957
12892,14869,AA,1,0.0,0.0,0.0
12892,14869,DL,2056,10.559610705596107,0.048638132295719845,7.5438169425511195
12892,14869,F9,264,18.560606060606062,0.0,10.287878787878787
12892,14869,NK,90,8.98876404494382,1.1111111111111112,3.1123595505617976
12892,14869,OO,736,7.744565217391304,0.0,6.929347826086956
12892,14869,WN,314,7.987220447284344,0.3184713375796178,4.7507987220447285
12892,14893,DL,150,38.25503355704698,0.6666666666666666,26.651006711409394
12892,14893,F9,123,10.569105691056912,0.0,7.869918699186992
12892,14893,OO,3079,10.240572171651495,0.0974342318934719,8.380936890045543
12892,14893,UA,3,0.0,0.0,3.3333333333333335
12892,14893,WN,1355,14.634146341463413,0.14760147601476015,8.336289726533629
12892,15016,AA,131,18.75,2.2900763358778624,14.0
12892,15016,OO,139,23.741007194244602,0.0,12.129496402877697
12892,15016,WN,542,15.64245810055866,0.922509225092251,9.452513966480447
12892,15023,OO,613,15.081967213114755,0.4893964110929853,12.14168039538715
12892,15041,OO,277,7.608695652173914,0.36101083032490977,5.357664233576642
12892,15304,DL,495,17.849898580121703,0.40404040404040403,12.362525458248472
12892,15304,UA,324,7.098765432098765,0.0,5.421052631578948
12892,15370,AA,6,0.0,0.0,0.6666666666666666
12892,15370,G4,70,24.285714285714285,0.0,31.442857142857143
12892,15370,OO,298,11.74496644295302,0.0,9.909395973154362
12892,15376,OO,1871,18.89721627408994,0.16034206306787813,16.959292983395823
12892,15376,WN,331,19.033232628398792,0.0,11.11178247734139
12892,15919,G4,46,30.434782608695656,0.0,24.08695652173913
12892,15919,OO,304,14.85148514851485,0.32894736842105265,9.506622516556291
12896,10423,WN,266,8.270676691729323,0.0,5.418867924528302
12896,11259,WN,1335,14.231354642313546,1.5730337078651686,11.162844036697248
12896,11292,OO,598,37.6271186440678,1.3377926421404682,35.105354058721936
12896,11292,WN,199,18.68686868686869,0.5025125628140703,10.157360406091371
12896,11298,AA,448,19.721577726218097,3.794642857142857,29.784222737819025
12896,11298,MQ,1462,19.901892081289418,2.3939808481532148,16.625439212930427
12896,11298,OO,392,22.486772486772484,3.5714285714285716,19.690666666666665
12896,12191,WN,65,16.923076923076923,0.0,10.892307692307693
12896,12266,OO,100,42.2680412371134,3.0,57.06185567010309
12896,12889,WN,304,18.81188118811881,0.32894736842105265,11.259136212624584
12896,14107,MQ,62,3.225806451612903,0.0,2.9516129032258065
12896,14107,OO,236,11.440677966101696,0.0,26.427966101694917
12896,14107,WN,1,0.0,0.0,0.0
12898,11697,NK,51,17.647058823529413,0.0,14.392156862745098
12898,13204,NK,235,20.600858369098713,0.851063829787234,18.744588744588743
12898,13577,NK,152,15.789473684210526,0.0,9.927631578947368
12899,11292,OO,521,25.590551181102363,2.495201535508637,26.229249011857707
12902,11292,OO,522,27.865612648221344,3.0651340996168583,32.905138339920946
12915,11298,MQ,173,13.372093023255813,0.5780346820809249,14.257309941520468
12915,11298,OO,737,29.52243125904486,6.241519674355495,33.545586107091175
12915,12266,OO,98,18.75,2.0408163265306123,26.09375
12917,10994,G4,24,52.17391304347826,4.166666666666667,121.22727272727273
12917,11697,G4,71,33.80281690140845,0.0,37.183098591549296
12917,13577,G4,110,36.69724770642202,0.9090909090909091,20.564814814814813
12917,14082,G4,159,34.59119496855346,0.0,32.64779874213836
12917,14112,G4,162,39.130434782608695,0.6172839506172839,48.16770186335404
12917,14685,G4,123,14.87603305785124,1.6260162601626016,13.134453781512605
12917,14761,G4,141,48.226950354609926,0.0,55.92142857142857
12917,14986,G4,105,10.476190476190476,0.0,17.21904761904762
12917,15624,G4,126,25.6,0.7936507936507936,14.04
12945,10397,DL,1772,12.029646522234891,1.0158013544018059,9.900684931506849
12945,10397,OO,20,42.10526315789473,5.0,47.10526315789474
12945,10423,DL,1,0.0,0.0,0.0
12945,10423,MQ,1,0.0,0.0,7.0
12945,11057,OH,1575,23.405654174884944,3.4285714285714284,21.88231426692965
12945,11278,YX,258,7.5396825396825395,2.3255813953488373,5.984126984126984
12945,11292,OO,304,23.432343234323433,0.32894736842105265,15.504950495049505
12945,11298,MQ,757,20.405405405405403,2.2457067371202113,13.456639566395664
12945,11298,OH,252,13.580246913580247,3.5714285714285716,17.399159663865547
12945,11298,OO,32,9.375,0.0,5.28125
12945,11433,OO,423,14.319809069212411,0.9456264775413712,11.045454545454545
12945,11433,YX,276,12.363636363636363,0.36231884057971014,10.014598540145986
12945,11697,G4,109,44.03669724770643,0.0,48.299065420560744
12945,12889,G4,75,32.432432432432435,1.3333333333333333,26.66216216216216
12945,13303,MQ,13,7.6923076923076925,0.0,16.307692307692307
12945,13577,G4,24,8.333333333333332,0.0,13.333333333333334
12945,13930,MQ,198,24.102564102564102,1.5151515151515151,14.333333333333334
12945,13930,OO,1135,30.02680965147453,1.4096916299559472,26.275491949910556
12945,14082,G4,146,32.63888888888889,1.36986301369863,25.020833333333332
12945,14100,OH,281,23.73540856031128,8.540925266903914,17.657587548638134
12945,14112,G4,166,43.63636363636363,0.6024096385542169,27.9390243902439
12945,14761,G4,192,61.25654450261781,0.5208333333333334,63.194736842105264
12945,14986,G4,47,14.893617021276595,0.0,14.638297872340425
12945,15624,G4,35,42.857142857142854,0.0,30.82857142857143
12951,10397,OO,228,27.3542600896861,2.192982456140351,27.009090909090908
12951,11057,OH,304,10.616438356164384,3.9473684210526314,15.886986301369863
12951,11298,MQ,659,17.70186335403727,2.276176024279211,17.905132192846033
12951,11298,OH,404,40.21164021164021,6.435643564356436,37.301587301587304
12951,11298,OO,412,26.99228791773779,5.58252427184466,28.32987012987013
12951,12266,OO,233,17.46724890829694,1.7167381974248928,13.790393013100436
12953,10154,B6,99,18.75,3.0303030303030303,13.90625
12953,10154,YX,308,15.51155115511551,1.6233766233766234,9.614617940199336
12953,10208,YX,16,12.5,0.0,8.8125
12953,10397,DL,4102,20.821985640009906,1.5358361774744027,16.786689843555997
12953,10397,F9,566,36.46408839779006,4.063604240282685,41.55083179297597
12953,10397,NK,97,29.47368421052631,2.0618556701030926,16.757894736842104
12953,10397,WN,1149,26.24555160142349,2.175805047867711,22.223907225691345
12953,10397,YX,322,24.367088607594937,1.8633540372670807,15.58095238095238
12953,10431,YX,362,14.804469273743019,1.1049723756906078,9.333333333333334
12953,10581,YX,220,15.137614678899084,0.9090909090909091,13.064516129032258
12953,10693,DL,229,34.841628959276015,3.493449781659389,30.30593607305936
12953,10693,OO,364,25.936599423631122,4.670329670329671,20.55491329479769
12953,10693,WN,1193,25.535561268209083,2.179379715004191,20.984562607204115
12953,10693,YX,1467,22.009907997169144,3.6809815950920246,14.452533904354032
12953,10721,B6,617,15.307820299500833,2.593192868719611,10.633333333333333
12953,10721,DL,471,21.382289416846653,1.6985138004246285,21.560606060606062
12953,10721,YX,4845,25.70023519350011,3.4674922600619196,18.97282841249465
12953,10785,YX,32,6.451612903225806,3.125,3.3870967741935485
12953,10792,OO,53,25.49019607843137,3.7735849056603774,13.313725490196079
12953,10792,YX,1480,23.288637967537053,4.256756756756757,15.256192498230714
12953,10849,AA,13,7.6923076923076925,0.0,3.6153846153846154
12953,10868,YX,387,24.538258575197887,2.0671834625322996,18.17195767195767
12953,10990,YX,277,18.90909090909091,0.7220216606498195,14.436363636363636
12953,10994,DL,287,25.97864768683274,2.0905923344947737,22.996415770609318
12953,10994,NK,28,25.0,0.0,17.321428571428573
12953,10994,YX,532,27.00587084148728,3.9473684210526314,25.286836935166995
12953,11042,F9,252,37.916666666666664,4.761904761904762,43.9125
12953,11042,OO,101,11.881188118811881,0.0,13.435643564356436
12953,11042,YX,1267,22.615131578947366,4.025256511444357,15.607260726072607
12953,11057,AA,2701,20.815859702630576,2.8878193261754905,25.48053435114504
12953,11057,F9,273,29.259259259259256,1.098901098901099,28.933085501858734
12953,11057,NK,431,17.77251184834123,2.0881670533642693,18.23696682464455
12953,11057,YX,679,14.264264264264265,1.914580265095729,10.6996996996997
12953,11066,DL,4,0.0,0.0,0.0
12953,11066,NK,290,22.82608695652174,4.827586206896552,18.152173913043477
12953,11066,YX,2354,20.965637233579816,2.336448598130841,16.400174367916303
12953,11193,DL,94,29.03225806451613,1.0638297872340425,23.204301075268816
12953,11193,F9,14,53.84615384615385,7.142857142857143,33.46153846153846
12953,11193,OO,19,10.526315789473683,0.0,6.842105263157895
12953,11193,YX,615,25.2129471890971,4.5528455284552845,19.160136286201023
12953,11252,DL,1,0.0,0.0,12.0
12953,11259,WN,1164,25.83187390542907,1.8900343642611683,20.070546737213405
12953,11267,YX,198,22.282608695652172,7.070707070707071,15.88586956521739
12953,11278,AA,97,18.085106382978726,3.0927835051546393,17.574468085106382
12953,11278,YX,3797,24.937862468931236,4.635238346062681,16.991429361349184
12953,11292,DL,864,28.57142857142857,1.9675925925925926,27.53743961352657
12953,11292,F9,147,38.84892086330935,5.442176870748299,36.64028776978417
12953,11292,UA,1663,23.169993950393224,0.6013229104028863,17.13451004260499
12953,11292,WN,1146,30.98842386464826,2.006980802792321,22.45357142857143
12953,11298,AA,3480,29.955290611028317,3.5919540229885056,27.105326512187784
12953,11298,DL,1811,27.123442808607024,2.484815019326339,23.37929061784897
12953,11298,F9,300,30.66202090592334,4.333333333333333,34.1219512195122
12953,11298,NK,224,21.00456621004566,2.232142857142857,15.596330275229358
12953,11423,YX,271,30.739299610894943,5.166051660516605,25.0625
12953,11433,DL,1637,21.803582458307595,1.0995723885155773,19.65203955500618
12953,11433,NK,750,16.575342465753426,2.6666666666666665,16.94109589041096
12953,11433,YX,833,23.462986198243414,4.321728691476591,16.170854271356784
12953,11624,DL,8,12.5,0.0,28.375
12953,11624,YX,234,21.982758620689655,0.8547008547008547,13.4
12953,11648,AA,13,15.384615384615385,0.0,42.53846153846154
12953,11697,B6,1111,32.32600732600733,1.7101710171017102,29.863051470588236
12953,11697,DL,1310,24.414976599063962,2.1374045801526718,18.407698350353495
12953,11697,NK,895,19.173363949483353,2.6815642458100557,18.003444316877154
12953,11977,DL,1,100.0,0.0,21.0
12953,11977,YX,1,0.0,0.0,1.0
12953,11986,OO,55,20.37037037037037,1.8181818181818181,13.481481481481481
12953,11986,YX,660,21.19309262166405,3.484848484848485,15.821036106750393
12953,11995,DL,2,0.0,0.0,0.0
12953,11995,YX,1526,22.19178082191781,4.325032765399738,14.503769705277588
12953,11996,YX,794,23.82234185733513,6.423173803526448,16.029609690444147
12953,12124,YX,195,5.154639175257731,0.5128205128205128,2.4948453608247423
12953,12191,WN,1128,25.76853526220615,1.950354609929078,18.416893732970028
12953,12250,YX,76,5.263157894736842,0.0,2.236842105263158
12953,12264,UA,7,57.14285714285714,0.0,49.285714285714285
12953,12264,YX,556,26.037735849056602,4.676258992805756,22.224528301886792
12953,12266,DL,1110,26.972477064220186,1.8018018018018018,24.050878815911194
12953,12266,NK,353,15.028901734104046,1.9830028328611897,10.104046242774567
12953,12266,OO,5,40.0,0.0,15.2
12953,12266,UA,2130,22.328244274809162,1.596244131455399,20.364159080019167
12953,12323,YX,822,25.51546391752577,5.59610705596107,16.078709677419354
12953,12339,OO,50,28.57142857142857,2.0,22.632653061224488
12953,12339,YX,2002,23.78238341968912,3.5964035964035963,19.3402489626556
12953,12451,DL,30,27.586206896551722,3.3333333333333335,24.413793103448278
12953,12451,YX,109,24.299065420560748,1.834862385321101,17.429906542056074
12953,12992,YX,261,33.87755102040816,6.130268199233717,26.96311475409836
12953,13198,DL,827,27.30627306273063,1.6928657799274487,29.970443349753694
12953,13198,WN,561,28.360957642725598,3.2085561497326203,21.364140480591498
12953,13198,YX,12,0.0,25.0,0.3333333333333333
12953,13204,AA,737,30.428769017980635,1.8995929443690638,26.400837988826815
12953,13204,B6,1024,34.817012858555884,1.26953125,29.76683417085427
12953,13204,DL,1739,29.453262786596117,2.1851638872915466,22.475235849056602
12953,13204,F9,211,29.411764705882355,3.3175355450236967,29.666666666666668
12953,13204,NK,665,14.437689969604865,1.0526315789473684,13.945121951219512
12953,13232,WN,1965,23.655352480417754,2.544529262086514,19.277399056109072
12953,13244,YX,849,22.29064039408867,4.358068315665489,16.19753086419753
12953,13303,AA,2914,27.247191011235955,2.264927934111187,26.529784984138175
12953,13303,DL,1602,29.367088607594937,1.373283395755306,25.394267515923566
12953,13303,F9,152,27.333333333333332,1.3157894736842106,47.852348993288594
12953,13303,NK,387,17.060367454068242,1.550387596899225,14.155263157894737
12953,13303,YX,18,16.666666666666664,0.0,21.055555555555557
12953,13342,OO,129,23.62204724409449,1.550387596899225,19.58267716535433
12953,13342,YX,464,17.225950782997764,3.663793103448276,12.706935123042506
12953,13485,YX,513,25.40983606557377,4.8732943469785575,18.989754098360656
12953,13487,DL,1472,17.97676008202324,0.6114130434782609,15.73820915926179
12953,13487,YX,361,12.968299711815561,3.8781163434903045,8.269565217391305
12953,13495,AA,282,31.15942028985507,2.127659574468085,26.945255474452555
12953,13495,DL,610,22.871452420701168,1.8032786885245902,17.934891485809683
12953,13495,NK,46,8.695652173913043,0.0,4.3478260869565215
12953,13495,UA,1,100.0,0.0,19.0
12953,13495,WN,278,39.338235294117645,2.158273381294964,25.602941176470587
12953,13495,YX,25,20.0,0.0,11.956521739130435
12953,13541,YX,316,10.828025477707007,0.6329113924050633,6.035143769968051
12953,13577,DL,201,16.5,0.4975124378109453,11.83
12953,13577,NK,327,19.6875,2.140672782874618,14.32601880877743
12953,13577,YX,18,16.666666666666664,0.0,4.111111111111111
12953,13851,OO,304,29.02097902097902,5.921052631578948,41.1063829787234
12953,13851,YX,554,28.13102119460501,6.317689530685921,24.279918864097365
12953,13871,DL,2,0.0,0.0,0.0
12953,13871,OO,102,20.2020202020202,2.9411764705882355,22.959183673469386
12953,13871,YX,328,25.161290322580644,5.487804878048781,23.488673139158575
12953,13930,AA,2690,30.613026819923373,2.973977695167286,31.456813819577736
12953,13930,DL,1810,29.8811544991511,2.3756906077348066,29.51023890784983
12953,13930,NK,365,28.932584269662918,2.4657534246575343,24.373595505617978
12953,13930,OO,212,22.330097087378643,2.830188679245283,15.694174757281553
12953,13930,UA,3855,27.58803283028859,2.0233463035019454,24.02043524416136
12953,13930,YX,727,17.507002801120446,1.7881705639614855,11.109396914446004
12953,13931,NK,36,27.77777777777778,0.0,14.416666666666666
12953,13931,YX,1152,21.866422689844462,5.121527777777778,14.37912087912088
12953,14027,AA,246,22.540983606557376,0.8130081300813008,15.921810699588477
12953,14027,B6,769,30.411686586985393,2.080624187256177,24.393617021276597
12953,14027,DL,1292,30.11093502377179,2.321981424148607,25.7326968973747
12953,14027,NK,20,30.0,0.0,23.8
12953,14027,YX,94,32.95454545454545,6.382978723404255,18.623529411764707
12953,14100,YX,271,23.507462686567166,1.1070110701107012,12.585820895522389
12953,14122,OO,129,29.599999999999998,3.10077519379845,22.312
12953,14122,YX,2406,20.17994858611825,2.9925187032418954,16.332476435304198
12953,14321,YX,896,21.734104046242773,3.4598214285714284,14.88412514484357
12953,14492,DL,120,15.384615384615385,2.5,13.735042735042734
12953,14492,F9,278,31.92307692307692,6.474820143884892,44.4980694980695
12953,14492,OO,58,20.689655172413794,0.0,13.379310344827585
12953,14492,YX,1850,24.384787472035793,3.3513513513513513,16.347144456886898
12953,14524,NK,36,17.142857142857142,2.7777777777777777,13.4
12953,14524,OO,47,30.434782608695656,2.127659574468085,21.043478260869566
12953,14524,YX,1330,21.931908155186065,5.037593984962406,15.428684627575278
12953,14574,YX,269,27.413127413127413,3.717472118959108,19.406976744186046
12953,14576,OO,126,19.047619047619047,0.0,15.095238095238095
12953,14576,YX,4,0.0,0.0,0.0
12953,14635,AA,123,41.80327868852459,0.8130081300813008,22.131147540983605
12953,14635,DL,602,25.254237288135595,1.9933554817275747,19.02037351443124
12953,14685,DL,7,42.857142857142854,0.0,10.0
12953,14685,YX,510,27.536231884057973,5.294117647058823,18.732919254658384
12953,14696,YX,10,10.0,0.0,3.6
12953,14730,AA,1,0.0,0.0,0.0
12953,14730,OO,82,12.5,2.4390243902439024,21.860759493670887
12953,14730,YX,1095,20.615671641791046,2.1004566210045663,18.365168539325843
12953,14869,DL,16,25.0,0.0,51.0
12953,14986,AA,122,29.166666666666668,1.639344262295082,23.3
12953,14986,DL,438,21.57772621809745,1.5981735159817352,17.141860465116277
12953,14986,YX,10,0.0,0.0,2.4
12953,15016,OO,28,10.714285714285714,0.0,2.8214285714285716
12953,15016,WN,1140,23.78815080789946,2.280701754385965,18.733153638814017
12953,15016,YX,1004,21.243523316062177,3.8844621513944224,15.518172377985461
12953,15096,OO,42,9.523809523809524,0.0,6.833333333333333
12953,15096,YX,179,15.606936416184972,3.35195530726257,9.465116279069768
12953,15304,AA,571,34.40285204991088,1.7513134851138354,29.882882882882882
12953,15304,B6,329,29.81366459627329,2.127659574468085,28.253125
12953,15304,DL,1315,26.71814671814672,1.520912547528517,25.169254658385093
12953,15304,WN,3,0.0,0.0,0.0
12953,15304,YX,4,25.0,0.0,27.0
12953,15370,YX,319,33.0,5.956112852664577,25.1734693877551
12953,15380,DL,30,3.4482758620689653,3.3333333333333335,3.103448275862069
12953,15380,YX,10,20.0,0.0,14.5
12953,15412,YX,673,20.904836193447736,4.75482912332838,13.965678627145087
12953,15919,YX,603,24.56445993031359,4.8092868988391375,17.58730158730159
12954,10140,WN,237,11.39240506329114,0.0,6.672340425531915
12954,10423,WN,446,14.573991031390134,0.0,8.535874439461884
12954,10693,WN,310,10.355987055016183,0.3225806451612903,6.996763754045308
12954,10821,WN,148,13.513513513513514,0.0,6.662162162162162
12954,11259,WN,572,12.5,0.6993006993006993,9.081560283687944
12954,11292,WN,855,20.235294117647058,0.5847953216374269,14.577149587750295
12954,11540,WN,173,16.86046511627907,0.5780346820809249,10.235294117647058
12954,12173,HA,304,9.602649006622517,0.6578947368421053,5.634551495016611
12954,12173,WN,304,7.236842105263158,0.0,4.34983498349835
12954,12191,WN,462,9.97830802603037,0.21645021645021645,5.350877192982456
12954,12889,WN,1915,18.877818563188253,0.4177545691906005,11.032511798636602
12954,13198,WN,13,25.0,7.6923076923076925,24.0
12954,13204,WN,14,21.428571428571427,0.0,10.785714285714286
12954,13232,WN,291,6.896551724137931,0.3436426116838488,3.21875
12954,13495,WN,17,47.05882352941176,0.0,28.235294117647058
12954,13796,WN,1467,8.823529411764707,0.34083162917518744,5.117647058823529
12954,13830,HA,304,5.298013245033113,0.6578947368421053,2.6821192052980134
12954,13830,WN,5,0.0,0.0,0.2
12954,14107,WN,1302,13.436293436293436,0.5376344086021505,8.746522411128284
12954,14570,WN,614,16.39344262295082,0.6514657980456026,9.980295566502463
12954,14831,WN,1049,11.10047846889952,0.3813155386081983,6.719617224880383
12954,14869,DL,295,15.358361774744028,0.6779661016949152,13.03754266211604
12954,14869,OO,615,6.666666666666667,0.0,5.8585365853658535
12954,14869,WN,390,15.128205128205128,0.0,9.812820512820513
12954,14893,WN,1647,10.779537149817296,0.3035822707953855,6.537758830694275
12954,15016,WN,295,9.183673469387756,0.3389830508474576,4.22108843537415
12982,11292,UA,316,4.53074433656958,2.2151898734177213,6.148867313915858
12982,12173,HA,5205,14.460403726708075,1.0182516810758886,7.794836956521739
12982,12173,WN,1574,2.8115015974440896,0.5717916137229987,2.5073482428115015
12982,12758,HA,304,19.801980198019802,0.32894736842105265,8.854785478547855
12982,12889,WN,304,6.270627062706271,0.32894736842105265,2.9466666666666668
12982,12892,AA,300,12.37458193979933,0.3333333333333333,12.852842809364548
12982,12892,DL,304,12.162162162162163,2.6315789473684212,10.36949152542373
12982,12892,HA,304,35.973597359735976,0.32894736842105265,17.278145695364238
12982,12892,UA,286,7.719298245614035,0.34965034965034963,4.028070175438597
12982,12892,WN,23,13.043478260869565,0.0,13.391304347826088
12982,13796,HA,304,25.165562913907287,0.6578947368421053,13.933554817275747
12982,13796,WN,304,4.605263157894736,0.0,3.5775577557755778
12982,13830,HA,911,12.004405286343612,0.32930845225027444,6.860619469026549
12982,13830,WN,304,11.55115511551155,0.32894736842105265,6.363036303630363
12982,14057,AS,79,16.883116883116884,2.5316455696202533,9.75
12982,14107,AA,310,7.119741100323624,0.3225806451612903,20.873376623376622
12982,14679,AS,179,26.589595375722542,3.35195530726257,15.485549132947977
12982,14747,AS,608,16.86143572621035,1.480263157894737,10.754590984974959
12982,14747,DL,304,5.387205387205387,2.3026315789473686,2.8513513513513513
12982,14771,AS,61,31.147540983606557,0.0,14.049180327868852
12982,14771,UA,485,5.394190871369295,0.6185567010309279,3.995850622406639
12982,14831,AS,116,25.862068965517242,0.0,14.730434782608695
12982,14893,HA,174,27.167630057803464,0.5747126436781609,22.046511627906977
12992,10397,DL,1890,13.660618996798293,0.8465608465608465,14.942780748663102
12992,11057,MQ,446,17.620137299771166,2.0179372197309418,10.254004576659039
12992,11057,OH,585,26.486486486486488,5.128205128205129,25.6990990990991
12992,11259,WN,845,15.347721822541965,1.301775147928994,11.474189675870349
12992,11278,MQ,299,7.142857142857142,1.6722408026755853,3.3503401360544216
12992,11278,YX,5,20.0,0.0,4.0
12992,11292,F9,86,39.285714285714285,2.3255813953488373,44.0
12992,11292,OO,901,30.52749719416386,1.1098779134295227,25.42582106455266
12992,11292,WN,304,27.302631578947366,0.0,21.511627906976745
12992,11298,AA,311,23.154362416107382,4.180064308681672,30.347972972972972
12992,11298,MQ,1538,32.047872340425535,2.210663198959688,23.65243495663776
12992,11298,OH,380,29.20353982300885,10.789473684210526,38.38643067846608
12992,11298,OO,147,39.71631205673759,4.081632653061225,33.361702127659576
12992,12191,WN,24,20.833333333333336,0.0,7.291666666666667
12992,12266,OO,464,30.155210643015522,2.8017241379310347,26.592017738359203
12992,12889,WN,299,18.06020066889632,0.0,12.19732441471572
12992,12892,G4,24,58.333333333333336,0.0,22.875
12992,12953,YX,261,19.607843137254903,2.2988505747126435,17.12549019607843
12992,13303,MQ,5,40.0,0.0,15.8
12992,13303,YX,38,23.684210526315788,0.0,16.44736842105263
12992,13930,MQ,664,27.397260273972602,1.0542168674698795,17.946646341463413
12992,13930,OO,253,35.199999999999996,1.1857707509881423,25.879518072289155
12992,13930,YX,66,19.696969696969695,0.0,11.5
12992,14107,MQ,27,14.814814814814813,0.0,5.555555555555555
12992,14107,WN,4,0.0,0.0,0.0
12992,14112,G4,24,66.66666666666666,0.0,61.083333333333336
12992,14761,G4,44,68.18181818181817,0.0,51.20454545454545
12992,14869,OO,54,3.7037037037037033,0.0,3.814814814814815
12992,15016,WN,562,13.464991023339318,0.8896797153024911,8.473967684021543
12992,15624,G4,27,22.22222222222222,0.0,7.2592592592592595
13029,11292,OO,1360,26.8801191362621,1.25,26.095345345345347
13029,11433,OO,1,0.0,0.0,0.0
13029,13930,OO,996,21.8052738336714,1.0040160642570282,19.102746693794508
13061,11298,MQ,1354,18.846153846153847,3.9881831610044314,18.33641975308642
13061,11298,OO,62,35.08771929824561,8.064516129032258,20.17543859649123
13061,12889,G4,88,34.090909090909086,0.0,25.454545454545453
13076,13930,MQ,714,18.8385269121813,1.1204481792717087,12.652974504249292
13127,11292,OO,32,28.125,0.0,23.0
13127,14747,OO,303,7.973421926910299,0.6600660066006601,9.36
13127,14869,OO,304,4.934210526315789,0.0,5.078947368421052
13158,10423,OO,724,17.96657381615599,0.8287292817679558,22.511888111888112
13158,10423,WN,261,19.230769230769234,0.3831417624521073,12.988461538461538
13158,11259,WN,1115,13.06715063520871,1.1659192825112108,9.014545454545454
13158,11292,OO,1087,26.648096564531105,0.9199632014719411,30.116650987770463
13158,11292,WN,178,18.53932584269663,0.0,13.67231638418079
13158,11298,MQ,1729,19.34718100890208,2.5448235974551765,14.80677764565993
13158,11298,OH,33,15.151515151515152,0.0,22.303030303030305
13158,11298,OO,725,23.836389280677007,2.206896551724138,23.504950495049506
13158,12191,WN,1098,15.193370165745856,1.092896174863388,10.54016620498615
13158,12266,OO,445,20.137299771167047,1.797752808988764,22.77188940092166
13158,12266,UA,308,13.114754098360656,0.974025974025974,11.00327868852459
13158,12889,WN,304,15.841584158415841,0.32894736842105265,12.534653465346535
13158,14107,OO,304,15.2317880794702,0.6578947368421053,22.788079470198674
13184,11433,OO,1054,17.01720841300191,0.7590132827324478,18.518164435946463
13184,13930,OO,905,28.36322869955157,1.4364640883977902,28.370786516853933
13198,10140,WN,287,13.333333333333334,0.6968641114982579,9.855633802816902
13198,10397,DL,2293,11.28250330542089,1.0466637592673353,9.374613003095975
13198,10397,F9,63,45.16129032258064,1.5873015873015872,36.596774193548384
13198,10397,WN,401,17.424242424242426,1.2468827930174564,12.8989898989899
13198,10423,WN,722,19.047619047619047,1.10803324099723,11.260504201680673
13198,10693,NK,18,22.22222222222222,0.0,12.944444444444445
13198,10693,WN,1126,16.247755834829444,1.0657193605683837,10.247971145175834
13198,10721,DL,93,52.22222222222223,3.225806451612903,48.34444444444444
13198,10721,YX,404,18.9873417721519,2.227722772277228,12.809644670050762
13198,10800,WN,205,23.52941176470588,0.4878048780487805,17.15686274509804
13198,10821,WN,678,19.306184012066367,2.2123893805309733,12.426179604261796
13198,10994,WN,9,0.0,0.0,5.888888888888889
13198,11057,AA,1111,21.78308823529412,2.07020702070207,23.17203311867525
13198,11057,OH,9,22.22222222222222,0.0,10.666666666666666
13198,11066,WN,28,17.857142857142858,0.0,5.0
13198,11259,WN,1682,19.501822600243013,2.140309155766944,13.598904443091905
13198,11278,AA,50,32.0,0.0,19.06122448979592
13198,11278,MQ,49,15.217391304347828,6.122448979591836,18.933333333333334
13198,11278,OH,422,25.31969309462916,7.345971563981043,42.675257731958766
13198,11278,WN,828,26.691266912669125,1.8115942028985508,17.65923172242875
13198,11278,YX,189,22.702702702702705,2.1164021164021163,10.6
13198,11292,F9,158,41.66666666666667,1.2658227848101267,30.07051282051282
13198,11292,OO,186,6.486486486486487,0.5376344086021505,5.616216216216216
13198,11292,UA,1194,27.265029635901776,1.0887772194304857,18.74108658743633
13198,11292,WN,1942,31.093749999999996,1.132852729145211,21.888540031397174
13198,11298,AA,1605,31.03448275862069,4.2367601246105915,32.42586544741999
13198,11298,MQ,447,23.787528868360276,3.131991051454139,17.780600461893766
13198,11298,OH,55,45.09803921568628,7.2727272727272725,31.96078431372549
13198,11298,OO,56,32.69230769230769,7.142857142857143,33.80769230769231
13198,11433,AA,1,0.0,0.0,0.0
13198,11433,DL,1114,10.588235294117647,0.8078994614003591,10.422867513611616
13198,11433,NK,29,10.344827586206897,0.0,12.448275862068966
13198,11433,OO,5,20.0,0.0,5.6
13198,11433,YX,1,0.0,0.0,0.0
13198,11481,WN,97,21.649484536082475,0.0,10.670103092783505
13198,11618,UA,90,10.112359550561797,1.1111111111111112,17.370786516853933
13198,11618,YX,211,22.660098522167488,3.7914691943127963,27.18905472636816
13198,11697,NK,115,22.807017543859647,0.8695652173913043,27.141592920353983
13198,11697,WN,353,23.646723646723647,0.56657223796034,15.263610315186247
13198,12191,WN,839,19.757575757575758,1.66865315852205,12.081508515815084
13198,12264,YX,7,14.285714285714285,0.0,5.857142857142857
13198,12266,OO,24,34.78260869565217,4.166666666666667,13.73913043478261
13198,12266,UA,341,14.37125748502994,2.0527859237536656,14.29940119760479
13198,12339,WN,287,25.524475524475527,0.34843205574912894,13.818181818181818
13198,12451,AA,1,0.0,0.0,0.0
13198,12451,DL,1,0.0,0.0,0.0
13198,12451,WN,10,20.0,0.0,11.1
13198,12478,OO,63,22.033898305084744,6.349206349206349,18.796610169491526
13198,12889,NK,231,14.977973568281937,1.7316017316017316,8.876106194690266
13198,12889,WN,1379,18.06876371616679,0.8701957940536621,11.90542521994135
13198,12892,DL,455,8.88888888888889,1.098901098901099,6.3
13198,12892,NK,204,15.07537688442211,2.450980392156863,15.919597989949748
13198,12892,WN,299,29.292929292929294,0.6688963210702341,15.252525252525253
13198,12953,DL,826,21.182266009852217,1.694915254237288,22.34950248756219
13198,12953,WN,561,20.146520146520146,2.6737967914438503,14.37269372693727
13198,12953,YX,13,0.0,30.76923076923077,0.6666666666666666
13198,12954,WN,13,41.66666666666667,7.6923076923076925,23.916666666666668
13198,13204,NK,312,18.83116883116883,1.2820512820512822,18.503246753246753
13198,13204,WN,985,19.28205128205128,1.015228426395939,12.014418125643667
13198,13232,WN,1792,19.217687074829932,1.5625,12.731707317073171
13198,13303,AA,305,15.333333333333332,1.639344262295082,14.728187919463087
13198,13303,MQ,96,16.129032258064516,3.125,9.838709677419354
13198,13303,WN,116,22.413793103448278,0.0,9.721739130434782
13198,13342,WN,290,22.299651567944252,1.0344827586206897,11.397212543554007
13198,13487,DL,853,16.90307328605201,0.82063305978898,16.04265402843602
13198,13487,OO,98,19.35483870967742,5.1020408163265305,10.473118279569892
13198,13495,AA,6,16.666666666666664,0.0,8.666666666666666
13198,13495,DL,1,100.0,0.0,24.0
13198,13495,UA,2,0.0,0.0,0.0
13198,13495,WN,340,24.17910447761194,1.4705882352941178,15.559880239520957
13198,13577,WN,9,0.0,0.0,2.0
13198,13796,WN,295,30.82191780821918,1.0169491525423728,15.106896551724137
13198,13930,AA,515,25.149700598802394,2.7184466019417477,32.9061876247505
13198,13930,MQ,645,24.644549763033176,1.8604651162790697,16.806962025316455
13198,13930,OO,349,19.186046511627907,1.4326647564469914,13.662790697674419
13198,13930,UA,1128,23.166368515205722,0.8865248226950354,17.307072515666967
13198,13930,YX,492,11.691022964509393,2.6422764227642275,9.066805845511482
13198,14057,AS,73,13.698630136986301,0.0,7.5479452054794525
13198,14057,WN,33,33.33333333333333,0.0,12.303030303030303
13198,14082,G4,76,26.31578947368421,0.0,22.04
13198,14100,AA,373,22.3433242506812,1.6085790884718498,18.9013698630137
13198,14100,OH,276,30.501930501930502,6.159420289855072,28.04296875
13198,14100,YX,1,0.0,0.0,0.0
13198,14107,AA,509,15.476190476190476,0.9823182711198428,20.525793650793652
13198,14107,F9,7,28.57142857142857,0.0,19.428571428571427
13198,14107,MQ,2,50.0,0.0,43.5
13198,14107,OO,151,22.818791946308725,1.3245033112582782,15.335570469798657
13198,14107,WN,1318,19.12442396313364,1.2139605462822458,12.159353348729793
13198,14112,G4,63,45.16129032258064,1.5873015873015872,44.58064516129032
13198,14193,WN,183,14.207650273224044,0.0,10.923497267759563
13198,14492,WN,58,32.758620689655174,0.0,22.155172413793103
13198,14635,WN,192,27.368421052631582,1.0416666666666667,22.03157894736842
13198,14679,WN,340,22.123893805309734,0.29411764705882354,12.274336283185841
13198,14683,WN,255,26.48221343873518,0.7843137254901961,18.367588932806324
13198,14747,AS,640,21.019108280254777,1.875,14.003189792663477
13198,14747,DL,304,11.705685618729097,1.644736842105263,15.841750841750843
13198,14747,WN,26,38.46153846153847,0.0,29.884615384615383
13198,14771,OO,300,16.610169491525422,1.6666666666666667,13.162711864406779
13198,14771,UA,10,10.0,0.0,18.7
13198,14869,DL,834,11.650485436893204,1.1990407673860912,9.733900364520048
13198,14893,WN,259,29.571984435797667,0.7722007722007722,15.65234375
13198,14986,WN,16,25.0,0.0,6.8125
13198,15016,WN,846,13.60381861575179,0.9456264775413712,7.212664277180406
13198,15304,F9,3,0.0,0.0,0.0
13198,15304,WN,540,22.242990654205606,0.9259259259259259,14.564485981308412
13198,15624,G4,54,37.03703703703704,0.0,47.0
13198,15624,WN,27,18.51851851851852,0.0,9.11111111111111
13198,16422,G4,25,40.0,0.0,16.08
13204,10135,G4,95,44.086021505376344,2.1052631578947367,33.69892473118279
13204,10140,WN,35,20.0,0.0,7.771428571428571
13204,10158,NK,682,19.940915805022154,0.7331378299120235,15.323485967503693
13204,10257,B6,415,25.060827250608277,0.963855421686747,17.851219512195122
13204,10257,WN,525,20.26768642447419,0.38095238095238093,14.848368522072937
13204,10397,DL,4473,25.287356321839084,0.8048289738430584,23.630675400948725
13204,10397,F9,835,33.170731707317074,1.7964071856287425,27.890243902439025
13204,10397,NK,474,29.511677282377917,0.6329113924050633,19.327659574468086
13204,10397,WN,1000,26.411290322580644,0.8,18.447474747474747
13204,10423,DL,304,21.52317880794702,0.6578947368421053,20.906666666666666
13204,10423,F9,109,24.074074074074073,0.9174311926605505,15.0
13204,10423,NK,170,24.11764705882353,0.0,16.788235294117648
13204,10423,WN,1513,24.485733244857332,0.3965631196298744,15.823568575233022
13204,10431,G4,120,34.45378151260504,0.8333333333333334,55.705882352941174
13204,10529,B6,810,24.75124378109453,0.7407407407407407,19.5025
13204,10529,F9,203,26.865671641791046,0.9852216748768473,18.693467336683415
13204,10529,NK,39,15.384615384615385,0.0,9.64102564102564
13204,10529,WN,538,18.878504672897193,0.5576208178438662,11.363295880149813
13204,10599,WN,625,28.892455858747994,0.32,18.270967741935483
13204,10693,F9,67,26.865671641791046,0.0,29.104477611940297
13204,10693,NK,691,23.357664233576642,0.8683068017366136,16.951824817518247
13204,10693,WN,1965,25.29441884280594,0.6106870229007634,16.823921971252567
13204,10713,AS,33,12.121212121212121,0.0,3.787878787878788
13204,10721,AA,6,16.666666666666664,0.0,74.66666666666667
13204,10721,B6,2005,30.804248861911987,1.3965087281795512,23.45767866193614
13204,10721,DL,1023,24.23945044160942,0.39100684261974583,18.809055118110237
13204,10721,F9,190,17.934782608695652,3.1578947368421053,12.782608695652174
13204,10721,NK,652,22.08398133748056,1.3803680981595092,14.96578538102644
13204,10721,WN,3,33.33333333333333,0.0,17.666666666666668
13204,10732,B6,455,25.991189427312776,0.21978021978021978,19.594235033259423
13204,10732,F9,342,24.33234421364985,1.4619883040935673,15.694362017804155
13204,10785,F9,74,20.27027027027027,0.0,12.905405405405405
13204,10792,B6,501,24.4,0.1996007984031936,19.022044088176354
13204,10792,F9,311,13.268608414239482,0.6430868167202572,8.194174757281553
13204,10792,WN,777,25.482625482625483,0.0,17.19458762886598
13204,10821,F9,455,19.02654867256637,0.6593406593406593,14.033259423503326
13204,10821,NK,635,30.095541401273884,1.1023622047244095,19.71405750798722
13204,10821,WN,2958,20.552677029360964,2.129817444219067,14.387040887040888
13204,10868,NK,45,11.11111111111111,0.0,13.568181818181818
13204,10980,NK,62,16.129032258064516,0.0,11.383333333333333
13204,10994,NK,1,0.0,0.0,9.0
13204,11042,F9,913,20.953436807095343,1.2048192771084338,14.996666666666666
13204,11042,NK,31,22.58064516129032,0.0,21.64516129032258
13204,11042,UA,485,12.240663900414937,0.6185567010309279,8.25987525987526
13204,11042,WN,161,29.19254658385093,0.0,17.68944099378882
13204,11057,AA,3288,19.654959950708566,1.2773722627737227,17.453563714902806
13204,11057,F9,384,20.99737532808399,0.78125,14.326315789473684
13204,11057,NK,396,24.04092071611253,1.2626262626262625,19.593350383631712
13204,11066,F9,154,16.0,2.5974025974025974,12.546666666666667
13204,11066,NK,507,26.640159045725646,0.7889546351084813,15.63817097415507
13204,11066,WN,1230,26.42740619902121,0.3252032520325203,17.41795918367347
13204,11193,DL,601,33.61204013377927,0.49916805324459235,30.94648829431438
13204,11193,F9,701,22.58992805755396,0.8559201141226819,19.1976911976912
13204,11193,WN,212,23.11320754716981,0.0,16.21698113207547
13204,11259,WN,2179,25.662482566248258,1.2849931161083066,16.914098972922503
13204,11278,AA,1536,31.8,2.34375,33.07032819825854
13204,11278,B6,813,33.54114713216958,1.3530135301353015,27.124685138539043
13204,11278,DL,584,34.96503496503497,2.0547945205479454,33.302120141342755
13204,11278,WN,916,33.81057268722467,0.8733624454148472,23.08950276243094
13204,11292,F9,659,21.712538226299692,0.7587253414264037,15.336391437308869
13204,11292,UA,1583,20.761904761904763,0.505369551484523,16.784664536741214
13204,11292,WN,1612,26.58779576587796,0.37220843672456577,17.322097378277153
13204,11298,AA,2953,28.934540389972145,2.7429732475448696,28.05043782837128
13204,11298,F9,516,25.2465483234714,1.744186046511628,16.16568047337278
13204,11298,MQ,62,22.58064516129032,0.0,13.950819672131148
13204,11298,NK,514,26.666666666666668,0.7782101167315175,22.45294117647059
13204,11423,F9,32,21.875,0.0,19.806451612903224
13204,11433,DL,1705,26.06132075471698,0.5278592375366569,22.911504424778762
13204,11433,F9,342,13.94658753709199,1.4619883040935673,11.899109792284866
13204,11433,NK,1082,21.634168987929435,0.46210720887245843,14.784586815227485
13204,11433,WN,69,31.88405797101449,0.0,17.6231884057971
13204,11540,WN,50,28.000000000000004,0.0,16.6
13204,11618,B6,1157,40.60017652250662,2.0743301642178045,39.983914209115284
13204,11618,NK,1114,26.214482126489457,2.0646319569120286,23.807904411764707
13204,11618,UA,3095,27.154046997389038,1.001615508885299,30.3320222877745
13204,11637,F9,14,0.0,7.142857142857143,2.0
13204,11697,NK,613,18.790849673202615,0.1631321370309951,12.382352941176471
13204,11697,WN,392,27.692307692307693,0.5102040816326531,19.856410256410257
13204,11977,DL,1,0.0,0.0,0.0
13204,11986,F9,251,11.244979919678714,0.796812749003984,11.46774193548387
13204,11986,WN,106,24.528301886792452,0.0,14.428571428571429
13204,12191,WN,1570,22.2508038585209,0.9554140127388535,13.5357833655706
13204,12197,B6,1030,22.319688109161792,0.3883495145631068,17.431952662721894
13204,12264,F9,242,25.738396624472575,2.0661157024793386,22.485232067510548
13204,12264,UA,1677,20.54958183990442,0.17889087656529518,18.62410071942446
13204,12266,F9,363,19.060773480662984,0.27548209366391185,13.323204419889503
13204,12266,NK,586,25.259515570934255,1.3651877133105803,19.880622837370243
13204,12266,UA,1970,22.387295081967213,0.9137055837563451,22.11522633744856
13204,12339,F9,200,22.05128205128205,2.5,22.25128205128205
13204,12339,NK,469,18.27956989247312,0.8528784648187633,12.606911447084233
13204,12339,WN,1305,23.864511162432642,0.45977011494252873,16.10254433307633
13204,12339,YX,2,0.0,0.0,4.0
13204,12391,B6,304,13.815789473684212,0.0,7.157894736842105
13204,12391,F9,377,22.25201072386059,1.0610079575596818,19.929919137466307
13204,12391,WN,554,27.848101265822784,0.18050541516245489,14.733695652173912
13204,12448,WN,14,50.0,0.0,26.642857142857142
13204,12478,B6,2239,31.772727272727273,1.7418490397498883,25.588610478359907
13204,12478,DL,1592,24.331210191082803,1.3819095477386936,22.24122527121889
13204,12478,F9,312,17.363344051446948,0.32051282051282054,14.954983922829582
13204,12889,B6,4,25.0,0.0,6.75
13204,12889,DL,3,0.0,0.0,4.666666666666667
13204,12889,F9,365,28.021978021978022,0.273972602739726,21.22099447513812
13204,12889,NK,275,27.472527472527474,0.7272727272727273,19.448529411764707
13204,12889,UA,1,100.0,0.0,289.0
13204,12889,WN,608,22.075782537067546,0.16447368421052633,12.288557213930348
13204,12892,AA,567,30.687830687830687,0.0,33.80599647266314
13204,12892,DL,1114,19.964028776978417,0.17953321364452424,17.110611510791365
13204,12892,F9,218,23.394495412844037,0.0,15.442396313364055
13204,12892,UA,596,18.79194630872483,0.0,13.437710437710438
13204,12892,WN,88,53.40909090909091,0.0,26.306818181818183
13204,12898,NK,235,15.879828326180256,0.851063829787234,8.137931034482758
13204,12953,AA,737,28.116343490304708,2.03527815468114,22.5933147632312
13204,12953,B6,1026,31.231527093596057,1.0721247563352827,26.950347567030786
13204,12953,DL,1740,24.030552291421856,2.1839080459770117,19.181603773584907
13204,12953,F9,210,18.181818181818183,0.47619047619047616,13.569377990430622
13204,12953,NK,667,25.65284178187404,2.39880059970015,20.43846153846154
13204,12954,WN,14,42.857142857142854,0.0,18.428571428571427
13204,13198,NK,314,21.935483870967744,1.2738853503184713,15.135922330097088
13204,13198,WN,992,27.24489795918367,1.2096774193548387,17.242051282051282
13204,13230,F9,135,23.484848484848484,2.2222222222222223,23.53030303030303
13204,13232,F9,218,22.169811320754718,2.7522935779816513,23.132075471698112
13204,13232,WN,2100,24.891670678863743,1.0952380952380953,15.189163038219641
13204,13244,NK,318,23.02839116719243,0.31446540880503143,18.015822784810126
13204,13244,WN,360,25.977653631284912,0.5555555555555556,16.030898876404493
13204,13296,B6,283,13.87900355871886,0.7067137809187279,7.868327402135232
13204,13296,WN,467,18.843683083511777,0.0,10.97644539614561
13204,13303,AA,2506,23.377670294236193,0.9976057462090981,21.30843762616068
13204,13303,DL,10,0.0,0.0,1.0
13204,13303,WN,175,20.0,0.0,16.885714285714286
13204,13303,YX,586,19.243986254295535,0.6825938566552902,15.399311531841652
13204,13342,F9,111,14.545454545454545,0.9009009009009009,8.618181818181819
13204,13342,NK,188,22.340425531914892,0.0,17.845744680851062
13204,13342,WN,920,25.29989094874591,0.32608695652173914,15.967213114754099
13204,13485,F9,15,13.333333333333334,0.0,4.642857142857143
13204,13487,DL,1550,20.830629461388707,0.5806451612903226,18.785714285714285
13204,13487,F9,75,12.0,0.0,12.68918918918919
13204,13487,NK,29,10.344827586206897,0.0,6.827586206896552
13204,13487,WN,16,25.0,0.0,36.375
13204,13495,F9,101,22.0,0.9900990099009901,16.25
13204,13495,NK,596,18.537414965986397,1.342281879194631,12.660409556313994
13204,13495,WN,1237,24.73469387755102,0.9700889248181084,16.41734860883797
13204,13577,NK,385,23.49869451697128,0.5194805194805194,18.798429319371728
13204,13851,F9,52,21.568627450980394,1.9230769230769231,23.666666666666668
13204,13851,WN,242,24.583333333333332,0.8264462809917356,13.991666666666667
13204,13871,F9,54,13.725490196078432,5.555555555555555,12.588235294117647
13204,13871,WN,238,19.831223628691983,0.42016806722689076,11.426160337552743
13204,13930,AA,1506,30.376344086021508,1.1952191235059761,32.42635135135135
13204,13930,F9,296,21.35593220338983,0.33783783783783783,19.264406779661016
13204,13930,NK,573,26.36203866432337,0.6980802792321117,20.123456790123456
13204,13930,UA,1943,19.53488372093023,0.4117344312918168,15.76592439150699
13204,13930,WN,428,29.342723004694836,0.4672897196261682,20.43764705882353
13204,13931,F9,99,21.21212121212121,0.0,14.16161616161616
13204,13931,NK,254,23.904382470119522,1.1811023622047243,15.568
13204,13931,WN,319,11.987381703470032,0.6269592476489029,5.724683544303797
13204,13933,B6,301,13.043478260869565,0.6644518272425249,9.945578231292517
13204,14027,WN,175,23.42857142857143,0.0,16.005714285714287
13204,14057,AS,308,35.19736842105263,1.2987012987012987,22.417763157894736
13204,14100,AA,2207,26.64519098021169,1.5405527865881288,26.919429097605892
13204,14100,F9,1234,28.160919540229884,1.2965964343598055,25.474116680361544
13204,14100,NK,645,19.309262166405023,1.2403100775193798,14.590266875981161
13204,14100,WN,491,25.510204081632654,0.20366598778004072,17.491769547325102
13204,14107,AA,622,24.35483870967742,0.3215434083601286,22.81847649918963
13204,14107,F9,192,25.654450261780106,0.5208333333333334,20.471204188481675
13204,14107,WN,619,24.433656957928804,0.16155088852988692,14.848780487804879
13204,14122,F9,103,28.431372549019606,0.970873786407767,19.794117647058822
13204,14122,NK,466,20.0,0.2145922746781116,16.163440860215054
13204,14122,WN,1232,23.495934959349594,0.16233766233766234,16.08130081300813
13204,14193,NK,340,25.757575757575758,2.9411764705882355,19.684848484848484
13204,14254,B6,302,22.516556291390728,0.0,13.658940397350994
13204,14254,F9,157,9.554140127388536,0.0,6.993630573248407
13204,14307,B6,580,25.17361111111111,0.6896551724137931,20.90608695652174
13204,14307,WN,762,23.915900131406044,0.13123359580052493,16.228232189973614
13204,14321,B6,53,18.867924528301888,0.0,8.50943396226415
13204,14321,F9,90,24.444444444444443,0.0,17.033333333333335
13204,14321,WN,3,33.33333333333333,0.0,39.0
13204,14492,DL,756,22.48995983935743,1.1904761904761905,24.428763440860216
13204,14492,F9,532,24.47817836812144,0.9398496240601504,18.520912547528518
13204,14492,WN,641,25.508607198748045,0.31201248049922,18.661971830985916
13204,14492,YX,293,18.771331058020476,0.0,21.965870307167236
13204,14524,B6,512,22.39685658153242,0.5859375,15.471400394477318
13204,14524,NK,216,28.703703703703702,0.0,20.032558139534885
13204,14524,WN,171,32.94117647058823,0.5847953216374269,19.24705882352941
13204,14576,NK,266,16.60377358490566,0.37593984962406013,10.950943396226416
13204,14576,WN,280,19.28571428571429,0.0,11.732142857142858
13204,14635,WN,175,26.857142857142858,0.0,18.05142857142857
13204,14679,AS,535,25.515947467166978,0.37383177570093457,17.383458646616543
13204,14679,WN,171,30.0,0.5847953216374269,18.24852071005917
13204,14683,F9,93,19.78021978021978,2.150537634408602,11.956043956043956
13204,14683,NK,212,16.9811320754717,0.0,12.806603773584905
13204,14683,WN,622,24.9597423510467,0.1607717041800643,16.079032258064515
13204,14730,NK,180,16.201117318435752,0.5555555555555556,10.426966292134832
13204,14730,WN,582,25.08650519031142,0.6872852233676976,18.618055555555557
13204,14747,AS,969,22.949117341640708,0.6191950464396285,15.448024948024948
13204,14747,DL,585,23.156089193825043,0.3418803418803419,19.800344234079173
13204,14771,AS,314,30.128205128205128,0.6369426751592356,21.256410256410255
13204,14771,F9,136,25.37313432835821,1.4705882352941178,14.171641791044776
13204,14771,UA,723,19.00138696255201,0.2766251728907331,14.901525658807213
13204,14843,B6,1715,20.818713450292396,0.2915451895043732,15.792154566744731
13204,14843,F9,1031,28.599412340842314,0.9699321047526673,22.648675171736997
13204,14843,NK,644,23.5202492211838,0.3105590062111801,15.042121684867395
13204,14843,WN,1768,21.667612024957457,0.2828054298642534,12.978953356086462
13204,14869,DL,1164,18.400687876182285,0.0859106529209622,14.483175150992235
13204,14869,NK,64,10.9375,0.0,5.53125
13204,14869,WN,27,29.629629629629626,0.0,13.037037037037036
13204,14893,AS,66,15.384615384615385,1.5151515151515151,10.061538461538461
13204,14893,WN,148,36.486486486486484,0.0,18.722972972972972
13204,14986,WN,175,18.96551724137931,0.5714285714285714,14.208092485549132
13204,15016,F9,285,32.15547703180212,0.7017543859649122,27.256227758007118
13204,15016,NK,10,0.0,0.0,2.8
13204,15016,WN,1674,22.933011466505736,1.015531660692951,16.736077481840194
13204,15024,NK,383,14.921465968586386,0.2610966057441253,12.846965699208443
13204,15096,B6,481,20.208333333333332,0.2079002079002079,14.741666666666667
13204,15096,F9,164,12.269938650306749,0.6097560975609756,7.674846625766871
13204,15356,F9,489,30.48016701461378,2.044989775051125,28.857446808510637
13204,15370,WN,112,21.62162162162162,0.8928571428571429,14.91891891891892
13204,15412,G4,115,29.565217391304348,0.0,17.73913043478261
13211,13930,OO,522,26.77165354330709,2.681992337164751,25.497041420118343
13230,10397,DL,816,16.852540272614622,1.1029411764705883,15.633084577114428
13230,10397,OO,5,20.0,0.0,43.0
13230,10693,G4,60,25.0,0.0,28.9
13230,11057,AA,386,9.921671018276761,0.7772020725388601,12.422976501305483
13230,11057,OH,196,15.544041450777202,1.530612244897959,24.797927461139896
13230,11298,AA,305,11.74496644295302,2.2950819672131146,14.003367003367003
13230,11433,OO,260,13.8996138996139,0.38461538461538464,18.223938223938223
13230,11603,AA,1,0.0,0.0,0.0
13230,11697,G4,63,26.984126984126984,0.0,36.38095238095238
13230,12451,G4,70,25.71428571428571,0.0,21.685714285714287
13230,12892,AA,1,100.0,0.0,26.0
13230,13204,F9,135,25.0,2.2222222222222223,28.62878787878788
13230,13303,AA,4,25.0,0.0,19.5
13230,13303,MQ,7,57.14285714285714,0.0,20.714285714285715
13230,13577,G4,72,39.130434782608695,4.166666666666667,32.47826086956522
13230,13930,MQ,472,21.888412017167383,1.271186440677966,13.477419354838709
13230,13930,OO,183,34.63687150837989,2.185792349726776,35.279329608938546
13230,13930,UA,365,13.535911602209943,0.821917808219178,9.008287292817679
13230,13930,YX,144,18.055555555555554,0.0,9.006944444444445
13230,14082,G4,129,24.21875,0.7751937984496124,22.2421875
13230,14100,AA,1,0.0,0.0,0.0
13230,14112,G4,129,41.08527131782946,0.0,33.07874015748032
13230,14761,G4,248,41.86991869918699,0.8064516129032258,43.833333333333336
13230,14986,G4,101,11.881188118811881,0.0,17.722772277227723
13232,10140,WN,461,17.429193899782135,0.43383947939262474,9.92156862745098
13232,10257,WN,535,24.344569288389515,0.18691588785046728,14.097744360902256
13232,10397,DL,1216,15.333333333333332,1.3157894736842106,13.333333333333334
13232,10397,F9,412,30.09950248756219,2.4271844660194173,20.615960099750623
13232,10397,WN,1373,20.176730486008836,1.0924981791697015,12.762924667651403
13232,10423,WN,1158,21.298701298701296,0.25906735751295334,12.26585577758471
13232,10431,G4,47,34.04255319148936,0.0,58.234042553191486
13232,10529,WN,623,21.061093247588424,0.16051364365971107,12.42741935483871
13232,10599,WN,459,20.87912087912088,0.8714596949891068,11.8
13232,10693,WN,1592,17.88874841972187,0.628140703517588,10.911969601013299
13232,10713,WN,78,23.076923076923077,0.0,8.487179487179487
13232,10721,WN,1145,29.938542581211593,0.5240174672489083,20.167838312829524
13232,10792,WN,613,25.493421052631575,0.8156606851549756,12.865131578947368
13232,10800,WN,275,22.62773722627737,0.36363636363636365,11.737226277372264
13232,10821,F9,142,23.404255319148938,0.704225352112676,16.97872340425532
13232,10821,WN,1483,20.21857923497268,1.2811867835468644,13.835728952772074
13232,10849,WN,119,19.327731092436977,0.0,7.440677966101695
13232,10994,WN,316,22.683706070287542,0.9493670886075949,14.504792332268371
13232,11042,WN,934,18.817204301075268,0.4282655246252677,11.689247311827957
13232,11057,WN,588,29.10958904109589,0.6802721088435374,17.090753424657535
13232,11066,WN,1054,21.374045801526716,0.5692599620493358,14.30114722753346
13232,11109,WN,329,17.02127659574468,0.0,8.323170731707316
13232,11193,WN,365,23.69146005509642,0.547945205479452,15.787292817679559
13232,11259,WN,1855,21.444201312910284,1.4555256064690028,13.629262926292629
13232,11278,WN,1759,26.233313987231572,2.046617396247868,17.14585764294049
13232,11292,F9,206,33.65853658536586,0.4854368932038835,30.788177339901477
13232,11292,WN,2060,24.058679706601467,0.7281553398058253,16.037236648701615
13232,11298,F9,264,26.153846153846157,1.5151515151515151,26.884169884169886
13232,11433,OO,746,17.654986522911052,0.5361930294906166,14.142857142857142
13232,11433,WN,885,21.689497716894977,1.0169491525423728,13.268264840182649
13232,11481,WN,174,20.114942528735632,0.0,12.925287356321839
13232,11540,WN,270,13.333333333333334,0.0,6.774074074074074
13232,11618,F9,11,80.0,9.090909090909092,78.6
13232,11697,WN,945,23.109691160809373,0.6349206349206349,14.971122994652406
13232,11884,WN,77,9.210526315789473,1.2987012987012987,6.644736842105263
13232,11986,WN,747,21.879194630872483,0.2677376171352075,14.512751677852348
13232,12191,WN,1552,23.667100130039014,0.9020618556701031,12.112271540469974
13232,12266,F9,138,32.11678832116788,0.7246376811594203,19.912408759124087
13232,12339,WN,176,16.477272727272727,0.0,11.857954545454545
13232,12451,WN,322,19.875776397515526,0.0,12.4576802507837
13232,12889,F9,110,25.0,1.8181818181818181,23.19626168224299
13232,12889,G4,2,50.0,0.0,90.5
13232,12889,WN,2130,18.434700612918434,0.4225352112676056,11.344713134186819
13232,12892,WN,1139,22.202643171806166,0.35118525021949076,12.27802294792586
13232,12953,WN,1965,25.960539979231566,1.984732824427481,16.87669801462905
13232,12954,WN,291,16.896551724137932,0.3436426116838488,9.344827586206897
13232,13198,WN,1769,19.004006868918143,1.2436404748445449,11.451261467889909
13232,13204,F9,218,18.48341232227488,3.2110091743119265,22.796208530805686
13232,13204,WN,2090,21.166827386692383,0.7655502392344498,12.67379679144385
13232,13244,WN,537,20.30075187969925,0.931098696461825,12.447169811320755
13232,13296,WN,420,18.990384615384613,0.9523809523809523,11.161057692307692
13232,13303,F9,89,31.03448275862069,2.247191011235955,26.50574712643678
13232,13303,WN,395,22.278481012658226,0.0,15.178117048346056
13232,13487,OO,879,17.995444191343964,0.11376564277588168,12.566059225512529
13232,13487,WN,1407,20.756062767475036,0.35536602700781805,13.765881513204853
13232,13495,WN,859,25.11737089201878,0.8149010477299186,17.296819787985864
13232,13577,WN,383,22.691292875989447,1.0443864229765012,12.200527704485488
13232,13796,WN,335,27.761194029850746,0.0,15.410179640718562
13232,13851,WN,443,20.0,0.6772009029345373,14.03872437357631
13232,13871,WN,1181,18.189581554227154,0.8467400508044031,11.030795551753636
13232,13891,WN,299,22.895622895622896,0.6688963210702341,15.861952861952862
13232,13931,WN,490,27.51540041067762,0.6122448979591837,17.7782340862423
13232,14057,WN,537,29.981378026070765,0.0,15.442164179104477
13232,14082,G4,86,24.418604651162788,0.0,23.848837209302324
13232,14100,F9,89,25.581395348837212,3.3707865168539324,16.488372093023255
13232,14100,WN,1206,23.436196830692243,0.5804311774461028,15.33500417710944
13232,14107,F9,126,24.6031746031746,0.0,14.301587301587302
13232,14107,WN,2254,20.035858359480056,1.0204081632653061,11.745389113810166
13232,14122,WN,957,18.86195995785037,0.8359456635318704,12.27713382507903
13232,14193,WN,108,18.69158878504673,0.9259259259259259,15.283018867924529
13232,14262,WN,45,17.77777777777778,0.0,9.181818181818182
13232,14307,WN,555,22.20216606498195,0.18018018018018017,15.290613718411553
13232,14314,G4,46,28.888888888888886,2.1739130434782608,42.666666666666664
13232,14321,WN,149,10.81081081081081,0.6711409395973155,5.741496598639456
13232,14492,WN,809,18.407960199004975,0.6180469715698393,11.539800995024876
13232,14524,WN,354,21.246458923512748,0.2824858757062147,12.6875
13232,14570,WN,85,18.823529411764707,0.0,10.552941176470588
13232,14576,WN,149,25.170068027210885,1.342281879194631,18.598639455782312
13232,14635,WN,979,20.205128205128204,0.40858018386108275,12.200413223140496
13232,14679,WN,827,21.844660194174757,0.36275695284159615,11.378510378510379
13232,14683,WN,617,21.335504885993487,0.4862236628849271,13.97553017944535
13232,14685,G4,47,19.148936170212767,0.0,13.042553191489361
13232,14685,WN,341,21.364985163204746,1.1730205278592376,13.3125
13232,14730,WN,845,21.33492252681764,0.7100591715976331,14.62455303933254
13232,14747,WN,524,31.166347992351817,0.19083969465648856,14.448940269749519
13232,14771,WN,276,30.909090909090907,0.36231884057971014,18.708029197080293
13232,14831,WN,476,23.839662447257385,0.42016806722689076,13.722457627118644
13232,14843,WN,45,24.444444444444443,0.0,14.318181818181818
13232,14869,WN,561,21.14695340501792,0.5347593582887701,12.940754039497307
13232,14893,WN,557,24.324324324324326,0.3590664272890485,13.41981981981982
13232,14986,WN,445,28.442437923250562,0.449438202247191,15.37923250564334
13232,15016,WN,1464,15.527950310559005,1.0245901639344261,9.61878453038674
13232,15304,F9,136,18.181818181818183,2.9411764705882355,17.384615384615383
13232,15304,WN,1315,22.894333843797856,0.6844106463878327,14.35923076923077
13232,15370,WN,292,20.274914089347078,0.3424657534246575,13.403448275862068
13232,15376,WN,292,20.274914089347078,0.3424657534246575,9.518900343642612
13232,15412,G4,47,31.914893617021278,0.0,48.59574468085106
13232,15624,G4,83,19.27710843373494,0.0,10.686746987951807
13241,12266,OO,522,21.052631578947366,1.7241379310344827,26.69140625
13244,10397,DL,2671,12.873911397198032,1.1231748408835642,11.807356844899507
13244,10397,WN,91,17.045454545454543,3.2967032967032965,6.204545454545454
13244,10423,OO,178,8.426966292134832,0.0,6.713483146067416
13244,10693,WN,207,29.951690821256037,0.0,17.645631067961165
13244,10721,YX,282,9.352517985611511,1.4184397163120568,7.0647482014388485
13244,10821,WN,230,28.07017543859649,0.8695652173913043,18.52212389380531
13244,11057,AA,1162,16.943231441048034,1.4629948364888123,15.727272727272727
13244,11057,OH,344,27.27272727272727,4.069767441860465,23.330303030303032
13244,11259,WN,379,19.680851063829788,0.7915567282321899,14.577540106951872
13244,11278,MQ,34,15.625,5.882352941176471,7.25
13244,11278,OH,611,25.257731958762886,4.746317512274959,25.629116117850952
13244,11278,YX,424,23.01980198019802,4.716981132075472,15.256857855361597
13244,11292,F9,103,35.92233009708738,0.0,38.262135922330096
13244,11292,UA,608,28.14569536423841,0.6578947368421053,23.221297836938437
13244,11292,WN,303,18.81188118811881,0.0,11.511627906976743
13244,11298,AA,1292,27.8714859437751,3.637770897832817,28.23169750603379
13244,11298,MQ,758,28.317373461012313,3.5620052770448547,22.870041039671683
13244,11298,OH,42,24.390243902439025,2.380952380952381,44.51219512195122
13244,11298,OO,22,35.0,9.090909090909092,25.4
13244,11433,DL,397,10.714285714285714,1.2594458438287153,10.675191815856778
13244,11433,NK,62,15.0,3.225806451612903,6.7
13244,11433,OO,332,16.265060240963855,0.0,11.975830815709969
13244,11433,YX,35,14.285714285714285,0.0,6.0285714285714285
13244,11618,UA,6,33.33333333333333,0.0,8.833333333333334
13244,11618,YX,291,23.91304347826087,5.154639175257732,25.246376811594203
13244,11697,G4,125,31.2,0.0,28.357723577235774
13244,11697,NK,97,18.085106382978726,3.0927835051546393,15.13978494623656
13244,12191,WN,678,18.684603886397607,1.3274336283185841,11.538230884557722
13244,12266,OO,492,23.15573770491803,0.8130081300813008,17.506172839506174
13244,12266,UA,297,15.017064846416384,1.3468013468013469,9.361774744027304
13244,12889,G4,89,25.0,1.1235955056179776,11.045454545454545
13244,12889,NK,231,12.121212121212121,0.0,12.103896103896103
13244,12889,WN,279,22.22222222222222,0.0,15.31899641577061
13244,12892,DL,211,16.666666666666664,0.47393364928909953,12.533333333333333
13244,12892,G4,20,25.0,0.0,8.1
13244,12953,YX,850,19.491525423728813,2.823529411764706,14.304136253041362
13244,13204,NK,319,19.18238993710692,0.31347962382445144,15.71608832807571
13244,13204,WN,360,20.72829131652661,0.8333333333333334,15.22752808988764
13244,13232,WN,536,13.93596986817326,0.9328358208955224,9.361581920903955
13244,13303,AA,426,23.87706855791962,0.704225352112676,27.864928909952607
13244,13487,DL,116,11.206896551724139,0.0,7.7844827586206895
13244,13487,OO,516,10.65891472868217,0.0,6.805825242718447
13244,13495,NK,19,26.31578947368421,0.0,15.0
13244,13930,AA,16,87.5,0.0,106.375
13244,13930,MQ,767,21.710526315789476,0.9126466753585397,14.181456953642384
13244,13930,OO,543,25.925925925925924,0.5524861878453039,23.511194029850746
13244,13930,UA,302,14.093959731543624,1.3245033112582782,12.804713804713804
13244,13930,YX,206,23.902439024390244,0.4854368932038835,21.492682926829268
13244,14100,OH,524,18.290258449304176,4.00763358778626,19.536779324055665
13244,14100,YX,97,17.708333333333336,1.0309278350515463,11.452631578947368
13244,14107,AA,168,17.365269461077844,0.5952380952380952,32.32335329341317
13244,14107,MQ,119,21.551724137931032,2.5210084033613445,10.382608695652173
13244,14107,WN,220,21.00456621004566,0.45454545454545453,13.523148148148149
13244,14112,G4,78,52.63157894736842,2.5641025641025643,59.733333333333334
13244,14761,G4,83,62.65060240963856,0.0,79.03614457831326
13244,14869,DL,304,10.891089108910892,0.32894736842105265,9.089108910891088
13244,15304,WN,62,19.672131147540984,1.6129032258064515,14.311475409836065
13244,15412,G4,17,29.411764705882355,0.0,19.176470588235293
13244,15624,G4,24,16.666666666666664,0.0,15.291666666666666
13256,10423,OO,853,18.299881936245573,0.7033997655334114,16.467455621301774
13256,11298,AA,1221,23.769100169779286,3.5217035217035217,31.631399317406142
13256,11298,MQ,712,20.754716981132077,3.230337078651685,18.28675400291121
13256,11298,OO,201,25.64102564102564,2.985074626865672,19.307692307692307
13256,12266,OO,191,18.617021276595743,1.5706806282722514,13.315508021390375
13256,12266,UA,354,13.142857142857142,1.1299435028248588,13.965714285714286
13256,12889,G4,378,15.873015873015872,0.0,18.9973474801061
13256,12892,G4,36,25.0,0.0,29.38888888888889
13256,14112,G4,26,11.538461538461538,0.0,20.46153846153846
13256,14761,G4,91,34.065934065934066,0.0,43.59340659340659
13264,11292,OO,121,16.666666666666664,0.8264462809917356,11.8
13264,11292,UA,488,16.563146997929607,1.0245901639344261,15.79874213836478
13264,12889,G4,130,39.53488372093023,0.7692307692307693,47.0
13264,14057,OO,26,7.6923076923076925,0.0,8.5
13264,14107,MQ,51,9.803921568627452,0.0,12.294117647058824
13264,14107,OO,546,9.926470588235293,0.3663003663003663,12.288602941176471
13264,14679,G4,24,29.166666666666668,0.0,8.625
13264,14747,OO,888,6.742857142857144,1.4639639639639639,8.0
13264,14771,OO,369,23.43324250681199,0.5420054200542005,14.465940054495913
13264,14771,UA,462,14.161220043572984,0.6493506493506493,12.032679738562091
13264,14869,OO,608,6.3439065108514185,1.480263157894737,4.075125208681135
13264,14908,G4,74,32.87671232876712,1.3513513513513513,19.65753424657534
13277,10397,OO,718,25.66995768688293,1.2534818941504178,26.679830747531735
13277,11278,OH,255,48.90829694323144,10.196078431372548,56.651982378854626
13277,11298,MQ,215,24.413145539906104,0.9302325581395349,23.83809523809524
13277,11298,OH,471,27.088036117381492,5.944798301486199,36.779545454545456
13277,11298,OO,221,35.68075117370892,3.6199095022624435,37.51658767772512
13277,15016,MQ,1,100.0,0.0,46.0
13282,12264,OO,304,21.232876712328768,3.9473684210526314,39.76712328767123
13282,13930,OO,304,20.677966101694913,2.960526315789474,40.115254237288134
13290,11298,MQ,467,20.229885057471265,6.852248394004283,21.79032258064516
13290,11298,OO,441,17.441860465116278,2.494331065759637,17.24532710280374
13290,13930,MQ,123,12.195121951219512,0.0,7.300813008130081
13290,13930,OO,235,27.705627705627705,1.702127659574468,35.84415584415584
13296,10821,WN,1306,14.274691358024691,0.7656967840735069,10.223338485316846
13296,11057,OH,746,18.723994452149793,3.351206434316354,20.78521617852162
13296,11278,OH,1085,29.12524850894632,7.28110599078341,29.616
13296,11278,YX,2,50.0,0.0,28.5
13296,11697,B6,63,27.419354838709676,1.5873015873015872,19.387096774193548
13296,12478,B6,77,12.32876712328767,5.194805194805195,9.315068493150685
13296,13204,B6,282,34.05017921146953,1.0638297872340425,30.92753623188406
13296,13204,WN,466,19.35483870967742,0.2145922746781116,14.597826086956522
13296,13232,WN,419,13.253012048192772,0.954653937947494,10.363855421686747
13296,13930,MQ,452,25.389755011135858,0.6637168141592921,13.487695749440716
13296,14100,OH,32,16.129032258064516,3.125,53.70967741935484
13296,14635,B6,46,28.26086956521739,0.0,15.533333333333333
13296,15304,WN,83,36.144578313253014,0.0,28.91566265060241
13303,10158,NK,27,18.51851851851852,0.0,12.962962962962964
13303,10208,MQ,9,33.33333333333333,0.0,17.88888888888889
13303,10257,MQ,3,33.33333333333333,0.0,5.666666666666667
13303,10257,YX,13,18.181818181818183,15.384615384615385,79.0909090909091
13303,10397,AA,1409,34.36599423631124,1.4904187366926898,28.82778581765557
13303,10397,DL,2747,27.406860936923643,1.310520567892246,27.219385867554568
13303,10397,F9,547,28.014842300556587,1.4625228519195612,19.13780260707635
13303,10397,MQ,194,27.979274611398964,0.5154639175257731,14.797927461139896
13303,10397,NK,151,23.841059602649008,0.0,20.072847682119207
13303,10397,WN,105,23.300970873786408,1.9047619047619047,12.029126213592233
13303,10397,YX,11,18.181818181818183,0.0,15.636363636363637
13303,10423,AA,1186,24.508966695132365,1.2647554806070826,21.981164383561644
13303,10423,F9,45,15.555555555555555,0.0,9.577777777777778
13303,10423,MQ,24,29.166666666666668,0.0,13.75
13303,10423,WN,286,23.50877192982456,0.34965034965034963,13.721830985915492
13303,10431,AA,27,53.84615384615385,3.7037037037037037,38.26923076923077
13303,10431,MQ,184,29.508196721311474,0.5434782608695652,19.382513661202186
13303,10529,AA,304,29.7029702970297,0.32894736842105265,20.033003300330034
13303,10529,F9,35,14.705882352941178,2.857142857142857,5.9411764705882355
13303,10529,MQ,31,16.129032258064516,0.0,8.483870967741936
13303,10529,YX,3,33.33333333333333,0.0,18.333333333333332
13303,10599,AA,145,37.32394366197183,2.0689655172413794,33.62589928057554
13303,10599,MQ,555,15.300546448087433,1.0810810810810811,7.642335766423358
13303,10599,YX,3,33.33333333333333,0.0,17.666666666666668
13303,10693,AA,1015,34.55809334657398,0.7881773399014779,28.414
13303,10693,MQ,279,13.454545454545455,1.4336917562724014,8.247272727272728
13303,10693,NK,78,27.27272727272727,1.2820512820512822,23.883116883116884
13303,10693,WN,534,17.580340264650285,0.9363295880149812,12.697542533081286
13303,10693,YX,14,28.57142857142857,0.0,15.857142857142858
13303,10721,AA,1863,28.90455531453362,1.0198604401502953,21.071195652173913
13303,10721,B6,420,31.127450980392158,2.857142857142857,25.732843137254903
13303,10721,DL,602,36.806722689075634,1.1627906976744187,36.195615514333895
13303,10721,F9,61,9.836065573770492,0.0,7.409836065573771
13303,10721,MQ,15,33.33333333333333,0.0,19.133333333333333
13303,10721,NK,221,26.851851851851855,2.262443438914027,18.36279069767442
13303,10721,YX,5,0.0,0.0,2.6
13303,10732,F9,9,0.0,0.0,0.1111111111111111
13303,10792,YX,20,15.0,0.0,9.0
13303,10821,AA,503,36.38211382113821,2.1868787276341948,23.411042944785276
13303,10821,F9,254,24.701195219123505,1.1811023622047243,20.03187250996016
13303,10821,MQ,118,16.52173913043478,2.542372881355932,8.373913043478261
13303,10821,NK,132,33.59375,3.0303030303030303,31.125984251968504
13303,10821,WN,1035,19.607843137254903,1.4492753623188406,17.36847290640394
13303,10868,YX,13,46.15384615384615,0.0,24.692307692307693
13303,10980,YX,13,30.76923076923077,0.0,34.38461538461539
13303,10994,AA,726,32.72727272727273,1.5151515151515151,27.06451612903226
13303,10994,MQ,58,8.620689655172415,0.0,3.4310344827586206
13303,11003,MQ,13,23.076923076923077,0.0,15.538461538461538
13303,11042,AA,304,34.105960264900666,0.6578947368421053,23.3476821192053
13303,11042,F9,213,24.03846153846154,2.347417840375587,21.10576923076923
13303,11042,MQ,91,18.681318681318682,0.0,7.388888888888889
13303,11042,YX,9,66.66666666666666,0.0,54.77777777777778
13303,11057,AA,2757,22.005878030859662,1.2694958287994196,16.9896983075791
13303,11057,F9,150,15.753424657534246,2.6666666666666665,18.458904109589042
13303,11057,NK,210,16.346153846153847,0.9523809523809523,11.985576923076923
13303,11066,AA,88,32.18390804597701,1.1363636363636365,46.298850574712645
13303,11066,MQ,633,23.174603174603174,0.47393364928909953,13.260317460317461
13303,11066,WN,124,29.03225806451613,0.0,23.370967741935484
13303,11066,YX,9,33.33333333333333,0.0,20.555555555555557
13303,11193,F9,167,27.27272727272727,1.1976047904191616,28.76969696969697
13303,11193,MQ,695,24.525547445255473,1.4388489208633093,13.048175182481751
13303,11193,YX,5,40.0,0.0,12.4
13303,11259,WN,340,24.629080118694365,0.8823529411764706,19.005988023952096
13303,11278,AA,3050,26.35476270615954,2.5901639344262297,18.31807392336385
13303,11278,DL,304,18.211920529801322,0.6578947368421053,15.546666666666667
13303,11278,MQ,1,0.0,0.0,0.0
13303,11278,YX,42,26.190476190476193,0.0,15.476190476190476
13303,11292,AA,703,27.142857142857142,0.4267425320056899,22.487106017191977
13303,11292,F9,307,15.460526315789474,0.9771986970684039,18.528052805280527
13303,11292,UA,860,21.445221445221446,0.23255813953488372,19.15683962264151
13303,11292,WN,289,22.145328719723185,0.0,15.035460992907801
13303,11298,AA,3578,29.265504429837097,2.2079373951928454,23.83769784172662
13303,11298,F9,144,30.28169014084507,1.3888888888888888,23.80851063829787
13303,11298,NK,277,30.76923076923077,1.444043321299639,20.715867158671585
13303,11423,MQ,93,17.391304347826086,1.075268817204301,8.021739130434783
13303,11423,YX,13,41.66666666666667,7.6923076923076925,24.166666666666668
13303,11433,AA,304,35.099337748344375,0.6578947368421053,22.198675496688743
13303,11433,DL,823,18.613138686131386,0.12150668286755771,15.101219512195122
13303,11433,MQ,56,28.57142857142857,0.0,15.946428571428571
13303,11433,NK,286,38.297872340425535,1.3986013986013985,35.804964539007095
13303,11503,AA,186,37.096774193548384,0.0,24.537634408602152
13303,11618,AA,1126,35.45454545454545,2.3090586145648313,28.824657534246576
13303,11618,MQ,1,0.0,0.0,0.0
13303,11618,NK,405,26.075949367088608,2.4691358024691357,22.676844783715012
13303,11618,UA,1812,28.690807799442897,0.9381898454746137,25.808938547486033
13303,11624,AA,4,25.0,0.0,20.75
13303,11624,MQ,1053,14.162679425837322,0.7597340930674265,8.671785028790786
13303,11624,YX,26,34.61538461538461,0.0,22.5
13303,11953,MQ,306,19.801980198019802,0.9803921568627451,12.834437086092715
13303,11986,AA,56,47.27272727272727,1.7857142857142858,43.36363636363637
13303,11986,MQ,68,10.294117647058822,0.0,6.617647058823529
13303,11995,MQ,366,21.36986301369863,0.273224043715847,12.172602739726027
13303,11995,YX,3,0.0,0.0,2.6666666666666665
13303,11996,MQ,518,17.441860465116278,0.3861003861003861,9.612403100775193
13303,11996,YX,9,33.33333333333333,0.0,20.333333333333332
13303,12191,WN,260,25.968992248062015,0.7692307692307693,21.058139534883722
13303,12197,MQ,124,9.01639344262295,1.6129032258064515,3.6554621848739495
13303,12217,MQ,25,24.0,0.0,15.24
13303,12217,YX,1,0.0,0.0,0.0
13303,12264,F9,110,36.11111111111111,1.8181818181818181,38.7037037037037
13303,12264,UA,381,16.62269129287599,0.5249343832020997,14.812664907651715
13303,12266,AA,1232,35.148514851485146,1.6233766233766234,28.807438016528927
13303,12266,F9,121,35.294117647058826,1.6528925619834711,28.84873949579832
13303,12266,MQ,111,9.25925925925926,2.7027027027027026,6.579439252336448
13303,12266,NK,461,25.991189427312776,1.5184381778741864,26.32008830022075
13303,12266,UA,1169,20.48401037165082,1.0265183917878529,18.667532467532467
13303,12278,MQ,17,25.0,5.882352941176471,11.1875
13303,12323,AA,69,50.0,1.4492753623188406,37.470588235294116
13303,12323,MQ,235,17.167381974248926,0.851063829787234,11.356223175965665
13303,12323,YX,17,47.05882352941176,0.0,33.94117647058823
13303,12339,AA,565,36.57657657657658,1.7699115044247788,27.66485507246377
13303,12339,MQ,113,9.90990990990991,1.7699115044247788,10.432432432432432
13303,12339,WN,71,49.29577464788733,0.0,45.2
13303,12339,YX,13,7.6923076923076925,0.0,4.769230769230769
13303,12391,WN,213,21.12676056338028,0.0,18.287735849056602
13303,12451,AA,816,33.91304347826087,1.3480392156862746,30.28198757763975
13303,12451,MQ,709,13.352272727272727,0.7052186177715092,8.346153846153847
13303,12451,YX,14,14.285714285714285,0.0,13.571428571428571
13303,12478,AA,2204,26.61103384330088,2.132486388384755,22.01489064681247
13303,12478,B6,547,28.438661710037177,1.6453382084095065,25.22532588454376
13303,12478,DL,1287,30.260047281323878,1.3986013986013985,29.918769716088327
13303,12478,F9,196,19.48717948717949,0.5102040816326531,12.661538461538461
13303,12889,AA,1182,28.91156462585034,0.5076142131979695,20.799319727891156
13303,12889,DL,3,0.0,0.0,0.0
13303,12889,F9,55,11.11111111111111,1.8181818181818181,7.018518518518518
13303,12889,NK,239,27.11864406779661,1.2552301255230125,23.88936170212766
13303,12892,AA,2323,24.946143903489876,0.08609556607834697,19.50949094046592
13303,12892,DL,309,12.297734627831716,0.0,9.99025974025974
13303,12945,MQ,13,15.384615384615385,0.0,14.076923076923077
13303,12953,AA,2915,30.22440392706872,2.1612349914236706,23.494342291371993
13303,12953,DL,1582,26.74791533033996,1.4538558786346396,24.25957170668397
13303,12953,F9,152,19.333333333333332,1.3157894736842106,20.473333333333333
13303,12953,NK,384,32.171581769437,2.8645833333333335,30.13243243243243
13303,12953,YX,18,44.44444444444444,0.0,42.888888888888886
13303,12992,MQ,5,20.0,0.0,9.2
13303,12992,YX,38,32.432432432432435,2.6315789473684212,45.24324324324324
13303,13198,AA,304,38.12709030100335,1.644736842105263,28.847457627118644
13303,13198,MQ,97,15.789473684210526,2.0618556701030926,6.946236559139785
13303,13198,WN,116,29.565217391304348,0.8620689655172413,23.94782608695652
13303,13204,AA,2508,30.970600080547722,0.9968102073365231,24.903954802259886
13303,13204,DL,10,40.0,0.0,12.0
13303,13204,NK,2,50.0,0.0,35.0
13303,13204,WN,175,20.0,0.0,17.434285714285714
13303,13204,YX,586,25.257731958762886,0.6825938566552902,21.268502581755595
13303,13230,AA,4,25.0,0.0,6.25
13303,13230,MQ,7,57.14285714285714,0.0,14.714285714285714
13303,13232,F9,89,27.586206896551722,2.247191011235955,21.816091954022987
13303,13232,WN,395,19.84732824427481,0.5063291139240507,15.26530612244898
13303,13244,AA,425,43.3649289099526,0.7058823529411765,41.13064133016627
13303,13342,MQ,93,26.881720430107524,0.0,11.806451612903226
13303,13485,MQ,12,8.333333333333332,0.0,2.5
13303,13485,YX,1,0.0,0.0,0.0
13303,13487,AA,304,31.907894736842106,0.0,18.702970297029704
13303,13487,DL,619,21.844660194174757,0.16155088852988692,18.618122977346278
13303,13487,NK,35,40.0,0.0,23.8
13303,13495,AA,997,33.8100102145046,1.8054162487462386,26.44216990788127
13303,13495,MQ,253,13.877551020408163,3.1620553359683794,7.46530612244898
13303,13495,NK,183,29.213483146067414,2.73224043715847,22.685393258426966
13303,13495,YX,15,13.333333333333334,0.0,6.133333333333334
13303,13577,NK,1,100.0,0.0,22.0
13303,13851,AA,3,100.0,0.0,134.33333333333334
13303,13851,MQ,122,14.754098360655737,0.0,7.352459016393443
13303,13851,YX,27,44.44444444444444,0.0,54.2962962962963
13303,13871,AA,43,26.190476190476193,2.3255813953488373,16.666666666666668
13303,13871,MQ,50,18.75,4.0,13.5625
13303,13930,AA,2536,27.432216905901118,1.1041009463722398,19.06899318090654
13303,13930,NK,301,18.666666666666668,0.33222591362126247,16.783783783783782
13303,13930,UA,764,23.722149410222805,0.13089005235602094,18.04479578392622
13303,13931,AA,305,33.22147651006711,2.2950819672131146,20.124161073825505
13303,13931,MQ,34,24.242424242424242,2.9411764705882355,11.575757575757576
13303,13931,YX,13,30.76923076923077,0.0,39.0
13303,14057,AA,145,35.86206896551724,0.0,27.55862068965517
13303,14057,AS,111,22.93577981651376,1.8018018018018018,14.88888888888889
13303,14100,AA,2052,22.63964409293129,1.4132553606237817,18.911793855302278
13303,14100,F9,319,23.10126582278481,0.9404388714733543,27.098412698412698
13303,14100,NK,234,24.890829694323145,2.1367521367521367,16.46288209606987
13303,14107,AA,1515,22.236929185969558,0.264026402640264,16.71476063829787
13303,14122,AA,501,33.73737373737374,1.1976047904191616,24.508097165991902
13303,14122,MQ,12,16.666666666666664,0.0,5.833333333333333
13303,14122,NK,1,0.0,0.0,0.0
13303,14122,WN,66,28.78787878787879,0.0,30.060606060606062
13303,14122,YX,15,26.666666666666668,0.0,82.33333333333333
13303,14193,MQ,1060,14.782608695652174,2.358490566037736,7.985436893203883
13303,14492,AA,1592,25.96825396825397,1.0678391959798994,20.518118245390973
13303,14492,DL,304,31.666666666666664,1.3157894736842106,34.07
13303,14492,F9,128,25.984251968503933,0.78125,20.64566929133858
13303,14492,MQ,112,10.81081081081081,0.8928571428571429,4.972972972972973
13303,14492,NK,29,13.793103448275861,0.0,11.862068965517242
13303,14492,YX,9,33.33333333333333,0.0,9.777777777777779
13303,14524,AA,304,32.33333333333333,1.3157894736842106,28.25
13303,14524,MQ,35,20.588235294117645,2.857142857142857,12.352941176470589
13303,14524,YX,9,55.55555555555556,0.0,229.77777777777777
13303,14576,MQ,2,0.0,0.0,0.0
13303,14576,YX,13,7.6923076923076925,0.0,3.230769230769231
13303,14679,AA,459,30.567685589519648,0.2178649237472767,17.176600441501105
13303,14683,AA,307,38.0,2.2801302931596092,26.174496644295303
13303,14683,MQ,159,15.92356687898089,1.2578616352201257,8.070512820512821
13303,14683,NK,8,25.0,0.0,33.375
13303,14685,AA,192,41.269841269841265,1.5625,43.62765957446808
13303,14685,MQ,488,13.924050632911392,2.8688524590163933,7.158227848101266
13303,14730,AA,305,35.548172757475086,1.3114754098360655,24.736666666666668
13303,14730,MQ,24,12.5,0.0,12.0
13303,14730,YX,18,27.77777777777778,0.0,41.44444444444444
13303,14747,AA,309,27.508090614886733,0.0,21.616883116883116
13303,14747,AS,309,33.33333333333333,0.970873786407767,18.7682119205298
13303,14747,DL,304,33.003300330033,0.32894736842105265,23.554455445544555
13303,14771,AA,878,23.603192702394526,0.11389521640091116,17.367276887871853
13303,14771,UA,519,22.586872586872587,0.1926782273603083,15.40466926070039
13303,14783,MQ,16,31.25,0.0,23.1875
13303,14843,AA,1601,24.53066332916145,0.18738288569643974,17.05889724310777
13303,14843,F9,317,21.54340836012862,1.8927444794952681,22.707395498392284
13303,14843,NK,203,28.35820895522388,0.9852216748768473,23.437810945273633
13303,14869,AA,280,22.463768115942027,1.4285714285714286,15.304347826086957
13303,14869,DL,303,32.01320132013201,0.0,23.294701986754966
13303,14893,AA,180,21.11111111111111,0.0,15.297752808988765
13303,15016,AA,354,39.42857142857143,1.1299435028248588,30.582857142857144
13303,15016,MQ,127,11.11111111111111,0.7874015748031497,7.67741935483871
13303,15016,WN,386,27.864583333333332,0.5181347150259067,20.184895833333332
13303,15024,AA,716,19.214586255259466,0.41899441340782123,11.73974540311174
13303,15027,AA,472,25.423728813559322,0.0,16.980891719745223
13303,15096,MQ,8,28.57142857142857,12.5,9.285714285714286
13303,15096,YX,12,27.27272727272727,8.333333333333334,8.0
13303,15249,AA,6,33.33333333333333,0.0,9.5
13303,15249,MQ,1014,13.426853707414828,1.5779092702169626,6.62888665997994
13303,15304,AA,2131,30.52132701421801,0.985452839042703,25.91611374407583
13303,15304,MQ,363,16.75977653631285,1.3774104683195592,9.905027932960893
13303,15304,YX,23,26.08695652173913,0.0,22.08695652173913
13303,15370,MQ,62,19.35483870967742,0.0,10.950819672131148
13303,15370,YX,35,37.142857142857146,0.0,66.65714285714286
13303,15412,AA,92,60.43956043956044,1.0869565217391304,59.91208791208791
13303,15412,MQ,233,22.746781115879827,0.0,10.35344827586207
13303,15412,YX,10,70.0,0.0,55.8
13303,15919,MQ,80,23.75,0.0,25.936708860759495
13303,15919,YX,30,46.666666666666664,0.0,94.7
13342,10397,DL,1812,10.726256983240223,1.2141280353200883,9.154882154882156
13342,10397,WN,97,8.333333333333332,1.0309278350515463,3.96875
13342,10408,OO,1,0.0,0.0,
13342,10423,WN,209,13.942307692307693,0.4784688995215311,9.21256038647343
13342,10599,DL,1,0.0,0.0,0.0
13342,10599,WN,1,0.0,0.0,0.0
13342,10693,NK,18,11.11111111111111,0.0,16.647058823529413
13342,10693,WN,787,15.661103979460847,1.0165184243964422,10.455598455598455
13342,10721,B6,172,49.122807017543856,0.5813953488372093,34.8235294117647
13342,10721,YX,498,28.834355828220858,1.8072289156626506,20.51124744376278
13342,10821,NK,18,5.88235294117647,5.555555555555555,2.7058823529411766
13342,10821,WN,677,14.60843373493976,1.9202363367799113,10.305135951661631
13342,11042,WN,1,0.0,0.0,0.0
13342,11057,AA,683,18.397626112759642,1.3177159590043923,21.041604754829123
13342,11057,OH,174,33.33333333333333,3.4482758620689653,25.339285714285715
13342,11259,WN,329,23.006134969325153,0.9118541033434651,14.128125
13342,11278,OH,555,22.05029013539652,6.846846846846847,31.510763209393346
13342,11278,WN,566,22.182468694096602,1.2367491166077738,15.614003590664273
13342,11292,F9,85,30.58823529411765,0.0,27.235294117647058
13342,11292,OO,337,22.551928783382788,0.0,16.571428571428573
13342,11292,UA,540,24.489795918367346,0.18518518518518517,19.43389199255121
13342,11292,WN,1093,17.495395948434624,0.6404391582799634,13.157749077490775
13342,11298,AA,928,29.666666666666668,3.0172413793103448,27.506711409395972
13342,11298,MQ,1,100.0,0.0,46.0
13342,11298,OH,11,9.090909090909092,0.0,18.272727272727273
13342,11433,DL,343,12.573099415204677,0.2915451895043732,12.5
13342,11433,NK,23,4.545454545454546,4.3478260869565215,1.6363636363636365
13342,11433,OO,724,15.90594744121715,0.13812154696132597,14.44105409153953
13342,11433,YX,57,19.298245614035086,0.0,13.859649122807017
13342,11618,YX,676,24.53125,5.325443786982248,23.36833855799373
13342,11697,NK,79,17.94871794871795,1.2658227848101267,11.346153846153847
13342,11697,WN,61,11.475409836065573,0.0,10.35
13342,12266,OO,122,12.295081967213115,0.0,7.188524590163935
13342,12478,OO,67,20.8955223880597,0.0,10.417910447761194
13342,12478,YX,10,0.0,0.0,0.1
13342,12889,NK,170,13.77245508982036,1.7647058823529411,14.281437125748504
13342,12889,WN,833,17.668269230769234,0.12004801920768307,12.099879663056559
13342,12892,NK,34,6.0606060606060606,2.9411764705882355,4.696969696969697
13342,12953,OO,130,6.2015503875969,0.7692307692307693,5.604651162790698
13342,12953,YX,464,16.81614349775785,3.8793103448275863,15.00900900900901
13342,13198,WN,290,16.02787456445993,1.0344827586206897,9.087108013937282
13342,13204,F9,111,18.34862385321101,1.8018018018018018,17.256880733944953
13342,13204,NK,188,19.25133689839572,0.5319148936170213,16.155080213903744
13342,13204,WN,916,18.660812294182215,0.5458515283842795,12.519337016574585
13342,13303,MQ,93,15.053763440860216,0.0,9.172043010752688
13342,13487,DL,1017,16.962524654832347,0.2949852507374631,14.832347140039447
13342,13487,OO,130,13.076923076923078,0.0,11.86923076923077
13342,13930,F9,1,,100.0,
13342,13930,MQ,2,0.0,50.0,0.0
13342,13930,OO,3341,31.19489206445728,1.556420233463035,27.759732360097324
13342,13930,YX,72,18.571428571428573,2.7777777777777777,15.242857142857142
13342,14100,OH,261,22.83464566929134,2.681992337164751,21.976284584980238
13342,14100,YX,39,27.027027027027028,5.128205128205129,17.324324324324323
13342,14107,AA,388,20.36082474226804,0.0,30.372093023255815
13342,14107,WN,819,11.901840490797547,0.4884004884004884,8.067650676506766
13342,14635,NK,9,22.22222222222222,0.0,27.77777777777778
13342,14635,WN,346,17.052023121387283,0.0,10.30144927536232
13342,14679,WN,30,26.666666666666668,0.0,10.4
13342,14747,AS,418,14.93975903614458,0.7177033492822966,7.079518072289156
13342,14869,DL,297,10.774410774410773,0.0,11.804713804713804
13342,14869,OO,6,16.666666666666664,0.0,7.666666666666667
13342,14986,WN,21,19.047619047619047,0.0,9.142857142857142
13342,15016,WN,560,9.31899641577061,0.35714285714285715,6.933572710951526
13342,15304,F9,20,42.10526315789473,5.0,67.6842105263158
13342,15304,NK,12,9.090909090909092,8.333333333333334,2.5454545454545454
13342,15304,WN,392,14.285714285714285,0.0,9.918158567774936
13360,10135,G4,87,19.54022988505747,0.0,8.068965517241379
13360,10397,DL,1169,16.159860990443093,1.5397775876817792,15.957391304347826
13360,11057,OH,1023,21.656686626746506,2.0527859237536656,22.654654654654653
13360,11193,G4,87,20.689655172413794,0.0,18.057471264367816
13360,14122,G4,77,15.584415584415584,0.0,11.28
13367,10466,G4,76,15.789473684210526,0.0,13.986842105263158
13367,11057,OH,539,21.414913957934992,2.968460111317254,23.232692307692307
13367,11292,OO,304,20.13201320132013,0.32894736842105265,14.788778877887788
13367,11298,MQ,641,16.40378548895899,1.0920436817472698,12.549920760697306
13367,11298,OH,28,40.74074074074074,3.5714285714285716,71.88888888888889
13367,11298,OO,25,20.833333333333336,4.0,22.958333333333332
13367,12889,G4,86,13.953488372093023,0.0,19.55294117647059
13367,13930,MQ,420,24.574209245742093,2.142857142857143,17.78832116788321
13367,13930,OO,1079,26.013195098963244,1.6682113067655235,21.373232799245994
13367,14082,G4,80,21.25,0.0,15.0
13367,14112,G4,68,33.82352941176471,0.0,25.794117647058822
13367,14761,G4,73,26.027397260273972,0.0,19.77777777777778
13367,14986,G4,26,19.230769230769234,0.0,18.26923076923077
13377,11298,MQ,909,21.34703196347032,3.6303630363036303,26.197488584474886
13422,10397,DL,414,19.315403422982886,1.2077294685990339,14.293398533007334
13422,10397,OO,53,33.33333333333333,3.7735849056603774,20.607843137254903
13422,11057,OH,11,18.181818181818183,0.0,3.272727272727273
13422,11298,MQ,264,28.688524590163933,7.575757575757576,19.19672131147541
13422,11298,OH,667,23.817034700315457,4.94752623688156,25.835987261146496
13422,12266,OO,32,19.35483870967742,3.125,43.38709677419355
13433,10466,G4,121,15.702479338842975,0.0,6.743801652892562
13433,11292,OO,1026,25.517241379310345,1.0721247563352827,26.924603174603174
13433,12889,G4,107,22.429906542056074,0.0,16.299065420560748
13433,13487,OO,1106,14.376706096451318,0.6329113924050633,11.13739763421292
13433,14761,G4,32,25.0,0.0,16.375
13459,11433,OO,304,14.285714285714285,0.9868421052631579,15.458471760797343
13459,13487,OO,301,13.651877133105803,2.6578073089700998,11.532423208191126
13459,13930,MQ,507,28.169014084507044,1.9723865877712032,22.997987927565394
13476,11292,OO,608,8.717105263157894,0.0,8.335548172757475
13476,11298,AA,287,35.46099290780142,1.7421602787456445,41.62724014336918
13476,12889,G4,88,27.27272727272727,0.0,41.27272727272727
13476,12892,OO,721,8.762169680111267,0.27739251040221913,7.504867872044506
13476,14107,AA,183,19.78021978021978,0.546448087431694,21.627777777777776
13476,14107,MQ,429,15.22248243559719,0.4662004662004662,7.676056338028169
13476,14107,OO,552,17.73308957952468,0.9057971014492754,16.3327239488117
13476,14679,OO,606,19.322033898305087,2.6402640264026402,12.273344651952462
13476,14747,OO,11,36.36363636363637,0.0,13.636363636363637
13476,14771,OO,577,14.80836236933798,0.5199306759098787,12.254355400696864
13485,10397,DL,844,9.54653937947494,0.7109004739336493,12.045454545454545
13485,10423,MQ,1,0.0,0.0,0.0
13485,10599,OH,1,0.0,0.0,0.0
13485,10599,OO,1,0.0,0.0,0.0
13485,10721,AA,1,100.0,0.0,33.0
13485,10721,MQ,1,100.0,0.0,22.0
13485,11057,AA,311,9.15032679738562,1.607717041800643,5.392156862745098
13485,11057,OH,548,20.408163265306122,1.6423357664233578,15.12987012987013
13485,11066,UA,1,0.0,0.0,0.0
13485,11066,YX,1,0.0,0.0,0.0
13485,11278,AA,2,100.0,0.0,37.5
13485,11278,MQ,20,15.0,0.0,5.95
13485,11278,OH,494,21.205821205821206,2.6315789473684212,20.78435517970402
13485,11278,YX,355,28.908554572271388,4.507042253521127,29.456456456456458
13485,11292,F9,101,37.62376237623762,0.0,40.86138613861386
13485,11292,OO,127,40.94488188976378,0.0,38.45238095238095
13485,11292,UA,622,18.77022653721683,0.6430868167202572,14.530179445350734
13485,11298,AA,911,29.27927927927928,2.5246981339187706,38.2650739476678
13485,11298,MQ,2,0.0,0.0,0.0
13485,11433,DL,306,8.49673202614379,0.0,11.419672131147541
13485,11433,OO,701,13.55206847360913,0.0,12.19543509272468
13485,11433,YX,3,33.33333333333333,0.0,18.333333333333332
13485,11603,AA,1,0.0,0.0,0.0
13485,11603,UA,1,0.0,0.0,0.0
13485,11618,UA,80,5.063291139240507,1.25,5.544303797468355
13485,11618,YX,220,18.69158878504673,2.727272727272727,12.677570093457945
13485,12266,UA,1,100.0,0.0,96.0
13485,12892,OO,2,0.0,0.0,4.0
13485,12953,YX,512,11.530815109343937,1.7578125,9.116465863453815
13485,13204,F9,15,14.285714285714285,6.666666666666667,14.285714285714286
13485,13303,MQ,12,8.333333333333332,0.0,15.416666666666666
13485,13303,YX,1,0.0,0.0,0.0
13485,13487,DL,310,6.774193548387098,0.0,6.287096774193548
13485,13487,OO,795,20.151133501259448,0.12578616352201258,17.171717171717173
13485,13930,MQ,799,25.287356321839084,2.002503128911139,16.608695652173914
13485,13930,OH,25,62.5,4.0,161.5
13485,13930,OO,865,27.0081490104773,0.6936416184971098,22.576429404900818
13485,13930,UA,472,22.388059701492537,0.635593220338983,15.684434968017058
13485,13930,YX,480,21.428571428571427,0.8333333333333334,13.752100840336135
13485,14100,AA,2,100.0,50.0,275.0
13485,14100,OH,238,19.742489270386265,2.100840336134454,19.13304721030043
13485,14100,YX,1,100.0,0.0,56.0
13485,14107,AA,405,17.91044776119403,0.7407407407407407,12.6175
13485,14107,MQ,4,0.0,0.0,0.0
13486,10466,G4,120,34.166666666666664,0.0,31.54621848739496
13486,11292,F9,28,21.428571428571427,0.0,23.428571428571427
13486,11292,OO,390,32.299741602067186,0.7692307692307693,31.72538860103627
13486,11292,UA,602,23.089700996677742,0.0,19.51096121416526
13486,11298,AA,220,30.23255813953488,2.272727272727273,39.507109004739334
13486,11298,MQ,144,26.76056338028169,1.3888888888888888,17.767605633802816
13486,12889,G4,86,33.72093023255814,0.0,66.63953488372093
13486,12892,OO,89,19.101123595505616,0.0,9.696629213483146
13486,13487,DL,396,9.090909090909092,0.0,8.67005076142132
13486,13796,G4,18,33.33333333333333,0.0,25.61111111111111
13486,13930,MQ,229,26.31578947368421,0.4366812227074236,17.721973094170405
13486,13930,OO,48,29.78723404255319,2.0833333333333335,25.04255319148936
13486,13930,UA,103,25.24271844660194,0.0,18.3
13486,14679,OO,10,30.0,0.0,17.1
13486,14747,AS,299,32.0945945945946,1.0033444816053512,17.385135135135137
13486,14771,OO,119,10.92436974789916,0.0,8.932773109243698
13486,14869,DL,295,12.88135593220339,0.0,20.366101694915255
13486,14869,OO,586,7.350427350427351,0.17064846416382254,4.331623931623931
13486,14908,G4,29,48.275862068965516,0.0,64.6896551724138
13487,10140,DL,177,18.181818181818183,0.5649717514124294,9.057142857142857
13487,10141,OO,622,8.051529790660226,0.1607717041800643,9.689320388349515
13487,10208,DL,9,33.33333333333333,0.0,17.22222222222222
13487,10299,AS,77,12.987012987012985,0.0,7.909090909090909
13487,10299,DL,543,19.18819188191882,0.1841620626151013,16.632841328413285
13487,10397,DL,2628,15.267175572519085,0.30441400304414,12.490421455938698
13487,10397,F9,83,26.25,3.6144578313253013,20.425
13487,10397,NK,267,30.681818181818183,1.1235955056179776,21.539923954372625
13487,10408,OO,751,16.822429906542055,0.2663115845539281,15.758344459279039
13487,10409,OO,92,3.260869565217391,0.0,15.45054945054945
13487,10423,DL,850,22.732626619552416,0.11764705882352941,17.07565011820331
13487,10423,OO,196,14.795918367346939,0.0,6.158163265306122
13487,10423,WN,290,28.965517241379313,0.0,13.024221453287197
13487,10431,G4,26,12.0,3.8461538461538463,10.2
13487,10466,G4,34,17.647058823529413,0.0,13.088235294117647
13487,10529,DL,717,17.482517482517483,0.2789400278940028,14.00140252454418
13487,10620,DL,304,25.742574257425744,0.32894736842105265,21.775577557755774
13487,10627,DL,362,22.92817679558011,0.0,21.37950138504155
13487,10627,OO,810,14.516129032258066,0.49382716049382713,13.334987593052109
13487,10631,OO,607,11.774461028192372,0.6589785831960461,11.757475083056478
13487,10693,DL,1024,15.151515151515152,0.09765625,9.350393700787402
13487,10693,WN,342,25.073746312684364,0.8771929824561403,15.690265486725664
13487,10713,DL,659,18.87366818873668,0.30349013657056145,11.199695121951219
13487,10721,DL,1555,23.34405144694534,0.0,14.550257731958762
13487,10739,OO,524,14.31297709923664,0.0,13.034615384615385
13487,10785,DL,4,0.0,0.0,0.0
13487,10792,DL,92,13.186813186813188,1.0869565217391304,4.538461538461538
13487,10821,DL,734,19.12568306010929,0.2724795640326976,12.516438356164384
13487,10821,WN,413,21.463414634146343,0.7263922518159807,15.678132678132679
13487,10849,DL,682,18.328445747800586,0.0,10.225
13487,10994,DL,212,17.92452830188679,0.0,9.231132075471699
13487,11003,OO,433,15.972222222222221,0.23094688221709006,13.0625
13487,11013,OO,304,17.763157894736842,0.0,14.631229235880399
13487,11042,DL,531,23.0188679245283,0.18832391713747645,18.80188679245283
13487,11042,OO,223,13.963963963963963,0.4484304932735426,10.288288288288289
13487,11057,AA,1064,18.451242829827915,1.6917293233082706,15.726053639846743
13487,11057,DL,1099,18.356164383561644,0.36396724294813465,14.472095150960659
13487,11066,DL,635,25.159235668789808,1.1023622047244095,17.70700636942675
13487,11066,OO,111,14.414414414414415,0.0,9.126126126126126
13487,11109,DL,92,13.043478260869565,0.0,8.956521739130435
13487,11193,DL,697,20.114942528735632,0.14347202295552366,11.557471264367816
13487,11193,OO,37,11.11111111111111,2.7027027027027026,8.5
13487,11259,WN,58,22.413793103448278,0.0,12.689655172413794
13487,11278,AA,32,34.375,0.0,59.4375
13487,11278,DL,1425,24.8403122782115,1.1228070175438596,17.153901216893342
13487,11278,MQ,4,0.0,0.0,0.0
13487,11278,OH,436,27.791563275434246,7.568807339449541,27.235588972431078
13487,11278,YX,131,35.483870967741936,5.343511450381679,29.642276422764226
13487,11292,DL,1538,26.531942633637552,0.26007802340702213,16.543905635648755
13487,11292,F9,447,14.864864864864865,0.6711409395973155,13.536036036036036
13487,11292,OO,107,3.7383177570093453,0.0,5.392523364485982
13487,11292,UA,1338,23.71987951807229,0.7473841554559043,20.947209653092006
13487,11292,WN,1464,24.008207934336525,0.1366120218579235,16.506858710562415
13487,11298,AA,1437,22.230215827338128,3.270702853166319,22.319102749638205
13487,11298,DL,1168,24.570446735395187,0.3424657534246575,16.53073593073593
13487,11298,F9,107,27.358490566037734,0.9345794392523364,32.2
13487,11337,DL,6,16.666666666666664,0.0,3.6666666666666665
13487,11337,OO,896,12.17877094972067,0.11160714285714286,12.691275167785236
13487,11423,DL,1,0.0,0.0,0.0
13487,11423,OO,36,8.333333333333332,0.0,8.13888888888889
13487,11433,DL,1574,16.730279898218832,0.12706480304955528,13.366008911521323
13487,11433,NK,201,12.060301507537687,0.9950248756218906,9.712121212121213
13487,11587,OO,220,9.216589861751153,1.3636363636363635,6.52073732718894
13487,11618,DL,1029,31.521739130434785,1.652089407191448,29.67229394240318
13487,11618,UA,359,26.912181303116146,1.6713091922005572,32.97167138810198
13487,11618,YX,400,16.580310880829018,3.5,15.408854166666666
13487,11630,DL,92,20.652173913043477,0.0,7.9021739130434785
13487,11637,DL,583,18.384879725085913,0.17152658662092624,11.91394148020654
13487,11637,OO,634,15.772870662460567,0.0,11.11216429699842
13487,11648,DL,399,15.909090909090908,0.7518796992481203,8.764556962025317
13487,11697,DL,568,16.48936170212766,0.704225352112676,10.678571428571429
13487,11697,NK,15,57.14285714285714,6.666666666666667,51.92857142857143
13487,11775,DL,305,25.986842105263158,0.32786885245901637,18.289473684210527
13487,11775,OO,460,11.982570806100219,0.21739130434782608,8.032679738562091
13487,11823,OO,304,19.801980198019802,0.32894736842105265,22.264026402640265
13487,11884,DL,658,17.325227963525837,0.0,10.354103343465045
13487,11898,OO,494,14.17004048582996,0.0,11.11336032388664
13487,11977,DL,1,0.0,0.0,0.0
13487,11977,OO,659,15.419847328244273,0.6069802731411229,11.188073394495413
13487,11986,DL,596,18.79194630872483,0.0,14.734899328859061
13487,11986,OO,375,16.8,0.0,10.250666666666667
13487,12003,OO,249,17.269076305220885,0.0,12.818548387096774
13487,12094,DL,29,24.137931034482758,0.0,12.689655172413794
13487,12129,OO,522,13.051823416506716,0.19157088122605365,9.924710424710424
13487,12173,DL,304,11.333333333333332,1.3157894736842106,10.624161073825503
13487,12206,DL,123,14.049586776859504,1.6260162601626016,6.330578512396694
13487,12206,OO,8,42.857142857142854,12.5,18.714285714285715
13487,12264,DL,23,34.78260869565217,0.0,28.52173913043478
13487,12264,OO,686,14.035087719298245,0.2915451895043732,8.710526315789474
13487,12264,YX,34,5.88235294117647,0.0,3.264705882352941
13487,12266,DL,1088,24.214417744916823,0.5514705882352942,18.38232558139535
13487,12266,UA,385,13.227513227513226,1.8181818181818181,11.055851063829786
13487,12278,OO,266,15.849056603773585,0.37593984962406013,16.213740458015266
13487,12323,DL,27,29.629629629629626,0.0,31.814814814814813
13487,12335,OO,303,20.333333333333332,0.9900990099009901,16.933110367892976
13487,12339,DL,849,17.70956316410862,0.23557126030624265,11.109799291617474
13487,12339,OO,69,17.391304347826086,0.0,7.391304347826087
13487,12343,OO,553,11.272727272727273,0.5424954792043399,10.487272727272726
13487,12441,DL,47,27.659574468085108,0.0,12.934782608695652
13487,12451,DL,280,18.705035971223023,0.7142857142857143,11.163636363636364
13487,12478,DL,606,21.262458471760798,0.6600660066006601,20.804020100502512
13487,12478,OO,122,30.57851239669421,0.819672131147541,18.067226890756302
13487,12889,DL,1781,16.56338028169014,0.3368893879842785,8.952542372881355
13487,12889,WN,246,10.16260162601626,0.0,6.857723577235772
13487,12892,DL,1871,15.479378682378147,0.21378941742383753,9.226931330472103
13487,12953,DL,1472,20.51983584131327,0.6793478260869565,13.798070296347346
13487,12953,YX,361,21.965317919075144,4.1551246537396125,12.034883720930232
13487,13198,DL,853,19.952774498229044,0.7033997655334114,16.92434988179669
13487,13198,OO,98,14.893617021276595,4.081632653061225,8.623655913978494
13487,13204,DL,1550,22.04928664072633,0.5161290322580645,16.459635416666668
13487,13204,F9,75,21.333333333333336,0.0,37.32
13487,13204,NK,29,20.689655172413794,0.0,16.586206896551722
13487,13204,WN,16,25.0,0.0,15.25
13487,13232,OO,879,15.735461801596351,0.22753128555176336,11.312
13487,13232,WN,1426,16.96113074204947,0.7713884992987378,9.97098372257608
13487,13244,DL,115,18.26086956521739,0.0,10.415929203539823
13487,13244,OO,517,14.893617021276595,0.0,7.725338491295938
13487,13303,AA,304,10.855263157894738,0.0,16.904290429042906
13487,13303,DL,617,21.915584415584416,0.1620745542949757,10.892332789559543
13487,13303,NK,35,37.142857142857146,0.0,37.0
13487,13342,DL,1017,18.639053254437872,0.2949852507374631,13.238142292490119
13487,13342,OO,130,12.307692307692308,0.0,7.292307692307692
13487,13433,OO,1106,12.738853503184714,0.6329113924050633,8.138686131386862
13487,13459,OO,302,16.216216216216218,1.9867549668874172,13.494915254237288
13487,13485,DL,311,18.971061093247588,0.0,13.080385852090032
13487,13485,OO,794,17.150063051702396,0.12594458438287154,11.848675914249684
13487,13486,DL,396,15.404040404040403,0.0,8.404580152671755
13487,13495,DL,366,16.343490304709142,1.366120218579235,11.280555555555555
13487,13577,DL,118,16.101694915254235,0.0,9.5
13487,13577,NK,6,0.0,0.0,2.6666666666666665
13487,13851,OO,304,27.722772277227726,0.32894736842105265,19.444816053511705
13487,13871,DL,2,0.0,0.0,0.0
13487,13871,OO,1108,20.489573889392567,0.45126353790613716,15.712988192552226
13487,13930,AA,350,20.520231213872833,1.1428571428571428,31.03179190751445
13487,13930,DL,1568,28.681177976952625,0.3826530612244898,21.79383429672447
13487,13930,MQ,745,28.10368349249659,1.610738255033557,18.656634746922023
13487,13930,OH,33,42.42424242424242,0.0,32.75757575757576
13487,13930,OO,105,12.380952380952381,0.0,13.142857142857142
13487,13930,UA,2016,23.007968127490038,0.3968253968253968,18.900299102691925
13487,13930,YX,404,18.781725888324875,2.4752475247524752,15.127226463104325
13487,13931,OO,32,37.5,0.0,12.03125
13487,14027,DL,93,21.50537634408602,0.0,11.53763440860215
13487,14057,AS,24,12.5,0.0,5.333333333333333
13487,14057,DL,1116,14.52914798206278,0.08960573476702509,9.89048473967684
13487,14082,G4,38,28.947368421052634,0.0,9.973684210526315
13487,14100,AA,251,25.506072874493928,1.593625498007968,33.38056680161943
13487,14100,DL,1029,17.560975609756095,0.38872691933916426,12.643835616438356
13487,14100,OH,220,28.90995260663507,4.090909090909091,24.728571428571428
13487,14100,YX,85,16.470588235294116,0.0,10.670588235294117
13487,14107,AA,574,20.701754385964914,0.6968641114982579,15.035149384885765
13487,14107,DL,1748,19.748139668002292,0.057208237986270026,14.537578886976478
13487,14107,F9,106,9.433962264150944,0.0,5.188679245283019
13487,14107,WN,323,8.09968847352025,0.6191950464396285,6.640625
13487,14122,DL,293,24.82758620689655,1.023890784982935,18.427586206896553
13487,14122,OO,163,13.496932515337424,0.0,9.840490797546012
13487,14252,DL,183,26.229508196721312,0.0,18.30054644808743
13487,14252,OO,121,19.834710743801654,0.0,9.148760330578513
13487,14262,DL,243,14.40329218106996,0.0,8.609053497942387
13487,14307,DL,92,32.967032967032964,1.0869565217391304,35.2967032967033
13487,14321,DL,142,8.450704225352112,0.0,7.063380281690141
13487,14457,OO,179,13.40782122905028,0.0,7.808988764044944
13487,14492,DL,1030,19.26070038910506,0.1941747572815534,12.244401168451802
13487,14520,OO,607,10.166666666666666,1.1532125205930808,12.622704507512521
13487,14524,DL,1,0.0,0.0,0.0
13487,14524,OO,25,33.33333333333333,4.0,17.125
13487,14570,DL,92,25.0,0.0,32.858695652173914
13487,14633,OO,214,14.953271028037381,0.0,10.546728971962617
13487,14635,DL,1006,19.36127744510978,0.3976143141153082,13.725274725274724
13487,14635,NK,34,26.47058823529412,0.0,17.939393939393938
13487,14635,WN,3,33.33333333333333,0.0,16.0
13487,14679,DL,1078,21.37546468401487,0.18552875695732837,11.555037313432836
13487,14683,DL,738,26.46657571623465,0.6775067750677507,19.789329685362517
13487,14685,DL,200,17.67676767676768,1.0,12.868020304568528
13487,14696,OO,304,16.225165562913908,0.6578947368421053,16.45364238410596
13487,14730,OO,590,16.38225255972696,0.6779661016949152,11.830479452054794
13487,14747,AS,858,16.391509433962266,1.1655011655011656,9.919716646989373
13487,14747,DL,1443,10.82581540596808,0.1386001386001386,6.847116052814455
13487,14771,DL,1200,19.849874895746456,0.08333333333333333,12.013344453711426
13487,14771,OO,351,18.803418803418804,0.0,11.484240687679083
13487,14771,UA,71,16.901408450704224,0.0,8.859154929577464
13487,14831,DL,430,28.671328671328673,0.23255813953488372,18.44988344988345
13487,14843,DL,157,16.025641025641026,0.6369426751592356,7.85064935064935
13487,14869,DL,1349,12.98219584569733,0.07412898443291327,6.882047477744807
13487,14893,DL,473,16.0676532769556,0.0,7.862579281183932
13487,14908,DL,497,28.62903225806452,0.2012072434607646,19.7834008097166
13487,14986,DL,184,11.956521739130435,0.0,6.951086956521739
13487,14986,G4,16,25.0,0.0,48.333333333333336
13487,15016,DL,812,19.183168316831683,0.49261083743842365,15.700123915737299
13487,15016,OO,171,21.764705882352942,0.5847953216374269,18.094117647058823
13487,15016,WN,530,17.748091603053435,1.1320754716981132,10.778202676864245
13487,15096,OO,4,25.0,0.0,13.5
13487,15304,DL,1007,19.00497512437811,0.19860973187686196,11.229083665338646
13487,15304,NK,11,18.181818181818183,0.0,16.363636363636363
13487,15304,WN,3,0.0,0.0,0.3333333333333333
13487,15376,DL,126,11.11111111111111,0.0,6.611111111111111
13487,15380,DL,13,30.76923076923077,0.0,16.53846153846154
13487,15380,OO,118,12.711864406779661,0.0,35.279661016949156
13487,15412,G4,24,29.166666666666668,0.0,29.0
13487,15624,DL,247,13.46938775510204,0.8097165991902834,7.475409836065574
13487,15624,G4,39,15.384615384615385,0.0,9.820512820512821
13487,16869,OO,692,16.569767441860463,0.5780346820809249,15.691520467836257
13495,10397,DL,2723,16.329588014981272,1.9463826661770107,11.23385885885886
13495,10397,F9,72,48.61111111111111,0.0,48.72222222222222
13495,10397,NK,431,24.407582938388625,2.0881670533642693,16.287410926365794
13495,10397,WN,406,23.55889724310777,1.7241379310344827,14.78894472361809
13495,10423,AA,4,50.0,0.0,27.0
13495,10423,OO,493,17.10794297352342,0.4056795131845842,15.118852459016393
13495,10423,WN,1232,23.950617283950617,1.37987012987013,15.573784006595218
13495,10693,NK,179,24.11764705882353,5.027932960893855,20.96470588235294
13495,10693,WN,1145,17.418213969938108,1.222707423580786,10.825509300265722
13495,10721,AA,2,0.0,0.0,2.0
13495,10721,B6,421,36.29807692307692,1.187648456057007,34.91826923076923
13495,10721,DL,311,38.43648208469055,1.2861736334405145,45.32247557003257
13495,10721,MQ,3,66.66666666666666,0.0,33.333333333333336
13495,10721,NK,115,16.8141592920354,1.7391304347826086,11.327433628318584
13495,10721,YX,1,100.0,0.0,78.0
13495,10792,WN,1,0.0,0.0,0.0
13495,10800,WN,22,45.45454545454545,0.0,22.545454545454547
13495,10821,NK,234,22.17391304347826,1.7094017094017093,15.230434782608695
13495,10821,WN,835,17.704517704517706,1.9161676646706587,11.93040293040293
13495,11057,AA,1473,17.586206896551722,1.561439239646979,16.037241379310345
13495,11057,NK,190,12.299465240641712,1.5789473684210527,15.449197860962567
13495,11057,OH,9,0.0,0.0,0.0
13495,11066,NK,67,15.151515151515152,1.492537313432836,18.166666666666668
13495,11193,G4,36,25.71428571428571,2.7777777777777777,16.485714285714284
13495,11259,WN,1919,20.917822838847385,2.344971339239187,13.093632958801498
13495,11278,AA,402,31.39240506329114,1.7412935323383085,28.74102564102564
13495,11278,OH,404,35.1123595505618,11.881188118811881,42.12931034482759
13495,11278,WN,596,31.399317406143346,1.6778523489932886,21.001721170395868
13495,11278,YX,180,14.367816091954023,3.3333333333333335,18.46242774566474
13495,11292,F9,126,32.800000000000004,0.7936507936507936,25.264
13495,11292,UA,831,18.581907090464547,1.5643802647412757,13.17936117936118
13495,11292,WN,918,22.46696035242291,1.0893246187363834,14.706725468577728
13495,11298,AA,1792,29.246935201401055,4.408482142857143,31.732435597189696
13495,11298,MQ,444,28.947368421052634,5.8558558558558556,26.4375
13495,11298,NK,204,37.0,1.9607843137254901,25.04
13495,11298,OH,23,42.10526315789473,17.391304347826086,30.944444444444443
13495,11298,OO,29,39.285714285714285,3.4482758620689653,26.214285714285715
13495,11433,DL,525,16.634429400386846,1.5238095238095237,12.80232558139535
13495,11433,NK,243,18.672199170124482,0.823045267489712,17.937759336099585
13495,11618,B6,2,100.0,0.0,91.0
13495,11618,NK,165,38.9937106918239,3.6363636363636362,34.43396226415094
13495,11618,UA,819,25.311720698254366,2.075702075702076,28.830827067669173
13495,11618,YX,28,23.076923076923077,7.142857142857143,58.0
13495,11697,NK,650,23.08892355694228,1.3846153846153846,18.408736349453978
13495,11697,WN,302,26.51006711409396,1.3245033112582782,20.324324324324323
13495,11996,AA,1,0.0,0.0,0.0
13495,11996,DL,1,0.0,0.0,0.0
13495,11996,WN,1,100.0,0.0,27.0
13495,12191,WN,1895,20.6951871657754,1.3192612137203166,12.388531618435156
13495,12264,UA,529,10.556621880998081,1.5122873345935728,8.092307692307692
13495,12264,YX,19,10.526315789473683,0.0,9.578947368421053
13495,12266,NK,264,21.455938697318008,1.1363636363636365,14.10344827586207
13495,12266,OO,5,60.0,0.0,38.2
13495,12266,UA,2327,16.608238387379494,1.9338203695745595,13.005265467310224
13495,12339,NK,28,7.142857142857142,0.0,1.4642857142857142
13495,12478,B6,329,27.160493827160494,1.5197568389057752,29.814241486068113
13495,12478,DL,611,21.283783783783782,3.109656301145663,20.99322033898305
13495,12478,YX,3,100.0,0.0,57.666666666666664
13495,12889,NK,269,19.548872180451127,1.1152416356877324,16.406015037593985
13495,12889,WN,580,18.92361111111111,0.6896551724137931,10.598260869565218
13495,12892,AA,17,35.294117647058826,0.0,36.411764705882355
13495,12892,DL,812,18.329177057356606,1.2315270935960592,18.845
13495,12892,NK,338,14.67065868263473,1.183431952662722,11.474474474474475
13495,12892,UA,4,50.0,0.0,20.0
13495,12892,WN,320,28.30188679245283,0.625,16.43217665615142
13495,12953,AA,282,39.85507246376812,2.127659574468085,44.12592592592593
13495,12953,DL,610,23.745819397993312,1.9672131147540983,21.391959798994975
13495,12953,NK,46,15.217391304347828,0.0,14.608695652173912
13495,12953,UA,1,0.0,0.0,10.0
13495,12953,WN,278,27.941176470588236,2.158273381294964,16.72761194029851
13495,12953,YX,25,40.0,0.0,64.68
13495,12954,WN,17,41.17647058823529,0.0,15.117647058823529
13495,13198,AA,6,33.33333333333333,0.0,11.5
13495,13198,DL,2,50.0,0.0,32.5
13495,13198,UA,2,100.0,0.0,83.5
13495,13198,WN,340,22.916666666666664,1.1764705882352942,14.681547619047619
13495,13204,F9,101,23.232323232323232,1.9801980198019802,24.171717171717173
13495,13204,NK,595,16.38225255972696,1.5126050420168067,13.434188034188034
13495,13204,WN,1279,22.35387045813586,1.016419077404222,16.17893903404592
13495,13232,WN,858,16.92126909518214,0.8158508158508159,9.977541371158392
13495,13244,NK,19,36.84210526315789,0.0,21.210526315789473
13495,13303,AA,997,24.923076923076923,2.206619859578736,26.38311019567456
13495,13303,MQ,253,17.551020408163264,3.1620553359683794,13.684426229508198
13495,13303,NK,182,29.37853107344633,2.7472527472527473,17.598870056497177
13495,13303,YX,15,40.0,0.0,14.666666666666666
13495,13487,DL,366,16.343490304709142,1.366120218579235,17.717086834733895
13495,13796,WN,2,50.0,0.0,7.5
13495,13930,AA,312,22.58064516129032,0.6410256410256411,26.01644736842105
13495,13930,MQ,186,12.972972972972974,0.5376344086021505,9.291208791208792
13495,13930,NK,191,21.465968586387437,0.0,14.021052631578947
13495,13930,OO,64,18.75,0.0,8.859375
13495,13930,UA,724,14.265734265734265,1.2430939226519337,11.866385372714486
13495,13930,YX,223,12.149532710280374,4.0358744394618835,8.492957746478874
13495,14057,AS,129,19.841269841269842,2.3255813953488373,11.198412698412698
13495,14100,AA,441,22.93577981651376,1.1337868480725624,22.990762124711317
13495,14100,DL,2,50.0,0.0,27.5
13495,14100,F9,131,38.4,4.580152671755725,28.56
13495,14100,OH,303,18.70748299319728,2.9702970297029703,22.756849315068493
13495,14100,UA,4,75.0,0.0,44.0
13495,14100,WN,8,75.0,0.0,87.625
13495,14100,YX,71,7.246376811594203,2.816901408450704,9.18840579710145
13495,14107,AA,242,28.333333333333332,0.8264462809917356,41.25416666666667
13495,14107,WN,407,25.495049504950494,0.7371007371007371,16.6975
13495,14492,NK,51,18.367346938775512,3.9215686274509802,15.918367346938776
13495,14492,WN,32,12.5,0.0,6.875
13495,14679,WN,289,27.27272727272727,1.0380622837370241,15.758741258741258
13495,14683,NK,18,27.77777777777778,0.0,30.0
13495,14683,WN,322,21.003134796238246,0.9316770186335404,14.60501567398119
13495,14747,AS,545,28.11918063314711,1.4678899082568808,17.94040968342644
13495,14747,DL,8,62.5,0.0,42.5
13495,14771,AA,1,100.0,0.0,106.0
13495,14771,UA,422,20.14388489208633,1.1848341232227488,14.829736211031175
13495,14843,NK,19,11.76470588235294,10.526315789473685,6.9375
13495,14869,DL,394,8.439897698209718,0.7614213197969543,5.176470588235294
13495,15016,WN,614,17.13810316139767,2.1172638436482085,8.52
13495,15304,NK,208,21.287128712871286,2.8846153846153846,21.6318407960199
13495,15304,WN,658,19.26040061633282,1.3677811550151975,15.080246913580247
13502,10397,DL,83,12.345679012345679,2.4096385542168677,8.925
13502,10423,WN,5,20.0,0.0,6.4
13502,11259,WN,45,24.444444444444443,0.0,11.755555555555556
13502,11292,OO,113,28.82882882882883,1.7699115044247788,24.0
13502,11292,UA,740,25.850340136054424,0.6756756756756757,24.457765667574932
13502,11292,WN,333,27.627627627627625,0.0,20.24024024024024
13502,11298,AA,334,29.78723404255319,1.4970059880239521,57.26993865030675
13502,11298,MQ,185,20.441988950276244,2.1621621621621623,16.377777777777776
13502,11618,UA,71,33.80281690140845,0.0,23.366197183098592
13502,12266,OO,2,100.0,0.0,26.0
13502,12892,OO,24,4.166666666666666,0.0,2.25
13502,13930,OO,86,19.767441860465116,0.0,24.95294117647059
13502,13930,UA,6,16.666666666666664,0.0,4.5
13502,14771,OO,29,17.24137931034483,0.0,46.275862068965516
13541,10721,B6,93,6.593406593406594,2.150537634408602,6.021978021978022
13541,11057,MQ,11,18.181818181818183,0.0,18.727272727272727
13541,11278,B6,96,50.0,4.166666666666667,47.142857142857146
13541,11278,YX,179,30.538922155688624,6.70391061452514,22.179640718562876
13541,12478,B6,179,25.862068965517242,2.793296089385475,24.50574712643678
13541,12478,YX,109,34.95145631067961,5.504587155963303,35.213592233009706
13541,12953,YX,316,21.85430463576159,4.430379746835443,22.55298013245033
13541,13930,MQ,11,54.54545454545454,0.0,51.22222222222222
13541,14100,YX,76,35.526315789473685,0.0,17.773333333333333
13577,10135,G4,202,26.13065326633166,1.4851485148514851,25.035353535353536
13577,10158,NK,196,17.098445595854923,1.530612244897959,13.699481865284975
13577,10257,G4,138,21.48148148148148,2.1739130434782608,15.030075187969924
13577,10397,DL,1231,15.845648604269295,1.0560519902518277,14.351395730706075
13577,10529,NK,187,10.21505376344086,0.5347593582887701,8.618279569892474
13577,10676,G4,26,30.76923076923077,0.0,33.24
13577,10693,NK,17,56.25,5.882352941176471,48.9375
13577,10693,WN,512,19.05697445972495,0.5859375,11.633858267716535
13577,10721,DL,24,29.166666666666668,0.0,14.083333333333334
13577,10721,MQ,4,25.0,0.0,12.25
13577,10721,NK,539,26.704545454545453,2.0408163265306123,23.435606060606062
13577,10721,YX,39,12.82051282051282,0.0,6.948717948717949
13577,10821,WN,877,16.859122401847575,1.2542759407069555,12.5635103926097
13577,10874,G4,61,16.39344262295082,0.0,18.80327868852459
13577,11027,G4,26,86.95652173913044,11.538461538461538,93.82608695652173
13577,11042,F9,39,28.205128205128204,0.0,17.871794871794872
13577,11042,NK,129,14.0625,0.7751937984496124,9.046875
13577,11057,AA,949,17.32199787460149,0.8429926238145417,15.342189160467587
13577,11057,MQ,24,8.333333333333332,0.0,5.0
13577,11057,OH,1070,17.84313725490196,4.672897196261682,19.3
13577,11066,WN,27,40.74074074074074,0.0,16.0
13577,11193,G4,125,34.146341463414636,1.6,41.959349593495936
13577,11259,WN,47,21.27659574468085,0.0,13.638297872340425
13577,11278,MQ,5,25.0,20.0,23.25
13577,11278,OH,565,38.08630393996248,5.663716814159292,41.43984962406015
13577,11278,YX,9,22.22222222222222,0.0,7.111111111111111
13577,11292,OO,10,30.0,0.0,19.5
13577,11292,UA,13,61.53846153846154,0.0,130.69230769230768
13577,11292,WN,77,32.467532467532465,0.0,23.30666666666667
13577,11298,AA,211,41.17647058823529,3.3175355450236967,50.55
13577,11298,MQ,138,16.417910447761194,2.898550724637681,9.842105263157896
13577,11298,OH,94,6.593406593406594,3.1914893617021276,5.292134831460674
13577,11433,DL,336,14.501510574018129,1.4880952380952381,10.341389728096678
13577,11433,NK,183,16.666666666666664,1.639344262295082,17.45
13577,11618,NK,418,19.19191919191919,5.2631578947368425,18.568181818181817
13577,11618,UA,108,20.754716981132077,1.8518518518518519,17.32075471698113
13577,11618,YX,374,31.195335276967928,8.288770053475936,41.6812865497076
13577,11697,NK,322,17.350157728706623,1.5527950310559007,15.296529968454259
13577,11823,G4,35,2.941176470588235,2.857142857142857,4.090909090909091
13577,11986,G4,30,40.0,0.0,130.23333333333332
13577,12119,G4,74,57.74647887323944,4.054054054054054,44.7887323943662
13577,12223,G4,66,22.727272727272727,0.0,21.09090909090909
13577,12264,YX,11,0.0,0.0,2.3636363636363638
13577,12265,G4,47,21.27659574468085,0.0,38.4468085106383
13577,12339,G4,13,69.23076923076923,0.0,34.61538461538461
13577,12391,F9,103,41.23711340206185,5.825242718446602,63.49484536082474
13577,12898,NK,152,23.026315789473685,0.0,12.947368421052632
13577,12917,G4,110,42.05607476635514,2.727272727272727,28.05607476635514
13577,12945,G4,24,12.5,0.0,14.375
13577,12953,DL,201,24.5,0.4975124378109453,20.705
13577,12953,NK,329,22.884012539184955,3.0395136778115504,26.57680250783699
13577,12953,YX,18,22.22222222222222,0.0,6.055555555555555
13577,13198,WN,9,55.55555555555556,0.0,30.666666666666668
13577,13204,NK,382,14.210526315789473,0.5235602094240838,12.9
13577,13230,G4,72,41.7910447761194,6.944444444444445,33.95522388059702
13577,13232,WN,382,14.775725593667547,0.7853403141361257,14.566137566137566
13577,13487,DL,118,18.64406779661017,0.0,10.247863247863247
13577,13487,NK,6,0.0,0.0,0.0
13577,13495,NK,1,0.0,0.0,0.0
13577,13930,AA,9,55.55555555555556,0.0,32.55555555555556
13577,13930,MQ,88,38.372093023255815,2.272727272727273,32.73809523809524
13577,13930,NK,48,22.916666666666664,0.0,14.148936170212766
13577,13930,OO,70,18.571428571428573,0.0,9.842857142857143
13577,13930,UA,104,42.30769230769231,0.0,35.52427184466019
13577,13930,YX,35,2.857142857142857,0.0,1.3142857142857143
13577,14025,G4,32,10.344827586206897,9.375,3.793103448275862
13577,14100,F9,143,27.659574468085108,1.3986013986013985,33.319148936170215
13577,14100,NK,10,40.0,0.0,22.9
13577,14100,OH,63,26.666666666666668,4.761904761904762,32.271186440677965
13577,14122,G4,121,22.033898305084744,2.479338842975207,15.186440677966102
13577,14122,NK,152,17.56756756756757,2.6315789473684212,19.054054054054053
13577,14122,WN,42,23.809523809523807,0.0,15.857142857142858
13577,14576,NK,26,11.538461538461538,0.0,6.6923076923076925
13577,14730,G4,12,25.0,0.0,22.5
13577,14730,NK,26,19.230769230769234,0.0,22.96153846153846
13577,15016,WN,60,6.666666666666667,0.0,3.189655172413793
13577,15070,G4,142,19.28571428571429,1.408450704225352,12.474820143884893
13577,15096,G4,79,24.358974358974358,1.2658227848101267,15.818181818181818
13577,15356,F9,32,16.129032258064516,3.125,11.258064516129032
13795,11057,OH,305,15.916955017301039,5.245901639344262,17.25347222222222
13796,10140,WN,296,18.305084745762713,0.33783783783783783,8.976190476190476
13796,10423,WN,298,14.093959731543624,0.0,7.3367003367003365
13796,10666,G4,125,16.0,0.0,22.919354838709676
13796,10693,WN,1,0.0,0.0,0.0
13796,10713,WN,541,15.157116451016636,0.0,8.97037037037037
13796,10800,NK,66,9.230769230769232,1.5151515151515151,9.515625
13796,10800,WN,2530,14.113873295910185,1.4229249011857708,7.739951768488746
13796,10821,WN,4,0.0,0.0,0.75
13796,11259,WN,489,22.176591375770023,0.40899795501022496,14.285123966942148
13796,11292,WN,1436,24.89539748953975,0.1392757660167131,13.792862141357594
13796,11603,WN,305,23.432343234323433,0.6557377049180327,14.125412541254125
13796,11648,G4,18,11.11111111111111,0.0,4.333333333333333
13796,11884,WN,452,18.36283185840708,0.0,9.201327433628318
13796,12173,HA,304,16.333333333333332,1.3157894736842106,32.57859531772575
13796,12173,WN,372,9.13978494623656,0.0,5.126344086021505
13796,12191,WN,308,15.309446254071663,0.3246753246753247,6.9537953795379535
13796,12280,G4,30,33.33333333333333,0.0,48.03333333333333
13796,12758,WN,64,3.125,0.0,1.507936507936508
13796,12889,NK,651,10.88646967340591,1.228878648233487,8.491446345256609
13796,12889,WN,2775,18.76355748373102,0.32432432432432434,10.723388848660392
13796,12892,OO,1,100.0,0.0,20.0
13796,12892,WN,1897,15.048025613660618,1.2124406958355298,8.27641408751334
13796,12954,WN,1468,11.800818553888131,0.1362397820163488,6.185792349726776
13796,12982,HA,304,9.966777408637874,0.9868421052631579,8.19
13796,12982,WN,304,15.131578947368421,0.0,10.141447368421053
13796,13198,WN,295,14.726027397260275,1.0169491525423728,7.415807560137457
13796,13232,WN,330,8.206686930091186,0.30303030303030304,4.162576687116564
13796,13486,G4,18,44.44444444444444,0.0,178.66666666666666
13796,13495,WN,2,0.0,0.0,0.0
13796,13830,HA,261,8.203125,1.9157088122605364,13.811764705882354
13796,13830,WN,304,14.802631578947366,0.0,8.584158415841584
13796,13891,WN,1323,12.812736921910538,0.30234315948601664,7.934040940106141
13796,14057,OO,18,11.11111111111111,0.0,12.333333333333334
13796,14057,WN,1099,16.226071103008206,0.18198362147406733,8.994520547945205
13796,14107,WN,1674,18.828451882845187,0.05973715651135006,11.401197604790418
13796,14262,WN,437,14.874141876430205,0.0,7.279816513761468
13796,14570,WN,223,14.09090909090909,1.345291479820628,7.381818181818182
13796,14679,NK,168,16.071428571428573,0.0,11.18452380952381
13796,14679,OO,1,100.0,0.0,32.0
13796,14679,WN,2578,22.19178082191781,0.8921644685802949,12.220611285266457
13796,14689,WN,264,10.26615969581749,0.3787878787878788,5.431297709923665
13796,14747,AS,460,20.87912087912088,1.0869565217391304,11.175824175824175
13796,14747,OO,80,27.500000000000004,0.0,29.275
13796,14747,WN,1057,23.36802270577105,0.0,11.781456953642385
13796,14869,DL,158,6.329113924050633,0.0,6.253164556962025
13796,14869,OO,740,5.135135135135135,0.0,3.8972972972972975
13796,14869,WN,629,14.467408585055644,0.0,9.183121019108281
13796,14908,NK,253,8.333333333333332,0.3952569169960474,4.666666666666667
13796,14908,WN,1912,12.940557601262492,0.5753138075313807,6.154008438818566
13796,15016,WN,4,0.0,0.0,0.0
13830,10299,AS,48,21.73913043478261,4.166666666666667,13.956521739130435
13830,10397,DL,85,20.73170731707317,3.5294117647058822,18.9390243902439
13830,11292,UA,323,10.031347962382444,1.238390092879257,9.940251572327044
13830,11298,AA,328,17.737003058103976,0.3048780487804878,35.473846153846154
13830,11618,UA,1,0.0,0.0,0.0
13830,12173,HA,6321,12.675831202046037,1.0283183040658124,7.004956035171863
13830,12173,WN,2678,4.257724189902035,0.8961911874533234,2.2912584777694045
13830,12402,HA,262,12.977099236641221,0.0,8.494252873563218
13830,12758,HA,912,13.531353135313532,0.32894736842105265,6.5049504950495045
13830,12758,WN,312,12.82051282051282,0.0,7.201923076923077
13830,12889,HA,304,21.052631578947366,0.0,10.555921052631579
13830,12889,WN,338,3.857566765578635,0.2958579881656805,2.462908011869436
13830,12892,AA,394,12.977099236641221,0.25380710659898476,33.7219387755102
13830,12892,AS,2,50.0,0.0,22.0
13830,12892,DL,428,18.76484560570071,1.6355140186915889,12.495238095238095
13830,12892,HA,304,32.11920529801324,0.6578947368421053,22.162790697674417
13830,12892,UA,462,8.24295010845987,0.21645021645021645,4.971739130434782
13830,12892,WN,5,0.0,0.0,0.0
13830,12954,HA,304,11.55115511551155,0.32894736842105265,5.749174917491749
13830,12954,WN,5,0.0,0.0,1.6
13830,12982,HA,912,14.427312775330398,0.43859649122807015,8.697136563876652
13830,12982,WN,304,11.881188118811881,0.32894736842105265,6.64026402640264
13830,13796,HA,259,19.06614785992218,0.7722007722007722,17.801556420233464
13830,13796,WN,304,4.276315789473684,0.0,3.7664473684210527
13830,13930,UA,125,11.570247933884298,3.2,19.208333333333332
13830,14057,AS,445,13.895216400911162,1.348314606741573,8.075514874141877
13830,14057,HA,162,28.57142857142857,0.6172839506172839,15.0625
13830,14107,AA,304,9.868421052631579,0.0,31.39144736842105
13830,14107,WN,304,5.2805280528052805,0.32894736842105265,1.9933993399339933
13830,14679,AS,445,22.146118721461185,1.5730337078651686,11.258064516129032
13830,14679,HA,162,24.074074074074073,0.0,16.45
13830,14747,AS,898,21.44469525959368,1.3363028953229399,15.947845804988662
13830,14747,DL,304,5.762711864406779,2.960526315789474,3.673469387755102
13830,14747,HA,304,38.28382838283829,0.32894736842105265,20.397350993377483
13830,14771,AS,16,37.5,0.0,26.8125
13830,14771,HA,296,13.60544217687075,0.6756756756756757,7.612244897959184
13830,14771,UA,899,5.033557046979865,0.5561735261401557,3.720357941834452
13830,14831,AS,32,3.225806451612903,3.125,4.548387096774194
13830,14831,HA,296,19.93243243243243,0.0,9.679054054054054
13830,14831,WN,121,6.6115702479338845,0.0,3.1735537190082646
13830,14869,DL,117,13.513513513513514,5.128205128205129,8.153153153153154
13830,14893,HA,304,19.471947194719473,0.32894736842105265,15.345514950166113
13830,14893,WN,122,13.934426229508196,0.0,9.155737704918034
13851,10397,DL,1422,14.621968616262482,1.4064697609001406,13.473835125448028
13851,10397,F9,38,44.73684210526316,0.0,29.526315789473685
13851,10397,WN,55,11.11111111111111,1.8181818181818181,4.685185185185185
13851,10423,WN,265,17.110266159695815,0.7547169811320755,10.828897338403042
13851,10599,MQ,1,0.0,0.0,0.0
13851,10693,WN,281,21.352313167259787,0.0,12.028673835125447
13851,11057,AA,429,13.539192399049881,1.8648018648018647,16.70167064439141
13851,11057,OH,218,21.463414634146343,5.963302752293578,14.170731707317072
13851,11278,AA,51,42.0,1.9607843137254901,72.89583333333333
13851,11278,MQ,26,23.076923076923077,0.0,16.76923076923077
13851,11278,OH,122,35.3448275862069,4.918032786885246,44.643478260869564
13851,11278,WN,271,21.561338289962826,0.7380073800738007,11.760299625468164
13851,11278,YX,131,29.599999999999998,4.580152671755725,21.770491803278688
13851,11292,F9,295,31.379310344827587,1.694915254237288,21.306896551724137
13851,11292,OO,1421,25.442948263642805,0.7037297677691766,19.63894811656006
13851,11292,UA,36,25.0,0.0,8.36111111111111
13851,11292,WN,1014,27.02970297029703,0.39447731755424065,19.709613478691775
13851,11298,AA,1393,25.519287833827892,3.230437903804738,25.11292719167905
13851,11298,MQ,1073,23.31707317073171,4.473438956197577,16.734375
13851,11298,OH,67,32.8125,4.477611940298507,33.765625
13851,11298,OO,198,25.654450261780106,3.5353535353535355,25.86387434554974
13851,11433,AA,1,0.0,0.0,0.0
13851,11433,DL,3,0.0,0.0,0.0
13851,11433,WN,1,0.0,0.0,0.0
13851,11603,WN,1,0.0,0.0,0.0
13851,12191,WN,1074,17.857142857142858,0.931098696461825,11.25918944392083
13851,12266,OO,1140,19.715808170515096,1.2280701754385965,16.267441860465116
13851,12266,UA,91,18.681318681318682,0.0,18.725274725274726
13851,12889,F9,113,16.8141592920354,0.0,9.823008849557523
13851,12889,G4,24,54.166666666666664,0.0,56.416666666666664
13851,12889,WN,879,18.74285714285714,0.4550625711035267,12.839816933638444
13851,12892,OO,658,15.877862595419847,0.45592705167173253,14.67228177641654
13851,12953,OO,304,10.738255033557047,1.9736842105263157,8.315254237288135
13851,12953,YX,554,26.704545454545453,4.693140794223827,27.70912547528517
13851,13204,F9,52,17.647058823529413,1.9230769230769231,52.13725490196079
13851,13204,WN,242,23.333333333333332,0.8264462809917356,15.836134453781513
13851,13232,WN,442,13.66742596810934,0.6787330316742082,9.589449541284404
13851,13303,AA,3,0.0,0.0,4.666666666666667
13851,13303,MQ,121,9.917355371900827,0.0,6.6115702479338845
13851,13303,YX,27,33.33333333333333,0.0,33.0
13851,13487,DL,1,0.0,0.0,0.0
13851,13487,OO,304,7.920792079207921,0.32894736842105265,9.619205298013245
13851,13930,MQ,306,18.272425249169437,1.6339869281045751,16.54515050167224
13851,13930,OO,1443,25.682295311406577,0.9702009702009702,23.69409282700422
13851,13930,YX,280,11.231884057971014,1.4285714285714286,7.384057971014493
13851,14107,AA,1,0.0,0.0,0.0
13851,14107,MQ,202,11.5,0.9900990099009901,8.38
13851,14107,OO,611,29.32454695222405,0.6546644844517185,31.94214876033058
13851,14107,WN,754,16.133333333333333,0.5305039787798409,10.913217623497998
13851,14683,WN,191,16.230366492146597,0.0,8.397905759162304
13851,14747,AS,319,21.26984126984127,1.2539184952978057,9.206349206349206
13851,14761,G4,22,68.18181818181817,0.0,55.81818181818182
13851,14869,OO,589,9.35374149659864,0.1697792869269949,8.081632653061224
13851,15016,WN,577,12.80701754385965,1.2131715771230502,8.328070175438597
13851,15412,AA,1,100.0,0.0,52.0
13851,15412,DL,1,0.0,0.0,0.0
13851,15412,OO,1,0.0,0.0,0.0
13851,15624,G4,79,41.77215189873418,0.0,34.78481012658228
13871,10397,DL,1422,13.34279630943932,0.9142053445850914,16.11047754811119
13871,10397,F9,7,28.57142857142857,0.0,15.142857142857142
13871,10397,WN,54,9.615384615384617,3.7037037037037037,4.076923076923077
13871,10423,WN,4,50.0,0.0,18.0
13871,10466,G4,89,23.595505617977526,0.0,16.168539325842698
13871,10693,WN,283,17.793594306049823,0.7067137809187279,11.676156583629894
13871,10721,DL,1,0.0,0.0,4.0
13871,11057,AA,696,17.49271137026239,1.4367816091954022,14.931185944363104
13871,11057,MQ,2,50.0,0.0,11.5
13871,11057,OH,148,28.57142857142857,5.405405405405405,19.565217391304348
13871,11259,WN,342,22.35294117647059,0.5847953216374269,16.720588235294116
13871,11278,WN,284,17.375886524822697,0.704225352112676,11.931654676258994
13871,11278,YX,258,14.229249011857709,1.937984496124031,9.496031746031745
13871,11292,F9,141,40.28776978417266,1.4184397163120568,46.35971223021583
13871,11292,OO,174,5.202312138728324,0.5747126436781609,3.058139534883721
13871,11292,UA,1210,23.95659432387312,0.9917355371900827,18.18561872909699
13871,11292,WN,1230,28.24302134646962,0.975609756097561,19.420922570016476
13871,11298,AA,1113,27.77260018639329,3.5938903863432166,32.46304957904584
13871,11298,MQ,194,16.93121693121693,2.577319587628866,24.71808510638298
13871,11298,OH,9,33.33333333333333,0.0,31.0
13871,11298,OO,7,28.57142857142857,0.0,9.714285714285714
13871,11433,DL,5,40.0,0.0,12.4
13871,11433,OO,986,16.73469387755102,0.6085192697768763,13.218590398365679
13871,11618,UA,4,75.0,0.0,109.0
13871,11697,WN,13,15.384615384615385,0.0,11.23076923076923
13871,12191,WN,327,15.692307692307692,0.6116207951070336,8.996904024767803
13871,12266,OO,82,14.634146341463413,0.0,10.414634146341463
13871,12266,UA,471,14.347826086956522,2.335456475583864,14.410869565217391
13871,12889,G4,80,15.0,0.0,25.0875
13871,12889,WN,854,13.76470588235294,0.468384074941452,8.480519480519481
13871,12892,AA,2,0.0,0.0,0.0
13871,12892,G4,24,8.695652173913043,4.166666666666667,29.47826086956522
13871,12892,OO,317,16.77215189873418,0.31545741324921134,13.558730158730159
13871,12892,UA,2,0.0,0.0,0.0
13871,12953,DL,2,0.0,0.0,4.0
13871,12953,OO,103,14.000000000000002,2.912621359223301,10.7
13871,12953,YX,329,13.461538461538462,5.167173252279635,16.487179487179485
13871,13204,F9,54,7.8431372549019605,5.555555555555555,10.431372549019608
13871,13204,WN,238,21.610169491525426,0.8403361344537815,14.502127659574468
13871,13232,WN,1160,16.943231441048034,1.293103448275862,11.094570928196147
13871,13303,AA,44,13.953488372093023,2.272727272727273,8.857142857142858
13871,13303,MQ,49,23.404255319148938,4.081632653061225,8.617021276595745
13871,13487,DL,2,0.0,0.0,0.0
13871,13487,OO,1107,17.225747960108794,0.36133694670280037,15.121486854034451
13871,13930,AA,266,20.384615384615383,2.255639097744361,26.973076923076924
13871,13930,MQ,416,26.585365853658537,1.4423076923076923,16.313725490196077
13871,13930,OO,350,21.34502923976608,2.2857142857142856,20.54093567251462
13871,13930,UA,1036,21.24756335282651,0.9652509652509652,15.591617933723198
13871,13930,YX,269,22.519083969465647,2.6022304832713754,14.713740458015268
13871,14082,G4,75,25.333333333333336,0.0,12.613333333333333
13871,14100,AA,56,19.642857142857142,0.0,12.660714285714286
13871,14100,OH,239,22.844827586206897,2.928870292887029,22.4
13871,14107,AA,354,16.23931623931624,0.847457627118644,16.42165242165242
13871,14107,MQ,144,7.638888888888889,0.0,5.097222222222222
13871,14107,OO,145,11.188811188811188,1.3793103448275863,6.846153846153846
13871,14107,WN,993,16.073245167853507,1.0070493454179255,9.99592252803262
13871,14112,G4,101,22.772277227722775,0.0,18.287128712871286
13871,14747,AS,435,15.43778801843318,0.22988505747126436,9.423963133640553
13871,14761,G4,88,28.40909090909091,0.0,20.227272727272727
13871,14771,OO,270,21.933085501858738,0.37037037037037035,19.12639405204461
13871,14771,UA,42,2.380952380952381,0.0,1.0
13871,14869,DL,1,0.0,0.0,0.0
13871,14869,OO,588,7.521367521367521,0.5102040816326531,6.5025641025641026
13871,14986,G4,35,5.714285714285714,0.0,9.942857142857143
13871,15016,WN,672,8.144796380090497,1.3392857142857142,5.751131221719457
13871,15304,WN,17,11.76470588235294,0.0,4.411764705882353
13871,15624,G4,31,25.806451612903224,0.0,12.137931034482758
13873,10299,AS,301,19.322033898305087,1.9933554817275747,9.91864406779661
13891,10397,DL,758,8.544726301735647,1.187335092348285,6.637096774193548
13891,10423,WN,291,14.482758620689657,0.3436426116838488,8.909722222222221
13891,10693,WN,269,16.356877323420075,0.0,8.609665427509293
13891,10800,F9,1,,100.0,
13891,10821,WN,148,20.945945945945947,0.0,11.027027027027026
13891,11057,AA,264,17.17557251908397,0.7575757575757576,23.02671755725191
13891,11259,WN,327,19.444444444444446,0.9174311926605505,10.409937888198758
13891,11292,F9,514,29.527559055118108,1.1673151750972763,23.29388560157791
13891,11292,OO,6,33.33333333333333,0.0,54.0
13891,11292,UA,784,21.153846153846153,0.5102040816326531,16.966451612903224
13891,11292,WN,1081,21.953488372093023,0.5550416281221091,16.1599625818522
13891,11298,AA,1700,22.765700483091788,2.588235294117647,23.11199026171637
13891,11298,F9,267,23.62204724409449,4.868913857677903,14.57312252964427
13891,12173,AS,142,5.673758865248227,0.704225352112676,5.943262411347518
13891,12173,HA,163,16.666666666666664,0.6134969325153374,7.086956521739131
13891,12191,WN,302,16.27906976744186,0.33112582781456956,9.789297658862877
13891,12266,F9,141,28.05755395683453,1.4184397163120568,24.97841726618705
13891,12266,UA,304,12.956810631229235,0.9868421052631579,12.566666666666666
13891,12478,B6,179,22.033898305084744,1.1173184357541899,27.90909090909091
13891,12889,F9,635,24.044585987261147,1.1023622047244095,29.55732484076433
13891,12889,WN,1501,20.777479892761395,0.5996002664890073,13.674044265593562
13891,13232,WN,299,7.38255033557047,0.33444816053511706,3.760942760942761
13891,13796,WN,1323,11.06060606060606,0.22675736961451248,7.4393939393939394
13891,13930,UA,163,19.018404907975462,0.0,10.06832298136646
13891,14057,AS,129,6.4,3.10077519379845,5.656
13891,14057,F9,115,24.347826086956523,0.0,11.513043478260869
13891,14057,OO,194,8.854166666666668,1.0309278350515463,6.397905759162303
13891,14057,WN,1,0.0,0.0,2.0
13891,14107,AA,950,15.360169491525424,0.631578947368421,14.393008474576272
13891,14107,MQ,112,8.928571428571429,0.0,6.1875
13891,14107,OO,205,16.666666666666664,0.4878048780487805,10.911764705882353
13891,14107,WN,1346,14.466815809097689,0.37147102526002973,7.922445935868755
13891,14747,AS,1045,22.265625,2.0095693779904304,13.113391984359726
13891,14747,DL,29,6.896551724137931,0.0,3.4827586206896552
13891,14747,F9,197,13.77551020408163,0.5076142131979695,12.693877551020408
13891,14747,OO,932,8.279569892473118,0.2145922746781116,5.882289416846652
13891,14771,F9,164,40.37267080745342,1.829268292682927,27.5527950310559
13891,14771,OO,311,15.789473684210526,2.2508038585209005,15.653465346534654
13891,14771,UA,672,22.056631892697467,0.1488095238095238,13.402384500745157
13891,14831,WN,1105,13.768115942028986,0.09049773755656108,8.945652173913043
13891,14869,DL,740,7.588075880758807,0.2702702702702703,6.901084010840108
13891,14869,F9,12,8.333333333333332,0.0,6.25
13891,14869,OO,293,4.778156996587031,0.0,5.501706484641638
13891,14893,F9,4,0.0,0.0,1.75
13891,14893,WN,1728,11.890951276102088,0.23148148148148148,7.494486360998259
13930,10135,OO,71,15.492957746478872,0.0,11.380281690140846
13930,10140,AA,295,28.027681660899656,2.0338983050847457,19.60553633217993
13930,10140,MQ,166,24.096385542168676,0.0,13.163636363636364
13930,10140,OO,171,40.0,0.5847953216374269,32.28402366863905
13930,10140,UA,315,22.044728434504794,0.6349206349206349,13.575079872204473
13930,10140,YX,23,8.695652173913043,0.0,1.6521739130434783
13930,10154,OO,16,18.75,0.0,22.25
13930,10154,YX,11,9.090909090909092,0.0,5.2
13930,10208,MQ,12,25.0,0.0,17.25
13930,10257,MQ,447,22.573363431151243,0.8948545861297539,12.313769751693002
13930,10257,OO,175,19.54022988505747,0.5714285714285714,12.825581395348838
13930,10257,UA,564,25.357142857142854,0.7092198581560284,18.55
13930,10257,YX,245,12.757201646090536,0.8163265306122449,8.382716049382717
13930,10268,MQ,281,22.857142857142858,0.35587188612099646,16.912727272727274
13930,10299,AA,154,33.76623376623377,0.0,27.155844155844157
13930,10299,AS,218,27.188940092165897,0.45871559633027525,17.870967741935484
13930,10299,UA,369,15.217391304347828,0.27100271002710025,7.469945355191257
13930,10372,OO,845,35.83535108958838,2.2485207100591715,35.66710182767624
13930,10397,AA,496,34.15637860082305,2.0161290322580645,31.434511434511435
13930,10397,DL,2163,19.31711880261927,1.155802126675913,16.173790511977455
13930,10397,F9,524,35.21400778210117,1.9083969465648856,34.494140625
13930,10397,MQ,286,19.71326164874552,2.4475524475524475,11.691756272401435
13930,10397,NK,119,38.655462184873954,0.0,36.02521008403362
13930,10397,OH,4,25.0,0.0,14.5
13930,10397,OO,34,38.23529411764706,0.0,35.64705882352941
13930,10397,UA,1278,22.371541501976285,1.0172143974960877,14.281746031746032
13930,10397,YX,272,20.973782771535582,1.838235294117647,12.842696629213483
13930,10408,MQ,658,23.076923076923077,1.21580547112462,13.335901386748844
13930,10408,OO,1357,29.328358208955223,1.2527634487840826,24.266467065868262
13930,10423,AA,930,32.59911894273127,2.3655913978494625,28.71160220994475
13930,10423,F9,80,41.77215189873418,1.25,35.97435897435897
13930,10423,MQ,151,19.463087248322147,1.3245033112582782,9.006756756756756
13930,10423,OO,6,16.666666666666664,0.0,10.0
13930,10423,UA,1070,21.575984990619137,0.37383177570093457,13.684507042253522
13930,10423,WN,304,29.372937293729372,0.32894736842105265,15.574257425742575
13930,10423,YX,24,8.333333333333332,0.0,7.458333333333333
13930,10431,MQ,316,22.683706070287542,0.9493670886075949,10.373801916932907
13930,10431,OO,488,23.662551440329217,0.4098360655737705,16.975257731958763
13930,10431,UA,1,100.0,0.0,297.0
13930,10431,YX,112,13.636363636363635,1.7857142857142858,7.1192660550458715
13930,10434,MQ,420,22.572815533980584,1.9047619047619047,13.638349514563107
13930,10434,OO,10,10.0,0.0,7.2
13930,10469,MQ,420,25.060827250608277,2.142857142857143,13.914634146341463
13930,10469,OO,4,25.0,0.0,8.5
13930,10529,AA,456,33.18385650224215,2.192982456140351,30.869662921348315
13930,10529,MQ,283,15.901060070671377,0.0,8.720848056537102
13930,10529,OO,197,21.31979695431472,0.0,17.918781725888326
13930,10529,UA,716,17.92717086834734,0.27932960893854747,12.368347338935575
13930,10529,YX,264,11.877394636015326,1.1363636363636365,6.360153256704981
13930,10581,AA,40,35.0,0.0,46.95
13930,10581,MQ,167,13.17365269461078,0.0,7.837349397590361
13930,10581,OO,3,33.33333333333333,0.0,42.666666666666664
13930,10581,YX,335,17.065868263473057,0.29850746268656714,12.105105105105105
13930,10599,MQ,370,19.07356948228883,0.8108108108108109,10.136239782016348
13930,10599,OO,95,35.78947368421053,0.0,24.589473684210525
13930,10599,YX,150,7.38255033557047,0.6666666666666666,3.597315436241611
13930,10620,MQ,271,20.074349442379184,0.7380073800738007,14.07089552238806
13930,10620,OO,157,21.656050955414013,0.0,9.897435897435898
13930,10627,MQ,149,18.79194630872483,0.0,8.516778523489933
13930,10685,MQ,451,18.876404494382022,1.3303769401330376,9.366292134831461
13930,10693,AA,409,34.57711442786069,1.7114914425427872,43.015037593984964
13930,10693,F9,149,34.24657534246575,2.0134228187919465,27.616438356164384
13930,10693,MQ,342,18.694362017804153,1.4619883040935673,9.409495548961424
13930,10693,NK,42,35.714285714285715,0.0,58.73809523809524
13930,10693,OO,1356,35.04920514761544,2.5811209439528024,29.480243161094226
13930,10693,UA,1015,19.504950495049506,0.49261083743842365,13.41012909632572
13930,10693,WN,367,26.923076923076923,0.8174386920980926,17.255494505494507
13930,10693,YX,463,20.96069868995633,1.079913606911447,11.890590809628009
13930,10713,AA,86,23.25581395348837,0.0,17.86046511627907
13930,10713,MQ,62,14.516129032258066,0.0,5.016129032258065
13930,10713,OO,399,25.376884422110553,0.2506265664160401,19.474747474747474
13930,10713,UA,194,16.49484536082474,0.0,10.814432989690722
13930,10721,AA,1592,36.206896551724135,1.6331658291457287,25.83749200255918
13930,10721,B6,483,25.630252100840334,1.4492753623188406,28.625263157894736
13930,10721,DL,775,32.19895287958115,1.4193548387096775,27.0
13930,10721,MQ,434,13.225058004640372,0.6912442396313364,8.157772621809745
13930,10721,UA,2169,30.376219228982816,0.7376671277086215,23.014883720930232
13930,10721,YX,641,23.96825396825397,1.71606864274571,17.395866454689983
13930,10785,MQ,63,17.46031746031746,0.0,7.825396825396825
13930,10785,OO,268,47.509578544061306,2.611940298507463,63.85328185328186
13930,10785,UA,554,23.41197822141561,0.5415162454873647,18.485454545454544
13930,10785,YX,141,9.929078014184398,0.0,9.553191489361701
13930,10792,AA,243,45.14767932489451,2.4691358024691357,38.059322033898304
13930,10792,MQ,616,19.967266775777414,0.8116883116883117,12.570723684210526
13930,10792,OO,50,34.69387755102041,2.0,22.877551020408163
13930,10792,UA,650,23.493044822256568,0.46153846153846156,16.92105263157895
13930,10792,YX,215,17.452830188679243,1.3953488372093024,7.2843601895734595
13930,10821,AA,87,36.04651162790697,1.1494252873563218,26.96470588235294
13930,10821,F9,58,32.758620689655174,0.0,15.413793103448276
13930,10821,MQ,670,22.290076335877863,2.2388059701492535,13.181259600614439
13930,10821,NK,43,16.666666666666664,2.3255813953488373,9.785714285714286
13930,10821,OO,58,38.59649122807017,1.7241379310344827,31.545454545454547
13930,10821,UA,883,20.068415051311288,0.6795016987542469,13.935005701254276
13930,10821,WN,357,27.714285714285715,1.9607843137254901,23.945558739255013
13930,10821,YX,93,18.681318681318682,2.150537634408602,18.52747252747253
13930,10849,AA,352,30.39772727272727,0.0,20.492836676217767
13930,10849,MQ,28,53.57142857142857,0.0,17.464285714285715
13930,10849,OO,115,22.608695652173914,0.0,13.63716814159292
13930,10849,UA,506,25.301204819277107,1.5810276679841897,16.032128514056225
13930,10868,OO,192,24.479166666666664,0.0,16.146596858638745
13930,10874,OH,51,25.49019607843137,0.0,16.137254901960784
13930,10874,OO,1105,26.19485294117647,1.5384615384615385,22.065437788018432
13930,10980,OO,425,26.730310262529834,1.411764705882353,24.091346153846153
13930,10980,YX,52,39.21568627450981,1.9230769230769231,20.0
13930,10990,OO,728,25.694444444444443,1.098901098901099,15.48463687150838
13930,10990,YX,16,20.0,6.25,6.666666666666667
13930,10994,AA,48,22.916666666666664,0.0,23.8125
13930,10994,MQ,478,23.240938166311302,1.8828451882845187,12.290598290598291
13930,10994,UA,503,21.55688622754491,0.3976143141153082,14.866
13930,10994,YX,420,10.70559610705596,2.142857142857143,6.038929440389294
13930,11003,AA,1,0.0,0.0,0.0
13930,11003,MQ,928,22.975929978118163,1.5086206896551724,13.908991228070175
13930,11003,OO,535,27.13472485768501,1.4953271028037383,24.798861480075903
13930,11003,UA,335,37.99392097264438,1.791044776119403,31.603658536585368
13930,11003,YX,165,25.465838509316768,2.4242424242424243,12.745341614906833
13930,11013,OO,137,27.941176470588236,0.7299270072992701,17.77777777777778
13930,11042,AA,310,43.344709897610926,5.483870967741935,51.178082191780824
13930,11042,MQ,632,23.06451612903226,1.8987341772151898,14.909531502423263
13930,11042,OO,635,33.117932148626814,2.5196850393700787,26.328478964401295
13930,11042,UA,1811,22.135706340378196,0.7178354500276091,16.13904338153504
13930,11042,YX,403,16.25,0.7444168734491315,9.26
13930,11057,AA,2515,23.375050464271297,1.510934393638171,20.711111111111112
13930,11057,F9,97,31.958762886597935,0.0,33.618556701030926
13930,11057,UA,808,22.208436724565754,0.24752475247524752,14.766169154228855
13930,11057,YX,103,13.725490196078432,0.970873786407767,8.627450980392156
13930,11066,AA,83,46.913580246913575,2.4096385542168677,34.0
13930,11066,MQ,1137,27.50665483584738,0.8795074758135444,18.3114463176575
13930,11066,OH,33,28.125,3.0303030303030303,22.40625
13930,11066,OO,373,35.61643835616438,2.1447721179624666,31.084931506849315
13930,11066,UA,1006,25.0,0.5964214711729622,17.727
13930,11066,YX,1192,17.89652247667515,1.0906040268456376,12.869158878504672
13930,11067,MQ,723,26.40449438202247,1.5214384508990317,16.323488045007032
13930,11076,OO,675,30.214723926380366,3.4074074074074074,32.22826086956522
13930,11109,OO,518,30.46875,1.1583011583011582,17.75049115913556
13930,11109,UA,157,15.92356687898089,0.0,11.617834394904458
13930,11111,MQ,794,25.51546391752577,2.2670025188916876,15.934278350515465
13930,11111,OO,74,18.91891891891892,0.0,19.824324324324323
13930,11146,OO,842,27.744270205066346,1.5439429928741093,24.215066828675578
13930,11193,AA,68,41.7910447761194,1.4705882352941178,38.19402985074627
13930,11193,MQ,923,28.50877192982456,1.191765980498375,15.855263157894736
13930,11193,OO,383,28.306878306878307,1.3054830287206267,19.886243386243386
13930,11193,UA,870,26.187717265353417,0.8045977011494253,16.600231749710314
13930,11193,YX,1076,16.5406427221172,1.6728624535315986,11.62310606060606
13930,11203,MQ,573,22.711267605633804,0.8726003490401396,15.035335689045937
13930,11259,WN,813,20.771144278606965,1.1070110701107012,13.25251256281407
13930,11267,MQ,85,22.35294117647059,0.0,10.776470588235295
13930,11267,OH,407,39.24050632911392,2.9484029484029484,59.42784810126582
13930,11267,OO,674,22.55639097744361,1.3353115727002967,17.64812030075188
13930,11267,UA,38,10.526315789473683,0.0,10.710526315789474
13930,11267,YX,27,29.629629629629626,0.0,19.814814814814813
13930,11278,AA,2244,32.79295970356647,3.787878787878788,34.632586367880485
13930,11278,OO,51,34.69387755102041,3.9215686274509802,16.26530612244898
13930,11278,UA,3086,27.723097112860895,1.2313674659753726,20.897622192866578
13930,11278,YX,260,26.506024096385545,4.230769230769231,20.21285140562249
13930,11288,OO,522,20.116054158607348,0.9578544061302682,15.077519379844961
13930,11292,AA,1208,30.067001675041876,1.1589403973509933,26.750420168067226
13930,11292,F9,304,23.509933774834437,0.6578947368421053,46.61920529801324
13930,11292,MQ,1,0.0,0.0,0.0
13930,11292,UA,2983,22.21098752949107,0.5363727790814616,15.460081190798377
13930,11292,WN,935,21.228448275862068,0.7486631016042781,15.149946062567421
13930,11298,AA,3326,29.984496124031008,3.036680697534576,28.63960024984385
13930,11298,F9,299,33.10344827586207,3.0100334448160537,27.8125
13930,11298,MQ,103,37.0,2.912621359223301,25.393939393939394
13930,11298,NK,159,22.435897435897438,1.8867924528301887,17.136363636363637
13930,11298,OO,2,0.0,0.0,4.0
13930,11298,UA,1690,23.86904761904762,0.591715976331361,18.285542891421716
13930,11337,OO,931,30.217391304347824,1.1815252416756177,21.607650273224042
13930,11337,YX,16,20.0,6.25,5.8
13930,11423,AA,179,41.37931034482759,2.793296089385475,49.35632183908046
13930,11423,MQ,222,20.454545454545457,0.9009009009009009,9.60730593607306
13930,11423,OO,717,31.285714285714285,2.370990237099024,24.871244635193133
13930,11423,UA,790,24.296675191815854,1.0126582278481013,16.129487179487178
13930,11423,YX,509,17.670682730923694,2.161100196463654,13.537223340040242
13930,11433,AA,66,15.384615384615385,1.5151515151515151,15.4
13930,11433,DL,1467,20.781893004115226,0.6134969325153374,17.988340192043896
13930,11433,MQ,604,24.66216216216216,1.9867549668874172,14.565143824027073
13930,11433,OO,1539,25.510876730388926,1.4294996751137101,21.419248516809493
13930,11433,UA,590,23.760683760683758,0.847457627118644,15.825641025641026
13930,11433,YX,671,20.606060606060606,1.639344262295082,14.33939393939394
13930,11471,OO,522,29.239766081871345,1.7241379310344827,26.173828125
13930,11481,MQ,8,50.0,0.0,21.0
13930,11481,OO,44,23.25581395348837,2.272727272727273,18.674418604651162
13930,11481,UA,112,29.464285714285715,0.0,18.285714285714285
13930,11481,YX,96,10.416666666666668,0.0,6.347368421052631
13930,11503,AA,71,31.428571428571427,1.408450704225352,18.52173913043478
13930,11503,UA,179,23.463687150837988,0.0,18.370786516853933
13930,11540,AA,32,21.875,0.0,10.8125
13930,11540,MQ,275,21.16788321167883,0.36363636363636365,13.91941391941392
13930,11540,OO,237,34.63203463203463,2.5316455696202533,27.05217391304348
13930,11540,YX,95,14.893617021276595,1.0526315789473684,6.5
13930,11612,MQ,280,25.18248175182482,2.142857142857143,15.295620437956204
13930,11618,AA,448,50.580046403712295,3.794642857142857,42.09512761020882
13930,11618,MQ,776,28.416779431664413,4.768041237113402,19.817934782608695
13930,11618,NK,178,43.42857142857143,1.6853932584269662,43.668571428571425
13930,11618,UA,3482,32.083696599825636,1.1774842044801839,32.099301106581244
13930,11618,YX,73,31.428571428571427,4.109589041095891,15.764705882352942
13930,11624,MQ,161,25.157232704402517,1.2422360248447204,12.417721518987342
13930,11624,UA,128,24.21875,0.0,19.76984126984127
13930,11624,YX,30,23.333333333333332,0.0,9.566666666666666
13930,11630,UA,138,24.817518248175183,0.7246376811594203,12.883211678832117
13930,11637,MQ,813,23.449131513647643,0.8610086100861009,13.3055900621118
13930,11637,OO,999,27.070707070707073,0.9009009009009009,23.95744680851064
13930,11638,UA,184,47.25274725274725,1.0869565217391304,38.967032967032964
13930,11648,AA,215,34.27230046948357,0.9302325581395349,26.704225352112676
13930,11648,MQ,26,34.61538461538461,0.0,18.384615384615383
13930,11648,OO,111,33.64485981308411,3.6036036036036037,35.12380952380953
13930,11648,UA,163,11.042944785276074,0.0,5.852760736196319
13930,11697,AA,477,21.1864406779661,1.0482180293501049,19.53091684434968
13930,11697,NK,850,18.386714116251483,0.8235294117647058,13.433491686460808
13930,11697,UA,1015,17.490118577075098,0.29556650246305416,12.433399602385686
13930,11721,OO,1248,31.54034229828851,1.6826923076923077,28.578303425774877
13930,11725,OO,522,18.323586744639375,1.7241379310344827,12.18235294117647
13930,11775,MQ,270,22.932330827067666,1.4814814814814814,11.714285714285714
13930,11775,OO,764,33.64485981308411,1.963350785340314,27.66532797858099
13930,11775,UA,295,45.89041095890411,1.0169491525423728,34.78767123287671
13930,11775,YX,12,8.333333333333332,0.0,4.25
13930,11823,MQ,248,24.390243902439025,0.8064516129032258,17.296747967479675
13930,11823,OH,88,46.51162790697674,2.272727272727273,49.372093023255815
13930,11823,OO,1457,29.637377963737798,1.578586135895676,22.298392732354998
13930,11884,AA,165,25.609756097560975,0.6060606060606061,20.4390243902439
13930,11884,OO,251,24.0,0.398406374501992,16.116465863453815
13930,11884,UA,5,40.0,0.0,15.8
13930,11977,MQ,746,21.63265306122449,1.4745308310991958,12.809264305177111
13930,11977,OO,1055,29.230769230769234,1.4218009478672986,22.30057803468208
13930,11977,YX,91,6.593406593406594,0.0,10.901098901098901
13930,11986,AA,376,34.68834688346883,1.8617021276595744,27.45108695652174
13930,11986,MQ,513,21.653543307086615,0.9746588693957114,12.238658777120316
13930,11986,OO,706,29.57142857142857,0.8498583569405099,23.294706723891274
13930,11986,UA,628,29.85553772070626,0.7961783439490446,21.89710610932476
13930,11986,YX,679,10.549777117384844,0.8836524300441826,5.849925705794948
13930,11995,MQ,557,15.818181818181817,1.2567324955116697,10.34608378870674
13930,11995,OO,282,19.28571428571429,0.7092198581560284,10.175
13930,11995,YX,40,10.256410256410255,2.5,4.871794871794871
13930,11996,MQ,460,21.58590308370044,1.3043478260869565,11.635761589403973
13930,11996,OH,149,57.55395683453237,6.7114093959731544,64.20863309352518
13930,11996,OO,236,28.510638297872344,0.423728813559322,16.96595744680851
13930,11996,UA,54,40.74074074074074,0.0,46.388888888888886
13930,11996,YX,314,17.532467532467532,1.910828025477707,15.207792207792208
13930,12003,OO,13,7.6923076923076925,0.0,2.923076923076923
13930,12012,OO,7,28.57142857142857,0.0,7.428571428571429
13930,12094,MQ,56,33.92857142857143,0.0,13.87037037037037
13930,12094,UA,88,22.727272727272727,0.0,14.535714285714286
13930,12124,MQ,17,41.17647058823529,0.0,29.941176470588236
13930,12124,YX,20,10.0,0.0,5.85
13930,12173,AA,6,16.666666666666664,0.0,4.833333333333333
13930,12173,UA,359,15.363128491620111,0.2785515320334262,10.008379888268156
13930,12197,MQ,1108,20.3125,1.8050541516245486,12.407235621521336
13930,12206,OO,8,28.57142857142857,12.5,47.0
13930,12217,MQ,48,35.41666666666667,0.0,16.458333333333332
13930,12217,OO,893,31.101021566401815,1.343784994400896,28.26879271070615
13930,12250,YX,11,27.27272727272727,0.0,18.727272727272727
13930,12264,UA,1693,25.475059382422806,0.5316007088009451,18.482430017867777
13930,12266,AA,733,31.767955801104975,1.2278308321964528,27.781163434903046
13930,12266,F9,151,25.850340136054424,2.6490066225165565,29.156462585034014
13930,12266,MQ,126,26.400000000000002,0.7936507936507936,13.766129032258064
13930,12266,NK,403,33.92857142857143,2.729528535980149,29.506393861892583
13930,12266,OH,4,50.0,0.0,37.0
13930,12266,OO,1,0.0,0.0,6.0
13930,12266,UA,3147,21.79897567221511,0.73085478233238,14.47223113964687
13930,12266,YX,287,24.731182795698924,2.7874564459930316,17.86021505376344
13930,12278,MQ,300,23.79310344827586,3.3333333333333335,17.455172413793104
13930,12278,OO,1117,29.3369663941871,1.432408236347359,24.22971741112124
13930,12278,UA,267,43.56060606060606,1.1235955056179776,33.452471482889734
13930,12278,YX,3,33.33333333333333,0.0,8.666666666666666
13930,12280,OO,87,47.674418604651166,1.1494252873563218,28.75581395348837
13930,12323,AA,70,35.294117647058826,2.857142857142857,30.66176470588235
13930,12323,MQ,132,16.666666666666664,0.0,7.734848484848484
13930,12323,OO,82,21.951219512195124,0.0,19.358024691358025
13930,12323,YX,59,37.28813559322034,0.0,29.966101694915253
13930,12339,AA,290,32.028469750889684,3.103448275862069,25.95017793594306
13930,12339,MQ,619,19.444444444444446,1.1308562197092085,10.18954248366013
13930,12339,OO,230,17.410714285714285,2.608695652173913,13.838565022421525
13930,12339,UA,407,27.611940298507463,1.2285012285012284,19.698254364089774
13930,12339,YX,2470,17.275338530980715,1.3360323886639676,11.756568144499179
13930,12441,AA,355,30.140845070422532,0.0,34.72316384180791
13930,12441,OO,14,0.0,0.0,0.8571428571428571
13930,12441,UA,376,26.47058823529412,0.5319148936170213,16.986522911051214
13930,12451,AA,359,34.75783475783476,2.2284122562674096,34.686609686609685
13930,12451,MQ,240,19.148936170212767,2.0833333333333335,11.851063829787234
13930,12451,OO,140,13.66906474820144,0.7142857142857143,7.594202898550725
13930,12451,UA,671,26.61654135338346,0.8941877794336811,18.430722891566266
13930,12451,YX,56,23.214285714285715,0.0,8.875
13930,12478,AA,509,32.388663967611336,2.9469548133595285,37.99387755102041
13930,12478,B6,442,18.561484918793504,2.48868778280543,21.72325581395349
13930,12478,F9,16,37.5,0.0,33.5
13930,12478,OO,126,17.599999999999998,0.7936507936507936,12.648
13930,12478,YX,473,25.213675213675213,1.0570824524312896,21.75
13930,12511,OO,304,26.101694915254235,2.960526315789474,43.706896551724135
13930,12559,OO,304,30.87248322147651,1.9736842105263157,32.214285714285715
13930,12758,UA,16,12.5,0.0,3.125
13930,12878,OO,139,31.386861313868614,1.4388489208633093,29.226277372262775
13930,12884,MQ,621,23.452768729641694,1.1272141706924315,11.921824104234528
13930,12889,AA,1434,28.450704225352112,0.9762900976290098,19.291872791519435
13930,12889,F9,159,40.25974025974026,3.1446540880503147,44.4025974025974
13930,12889,NK,544,18.784530386740332,0.18382352941176472,13.19889502762431
13930,12889,UA,1901,17.898627243928196,0.3682272488164124,11.04870301746956
13930,12889,WN,494,19.51219512195122,0.4048582995951417,14.266260162601625
13930,12892,AA,2532,27.51704773365423,1.5402843601895735,20.9044560417503
13930,12892,F9,119,21.551724137931032,2.5210084033613445,14.02608695652174
13930,12892,NK,503,20.278330019880716,0.0,13.747514910536779
13930,12892,UA,2776,17.389732465654376,0.36023054755043227,12.933453887884268
13930,12945,MQ,198,24.489795918367346,1.0101010101010102,17.566326530612244
13930,12945,OO,1136,27.807486631016044,1.232394366197183,24.652096342551292
13930,12953,AA,2689,31.03448275862069,2.9378951283004833,27.182098765432098
13930,12953,DL,1809,26.360544217687078,2.487562189054726,28.941547277936962
13930,12953,NK,364,20.833333333333336,1.098901098901099,13.81232492997199
13930,12953,OO,213,21.256038647342994,2.816901408450704,14.019323671497585
13930,12953,UA,3856,27.685405120084454,1.737551867219917,22.911429329090428
13930,12953,YX,728,19.58041958041958,1.7857142857142858,13.67180925666199
13930,12992,MQ,664,24.427480916030532,1.355421686746988,14.315950920245399
13930,12992,OO,254,25.396825396825395,0.7874015748031497,14.693227091633466
13930,12992,YX,66,10.606060606060606,0.0,5.651515151515151
13930,13029,OO,997,25.0,0.9027081243731193,19.23780487804878
13930,13076,MQ,715,22.206506364922205,1.118881118881119,13.512747875354108
13930,13184,OO,905,27.901785714285715,0.994475138121547,20.789473684210527
13930,13198,AA,516,35.51587301587302,2.3255813953488373,32.93452380952381
13930,13198,MQ,645,22.641509433962266,1.3953488372093024,11.94015748031496
13930,13198,OO,348,21.574344023323615,1.4367816091954022,18.666666666666668
13930,13198,UA,1128,24.88849241748439,0.6205673758865248,17.301161751563896
13930,13198,YX,491,17.22689075630252,3.054989816700611,12.460084033613445
13930,13204,AA,1505,33.490248823133825,1.196013289036545,27.208672086720867
13930,13204,F9,295,28.08219178082192,1.0169491525423728,27.463917525773194
13930,13204,NK,575,19.089316987740805,0.6956521739130435,16.033333333333335
13930,13204,UA,1943,16.69250645994832,0.4117344312918168,11.723779854620975
13930,13204,WN,428,16.39344262295082,0.2336448598130841,9.213615023474178
13930,13211,OO,522,22.593320235756384,2.4904214559386975,13.353293413173652
13930,13230,MQ,473,22.483940042826553,1.2684989429175475,12.509635974304068
13930,13230,OO,183,30.555555555555557,1.639344262295082,17.005555555555556
13930,13230,UA,365,26.997245179063363,0.547945205479452,21.03581267217631
13930,13230,YX,145,16.666666666666664,0.6896551724137931,8.6875
13930,13244,AA,16,62.5,0.0,41.3125
13930,13244,MQ,767,23.482849604221638,1.1734028683181226,13.220607661822985
13930,13244,OO,539,21.641791044776117,0.5565862708719852,14.22429906542056
13930,13244,UA,304,31.333333333333336,1.3157894736842106,24.953333333333333
13930,13244,YX,208,20.975609756097562,1.4423076923076923,11.707317073170731
13930,13282,OO,304,34.8122866894198,3.6184210526315788,40.362369337979096
13930,13290,MQ,121,16.528925619834713,0.0,9.041322314049587
13930,13290,OO,235,43.47826086956522,2.127659574468085,42.969565217391306
13930,13296,MQ,453,20.71269487750557,0.8830022075055187,10.852678571428571
13930,13303,AA,2535,22.687400318979268,1.0650887573964498,15.777289084366254
13930,13303,NK,303,19.12751677852349,1.6501650165016502,13.68013468013468
13930,13303,UA,766,18.407310704960835,0.0,11.194225721784777
13930,13342,MQ,2,100.0,50.0,44.0
13930,13342,OO,3344,31.47640791476408,1.764354066985646,28.895426829268292
13930,13342,YX,71,11.267605633802818,0.0,11.943661971830986
13930,13367,MQ,419,28.710462287104622,1.909307875894988,16.89051094890511
13930,13367,OO,1081,25.633802816901408,1.4801110083256244,18.20394736842105
13930,13459,MQ,507,23.74245472837022,1.9723865877712032,22.338028169014084
13930,13485,MQ,801,22.929936305732486,1.9975031210986267,15.622929936305733
13930,13485,OH,25,44.0,0.0,82.92
13930,13485,OO,865,28.38785046728972,1.0404624277456647,22.930994152046782
13930,13485,UA,471,30.128205128205128,0.6369426751592356,19.33974358974359
13930,13485,YX,480,13.626834381551362,0.625,10.163522012578616
13930,13486,MQ,229,23.684210526315788,0.4366812227074236,16.29824561403509
13930,13486,OO,48,12.76595744680851,2.0833333333333335,10.106382978723405
13930,13486,UA,103,11.650485436893204,0.0,6.174757281553398
13930,13487,AA,349,32.17391304347826,1.146131805157593,28.261627906976745
13930,13487,DL,1568,26.568501920614594,0.3826530612244898,24.807568954457984
13930,13487,MQ,746,24.592391304347828,1.3404825737265416,14.521203830369357
13930,13487,OH,33,28.125,3.0303030303030303,21.34375
13930,13487,OO,104,20.192307692307693,0.0,18.240384615384617
13930,13487,UA,2017,26.192842942345923,0.2478929102627665,18.718407960199006
13930,13487,YX,405,24.43324937027708,1.9753086419753085,18.037783375314863
13930,13495,AA,313,27.974276527331188,0.6389776357827476,35.785714285714285
13930,13495,MQ,186,15.135135135135137,0.5376344086021505,9.232432432432432
13930,13495,NK,191,16.75392670157068,0.0,11.26842105263158
13930,13495,OO,64,17.1875,0.0,7.75
13930,13495,UA,726,22.56267409470752,1.1019283746556474,15.836820083682008
13930,13495,YX,222,21.12676056338028,4.054054054054054,10.84433962264151
13930,13502,OO,86,20.930232558139537,0.0,12.744186046511627
13930,13502,UA,6,0.0,0.0,4.166666666666667
13930,13541,MQ,11,54.54545454545454,0.0,22.90909090909091
13930,13577,AA,9,33.33333333333333,0.0,23.88888888888889
13930,13577,MQ,88,20.689655172413794,1.1363636363636365,11.310344827586206
13930,13577,NK,48,33.33333333333333,0.0,29.8125
13930,13577,OO,70,18.571428571428573,0.0,12.471428571428572
13930,13577,UA,104,29.807692307692307,0.0,16.298076923076923
13930,13577,YX,35,5.714285714285714,0.0,2.257142857142857
13930,13830,UA,125,18.4,0.0,18.192
13930,13851,MQ,305,22.591362126245848,1.3114754098360655,14.667785234899329
13930,13851,OO,1442,30.532212885154063,0.970873786407767,26.664556962025316
13930,13851,YX,280,13.553113553113553,2.5,9.867158671586715
13930,13871,AA,266,47.89272030651341,1.8796992481203008,29.957198443579767
13930,13871,MQ,415,24.449877750611247,1.4457831325301205,12.036674816625917
13930,13871,OO,349,30.973451327433626,2.865329512893983,30.38872403560831
13930,13871,UA,1037,23.980582524271846,0.6750241080038573,16.058309037900873
13930,13871,YX,269,20.37735849056604,1.486988847583643,13.403773584905661
13930,13891,UA,163,38.88888888888889,0.6134969325153374,25.882716049382715
13930,13931,MQ,218,15.492957746478872,2.293577981651376,8.746478873239436
13930,13931,OO,42,28.57142857142857,0.0,12.547619047619047
13930,13931,UA,564,23.92857142857143,0.7092198581560284,19.316636851520574
13930,13931,YX,385,26.57894736842105,1.2987012987012987,19.642105263157895
13930,14027,AA,556,28.000000000000004,1.079136690647482,21.92504570383912
13930,14027,F9,42,31.70731707317073,2.380952380952381,19.51219512195122
13930,14027,UA,351,17.663817663817664,0.0,12.797142857142857
13930,14057,AA,575,27.192982456140353,0.8695652173913043,19.424561403508772
13930,14057,AS,434,22.685185185185187,0.4608294930875576,11.560185185185185
13930,14057,UA,1176,19.165247018739354,0.17006802721088435,13.124467178175617
13930,14100,AA,2336,28.364752301622097,2.3544520547945207,29.43961352657005
13930,14100,F9,102,49.0,1.9607843137254901,69.14
13930,14100,NK,1,0.0,0.0,2.0
13930,14100,UA,1358,23.908216136195414,0.5154639175257731,18.433976261127597
13930,14100,YX,4,25.0,0.0,4.0
13930,14107,AA,2465,23.070607553366173,1.1764705882352942,19.07622579316028
13930,14107,F9,204,35.175879396984925,2.450980392156863,35.36363636363637
13930,14107,UA,1639,15.11627906976744,0.3050640634533252,8.144437615242778
13930,14107,WN,315,40.63492063492063,0.0,23.29299363057325
13930,14108,MQ,499,28.455284552845526,1.402805611222445,15.134146341463415
13930,14108,OO,1256,26.65589660743134,1.4331210191082802,22.16990291262136
13930,14108,YX,70,24.285714285714285,0.0,17.47142857142857
13930,14122,AA,237,42.173913043478265,2.9535864978902953,46.082608695652176
13930,14122,MQ,398,19.289340101522843,1.0050251256281406,10.220812182741117
13930,14122,OO,146,37.24137931034483,0.684931506849315,30.20689655172414
13930,14122,UA,1045,20.249520153550865,0.28708133971291866,13.99423076923077
13930,14122,YX,1216,15.684647302904564,0.9046052631578947,12.181063122923588
13930,14150,OO,253,27.380952380952383,0.3952569169960474,16.888446215139442
13930,14193,AA,18,38.88888888888889,0.0,47.77777777777778
13930,14193,MQ,9,11.11111111111111,0.0,2.0
13930,14193,NK,9,11.11111111111111,0.0,10.222222222222221
13930,14193,OO,4,25.0,0.0,12.75
13930,14193,UA,304,12.251655629139073,0.6578947368421053,9.609271523178808
13930,14262,AA,228,26.31578947368421,0.0,13.50438596491228
13930,14262,UA,254,15.748031496062993,0.0,13.606299212598426
13930,14307,AA,171,38.82352941176471,0.5847953216374269,32.28235294117647
13930,14307,MQ,81,27.500000000000004,1.2345679012345678,13.875
13930,14307,OO,418,25.48076923076923,0.4784688995215311,15.026506024096385
13930,14307,UA,62,17.741935483870968,0.0,9.548387096774194
13930,14307,YX,343,16.470588235294116,0.8746355685131195,10.050147492625369
13930,14321,MQ,61,13.114754098360656,0.0,7.081967213114754
13930,14321,OO,278,21.299638989169676,0.3597122302158273,12.420289855072463
13930,14321,UA,371,22.554347826086957,0.8086253369272237,14.182561307901908
13930,14321,YX,389,25.260416666666668,1.2853470437017995,17.515625
13930,14457,MQ,225,24.2152466367713,0.8888888888888888,13.297297297297296
13930,14457,OO,142,40.0,4.929577464788732,26.651851851851852
13930,14457,UA,184,10.92896174863388,0.5434782608695652,10.659340659340659
13930,14457,YX,31,9.67741935483871,0.0,10.483870967741936
13930,14492,AA,565,31.351351351351354,1.7699115044247788,24.679279279279278
13930,14492,F9,90,31.03448275862069,3.3333333333333335,44.54022988505747
13930,14492,MQ,411,20.8955223880597,2.18978102189781,11.728179551122194
13930,14492,OO,7,28.57142857142857,0.0,14.571428571428571
13930,14492,UA,1010,19.08548707753479,0.39603960396039606,13.468656716417911
13930,14492,YX,589,22.43150684931507,0.8488964346349746,14.517182130584192
13930,14520,OO,201,27.31958762886598,3.482587064676617,17.362694300518136
13930,14524,MQ,186,14.054054054054054,0.5376344086021505,5.864864864864865
13930,14524,OO,478,41.90064794816415,3.1380753138075312,39.71490280777538
13930,14524,UA,291,32.8719723183391,0.6872852233676976,23.802083333333332
13930,14524,YX,356,14.366197183098592,0.2808988764044944,10.0
13930,14570,UA,305,38.41059602649007,0.9836065573770492,27.223333333333333
13930,14574,OO,513,27.897838899803535,0.7797270955165692,19.149901380670613
13930,14574,YX,87,20.238095238095237,3.4482758620689653,17.416666666666668
13930,14576,MQ,775,18.904823989569753,1.032258064516129,10.996088657105606
13930,14576,OO,64,15.873015873015872,1.5625,11.253968253968255
13930,14576,UA,451,31.614349775784756,1.1086474501108647,19.37443946188341
13930,14576,YX,384,16.62269129287599,1.3020833333333333,11.843501326259947
13930,14633,MQ,87,13.953488372093023,1.1494252873563218,6.823529411764706
13930,14633,OO,564,36.983842010771994,1.2411347517730495,30.64388489208633
13930,14635,AA,706,20.487106017191977,1.13314447592068,14.882778581765557
13930,14635,F9,57,29.82456140350877,0.0,31.19298245614035
13930,14635,NK,324,20.87227414330218,0.9259259259259259,13.68125
13930,14635,UA,1231,15.052888527257933,0.16246953696181965,10.603096984515078
13930,14635,YX,1,100.0,0.0,100.0
13930,14679,AA,1144,27.55281690140845,0.6993006993006993,22.391150442477876
13930,14679,AS,80,23.376623376623375,3.75,18.63157894736842
13930,14679,F9,81,53.75,1.2345679012345678,52.4
13930,14679,UA,1417,19.477769936485533,0.0,13.63385269121813
13930,14683,AA,673,30.362537764350456,1.6344725111441307,23.583963691376702
13930,14683,MQ,32,37.5,0.0,20.1875
13930,14683,OO,119,17.796610169491526,0.8403361344537815,13.060344827586206
13930,14683,UA,645,21.37285491419657,0.6201550387596899,17.353125
13930,14683,YX,35,8.823529411764707,2.857142857142857,4.029411764705882
13930,14685,AA,157,30.718954248366014,2.5477707006369426,27.776315789473685
13930,14685,OO,210,28.640776699029125,1.9047619047619047,18.95609756097561
13930,14685,UA,442,16.099773242630384,0.22624434389140272,10.628117913832199
13930,14685,YX,221,14.351851851851851,2.262443438914027,8.981481481481481
13930,14696,OO,1893,30.241286863270776,1.479133650290544,27.561827956989248
13930,14696,UA,9,0.0,0.0,2.111111111111111
13930,14711,OO,348,19.533527696793,1.4367816091954022,14.404129793510325
13930,14711,YX,23,39.130434782608695,0.0,26.17391304347826
13930,14730,AA,5,40.0,0.0,42.2
13930,14730,MQ,555,16.970802919708028,1.2612612612612613,9.394881170018282
13930,14730,OO,465,26.75438596491228,1.935483870967742,21.197802197802197
13930,14730,UA,4,25.0,0.0,10.25
13930,14730,YX,1093,19.627906976744185,1.646843549862763,15.328358208955224
13930,14747,AA,981,26.136363636363637,1.325178389398573,20.932781799379523
13930,14747,AS,1581,29.283887468030688,1.075268817204301,17.883408071748878
13930,14747,DL,739,23.6734693877551,0.5412719891745602,18.37193460490463
13930,14747,UA,1335,21.337340345604808,0.299625468164794,13.659398496240602
13930,14771,AA,1370,27.420546932742056,1.2408759124087592,19.61111111111111
13930,14771,AS,214,32.22748815165877,1.4018691588785046,20.175355450236967
13930,14771,UA,2965,22.59271861177271,0.8768971332209107,15.382022471910112
13930,14783,MQ,767,25.853018372703414,0.651890482398957,15.527009222661396
13930,14783,OO,572,24.33392539964476,1.5734265734265733,18.835714285714285
13930,14831,UA,303,32.10702341137124,1.3201320132013201,26.748322147651006
13930,14843,AA,271,17.343173431734318,0.0,9.472118959107807
13930,14843,NK,308,20.915032679738562,0.6493506493506493,12.977124183006536
13930,14843,UA,502,20.916334661354583,0.0,12.411177644710579
13930,14869,AA,476,30.93220338983051,0.8403361344537815,20.34957627118644
13930,14869,DL,844,24.080664294187425,0.11848341232227488,23.2458432304038
13930,14869,F9,14,35.714285714285715,0.0,33.76923076923077
13930,14869,MQ,14,14.285714285714285,0.0,10.5
13930,14869,OO,387,36.787564766839374,0.25839793281653745,36.02077922077922
13930,14869,UA,912,24.91730981256891,0.5482456140350878,15.014348785871965
13930,14877,OO,305,28.093645484949832,1.9672131147540983,30.553691275167786
13930,14893,AA,215,24.299065420560748,0.46511627906976744,16.051643192488264
13930,14893,UA,823,24.908869987849332,0.0,17.132442284325638
13930,14908,AA,1063,19.33649289099526,0.7525870178739417,12.080076263107722
13930,14908,UA,868,21.10726643598616,0.1152073732718894,10.463157894736842
13930,14952,MQ,285,11.267605633802818,0.3508771929824561,5.985915492957746
13930,14952,OO,102,48.45360824742268,4.901960784313726,45.78350515463917
13930,14986,AA,87,23.52941176470588,2.2988505747126435,20.595238095238095
13930,14986,F9,43,30.952380952380953,2.3255813953488373,17.595238095238095
13930,14986,MQ,9,11.11111111111111,0.0,3.4444444444444446
13930,14986,OO,7,14.285714285714285,0.0,28.571428571428573
13930,14986,UA,470,15.991471215351813,0.2127659574468085,11.289079229122056
13930,14986,YX,7,14.285714285714285,0.0,4.571428571428571
13930,15016,AA,498,31.83673469387755,1.606425702811245,27.520408163265305
13930,15016,MQ,457,19.77777777777778,1.5317286652078774,10.195555555555556
13930,15016,OO,553,29.541284403669728,1.4466546112115732,22.85110294117647
13930,15016,UA,545,24.58410351201479,0.7339449541284404,18.651851851851852
13930,15016,YX,387,12.894736842105264,1.8087855297157622,7.61578947368421
13930,15024,AA,14,21.428571428571427,0.0,15.714285714285714
13930,15024,UA,81,12.658227848101266,2.4691358024691357,8.265822784810126
13930,15041,OO,129,28.125,0.7751937984496124,23.096774193548388
13930,15048,OO,304,32.996632996633,2.3026315789473686,33.111111111111114
13930,15096,AA,103,50.0,0.970873786407767,49.568627450980394
13930,15096,MQ,613,21.22719734660033,1.6313213703099512,11.279534109816971
13930,15096,OO,76,19.736842105263158,0.0,18.80263157894737
13930,15096,UA,433,28.074245939675173,0.4618937644341801,19.704651162790697
13930,15096,YX,457,17.37193763919822,1.75054704595186,10.748329621380845
13930,15304,AA,858,25.26439482961222,0.8158508158508159,16.60520094562648
13930,15304,F9,194,31.57894736842105,2.0618556701030926,26.666666666666668
13930,15304,NK,362,22.160664819944596,0.27624309392265195,22.382271468144044
13930,15304,UA,1166,16.13733905579399,0.08576329331046312,10.700516351118761
13930,15370,MQ,425,26.42857142857143,1.1764705882352942,17.37947494033413
13930,15370,OH,116,33.63636363636363,5.172413793103448,43.30909090909091
13930,15370,OO,692,25.181950509461426,0.7225433526011561,24.66861313868613
13930,15370,YX,312,21.172638436482085,1.6025641025641026,11.454248366013072
13930,15376,AA,507,29.94011976047904,1.183431952662722,23.628
13930,15376,MQ,3,66.66666666666666,0.0,21.333333333333332
13930,15376,OO,264,17.870722433460077,0.3787878787878788,11.095057034220533
13930,15376,UA,152,18.421052631578945,0.0,11.763157894736842
13930,15380,MQ,272,22.794117647058822,0.0,14.900369003690036
13930,15380,OH,76,26.666666666666668,1.3157894736842106,25.8
13930,15380,OO,838,39.804639804639805,2.2673031026252985,34.55921855921856
13930,15380,UA,396,36.31713554987212,1.2626262626262625,26.512820512820515
13930,15380,YX,242,16.80672268907563,1.6528925619834711,10.848101265822784
13930,15412,MQ,167,29.34131736526946,0.0,15.011976047904191
13930,15412,OH,402,38.97435897435898,2.985074626865672,59.04358974358974
13930,15412,OO,634,22.6984126984127,0.6309148264984227,15.131955484896661
13930,15412,UA,260,39.76377952755906,2.3076923076923075,33.05905511811024
13930,15412,YX,187,16.216216216216218,1.0695187165775402,10.562162162162162
13930,15624,AA,134,27.480916030534353,2.2388059701492535,23.022900763358777
13930,15624,MQ,39,12.82051282051282,0.0,5.256410256410256
13930,15624,YX,30,16.666666666666664,0.0,19.566666666666666
13930,15919,AA,64,31.746031746031743,1.5625,17.0327868852459
13930,15919,MQ,1074,24.62121212121212,1.675977653631285,16.265654648956357
13930,15919,OO,196,23.076923076923077,0.5102040816326531,15.297435897435898
13930,15919,UA,2,0.0,0.0,1.0
13930,15919,YX,92,23.076923076923077,1.0869565217391304,11.615384615384615
13931,10397,DL,2246,16.61399548532731,1.3802315227070348,14.481230212573497
13931,10397,F9,136,41.04477611940299,1.4705882352941178,38.35820895522388
13931,10693,WN,348,16.954022988505745,0.0,11.346820809248555
13931,10721,B6,179,42.69662921348314,0.5586592178770949,39.91573033707865
13931,10721,G4,24,33.33333333333333,0.0,21.25
13931,10721,NK,20,33.33333333333333,10.0,22.11111111111111
13931,10721,YX,185,13.586956521739129,0.5405405405405406,16.690217391304348
13931,10821,WN,1288,16.811365430149962,1.6304347826086956,11.972332015810277
13931,11057,AA,1126,17.040358744394617,0.9769094138543517,14.05560538116592
13931,11057,MQ,13,50.0,7.6923076923076925,38.916666666666664
13931,11057,OH,1060,17.846750727449077,2.7358490566037736,17.9252427184466
13931,11193,G4,21,50.0,4.761904761904762,82.2
13931,11259,WN,57,28.57142857142857,1.7543859649122806,16.089285714285715
13931,11278,MQ,5,40.0,0.0,25.8
13931,11278,OH,888,33.134684147795,5.518018018018018,29.532777115613825
13931,11278,YX,61,55.55555555555556,11.475409836065573,49.75925925925926
13931,11292,UA,307,18.360655737704917,0.6514657980456026,14.180327868852459
13931,11292,WN,272,26.838235294117645,0.0,14.81203007518797
13931,11298,AA,811,30.876747141041932,2.9593094944512948,33.358876117496806
13931,11298,F9,45,28.888888888888886,0.0,19.444444444444443
13931,11298,MQ,18,22.22222222222222,0.0,21.823529411764707
13931,11433,DL,266,17.424242424242426,0.7518796992481203,17.12878787878788
13931,11433,NK,62,21.311475409836063,1.6129032258064515,22.688524590163933
13931,11433,OO,277,20.146520146520146,1.444043321299639,19.28937728937729
13931,11433,YX,3,0.0,0.0,1.0
13931,11618,UA,300,11.643835616438356,2.6666666666666665,9.246575342465754
13931,11618,YX,207,33.85416666666667,7.246376811594203,34.723958333333336
13931,11697,G4,20,20.0,0.0,31.35
13931,11697,NK,258,19.68503937007874,1.550387596899225,13.854330708661417
13931,12264,UA,205,10.344827586206897,0.975609756097561,11.527093596059114
13931,12264,YX,269,13.793103448275861,2.973977695167286,9.684615384615384
13931,12266,UA,89,11.627906976744185,3.3707865168539324,6.627906976744186
13931,12451,G4,46,30.434782608695656,0.0,21.52173913043478
13931,12478,YX,582,15.846994535519126,5.670103092783505,14.517304189435338
13931,12953,NK,36,34.285714285714285,2.7777777777777777,30.2
13931,12953,YX,1155,20.12635379061372,4.06926406926407,15.69620253164557
13931,13204,F9,99,31.313131313131315,0.0,19.505050505050505
13931,13204,NK,255,19.841269841269842,1.1764705882352942,15.326693227091633
13931,13204,WN,319,24.842767295597483,0.31347962382445144,18.80952380952381
13931,13232,WN,497,17.813765182186234,0.6036217303822937,12.524291497975709
13931,13303,AA,305,11.784511784511785,2.622950819672131,12.488215488215488
13931,13303,MQ,34,21.21212121212121,2.9411764705882355,16.848484848484848
13931,13303,YX,13,23.076923076923077,0.0,27.076923076923077
13931,13487,OO,32,28.125,0.0,23.90625
13931,13930,MQ,218,17.75700934579439,1.834862385321101,11.267605633802816
13931,13930,OO,43,13.953488372093023,0.0,12.395348837209303
13931,13930,UA,564,26.29695885509839,0.8865248226950354,20.120071684587813
13931,13930,YX,386,23.28042328042328,2.0725388601036268,14.99468085106383
13931,14100,OH,747,26.575342465753426,2.2757697456492636,29.20576131687243
13931,14100,YX,91,42.69662921348314,2.197802197802198,17.1123595505618
13931,14112,G4,20,85.0,0.0,71.0
13931,14761,G4,54,57.692307692307686,3.7037037037037037,42.65384615384615
13931,15016,WN,17,0.0,0.0,0.0
13933,11697,B6,260,26.294820717131472,3.4615384615384617,27.396
13933,12478,YX,185,19.88950276243094,2.1621621621621623,15.011049723756907
13933,13204,B6,300,24.579124579124578,1.0,28.075342465753426
13933,14635,B6,90,32.55813953488372,4.444444444444445,29.802325581395348
13964,11292,OO,157,30.573248407643312,0.0,30.861842105263158
13964,14771,OO,266,16.666666666666664,0.7518796992481203,17.806818181818183
13970,10299,AS,307,10.238907849829351,4.5602605863192185,6.337883959044369
14004,11292,F9,44,25.0,0.0,15.181818181818182
14004,12173,AS,111,11.711711711711711,0.0,6.926605504587156
14004,12889,AS,188,22.459893048128343,0.5319148936170213,13.51336898395722
14004,12889,F9,44,41.86046511627907,2.272727272727273,33.16279069767442
14004,14107,AS,474,10.53763440860215,1.8987341772151898,7.255411255411255
14004,14107,F9,38,26.31578947368421,0.0,63.23684210526316
14025,11697,G4,122,24.793388429752067,0.819672131147541,35.17355371900826
14025,13577,G4,32,20.689655172413794,9.375,7.586206896551724
14025,14082,G4,46,15.217391304347828,0.0,12.91304347826087
14025,14112,G4,91,21.978021978021978,0.0,18.296703296703296
14025,14761,G4,131,30.23255813953488,1.5267175572519085,37.13178294573643
14025,14986,G4,37,26.47058823529412,8.108108108108109,42.205882352941174
14027,10158,NK,319,15.50632911392405,0.9404388714733543,12.168253968253968
14027,10397,DL,3121,18.225963094852705,1.0253123998718359,12.115584415584415
14027,10397,F9,40,67.5,0.0,55.225
14027,10397,WN,59,10.714285714285714,5.084745762711864,9.125
14027,10431,G4,141,26.95035460992908,0.0,22.609929078014183
14027,10529,B6,476,19.279661016949152,0.8403361344537815,14.883474576271187
14027,10693,WN,240,26.25,0.0,16.76793248945148
14027,10721,AA,6,0.0,16.666666666666668,0.0
14027,10721,B6,1306,29.049844236760126,1.6845329249617151,23.31796875
14027,10721,DL,493,33.88429752066116,1.8255578093306288,33.40372670807454
14027,10792,B6,50,10.0,0.0,6.66
14027,10792,WN,8,25.0,0.0,13.0
14027,10821,NK,1,0.0,0.0,1.0
14027,10821,WN,1061,16.840113528855248,0.3770028275212064,13.65019011406844
14027,11042,F9,32,22.58064516129032,3.125,26.35483870967742
14027,11057,AA,1634,16.181029138251706,1.285189718482252,13.691687344913152
14027,11193,F9,10,10.0,0.0,8.4
14027,11193,G4,65,50.0,1.5384615384615385,42.859375
14027,11278,AA,667,29.096477794793262,2.098950524737631,35.91770186335404
14027,11278,B6,568,33.631484794275494,1.5845070422535212,25.567811934900543
14027,11278,MQ,9,22.22222222222222,0.0,12.11111111111111
14027,11278,OH,20,16.666666666666664,10.0,27.666666666666668
14027,11278,YX,117,15.04424778761062,3.4188034188034186,10.29203539823009
14027,11292,UA,86,30.58823529411765,1.1627906976744187,28.388235294117646
14027,11298,AA,900,32.379862700228834,2.888888888888889,30.14729574223245
14027,11433,DL,394,23.72448979591837,0.5076142131979695,17.028132992327365
14027,11618,B6,637,36.05769230769231,2.0408163265306123,33.6839546191248
14027,11618,UA,2124,30.153403643336528,1.7890772128060264,35.03464870067373
14027,11986,G4,47,14.893617021276595,0.0,17.595744680851062
14027,12197,B6,1323,21.3302752293578,1.1337868480725624,17.31941221964424
14027,12264,UA,12,16.666666666666664,0.0,44.583333333333336
14027,12264,YX,52,15.384615384615385,0.0,8.038461538461538
14027,12266,OO,11,45.45454545454545,0.0,41.72727272727273
14027,12266,UA,231,26.521739130434785,0.4329004329004329,20.786956521739132
14027,12339,G4,16,31.25,0.0,32.1875
14027,12391,B6,285,20.350877192982455,0.0,11.720848056537102
14027,12391,F9,147,35.172413793103445,1.3605442176870748,37.02777777777778
14027,12391,WN,605,23.305785123966942,0.0,16.95190713101161
14027,12478,B6,1169,23.41166231505657,1.7108639863130881,18.206625980819528
14027,12478,DL,608,35.97972972972973,2.6315789473684212,37.9864406779661
14027,12892,B6,125,18.4,0.0,14.888
14027,12953,AA,246,23.456790123456788,1.2195121951219512,27.202479338842974
14027,12953,B6,767,25.299600532623167,2.0860495436766624,19.94489247311828
14027,12953,DL,1292,25.712025316455694,2.1671826625387,19.76671974522293
14027,12953,NK,20,25.0,0.0,20.95
14027,12953,YX,94,42.04545454545455,6.382978723404255,49.96590909090909
14027,13204,WN,174,15.028901734104046,0.5747126436781609,10.976878612716764
14027,13487,DL,93,25.0,1.075268817204301,12.869565217391305
14027,13930,AA,557,34.30127041742287,1.0771992818671454,31.375912408759124
14027,13930,F9,42,36.58536585365854,2.380952380952381,28.634146341463413
14027,13930,UA,352,24.147727272727273,0.0,18.715099715099715
14027,14100,AA,1071,24.666666666666668,1.9607843137254901,30.996172248803827
14027,14100,F9,279,30.545454545454547,1.4336917562724014,39.087272727272726
14027,14100,OH,7,33.33333333333333,14.285714285714286,22.333333333333332
14027,14100,YX,1,0.0,0.0,13.0
14027,14122,G4,104,28.155339805825243,0.9615384615384616,19.281553398058254
14027,14307,B6,368,14.794520547945206,0.8152173913043478,11.395604395604396
14027,14307,WN,17,11.76470588235294,0.0,16.11764705882353
14027,15016,WN,33,21.21212121212121,0.0,16.181818181818183
14027,15356,F9,75,42.66666666666667,0.0,22.933333333333334
14057,10140,AS,7,0.0,0.0,3.7142857142857144
14057,10299,AS,684,23.75366568914956,0.29239766081871343,11.68475073313783
14057,10397,AS,232,42.241379310344826,0.0,16.629310344827587
14057,10397,DL,1092,11.40754369825207,0.45787545787545786,8.363552266419982
14057,10408,G4,46,28.26086956521739,0.0,18.488888888888887
14057,10423,AS,432,21.07728337236534,1.1574074074074074,10.45774647887324
14057,10466,G4,52,13.461538461538462,0.0,16.03921568627451
14057,10693,AS,303,16.27906976744186,0.6600660066006601,8.514950166112957
14057,10693,WN,9,33.33333333333333,0.0,24.0
14057,10713,AS,257,14.84375,0.38910505836575876,6.65234375
14057,10713,OO,579,12.824956672443674,0.3454231433506045,7.993067590987868
14057,10721,AS,418,20.192307692307693,0.4784688995215311,9.108433734939759
14057,10721,B6,126,41.6,0.7936507936507936,34.232
14057,10800,AS,713,15.789473684210526,1.402524544179523,8.135135135135135
14057,10800,WN,3,66.66666666666666,0.0,36.666666666666664
14057,10821,WN,119,20.168067226890756,0.0,9.067226890756302
14057,10849,OO,73,8.333333333333332,1.36986301369863,6.555555555555555
14057,11057,AA,329,12.883435582822086,0.9118541033434651,8.975460122699387
14057,11193,G4,44,52.27272727272727,0.0,34.15909090909091
14057,11259,WN,122,34.42622950819672,0.0,15.165289256198347
14057,11278,AS,304,20.723684210526315,0.0,12.013377926421406
14057,11292,AS,426,29.28571428571429,1.408450704225352,19.849282296650717
14057,11292,F9,392,26.873385012919897,1.2755102040816326,17.31782945736434
14057,11292,OO,7,42.857142857142854,0.0,18.428571428571427
14057,11292,UA,1592,12.791430371770637,0.314070351758794,9.084022915340547
14057,11292,WN,1375,28.11361981063365,0.14545454545454545,16.620234604105573
14057,11298,AA,1564,22.759973839110533,2.237851662404092,21.812376563528638
14057,11298,AS,446,23.30316742081448,0.8968609865470852,11.829157175398633
14057,11298,F9,8,0.0,12.5,0.0
14057,11423,G4,56,19.642857142857142,0.0,29.428571428571427
14057,11433,DL,299,20.469798657718123,0.33444816053511706,10.845637583892618
14057,11603,OO,191,7.368421052631578,0.5235602094240838,6.110526315789474
14057,11618,AS,258,29.64426877470356,1.937984496124031,31.0
14057,11618,UA,426,17.96690307328605,0.704225352112676,12.85952380952381
14057,11638,G4,24,16.666666666666664,0.0,9.208333333333334
14057,11638,OO,622,14.35483870967742,0.3215434083601286,10.040322580645162
14057,11697,AS,35,17.647058823529413,2.857142857142857,4.529411764705882
14057,11721,G4,30,13.333333333333334,0.0,5.366666666666666
14057,11884,AS,255,20.078740157480315,0.39215686274509803,10.275590551181102
14057,11884,OO,345,11.918604651162791,0.2898550724637681,6.453488372093023
14057,11986,G4,36,22.22222222222222,0.0,38.52777777777778
14057,12173,AS,162,20.37037037037037,0.0,7.99375
14057,12173,HA,533,38.34586466165413,0.18761726078799248,31.451977401129945
14057,12264,UA,247,13.877551020408163,0.8097165991902834,13.14344262295082
14057,12266,AS,170,25.0,1.1764705882352942,14.562874251497005
14057,12266,UA,729,13.055555555555557,1.2345679012345678,10.409470752089137
14057,12280,G4,64,20.3125,0.0,39.6031746031746
14057,12339,G4,30,36.666666666666664,0.0,26.566666666666666
14057,12478,AS,304,16.0,1.3157894736842106,7.47986577181208
14057,12478,DL,482,19.95798319327731,1.2448132780082988,13.66384778012685
14057,12758,AS,282,13.120567375886525,0.0,7.786476868327402
14057,12889,AS,1217,16.832504145936984,0.903861955628595,10.701827242524917
14057,12889,F9,161,26.25,0.6211180124223602,19.65
14057,12889,NK,498,11.895161290322582,0.40160642570281124,9.658585858585859
14057,12889,OO,5,0.0,0.0,0.6
14057,12889,WN,1004,16.94915254237288,0.099601593625498,10.398601398601398
14057,12892,AS,1720,13.164108618654074,1.5116279069767442,8.00767414403778
14057,12892,DL,1397,6.9784172661870505,0.5010737294201861,6.424766018718502
14057,12892,F9,227,16.818181818181817,3.0837004405286343,12.127272727272727
14057,12892,OO,514,14.42495126705653,0.19455252918287938,15.45224171539961
14057,12982,AS,79,8.974358974358974,1.2658227848101267,4.435897435897436
14057,13198,AS,73,21.91780821917808,0.0,10.301369863013699
14057,13198,WN,33,9.090909090909092,0.0,3.484848484848485
14057,13204,AS,308,24.91803278688525,0.974025974025974,12.526490066225165
14057,13232,WN,537,12.87313432835821,0.186219739292365,6.4232209737827715
14057,13264,OO,26,19.230769230769234,0.0,6.6
14057,13303,AA,145,13.793103448275861,0.0,7.1875
14057,13303,AS,111,16.363636363636363,0.9009009009009009,10.445454545454545
14057,13487,AS,24,0.0,0.0,3.625
14057,13487,DL,1116,9.147982062780269,0.08960573476702509,7.740341419586702
14057,13495,AS,129,7.142857142857142,2.3255813953488373,7.256
14057,13796,WN,1106,21.052631578947366,0.3616636528028933,12.0708446866485
14057,13830,AS,445,7.709750566893423,0.898876404494382,4.627272727272727
14057,13830,HA,162,17.391304347826086,0.6172839506172839,17.937888198757765
14057,13891,AS,129,10.4,3.10077519379845,5.48
14057,13891,F9,115,18.26086956521739,0.0,12.347826086956522
14057,13891,OO,194,11.518324607329843,1.5463917525773196,6.605263157894737
14057,13891,WN,1,0.0,0.0,0.0
14057,13930,AA,575,28.947368421052634,0.8695652173913043,27.23936170212766
14057,13930,AS,436,29.42528735632184,0.22935779816513763,12.105747126436782
14057,13930,UA,1174,18.733960650128314,0.42589437819420783,11.64974182444062
14057,14100,AA,89,15.294117647058824,4.49438202247191,6.976470588235294
14057,14107,AA,901,15.066964285714285,0.5549389567147613,14.06599552572707
14057,14107,AS,1097,17.09558823529412,0.8204193254329991,9.163133640552996
14057,14107,F9,128,15.32258064516129,3.125,22.203252032520325
14057,14107,MQ,16,25.0,0.0,13.1875
14057,14107,OO,3,0.0,0.0,3.3333333333333335
14057,14107,WN,1089,21.2707182320442,0.27548209366391185,12.019408502772643
14057,14262,AS,297,11.486486486486488,0.3367003367003367,5.695945945945946
14057,14262,OO,298,22.372881355932204,1.0067114093959733,13.547945205479452
14057,14314,G4,98,21.428571428571427,0.0,59.84375
14057,14489,OO,115,22.608695652173914,0.0,12.6
14057,14570,OO,203,13.30049261083744,0.0,7.914141414141414
14057,14679,AS,1330,17.9467680608365,1.1278195488721805,10.151676829268293
14057,14679,OO,28,3.571428571428571,0.0,3.2857142857142856
14057,14679,WN,23,26.08695652173913,0.0,13.347826086956522
14057,14689,OO,28,48.148148148148145,3.5714285714285716,32.03703703703704
14057,14698,OO,105,13.461538461538462,0.9523809523809523,10.85576923076923
14057,14747,AS,906,21.714922048997774,0.8830022075055187,11.344097995545656
14057,14747,DL,293,7.508532423208192,0.0,4.332191780821918
14057,14747,OO,2978,16.734006734006734,0.2686366689053056,9.993602693602694
14057,14771,AS,1001,21.385542168674696,0.4995004995004995,11.887550200803213
14057,14771,F9,46,17.77777777777778,2.1739130434782608,16.933333333333334
14057,14771,OO,553,13.636363636363635,0.5424954792043399,8.721311475409836
14057,14771,UA,1419,20.127118644067796,0.21141649048625794,12.63629943502825
14057,14831,AS,5,0.0,0.0,0.0
14057,14831,OO,455,12.967032967032969,0.0,7.215859030837004
14057,14831,WN,927,20.17353579175705,0.5393743257820928,11.850325379609545
14057,14869,DL,1417,9.752650176678445,0.14114326040931546,6.725601131541725
14057,14869,F9,57,40.35087719298245,0.0,28.333333333333332
14057,14869,OO,601,14.691151919866444,0.33277870216306155,8.268781302170284
14057,14893,AS,27,0.0,3.7037037037037037,0.5
14057,14893,OO,576,16.72473867595819,0.3472222222222222,11.717770034843205
14057,14893,WN,1069,17.636022514071296,0.2806361085126286,10.243192488262912
14057,14908,AS,1233,9.375,1.37875101378751,5.051112943116241
14057,15016,WN,34,23.52941176470588,0.0,8.058823529411764
14057,15023,OO,363,20.9366391184573,0.0,10.73611111111111
14057,15304,AS,16,25.0,0.0,12.125
14057,15376,OO,240,18.067226890756302,0.8333333333333334,9.289915966386555
14082,10135,G4,216,25.581395348837212,0.46296296296296297,18.995348837209303
14082,10257,G4,131,25.190839694656486,0.0,19.48854961832061
14082,10408,G4,206,17.647058823529413,0.970873786407767,14.284313725490197
14082,10431,G4,188,28.191489361702125,0.0,20.668449197860962
14082,10581,G4,78,7.6923076923076925,0.0,3.7435897435897436
14082,10676,G4,193,19.170984455958546,0.0,13.83419689119171
14082,10693,G4,103,23.300970873786408,0.0,27.941747572815533
14082,10874,G4,121,20.833333333333336,0.8264462809917356,26.775
14082,10980,G4,35,14.705882352941178,2.857142857142857,12.705882352941176
14082,11003,G4,187,11.229946524064172,0.0,9.967914438502675
14082,11193,G4,308,23.7012987012987,0.0,18.31168831168831
14082,11267,G4,77,23.376623376623375,0.0,14.558441558441558
14082,11423,G4,182,18.784530386740332,0.5494505494505495,12.613259668508288
14082,11537,G4,47,10.638297872340425,0.0,5.382978723404255
14082,11721,G4,270,26.666666666666668,0.0,20.33703703703704
14082,11775,G4,33,3.0303030303030303,0.0,1.2121212121212122
14082,11823,G4,189,16.93121693121693,0.0,10.931216931216932
14082,11986,G4,292,19.863013698630137,0.0,12.996575342465754
14082,12223,G4,24,66.66666666666666,0.0,47.08695652173913
14082,12264,G4,65,4.615384615384616,0.0,4.384615384615385
14082,12265,G4,171,14.792899408284024,1.1695906432748537,16.224852071005916
14082,12339,G4,226,33.77777777777778,0.4424778761061947,23.379464285714285
14082,12544,G4,102,18.81188118811881,0.9803921568627451,13.356435643564357
14082,12917,G4,159,25.78616352201258,0.0,16.628930817610062
14082,12945,G4,146,29.166666666666668,1.36986301369863,22.265734265734267
14082,13198,G4,76,14.473684210526317,0.0,12.605263157894736
14082,13230,G4,129,11.71875,0.7751937984496124,7.9140625
14082,13232,G4,86,17.441860465116278,0.0,13.488372093023257
14082,13367,G4,80,17.5,0.0,10.575
14082,13487,G4,38,23.684210526315788,0.0,9.710526315789474
14082,13871,G4,75,9.333333333333334,0.0,5.346666666666667
14082,14025,G4,46,2.1739130434782608,0.0,2.9347826086956523
14082,14108,G4,174,15.517241379310345,0.0,10.114942528735632
14082,14122,G4,148,32.6530612244898,0.6756756756756757,19.802721088435373
14082,14259,G4,215,7.441860465116279,0.0,5.808411214953271
14082,14307,G4,163,14.814814814814813,0.6134969325153374,9.320987654320987
14082,14512,G4,180,10.0,0.0,7.4804469273743015
14082,14524,G4,22,0.0,0.0,0.0
14082,14576,G4,47,25.53191489361702,0.0,19.46808510638298
14082,14685,G4,32,16.129032258064516,3.125,11.35483870967742
14082,14696,G4,198,21.21212121212121,0.0,15.543147208121827
14082,14730,G4,98,14.583333333333334,2.0408163265306123,13.589473684210526
14082,14783,G4,89,16.853932584269664,0.0,10.235294117647058
14082,14952,G4,99,17.17171717171717,0.0,15.242424242424242
14082,15008,G4,32,3.125,0.0,1.53125
14082,15070,G4,102,9.900990099009901,0.9803921568627451,7.099009900990099
14082,15096,G4,80,22.5,0.0,20.7
14082,15295,G4,102,13.0,1.9607843137254901,7.48
14082,15380,G4,55,14.545454545454545,0.0,9.327272727272728
14082,15412,G4,175,29.88505747126437,0.5714285714285714,31.580459770114942
14100,10140,AA,6,16.666666666666664,0.0,7.833333333333333
14100,10154,YX,83,19.51219512195122,1.2048192771084338,16.51219512195122
14100,10208,OH,4,50.0,0.0,33.75
14100,10208,YX,9,44.44444444444444,0.0,11.0
14100,10397,AA,406,35.175879396984925,1.9704433497536946,26.598484848484848
14100,10397,DL,2472,18.03680981595092,1.0922330097087378,14.119721197211971
14100,10397,F9,713,38.1635581061693,2.244039270687237,33.45179856115108
14100,10397,NK,233,38.32599118942731,2.575107296137339,27.568281938325992
14100,10397,OH,668,24.96124031007752,3.44311377245509,22.278382581648522
14100,10397,WN,103,19.607843137254903,0.970873786407767,14.264705882352942
14100,10397,YX,122,10.92436974789916,2.459016393442623,10.915966386554622
14100,10423,AA,882,24.59584295612009,1.8140589569160999,21.83526682134571
14100,10423,F9,57,23.636363636363637,3.508771929824561,21.4
14100,10431,OH,1,100.0,0.0,19.0
14100,10529,AA,291,36.84210526315789,2.0618556701030926,33.86971830985915
14100,10529,OH,216,29.245283018867923,1.8518518518518519,24.15566037735849
14100,10529,YX,37,13.513513513513514,0.0,5.297297297297297
14100,10581,AA,291,30.313588850174217,1.3745704467353952,24.52097902097902
14100,10581,OH,172,19.51219512195122,4.651162790697675,14.171779141104295
14100,10581,YX,20,21.052631578947366,5.0,21.68421052631579
14100,10599,AA,2,100.0,0.0,24.5
14100,10599,OH,435,24.105011933174225,3.67816091954023,23.245192307692307
14100,10599,YX,28,17.857142857142858,0.0,10.964285714285714
14100,10693,AA,886,29.73593570608496,1.693002257336343,24.841013824884794
14100,10693,F9,128,27.200000000000003,2.34375,18.556451612903224
14100,10693,NK,156,20.12987012987013,1.2820512820512822,15.233766233766234
14100,10693,OH,198,41.75824175824176,8.080808080808081,38.42307692307692
14100,10693,WN,674,19.850746268656717,0.5934718100890207,14.814648729446935
14100,10693,YX,219,13.953488372093023,1.82648401826484,7.737089201877934
14100,10721,AA,1940,29.03225806451613,2.5257731958762886,24.04706504494976
14100,10721,B6,793,27.599486521181,1.7654476670870114,21.768637532133678
14100,10721,F9,126,22.950819672131146,3.1746031746031744,14.90983606557377
14100,10721,YX,1388,23.806024981631154,1.9452449567723342,17.991911764705883
14100,10785,AA,220,23.394495412844037,0.9090909090909091,20.419354838709676
14100,10785,OH,426,24.623115577889447,6.572769953051643,28.376262626262626
14100,10785,YX,211,17.22488038277512,0.9478672985781991,12.711538461538462
14100,10792,AA,8,50.0,0.0,18.25
14100,10792,OH,151,39.436619718309856,5.960264900662252,40.780141843971634
14100,10792,YX,9,0.0,0.0,0.0
14100,10994,AA,837,24.327628361858192,2.270011947431302,17.725490196078432
14100,10994,F9,84,16.049382716049383,3.5714285714285716,13.654320987654321
14100,10994,OH,154,22.2972972972973,3.896103896103896,17.64864864864865
14100,10994,YX,169,20.606060606060606,2.366863905325444,11.866666666666667
14100,11003,AA,1,0.0,0.0,5.0
14100,11042,AA,211,34.5,5.213270142180095,31.86934673366834
14100,11042,F9,43,13.953488372093023,0.0,10.418604651162791
14100,11042,OH,310,33.557046979865774,3.870967741935484,40.11409395973154
14100,11042,YX,282,23.18840579710145,2.127659574468085,13.329710144927537
14100,11057,AA,2501,22.081632653061227,2.0391843262694924,21.1638741315897
14100,11057,F9,462,26.813186813186814,1.5151515151515151,21.417582417582416
14100,11057,NK,69,33.33333333333333,0.0,30.28985507246377
14100,11057,OH,4,0.0,0.0,5.25
14100,11066,AA,419,31.75,4.534606205250597,29.215538847117795
14100,11066,OH,290,20.357142857142858,3.4482758620689653,14.275985663082437
14100,11066,YX,443,19.302325581395348,2.9345372460496613,16.155813953488373
14100,11193,AA,63,14.516129032258066,1.5873015873015872,13.048387096774194
14100,11193,OH,728,35.552407932011334,3.021978021978022,33.32954545454545
14100,11193,YX,64,9.375,0.0,7.4375
14100,11259,WN,184,30.05464480874317,0.5434782608695652,15.283333333333333
14100,11267,OH,203,28.426395939086298,2.955665024630542,23.989795918367346
14100,11278,AA,4,50.0,0.0,51.25
14100,11278,OH,413,30.78817733990148,1.694915254237288,34.967901234567904
14100,11278,YX,510,18.8911704312115,4.509803921568627,11.218106995884774
14100,11292,AA,734,27.871148459383754,2.7247956403269753,20.610644257703083
14100,11292,F9,275,27.472527472527474,0.7272727272727273,27.945054945054945
14100,11292,UA,812,16.87344913151365,0.7389162561576355,20.809284818067756
14100,11292,WN,740,24.592391304347828,0.5405405405405406,17.789256198347108
14100,11298,AA,2570,26.09569762766385,3.2295719844357977,21.609241994325092
14100,11298,F9,185,33.5195530726257,3.2432432432432434,33.435754189944134
14100,11298,NK,2,50.0,0.0,19.0
14100,11423,OH,262,28.85375494071146,3.435114503816794,29.48221343873518
14100,11423,YX,33,12.121212121212121,0.0,5.121212121212121
14100,11433,AA,317,24.03846153846154,1.5772870662460567,18.588424437299036
14100,11433,DL,1241,16.463909164639094,0.6446414182111201,16.93998377939984
14100,11433,F9,24,20.833333333333336,0.0,7.416666666666667
14100,11433,NK,229,14.15929203539823,1.3100436681222707,10.504424778761061
14100,11433,OH,401,26.203208556149733,6.733167082294265,19.823529411764707
14100,11433,OO,88,26.136363636363637,0.0,18.386363636363637
14100,11433,YX,115,25.892857142857146,2.608695652173913,28.357142857142858
14100,11481,OH,90,32.94117647058823,5.555555555555555,25.176470588235293
14100,11624,AA,270,19.029850746268657,0.7407407407407407,16.685393258426966
14100,11624,YX,154,13.071895424836603,0.6493506493506493,6.066225165562914
14100,11697,AA,1036,27.13864306784661,1.833976833976834,21.556762092793683
14100,11697,B6,228,24.778761061946902,0.8771929824561403,22.345291479820627
14100,11697,F9,323,23.125,0.9287925696594427,22.270440251572328
14100,11697,NK,670,25.90909090909091,1.492537313432836,20.41704718417047
14100,11986,OH,127,23.52941176470588,6.299212598425197,30.33613445378151
14100,11986,YX,38,10.81081081081081,2.6315789473684212,11.783783783783784
14100,11995,OH,95,30.434782608695656,3.1578947368421053,35.06521739130435
14100,11995,YX,43,28.57142857142857,2.3255813953488373,17.285714285714285
14100,11996,OH,415,31.11111111111111,2.4096385542168677,30.881481481481483
14100,12124,YX,108,18.69158878504673,0.9259259259259259,9.427184466019417
14100,12250,YX,76,18.421052631578945,0.0,15.355263157894736
14100,12264,UA,4,25.0,0.0,8.75
14100,12264,YX,18,38.88888888888889,0.0,15.38888888888889
14100,12266,AA,487,36.016949152542374,3.080082135523614,29.94468085106383
14100,12266,NK,89,42.35294117647059,4.49438202247191,48.32941176470588
14100,12266,OH,140,25.36231884057971,1.4285714285714286,19.340740740740742
14100,12266,UA,647,12.616822429906541,0.7727975270479135,7.448275862068965
14100,12323,OH,138,33.064516129032256,10.144927536231885,29.774193548387096
14100,12339,AA,511,30.985915492957744,2.73972602739726,22.122736418511067
14100,12339,OH,159,24.161073825503358,6.289308176100629,24.736486486486488
14100,12339,YX,660,21.786833855799372,3.3333333333333335,15.097331240188383
14100,12451,AA,708,29.166666666666668,1.694915254237288,19.966906474820142
14100,12451,F9,280,27.898550724637683,1.4285714285714286,24.77173913043478
14100,12451,OH,257,21.544715447154474,4.280155642023346,26.37142857142857
14100,12451,YX,99,19.791666666666664,3.0303030303030303,14.958333333333334
14100,12889,AA,1113,26.349496797804207,1.7969451931716083,20.489439853076217
14100,12889,F9,179,22.857142857142858,2.2346368715083798,25.228571428571428
14100,12889,NK,250,21.63265306122449,2.0,16.50204081632653
14100,12892,AA,1918,22.09915611814346,1.1470281543274243,15.864693446088795
14100,12892,F9,116,37.93103448275862,0.0,24.844827586206897
14100,12892,NK,146,18.75,1.36986301369863,8.503496503496503
14100,12945,OH,281,22.676579925650557,4.270462633451957,19.47761194029851
14100,12953,YX,270,19.46564885496183,2.962962962962963,12.377862595419847
14100,13198,AA,376,32.432432432432435,1.5957446808510638,25.303523035230352
14100,13198,OH,276,20.912547528517113,4.7101449275362315,17.828244274809162
14100,13198,YX,1,0.0,0.0,0.0
14100,13204,AA,2205,29.88505747126437,1.3605442176870748,24.342605470560965
14100,13204,F9,1232,31.48760330578512,1.7857142857142858,28.891556291390728
14100,13204,NK,646,25.274725274725274,1.3931888544891642,20.404088050314467
14100,13204,WN,491,20.858895705521473,0.40733197556008144,13.746913580246913
14100,13230,AA,1,0.0,0.0,0.0
14100,13232,F9,90,22.093023255813954,4.444444444444445,27.976744186046513
14100,13232,WN,1207,25.833333333333336,0.579950289975145,19.987489574645537
14100,13244,OH,523,27.490039840637447,4.015296367112811,27.16566866267465
14100,13244,YX,97,21.50537634408602,4.123711340206185,22.268817204301076
14100,13296,OH,33,41.935483870967744,6.0606060606060606,94.2258064516129
14100,13303,AA,2058,24.482758620689655,1.3605442176870748,21.84824518042511
14100,13303,F9,319,32.06349206349206,1.2539184952978057,28.40764331210191
14100,13303,NK,235,29.130434782608695,2.127659574468085,21.41048034934498
14100,13342,AA,1,0.0,0.0,0.0
14100,13342,OH,263,25.096525096525095,1.520912547528517,24.31782945736434
14100,13342,YX,39,13.157894736842104,2.5641025641025643,6.578947368421052
14100,13485,AA,3,100.0,33.333333333333336,233.0
14100,13485,OH,239,20.0836820083682,0.0,15.200836820083682
14100,13485,YX,1,100.0,0.0,49.0
14100,13487,AA,251,38.8663967611336,1.593625498007968,34.364372469635626
14100,13487,DL,1029,17.61252446183953,0.6802721088435374,22.418217433888344
14100,13487,OH,219,26.066350710900476,3.65296803652968,21.018957345971565
14100,13487,YX,86,30.23255813953488,0.0,20.27906976744186
14100,13495,AA,440,21.3302752293578,0.9090909090909091,17.862385321100916
14100,13495,DL,2,0.0,0.0,0.0
14100,13495,F9,131,37.00787401574803,3.053435114503817,28.00793650793651
14100,13495,OH,303,26.621160409556317,3.3003300330033003,25.96896551724138
14100,13495,UA,5,0.0,0.0,4.4
14100,13495,WN,8,37.5,0.0,41.0
14100,13495,YX,70,31.343283582089555,4.285714285714286,21.55223880597015
14100,13541,YX,76,23.684210526315788,0.0,9.526315789473685
14100,13577,F9,143,36.76470588235294,4.895104895104895,41.125
14100,13577,NK,10,30.0,0.0,20.1
14100,13577,OH,62,23.728813559322035,4.838709677419355,27.47457627118644
14100,13871,AA,56,30.357142857142854,0.0,21.964285714285715
14100,13871,OH,240,29.184549356223176,2.9166666666666665,28.51948051948052
14100,13930,AA,2335,27.42857142857143,2.569593147751606,26.790030877812086
14100,13930,F9,102,48.0,1.9607843137254901,59.58
14100,13930,NK,1,0.0,0.0,0.0
14100,13930,UA,1358,22.82527881040892,0.9572901325478645,19.0096870342772
14100,13930,YX,4,0.0,0.0,0.75
14100,13931,OH,746,32.13793103448276,2.8150134048257374,32.23034482758621
14100,13931,YX,91,10.0,1.098901098901099,5.788888888888889
14100,14027,AA,1073,31.018078020932442,2.050326188257223,26.13263358778626
14100,14027,F9,279,31.15942028985507,1.075268817204301,22.630434782608695
14100,14027,OH,7,16.666666666666664,14.285714285714286,16.0
14100,14027,YX,1,0.0,0.0,3.0
14100,14057,AA,89,52.94117647058824,4.49438202247191,45.84705882352941
14100,14107,AA,1897,22.061965811965813,1.3178703215603584,17.255501878690286
14100,14122,AA,737,29.972375690607734,1.7639077340569878,23.289073305670815
14100,14122,F9,134,25.384615384615383,2.985074626865672,24.00769230769231
14100,14122,OH,356,25.364431486880466,3.651685393258427,21.067055393586006
14100,14122,YX,91,16.666666666666664,1.098901098901099,14.144444444444444
14100,14193,AA,152,17.763157894736842,0.0,9.907894736842104
14100,14193,OH,179,35.08771929824561,4.4692737430167595,35.05263157894737
14100,14307,AA,404,29.040404040404038,1.9801980198019802,22.654040404040405
14100,14307,OH,107,22.54901960784314,4.672897196261682,20.205882352941178
14100,14307,YX,37,16.216216216216218,0.0,12.675675675675675
14100,14321,AA,608,26.845637583892618,1.9736842105263157,22.911073825503355
14100,14321,OH,142,25.547445255474454,3.5211267605633805,21.255474452554743
14100,14492,AA,1459,27.77390090718772,1.7820424948594928,23.34730957372467
14100,14492,F9,451,24.774774774774773,1.5521064301552105,21.644144144144143
14100,14492,OH,152,27.77777777777778,5.2631578947368425,20.256944444444443
14100,14492,YX,2,0.0,0.0,0.0
14100,14524,OH,188,34.26966292134831,5.319148936170213,22.52247191011236
14100,14524,YX,26,19.230769230769234,0.0,10.5
14100,14635,AA,850,27.479091995221026,1.5294117647058822,20.96158463385354
14100,14635,F9,256,28.915662650602407,2.734375,20.794354838709676
14100,14635,NK,32,6.25,0.0,15.90625
14100,14679,AA,858,27.240566037735846,1.1655011655011656,21.77261904761905
14100,14683,AA,152,31.292517006802722,3.289473684210526,27.08843537414966
14100,14685,AA,182,26.40449438202247,2.197802197802198,23.794285714285714
14100,14685,F9,82,28.39506172839506,1.2195121951219512,23.641975308641975
14100,14685,OH,470,32.822757111597376,2.765957446808511,37.63296703296703
14100,14685,YX,120,12.068965517241379,3.3333333333333335,7.826086956521739
14100,14730,AA,6,50.0,0.0,45.0
14100,14730,OH,130,20.47244094488189,2.3076923076923075,14.936507936507937
14100,14730,YX,194,27.56756756756757,4.639175257731959,24.63586956521739
14100,14747,AA,411,29.975429975429975,0.9732360097323601,17.437346437346438
14100,14747,AS,529,33.26923076923077,1.7013232514177694,20.296724470134876
14100,14771,AA,978,25.749741468459153,1.1247443762781186,18.20621761658031
14100,14771,UA,513,18.9453125,0.1949317738791423,15.943359375
14100,14843,AA,425,30.969267139479907,0.47058823529411764,35.95260663507109
14100,14843,F9,657,44.30577223088923,2.43531202435312,32.821596244131456
14100,14843,NK,267,26.41509433962264,0.7490636704119851,20.117424242424242
14100,14869,AA,94,44.18604651162791,8.51063829787234,25.302325581395348
14100,14869,DL,499,21.616161616161616,0.8016032064128257,12.805668016194332
14100,14986,AA,160,25.949367088607595,1.25,18.166666666666668
14100,14986,F9,77,28.000000000000004,2.5974025974025974,22.133333333333333
14100,14986,OH,176,21.21212121212121,6.25,16.496969696969696
14100,14986,YX,37,10.81081081081081,0.0,11.54054054054054
14100,15016,AA,471,31.397849462365592,1.2738853503184713,26.058064516129033
14100,15016,OH,168,23.89937106918239,5.357142857142857,28.88607594936709
14100,15016,WN,519,19.844357976653697,0.9633911368015414,15.715399610136453
14100,15016,YX,37,33.33333333333333,2.7027027027027026,19.555555555555557
14100,15024,AA,132,19.84732824427481,0.7575757575757576,13.4
14100,15096,OH,66,23.728813559322035,10.606060606060606,39.728813559322035
14100,15096,YX,32,32.142857142857146,12.5,21.857142857142858
14100,15304,AA,1334,27.113480578827115,1.5742128935532234,21.14340198321892
14100,15304,F9,628,31.40096618357488,1.1146496815286624,28.63123993558776
14100,15304,NK,83,15.853658536585366,1.2048192771084338,12.707317073170731
14100,15304,WN,138,21.897810218978105,0.7246376811594203,12.941605839416058
14100,15356,F9,1,,100.0,
14100,15380,AA,1,0.0,0.0,0.0
14100,15380,OH,97,16.304347826086957,5.154639175257732,13.23913043478261
14100,15380,YX,7,100.0,14.285714285714286,84.33333333333333
14100,15412,OH,304,30.633802816901408,6.578947368421052,28.37676056338028
14100,15624,OH,13,38.46153846153847,0.0,20.692307692307693
14100,15919,AA,4,25.0,0.0,37.0
14100,15919,OH,284,22.09737827715356,5.985915492957746,21.3796992481203
14107,10140,AA,594,18.95093062605753,0.5050505050505051,18.688135593220338
14107,10140,MQ,113,9.734513274336283,0.0,4.964285714285714
14107,10140,OO,531,14.150943396226415,0.18832391713747645,9.918867924528302
14107,10140,WN,1534,20.43222003929273,0.45632333767926986,11.417157825802226
14107,10208,AA,3,100.0,0.0,54.333333333333336
14107,10299,AS,304,22.36842105263158,0.0,13.531772575250836
14107,10372,OO,96,41.30434782608695,4.166666666666667,29.329545454545453
14107,10397,AA,539,24.11214953271028,0.7421150278293135,17.966165413533833
14107,10397,DL,1896,13.138297872340427,0.8438818565400844,11.979155531801176
14107,10397,F9,121,29.166666666666668,0.8264462809917356,24.26050420168067
14107,10397,WN,558,14.336917562724013,0.0,8.345878136200717
14107,10408,MQ,14,7.142857142857142,0.0,4.5
14107,10423,AA,999,21.6515609264854,0.6006006006006006,16.23939393939394
14107,10423,F9,114,24.561403508771928,0.0,19.18421052631579
14107,10423,MQ,26,7.6923076923076925,0.0,2.1153846153846154
14107,10423,OO,2,50.0,0.0,51.5
14107,10423,WN,1617,19.82597886886265,0.49474335188620905,11.493159203980099
14107,10431,G4,82,18.75,2.4390243902439024,13.8375
14107,10561,AA,380,18.253968253968253,0.5263157894736842,14.586206896551724
14107,10561,MQ,331,16.012084592145015,0.0,8.395770392749245
14107,10561,OO,306,19.607843137254903,0.0,13.20983606557377
14107,10599,WN,217,17.972350230414747,0.0,10.488479262672811
14107,10620,MQ,93,13.043478260869565,1.075268817204301,5.989130434782608
14107,10693,AA,431,25.64102564102564,0.46403712296983757,20.492990654205606
14107,10693,WN,1593,19.68354430379747,0.8160703075957313,11.314249363867685
14107,10713,AA,71,21.12676056338028,0.0,11.112676056338028
14107,10713,MQ,53,13.20754716981132,0.0,6.226415094339623
14107,10713,OO,957,18.32460732984293,0.2089864158829676,13.364397905759162
14107,10713,UA,1,0.0,0.0,0.0
14107,10713,WN,629,20.063694267515924,0.1589825119236884,10.657097288676235
14107,10721,AA,1123,23.276633840644585,0.5342831700801425,15.529569892473118
14107,10721,B6,306,23.60655737704918,0.32679738562091504,17.96065573770492
14107,10721,DL,310,21.428571428571427,0.6451612903225806,24.785714285714285
14107,10792,WN,297,27.946127946127948,0.0,16.54054054054054
14107,10800,AA,105,27.61904761904762,0.0,25.571428571428573
14107,10800,F9,50,14.000000000000002,0.0,8.448979591836734
14107,10800,MQ,134,12.030075187969924,0.746268656716418,7.598484848484849
14107,10800,OO,534,18.07909604519774,0.5617977528089888,10.069943289224952
14107,10800,WN,1815,20.724233983286908,1.1019283746556474,12.484087102177554
14107,10821,WN,1096,15.129151291512915,1.094890510948905,7.947173308619091
14107,11003,AA,17,11.76470588235294,0.0,12.058823529411764
14107,11003,MQ,175,16.0,0.0,8.194285714285714
14107,11003,OO,408,22.22222222222222,0.7352941176470589,19.65679012345679
14107,11041,MQ,520,11.946050096339114,0.19230769230769232,7.079150579150579
14107,11042,AA,168,22.023809523809522,0.0,13.265060240963855
14107,11042,F9,249,22.08835341365462,0.0,19.550200803212853
14107,11042,WN,312,22.508038585209004,0.32051282051282054,13.578778135048232
14107,11057,AA,2479,13.7875101378751,0.5244050020169423,9.902597402597403
14107,11066,AA,508,24.703557312252965,0.3937007874015748,19.153386454183266
14107,11066,WN,467,27.467811158798284,0.21413276231263384,14.816810344827585
14107,11109,WN,817,21.226993865030675,0.24479804161566707,10.951792336217553
14107,11193,AA,311,20.967741935483872,0.3215434083601286,18.21359223300971
14107,11193,F9,168,13.855421686746988,1.1904761904761905,10.77710843373494
14107,11193,WN,5,80.0,0.0,85.8
14107,11259,WN,2443,19.38988717091517,2.046663937781416,11.313313733725325
14107,11278,AA,910,15.736607142857142,1.5384615384615385,9.53664036076663
14107,11292,AA,812,24.257425742574256,0.49261083743842365,17.386617100371748
14107,11292,F9,1177,21.343537414965986,0.08496176720475786,14.258723404255319
14107,11292,MQ,157,43.58974358974359,0.6369426751592356,29.6
14107,11292,OO,1,0.0,0.0,0.0
14107,11292,UA,2027,19.950372208436725,0.5920078934385792,15.417330677290837
14107,11292,WN,3376,27.92091072498502,1.1255924170616114,18.23828125
14107,11298,AA,3781,19.550500947738968,2.3274266067177996,15.678814250747893
14107,11298,F9,392,22.395833333333336,2.0408163265306123,22.330729166666668
14107,11298,NK,130,25.581395348837212,0.7692307692307693,24.899224806201552
14107,11298,OO,1,0.0,0.0,4.0
14107,11413,MQ,1,0.0,0.0,0.0
14107,11413,OO,705,14.184397163120568,0.0,12.359886201991465
14107,11423,AA,238,19.915254237288135,0.8403361344537815,14.446808510638299
14107,11423,MQ,199,12.244897959183673,1.5075376884422111,5.343589743589743
14107,11423,OO,306,14.098360655737704,0.32679738562091504,7.996710526315789
14107,11423,WN,185,15.846994535519126,1.0810810810810811,7.530054644808743
14107,11433,AA,519,21.8568665377176,0.3853564547206166,16.477582846003898
14107,11433,DL,1087,14.681440443213297,0.36798528058877644,15.744897959183673
14107,11433,F9,263,19.157088122605366,0.7604562737642585,16.9272030651341
14107,11433,NK,106,16.037735849056602,0.0,18.669811320754718
14107,11433,WN,17,29.411764705882355,0.0,12.058823529411764
14107,11503,OO,96,29.166666666666668,0.0,21.03191489361702
14107,11540,AA,164,14.02439024390244,0.0,15.429447852760736
14107,11540,MQ,190,12.631578947368421,0.0,6.6947368421052635
14107,11540,OO,842,17.822966507177032,0.7125890736342043,12.220888355342137
14107,11540,WN,1008,19.8207171314741,0.3968253968253968,11.76195219123506
14107,11603,AA,379,25.132275132275133,0.2638522427440633,23.650793650793652
14107,11603,MQ,58,29.310344827586203,0.0,21.982758620689655
14107,11618,AA,856,29.36320754716981,0.9345794392523364,24.366983372921617
14107,11618,UA,1193,22.920203735144312,1.2573344509639564,21.542024013722127
14107,11637,MQ,98,17.525773195876287,1.0204081632653061,10.24742268041237
14107,11638,AA,539,21.415270018621975,0.37105751391465674,20.01675977653631
14107,11638,MQ,1,0.0,0.0,0.0
14107,11638,OO,657,19.48249619482496,0.0,15.386605783866058
14107,11695,OO,1061,20.610687022900763,1.2252591894439209,24.093690248565967
14107,11697,B6,137,16.911764705882355,0.7299270072992701,24.36764705882353
14107,11697,NK,34,29.411764705882355,0.0,24.0
14107,11697,WN,9,11.11111111111111,0.0,2.7777777777777777
14107,11775,MQ,117,17.94871794871795,0.0,11.05982905982906
14107,11775,OO,214,11.682242990654206,0.0,6.014018691588785
14107,11884,AA,441,21.31519274376417,0.0,16.629545454545454
14107,11884,WN,496,18.181818181818183,0.20161290322580644,9.55668016194332
14107,11921,MQ,29,27.586206896551722,0.0,12.482758620689655
14107,11921,OO,744,13.458950201884253,0.13440860215053763,7.294751009421265
14107,11977,DL,1,0.0,0.0,0.0
14107,11977,MQ,2,0.0,0.0,0.0
14107,11986,AA,93,21.50537634408602,0.0,18.698924731182796
14107,12173,AA,508,13.779527559055119,0.0,12.831683168316832
14107,12173,HA,304,10.855263157894738,0.0,16.50825082508251
14107,12173,WN,337,15.133531157270031,0.0,7.611940298507463
14107,12191,WN,1747,20.898100172711572,0.5724098454493417,12.562680531484691
14107,12264,UA,690,16.157205240174672,0.43478260869565216,12.509572901325479
14107,12264,WN,303,19.471947194719473,0.0,9.646666666666667
14107,12266,AA,290,24.041811846689896,1.0344827586206897,17.578397212543553
14107,12266,F9,245,24.896265560165975,1.6326530612244898,17.241666666666667
14107,12266,MQ,203,11.881188118811881,0.49261083743842365,6.909547738693467
14107,12266,OO,228,19.642857142857142,1.7543859649122806,16.419642857142858
14107,12266,UA,1560,14.757281553398057,0.9615384615384616,13.596216568819308
14107,12278,MQ,59,18.64406779661017,0.0,10.423728813559322
14107,12278,OO,238,26.180257510729614,2.100840336134454,16.96035242290749
14107,12278,WN,185,10.326086956521738,0.5405405405405406,5.418478260869565
14107,12280,OO,124,16.129032258064516,0.0,15.902439024390244
14107,12339,AA,527,21.79732313575526,0.7590132827324478,15.256214149139579
14107,12339,WN,733,21.721311475409834,0.1364256480218281,12.675786593707251
14107,12451,AA,249,25.806451612903224,0.40160642570281124,19.10931174089069
14107,12478,AA,1066,23.579545454545457,0.9380863039399625,17.18744053282588
14107,12478,B6,415,22.871046228710462,0.963855421686747,16.39659367396594
14107,12478,DL,756,12.734584450402146,1.3227513227513228,13.997297297297298
14107,12758,AA,310,13.225806451612904,0.0,11.029220779220779
14107,12889,AA,1592,21.41057934508816,0.25125628140703515,16.16141235813367
14107,12889,F9,733,19.19889502762431,1.2278308321964528,17.514522821576765
14107,12889,MQ,9,0.0,0.0,0.6666666666666666
14107,12889,NK,123,18.181818181818183,1.6260162601626016,10.586776859504132
14107,12889,WN,2899,20.29186935371786,0.724387719903415,11.906847410497045
14107,12892,AA,1538,18.98238747553816,0.3250975292587776,11.657963446475195
14107,12892,DL,26,3.8461538461538463,0.0,0.9230769230769231
14107,12892,F9,382,13.910761154855644,0.2617801047120419,11.10498687664042
14107,12892,MQ,127,0.7874015748031495,0.0,0.8503937007874016
14107,12892,OO,2034,9.005905511811024,0.09832841691248771,6.658128078817734
14107,12892,UA,500,7.214428857715431,0.2,7.721442885771543
14107,12892,WN,1702,22.143698468786805,0.23501762632197415,11.892751915144373
14107,12896,MQ,63,30.158730158730158,0.0,18.53968253968254
14107,12896,OO,236,19.491525423728813,0.0,21.385593220338983
14107,12896,WN,1,0.0,0.0,0.0
14107,12954,WN,1302,15.627405696689761,0.2304147465437788,8.208782742681048
14107,12982,AA,310,17.096774193548388,0.0,11.366883116883116
14107,12992,MQ,27,18.51851851851852,0.0,19.88888888888889
14107,12992,WN,4,0.0,0.0,3.5
14107,13158,OO,304,27.483443708609272,0.6578947368421053,30.15771812080537
14107,13198,AA,507,17.928286852589643,0.9861932938856016,14.327967806841047
14107,13198,F9,7,14.285714285714285,0.0,14.571428571428571
14107,13198,MQ,2,0.0,0.0,3.5
14107,13198,OO,151,22.14765100671141,1.3245033112582782,9.513513513513514
14107,13198,WN,1308,20.62015503875969,1.3761467889908257,12.060653188180405
14107,13204,AA,622,19.193548387096772,0.3215434083601286,11.234910277324634
14107,13204,F9,193,30.729166666666668,0.5181347150259067,17.141361256544503
14107,13204,WN,609,17.462932454695224,0.3284072249589491,10.299003322259136
14107,13230,AA,1,0.0,0.0,0.0
14107,13232,F9,126,27.77777777777778,0.0,18.88095238095238
14107,13232,WN,2249,19.400983459991057,0.5335704757670076,10.807364167040863
14107,13244,AA,169,33.92857142857143,0.591715976331361,26.017857142857142
14107,13244,MQ,117,24.561403508771928,2.5641025641025643,10.570175438596491
14107,13244,WN,220,20.091324200913242,0.45454545454545453,13.243119266055047
14107,13264,MQ,52,13.461538461538462,0.0,7.098039215686274
14107,13264,OO,545,14.391143911439114,0.5504587155963303,9.598148148148148
14107,13303,AA,1513,15.43046357615894,0.1982815598149372,10.375914836992681
14107,13342,AA,385,21.298701298701296,0.0,12.067532467532468
14107,13342,WN,818,22.67156862745098,0.24449877750611246,13.447852760736197
14107,13476,AA,184,26.6304347826087,0.0,23.302197802197803
14107,13476,MQ,428,19.672131147540984,0.2336448598130841,8.752358490566039
14107,13476,OO,552,19.378427787934186,0.9057971014492754,15.626838235294118
14107,13485,AA,405,15.308641975308642,0.0,18.21039603960396
14107,13485,MQ,4,0.0,0.0,3.5
14107,13487,AA,575,15.761821366024517,0.6956521739130435,12.676625659050966
14107,13487,DL,1748,12.764739553520322,0.057208237986270026,10.46869615163699
14107,13487,F9,106,5.660377358490567,0.0,4.047169811320755
14107,13487,WN,323,27.500000000000004,0.9287925696594427,16.884012539184955
14107,13495,AA,242,22.083333333333332,0.8264462809917356,16.1875
14107,13495,WN,407,30.845771144278604,1.2285012285012284,17.786069651741293
14107,13796,WN,1675,21.63777644949193,0.11940298507462686,12.738038277511961
14107,13830,AA,304,12.5,0.0,8.75328947368421
14107,13830,WN,304,14.802631578947366,0.0,6.947368421052632
14107,13851,AA,1,0.0,0.0,0.0
14107,13851,MQ,202,11.5,0.9900990099009901,6.81
14107,13851,OO,615,23.692810457516337,0.4878048780487805,16.25040916530278
14107,13851,WN,754,22.103861517976032,0.3978779840848806,14.051930758988016
14107,13871,AA,353,23.714285714285715,0.8498583569405099,15.432664756446991
14107,13871,MQ,145,17.24137931034483,0.0,9.49655172413793
14107,13871,OO,145,18.75,0.6896551724137931,13.583333333333334
14107,13871,WN,993,20.28397565922921,0.7049345417925479,12.171573604060914
14107,13891,AA,950,19.45031712473573,0.42105263157894735,14.382820784729587
14107,13891,MQ,112,8.035714285714286,0.0,4.696428571428571
14107,13891,OO,205,11.27450980392157,0.4878048780487805,7.784313725490196
14107,13891,WN,1347,22.338049143708115,0.2969561989606533,12.42580164056674
14107,13930,AA,2467,17.760459392945037,1.175516822051074,13.242061855670103
14107,13930,F9,204,33.83838383838384,2.9411764705882355,42.974619289340104
14107,13930,UA,1639,16.198044009779952,0.18303843807199513,10.898958971218615
14107,13930,WN,315,30.254777070063692,0.31746031746031744,21.753205128205128
14107,14004,AS,473,11.563169164882227,1.2684989429175475,7.245161290322581
14107,14004,F9,38,34.21052631578947,0.0,48.351351351351354
14107,14057,AA,900,19.71046770601336,0.2222222222222222,15.248329621380845
14107,14057,AS,1096,12.098991750687443,0.4562043795620438,8.44179651695692
14107,14057,F9,129,10.077519379844961,0.0,12.186046511627907
14107,14057,MQ,16,25.0,0.0,22.375
14107,14057,OO,2,0.0,0.0,6.5
14107,14057,WN,1088,23.73505059797608,0.09191176470588236,12.55933762649494
14107,14100,AA,1897,16.28403630539242,1.265155508697944,10.583690987124463
14107,14122,AA,291,21.72413793103448,0.3436426116838488,15.380622837370241
14107,14122,G4,37,18.91891891891892,0.0,31.972972972972972
14107,14122,WN,332,19.939577039274926,0.30120481927710846,13.575757575757576
14107,14252,OO,575,12.521739130434783,0.0,10.03304347826087
14107,14262,AA,608,21.357615894039736,0.6578947368421053,14.98841059602649
14107,14262,MQ,111,9.90990990990991,0.0,5.216216216216216
14107,14262,OO,645,22.118380062305295,0.46511627906976744,14.45241809672387
14107,14314,OO,266,15.413533834586465,0.0,15.252830188679246
14107,14489,AA,4,0.0,0.0,2.0
14107,14489,MQ,599,14.691151919866444,0.0,8.446488294314381
14107,14492,AA,304,25.82781456953642,0.6578947368421053,15.983443708609272
14107,14492,WN,257,25.291828793774318,0.0,13.184313725490195
14107,14570,AA,1057,16.44486692015209,0.47303689687795647,11.976053639846743
14107,14570,MQ,92,3.260869565217391,0.0,2.532608695652174
14107,14570,OO,87,10.465116279069768,1.1494252873563218,6.8
14107,14570,WN,780,21.1340206185567,0.5128205128205128,10.253557567917206
14107,14674,OO,316,16.878980891719745,0.6329113924050633,11.679487179487179
14107,14679,AA,1415,21.970233876683203,0.2826855123674912,14.42015613910575
14107,14679,AS,218,14.553990610328638,2.293577981651376,9.741784037558686
14107,14679,F9,404,19.548872180451127,1.2376237623762376,18.376884422110553
14107,14679,WN,2657,22.09125475285171,1.0161836657884833,13.033891850723533
14107,14683,AA,836,23.345367027677497,0.5980861244019139,20.016908212560388
14107,14683,F9,10,0.0,0.0,0.6
14107,14683,MQ,1,0.0,0.0,0.0
14107,14683,OO,86,11.627906976744185,0.0,5.1395348837209305
14107,14683,WN,1155,20.818815331010455,0.6060606060606061,11.100261551874455
14107,14689,AA,335,28.22822822822823,0.5970149253731343,25.96978851963746
14107,14689,MQ,427,13.647058823529413,0.468384074941452,7.469194312796208
14107,14689,OO,354,19.602272727272727,0.5649717514124294,15.735042735042734
14107,14689,WN,12,8.333333333333332,0.0,8.25
14107,14698,AA,305,20.723684210526315,0.32786885245901637,19.55298013245033
14107,14698,MQ,252,15.079365079365079,0.0,9.384920634920634
14107,14698,OO,408,18.02469135802469,0.7352941176470589,12.185643564356436
14107,14716,G4,97,26.804123711340207,0.0,41.68041237113402
14107,14730,AA,2,0.0,0.0,0.0
14107,14730,WN,309,23.7012987012987,0.32362459546925565,12.175324675324676
14107,14747,AA,32,34.375,0.0,14.96875
14107,14747,AS,2372,19.142614601018675,0.6745362563237775,10.91932059447983
14107,14747,DL,1471,9.121851599727705,0.13596193065941536,8.07425068119891
14107,14747,F9,235,14.529914529914532,0.425531914893617,9.551282051282051
14107,14747,MQ,282,15.24822695035461,0.0,7.483985765124555
14107,14747,OO,864,21.11368909512761,0.23148148148148148,12.069686411149826
14107,14747,WN,884,28.14982973893303,0.3393665158371041,14.111363636363636
14107,14771,AA,1143,25.263157894736842,0.26246719160104987,18.150131694468833
14107,14771,AS,48,29.166666666666668,0.0,13.125
14107,14771,F9,273,24.814814814814813,1.098901098901099,15.751851851851852
14107,14771,OO,471,23.142250530785564,0.0,14.418259023354565
14107,14771,UA,1133,18.21396993810787,0.176522506619594,12.839080459770114
14107,14771,WN,900,30.32329988851728,0.3333333333333333,17.299888517279822
14107,14794,OO,727,18.019257221458044,0.0,12.269972451790634
14107,14831,AA,442,23.809523809523807,0.22624434389140272,20.1156462585034
14107,14831,F9,56,16.071428571428573,0.0,8.857142857142858
14107,14831,MQ,99,8.080808080808081,0.0,2.95959595959596
14107,14831,OO,369,16.032608695652172,0.27100271002710025,9.076294277929156
14107,14831,WN,1532,18.42622950819672,0.45691906005221933,10.284590163934427
14107,14869,AA,277,13.357400722021662,0.0,11.732851985559567
14107,14869,DL,1444,10.395010395010395,0.06925207756232687,8.97020097020097
14107,14869,F9,502,15.555555555555555,1.3944223107569722,15.208080808080808
14107,14869,MQ,193,13.471502590673575,0.0,7.860103626943006
14107,14869,OO,786,15.031847133757962,0.1272264631043257,10.113375796178344
14107,14869,WN,1535,21.61985630306989,0.26058631921824105,11.443500979751796
14107,14893,AA,983,20.998980632008156,0.2034587995930824,15.286442405708462
14107,14893,MQ,143,7.801418439716312,1.3986013986013985,4.390070921985815
14107,14893,OO,167,5.389221556886228,0.0,2.792682926829268
14107,14893,WN,1757,18.675042832667046,0.3414911781445646,10.333714285714287
14107,14905,OO,32,6.25,0.0,1.935483870967742
14107,14908,AA,1479,17.535545023696685,0.1352265043948614,13.306440677966101
14107,14908,F9,215,21.962616822429908,0.46511627906976744,19.813084112149532
14107,14908,WN,1966,18.599897802759322,0.4577822990844354,9.222222222222221
14107,15016,AA,402,20.551378446115287,0.746268656716418,13.032745591939547
14107,15016,F9,7,28.57142857142857,0.0,150.14285714285714
14107,15016,OO,136,11.029411764705882,0.0,5.845588235294118
14107,15016,WN,1298,16.09642301710731,0.9244992295839753,9.141295862607338
14107,15023,AA,166,22.289156626506024,0.0,15.927710843373495
14107,15023,MQ,238,12.658227848101266,0.42016806722689076,6.919148936170213
14107,15023,OO,157,24.840764331210192,0.0,16.219354838709677
14107,15304,AA,566,20.74468085106383,0.35335689045936397,16.32976827094474
14107,15304,WN,441,26.077097505668934,0.0,15.086167800453515
14107,15370,MQ,242,15.702479338842975,0.0,11.423236514522822
14107,15370,OO,285,19.014084507042252,0.3508771929824561,11.609929078014185
14107,15370,WN,506,28.71287128712871,0.1976284584980237,18.851190476190474
14107,15376,AA,256,17.578125,0.0,13.3046875
14107,15376,MQ,532,14.124293785310735,0.18796992481203006,7.315094339622641
14107,15376,OO,1931,16.735966735966738,0.3625064733298809,11.343035343035343
14107,15412,G4,104,23.076923076923077,0.0,17.89423076923077
14107,15919,AA,30,26.666666666666668,0.0,13.366666666666667
14107,15919,MQ,579,14.26086956521739,0.690846286701209,7.8417391304347825
14107,16218,MQ,125,12.0,0.0,7.584
14107,16218,OO,926,14.842903575297942,0.32397408207343414,10.40997830802603
14108,10466,G4,169,14.792899408284024,0.0,9.47337278106509
14108,10693,G4,90,35.95505617977528,1.1111111111111112,74.69662921348315
14108,11057,OH,656,27.821939586645467,4.115853658536586,36.432432432432435
14108,11292,G4,89,28.08988764044944,0.0,28.551724137931036
14108,11292,OO,216,23.14814814814815,0.0,12.708333333333334
14108,11298,MQ,335,19.45288753799392,1.791044776119403,16.346504559270517
14108,11298,OH,479,25.5863539445629,2.0876826722338206,27.92274678111588
14108,11697,G4,18,33.33333333333333,0.0,110.72222222222223
14108,12889,G4,103,12.62135922330097,0.0,4.747572815533981
14108,13930,MQ,498,21.181262729124235,1.4056224899598393,13.771894093686354
14108,13930,OO,1257,30.136986301369863,1.2728719172633254,31.062146892655367
14108,13930,YX,70,18.571428571428573,0.0,14.342857142857143
14108,14082,G4,174,22.413793103448278,0.0,16.022988505747126
14108,14112,G4,137,29.927007299270077,0.0,27.905109489051096
14108,14761,G4,102,33.663366336633665,0.9803921568627451,24.04950495049505
14108,14986,G4,84,15.476190476190476,0.0,29.0
14108,15624,G4,53,41.509433962264154,0.0,52.716981132075475
14109,12266,OO,522,16.470588235294116,2.2988505747126435,18.67450980392157
14112,10135,G4,240,13.080168776371309,1.25,10.603375527426161
14112,10257,G4,124,27.419354838709676,0.0,18.308943089430894
14112,10408,G4,156,22.435897435897438,0.0,20.166666666666668
14112,10431,G4,428,23.4192037470726,0.2336448598130841,16.67529411764706
14112,10581,G4,221,9.95475113122172,0.0,7.378995433789954
14112,10627,G4,27,3.7037037037037033,0.0,1.5185185185185186
14112,10676,G4,147,30.136986301369863,0.6802721088435374,20.544827586206896
14112,10685,G4,89,9.090909090909092,1.1235955056179776,5.875
14112,10693,G4,84,39.285714285714285,0.0,29.654761904761905
14112,10874,G4,101,31.683168316831683,0.0,26.762376237623762
14112,10980,G4,107,23.809523809523807,1.8691588785046729,16.857142857142858
14112,11003,G4,147,22.448979591836736,0.0,15.27891156462585
14112,11027,G4,53,16.9811320754717,0.0,9.442307692307692
14112,11109,G4,75,6.666666666666667,0.0,4.16
14112,11193,G4,335,31.32530120481928,0.8955223880597015,24.52409638554217
14112,11267,G4,88,30.681818181818183,0.0,20.586206896551722
14112,11423,G4,205,21.182266009852217,0.975609756097561,19.45049504950495
14112,11537,G4,106,8.49056603773585,0.0,4.726415094339623
14112,11612,G4,87,24.418604651162788,1.1494252873563218,32.16279069767442
14112,11624,G4,260,7.335907335907336,0.38461538461538464,4.1937984496124034
14112,11637,G4,54,11.11111111111111,0.0,11.38888888888889
14112,11721,G4,254,24.015748031496063,0.0,17.50592885375494
14112,11775,G4,101,10.891089108910892,0.0,8.316831683168317
14112,11823,G4,159,24.528301886792452,0.0,17.534591194968552
14112,11986,G4,322,22.36024844720497,0.0,16.624223602484474
14112,11995,G4,77,29.87012987012987,0.0,34.62337662337662
14112,11996,G4,88,42.04545454545455,0.0,25.988636363636363
14112,12119,G4,90,33.70786516853933,1.1111111111111112,28.59550561797753
14112,12223,G4,174,27.325581395348834,1.1494252873563218,19.596491228070175
14112,12265,G4,114,14.15929203539823,0.8771929824561403,6.353982300884955
14112,12278,G4,30,26.666666666666668,0.0,15.833333333333334
14112,12339,G4,210,30.0,0.0,26.776190476190475
14112,12544,G4,161,37.5,0.6211180124223602,18.575
14112,12917,G4,162,27.77777777777778,0.0,18.561728395061728
14112,12945,G4,166,33.939393939393945,0.6024096385542169,21.484848484848484
14112,12992,G4,24,66.66666666666666,0.0,47.5
14112,13198,G4,63,30.64516129032258,1.5873015873015872,25.516129032258064
14112,13230,G4,129,33.33333333333333,0.0,23.8046875
14112,13244,G4,78,47.368421052631575,2.5641025641025643,49.4078947368421
14112,13256,G4,26,7.6923076923076925,0.0,20.384615384615383
14112,13367,G4,68,20.588235294117645,0.0,15.779411764705882
14112,13871,G4,101,16.831683168316832,0.0,10.42
14112,13931,G4,20,70.0,0.0,47.36842105263158
14112,14025,G4,91,16.483516483516482,0.0,11.277777777777779
14112,14108,G4,137,27.00729927007299,0.0,16.437956204379564
14112,14122,G4,143,27.27272727272727,0.0,20.587412587412587
14112,14259,G4,42,23.809523809523807,0.0,9.761904761904763
14112,14512,G4,122,13.114754098360656,0.0,5.875
14112,14524,G4,79,21.518987341772153,0.0,11.835443037974683
14112,14574,G4,109,36.69724770642202,0.0,25.88785046728972
14112,14685,G4,27,14.814814814814813,0.0,51.34615384615385
14112,14696,G4,144,19.014084507042252,1.3888888888888888,10.680851063829786
14112,14730,G4,102,31.683168316831683,0.9803921568627451,18.91089108910891
14112,14783,G4,168,32.93413173652694,0.5952380952380952,32.102409638554214
14112,15070,G4,104,11.650485436893204,0.9615384615384616,8.728155339805825
14112,15096,G4,157,12.101910828025478,0.0,6.2165605095541405
14112,15295,G4,118,36.440677966101696,0.0,27.322033898305083
14112,15323,G4,53,58.490566037735846,0.0,46.43396226415094
14112,15370,G4,26,15.384615384615385,0.0,10.5
14112,15380,G4,88,18.181818181818183,0.0,12.602272727272727
14112,15412,G4,438,28.211009174311926,0.45662100456621,22.393103448275863
14112,15919,G4,69,30.434782608695656,0.0,22.391304347826086
14113,14869,OO,490,5.930470347648262,0.20408163265306123,4.0961145194274025
14120,11292,OO,174,21.637426900584796,1.7241379310344827,22.719298245614034
14122,10397,DL,2081,12.04290589956119,1.4416146083613648,9.176787463271303
14122,10397,WN,279,11.510791366906476,0.35842293906810035,8.046931407942239
14122,10423,G4,24,4.166666666666666,0.0,8.625
14122,10423,WN,244,14.814814814814813,0.4098360655737705,7.8559670781893
14122,10693,G4,71,26.76056338028169,0.0,16.802816901408452
14122,10693,WN,800,16.876574307304786,0.75,11.929292929292929
14122,10721,B6,941,24.37703141928494,1.9128586609989373,19.393709327548805
14122,10721,YX,928,20.262869660460023,1.6163793103448276,13.19188596491228
14122,10821,WN,897,15.271493212669684,1.4492753623188406,10.444570135746606
14122,11057,AA,1614,17.074701820464533,1.3011152416356877,12.000627746390458
14122,11057,OH,1,0.0,0.0,0.0
14122,11259,WN,302,17.725752508361204,0.9933774834437086,9.56711409395973
14122,11278,AA,135,29.770992366412212,2.962962962962963,20.49618320610687
14122,11278,MQ,118,20.175438596491226,3.389830508474576,15.780701754385966
14122,11278,OH,456,32.48259860788863,5.482456140350878,26.030232558139534
14122,11278,YX,607,12.837837837837837,2.471169686985173,7.340101522842639
14122,11292,F9,45,40.0,0.0,44.0
14122,11292,UA,753,16.378162450066576,0.2656042496679947,11.138069705093834
14122,11292,WN,669,24.251497005988025,0.14947683109118087,16.4047976011994
14122,11298,AA,1265,24.537409493161704,1.7391304347826086,25.711165048543688
14122,11298,MQ,10,30.0,0.0,30.2
14122,11298,OH,5,40.0,0.0,25.6
14122,11433,DL,109,7.339449541284404,0.0,9.880733944954128
14122,11433,OO,557,20.72072072072072,0.3590664272890485,16.618018018018017
14122,11433,YX,292,19.655172413793103,0.684931506849315,13.313793103448276
14122,11618,NK,225,26.635514018691588,4.888888888888889,26.38317757009346
14122,11618,YX,1424,14.068165337200869,3.1601123595505616,10.296081277213352
14122,11624,G4,80,15.0,0.0,10.4375
14122,11697,NK,443,17.272727272727273,0.6772009029345373,15.525
14122,11697,WN,329,16.109422492401215,0.0,12.100303951367781
14122,12191,WN,256,20.784313725490197,0.390625,14.744094488188976
14122,12264,UA,164,9.815950920245399,0.6097560975609756,4.9815950920245395
14122,12264,YX,798,15.228426395939088,1.2531328320802004,8.67258883248731
14122,12266,OO,8,0.0,0.0,0.125
14122,12266,UA,471,20.985010706638114,0.8492569002123143,15.05793991416309
14122,12451,G4,96,26.041666666666668,0.0,23.447916666666668
14122,12478,B6,243,15.948275862068966,4.526748971193416,13.224137931034482
14122,12478,OO,58,34.48275862068966,0.0,21.620689655172413
14122,12478,YX,1160,13.157894736842104,1.7241379310344827,9.712653778558876
14122,12889,NK,150,16.666666666666664,0.0,9.664429530201343
14122,12889,WN,571,20.246478873239436,0.5253940455341506,11.307964601769912
14122,12892,AA,199,25.125628140703515,0.0,34.34170854271357
14122,12953,OO,129,30.508474576271187,8.527131782945736,39.55084745762712
14122,12953,YX,2407,18.631669535283994,3.4482758620689653,12.988793103448275
14122,13204,F9,104,33.663366336633665,2.8846153846153846,22.81188118811881
14122,13204,NK,467,17.8494623655914,0.4282655246252677,14.4375
14122,13204,WN,1237,21.527213647441105,0.4850444624090542,15.299674267100977
14122,13232,WN,961,18.561001042752867,0.2081165452653486,12.329153605015675
14122,13303,AA,500,22.718052738336713,1.4,19.18052738336714
14122,13303,MQ,13,84.61538461538461,0.0,31.384615384615383
14122,13303,NK,1,0.0,0.0,0.0
14122,13303,WN,66,21.21212121212121,0.0,15.138461538461538
14122,13303,YX,15,20.0,0.0,10.066666666666666
14122,13360,G4,77,14.285714285714285,0.0,7.324675324675325
14122,13487,DL,294,16.83848797250859,1.0204081632653061,13.687285223367697
14122,13487,OO,163,22.839506172839506,0.6134969325153374,21.72222222222222
14122,13577,G4,121,8.333333333333332,0.8264462809917356,10.941666666666666
14122,13577,NK,153,16.0,1.9607843137254901,14.718120805369127
14122,13577,WN,42,14.285714285714285,0.0,7.833333333333333
14122,13930,AA,237,28.26086956521739,2.9535864978902953,31.12608695652174
14122,13930,MQ,399,17.512690355329948,1.2531328320802004,12.463104325699746
14122,13930,OO,146,44.13793103448276,0.684931506849315,47.53793103448276
14122,13930,UA,1044,18.900675024108004,0.6704980842911877,14.509161041465767
14122,13930,YX,1217,12.178956089478046,0.8216926869350862,8.520729684908789
14122,14027,G4,104,14.563106796116504,0.9615384615384616,9.155339805825243
14122,14082,G4,148,27.027027027027028,0.0,25.19047619047619
14122,14100,AA,739,29.476584022038566,1.7591339648173208,24.28099173553719
14122,14100,F9,134,40.0,2.985074626865672,45.3875968992248
14122,14100,OH,356,35.01483679525222,5.337078651685394,32.46587537091988
14122,14100,YX,90,20.689655172413794,3.3333333333333335,12.275862068965518
14122,14107,AA,291,15.172413793103448,0.3436426116838488,27.619377162629757
14122,14107,G4,37,24.324324324324326,0.0,23.513513513513512
14122,14107,WN,332,21.987951807228914,0.0,10.52887537993921
14122,14112,G4,143,22.377622377622377,0.0,20.330985915492956
14122,14492,YX,580,13.111888111888112,1.3793103448275863,10.056042031523642
14122,14635,NK,89,23.863636363636363,1.1235955056179776,18.625
14122,14635,WN,423,18.28978622327791,0.4728132387706856,12.901204819277108
14122,14679,WN,9,33.33333333333333,0.0,19.444444444444443
14122,14685,G4,102,19.607843137254903,0.0,16.215686274509803
14122,14730,YX,2,0.0,0.0,0.0
14122,14747,AS,429,30.023640661938533,1.3986013986013985,18.46793349168646
14122,14761,G4,143,38.46153846153847,0.0,47.49650349650349
14122,14771,UA,476,15.400843881856542,0.42016806722689076,10.710359408033826
14122,14869,DL,303,22.8476821192053,0.33003300330033003,18.549668874172184
14122,14986,G4,163,25.153374233128833,0.0,21.067484662576685
14122,14986,WN,136,18.38235294117647,0.0,12.096296296296297
14122,15016,WN,319,16.666666666666664,0.31347962382445144,7.735849056603773
14122,15304,NK,220,19.444444444444446,1.8181818181818181,25.060185185185187
14122,15304,WN,670,20.089955022488756,0.44776119402985076,12.86656671664168
14122,15624,G4,83,10.843373493975903,0.0,7.108433734939759
14150,11013,OO,1,0.0,0.0,
14150,11433,OO,566,13.211009174311927,3.7102473498233217,12.858455882352942
14150,13930,OO,253,40.63745019920319,0.7905138339920948,43.22088353413655
14193,10397,DL,2283,10.507569011576136,1.6206745510293474,8.73663101604278
14193,10423,WN,9,66.66666666666666,0.0,21.333333333333332
14193,10693,NK,8,37.5,0.0,103.375
14193,10693,WN,775,11.328125,0.9032258064516129,8.245751633986927
14193,11057,AA,613,12.748344370860929,1.468189233278956,16.097844112769486
14193,11057,MQ,72,36.231884057971016,4.166666666666667,13.942028985507246
14193,11057,OH,1045,22.01195219123506,3.923444976076555,30.71228771228771
14193,11259,WN,418,14.734299516908212,0.9569377990430622,10.779126213592233
14193,11278,MQ,43,31.57894736842105,11.627906976744185,22.605263157894736
14193,11278,OH,585,28.051001821493628,6.153846153846154,57.9507299270073
14193,11278,YX,132,23.4375,3.0303030303030303,27.37795275590551
14193,11292,F9,166,45.45454545454545,0.6024096385542169,40.55487804878049
14193,11292,OO,9,11.11111111111111,0.0,5.625
14193,11292,UA,136,36.76470588235294,0.0,30.13533834586466
14193,11292,WN,159,15.822784810126583,0.6289308176100629,12.467532467532468
14193,11298,AA,930,34.97206703910615,3.763440860215054,41.196408529741866
14193,11298,MQ,331,23.88535031847134,5.13595166163142,17.951923076923077
14193,11298,NK,75,34.66666666666667,0.0,35.026666666666664
14193,11298,OH,248,43.51464435146444,3.629032258064516,42.18987341772152
14193,11433,DL,64,10.9375,0.0,22.671875
14193,11433,NK,59,16.94915254237288,0.0,10.0
14193,11697,NK,304,21.40468227424749,1.644736842105263,12.436241610738255
14193,12191,WN,298,10.81081081081081,0.6711409395973155,7.047297297297297
14193,12266,NK,10,0.0,0.0,0.0
14193,12266,OO,185,31.843575418994412,3.2432432432432434,29.53370786516854
14193,12266,UA,332,6.853582554517133,3.3132530120481927,11.526479750778817
14193,13198,WN,183,15.846994535519126,0.0,9.395604395604396
14193,13204,NK,341,17.272727272727273,3.225806451612903,19.451515151515153
14193,13232,WN,108,14.814814814814813,0.0,11.268518518518519
14193,13303,MQ,1060,17.504835589941973,2.452830188679245,12.049370764762827
14193,13930,AA,18,38.88888888888889,0.0,58.27777777777778
14193,13930,MQ,9,11.11111111111111,0.0,4.111111111111111
14193,13930,NK,9,11.11111111111111,0.0,9.222222222222221
14193,13930,OO,4,50.0,0.0,43.5
14193,13930,UA,304,15.562913907284766,0.6578947368421053,17.133333333333333
14193,14100,AA,152,20.52980132450331,0.6578947368421053,11.52
14193,14100,OH,178,16.091954022988507,2.247191011235955,25.55491329479769
14193,15016,WN,217,13.953488372093023,0.9216589861751152,13.553488372093023
14222,12173,HA,124,15.573770491803279,1.6129032258064515,22.69672131147541
14231,10721,B6,304,3.3112582781456954,0.6578947368421053,3.423841059602649
14237,11292,OO,310,23.300970873786408,0.3225806451612903,28.169381107491855
14237,12892,OO,304,29.194630872483224,1.9736842105263157,48.580536912751676
14252,10466,G4,120,25.0,0.0,25.183333333333334
14252,10800,OO,6,16.666666666666664,0.0,49.166666666666664
14252,11292,OO,392,11.224489795918368,0.0,9.109947643979057
14252,11292,UA,216,7.476635514018691,0.9259259259259259,6.677570093457944
14252,12889,G4,101,20.792079207920793,0.0,26.247524752475247
14252,12892,OO,304,10.855263157894738,0.0,11.210526315789474
14252,13487,DL,183,6.557377049180328,0.0,7.9890710382513666
14252,13487,OO,121,6.6115702479338845,0.0,10.603305785123966
14252,14107,OO,575,9.73913043478261,0.0,7.956445993031359
14252,14747,AS,305,21.73913043478261,1.9672131147540983,13.384615384615385
14252,14747,OO,1421,11.549295774647888,0.07037297677691766,7.623943661971831
14252,14771,OO,585,15.897435897435896,0.0,11.697435897435897
14252,14869,DL,237,3.389830508474576,0.4219409282700422,6.27542372881356
14252,14869,OO,770,7.012987012987012,0.0,5.8428571428571425
14254,12478,B6,88,21.686746987951807,5.681818181818182,16.53012048192771
14254,13204,B6,303,6.270627062706271,0.0,3.5264900662251657
14254,13204,F9,157,9.554140127388536,0.0,7.828025477707007
14256,12523,AS,303,10.06711409395973,1.6501650165016502,7.478114478114478
14256,15841,AS,303,11.11111111111111,1.9801980198019802,7.121212121212121
14259,14082,G4,215,19.53488372093023,0.0,16.176744186046513
14259,14112,G4,42,26.190476190476193,0.0,15.333333333333334
14259,14761,G4,138,28.26086956521739,0.0,30.92753623188406
14259,14986,G4,44,15.909090909090908,0.0,8.522727272727273
14262,10397,DL,126,18.4,0.7936507936507936,13.552
14262,10666,G4,99,14.14141414141414,0.0,7.938775510204081
14262,10713,OO,20,5.0,0.0,6.65
14262,11259,WN,8,25.0,0.0,6.125
14262,11292,F9,115,21.238938053097346,1.7391304347826086,14.15929203539823
14262,11292,OO,540,17.100371747211895,0.37037037037037035,15.91806331471136
14262,11292,UA,581,19.20415224913495,0.5163511187607573,17.8673647469459
14262,11292,WN,439,27.23112128146453,0.45558086560364464,18.05080831408776
14262,11298,AA,840,23.170731707317074,2.380952380952381,27.08128078817734
14262,12264,UA,120,11.76470588235294,0.8333333333333334,3.991596638655462
14262,12266,OO,64,21.875,0.0,19.5625
14262,12266,UA,106,15.09433962264151,0.0,7.037735849056604
14262,12478,AS,97,35.41666666666667,1.0309278350515463,21.21875
14262,12478,DL,18,55.55555555555556,0.0,35.05555555555556
14262,12889,WN,581,18.103448275862068,0.1721170395869191,10.403448275862068
14262,12892,OO,252,16.733067729083665,0.3968253968253968,13.366533864541832
14262,13232,WN,45,22.22222222222222,0.0,15.340909090909092
14262,13487,DL,243,16.872427983539097,0.0,9.28099173553719
14262,13796,WN,437,15.862068965517242,0.4576659038901602,10.751724137931035
14262,13930,AA,228,18.421052631578945,0.0,30.088105726872246
14262,13930,UA,254,12.204724409448819,0.0,13.948412698412698
14262,14057,AS,296,11.224489795918368,0.6756756756756757,5.568027210884353
14262,14057,OO,299,4.026845637583892,0.33444816053511706,3.335570469798658
14262,14107,AA,608,20.23217247097844,0.8223684210526315,18.00995024875622
14262,14107,MQ,111,3.6036036036036037,0.0,2.828828828828829
14262,14107,OO,646,20.652173913043477,0.30959752321981426,17.603421461897355
14262,14747,AS,834,16.545893719806763,0.7194244604316546,9.153567110036276
14262,14747,DL,126,8.73015873015873,0.0,7.2063492063492065
14262,14747,OO,358,14.52513966480447,0.0,9.733893557422968
14262,14771,F9,74,35.61643835616438,1.3513513513513513,26.273972602739725
14262,14771,OO,1776,26.185101580135438,0.22522522522522523,17.40124504810413
14262,14771,UA,236,22.22222222222222,0.847457627118644,21.38888888888889
14262,14831,WN,170,14.117647058823529,0.0,7.2176470588235295
14262,14869,DL,71,18.571428571428573,1.408450704225352,23.84285714285714
14262,14869,OO,831,4.332129963898916,0.0,3.3826714801444044
14262,14893,WN,387,16.5374677002584,0.0,10.345454545454546
14262,15023,OO,4,50.0,0.0,46.5
14307,10397,DL,862,18.417945690672962,1.740139211136891,11.584816132858837
14307,10693,WN,199,14.646464646464647,0.5025125628140703,8.767676767676768
14307,10821,WN,1543,15.900131406044679,1.3609850939727803,11.865877712031558
14307,11057,AA,1102,18.11460258780037,1.8148820326678765,16.888170055452864
14307,11057,OH,200,8.24742268041237,3.0,5.118556701030927
14307,11259,WN,9,11.11111111111111,0.0,4.333333333333333
14307,11278,AA,307,16.666666666666664,0.3257328990228013,16.075163398692812
14307,11278,MQ,88,28.000000000000004,14.772727272727273,17.69333333333333
14307,11278,OH,904,34.11042944785276,9.845132743362832,28.64734895191122
14307,11278,WN,561,19.926873857404022,2.4955436720142603,16.007312614259597
14307,11278,YX,343,24.47129909365559,3.498542274052478,16.57703927492447
14307,11292,WN,252,23.41269841269841,0.0,17.043650793650794
14307,11433,DL,69,13.23529411764706,1.4492753623188406,23.059701492537314
14307,11433,OO,454,19.77777777777778,0.8810572687224669,19.100222717149222
14307,11618,UA,3,0.0,0.0,0.0
14307,11618,YX,8,25.0,0.0,12.0
14307,11697,B6,424,25.890736342042754,0.7075471698113207,19.78095238095238
14307,11697,WN,28,28.57142857142857,0.0,21.25
14307,12264,YX,133,21.374045801526716,1.5037593984962405,17.213740458015266
14307,12478,B6,184,4.972375690607735,1.6304347826086956,3.292817679558011
14307,13204,B6,581,23.61111111111111,0.8605851979345955,20.89160839160839
14307,13204,WN,761,21.052631578947366,0.1314060446780552,13.768824306472919
14307,13232,WN,555,15.03623188405797,0.5405405405405406,12.16909090909091
14307,13487,DL,92,14.285714285714285,1.0869565217391304,22.644444444444446
14307,13930,AA,170,22.485207100591715,0.5882352941176471,20.189349112426036
14307,13930,MQ,81,42.857142857142854,4.938271604938271,30.92207792207792
14307,13930,OO,417,29.85436893203883,1.1990407673860912,28.83009708737864
14307,13930,UA,62,20.967741935483872,0.0,7.786885245901639
14307,13930,YX,345,16.422287390029325,1.1594202898550725,11.452941176470588
14307,14027,B6,367,26.243093922651934,1.3623978201634876,17.399441340782122
14307,14027,WN,17,35.294117647058826,0.0,25.88235294117647
14307,14082,G4,163,31.48148148148148,0.6134969325153374,19.438271604938272
14307,14100,AA,404,16.91919191919192,1.9801980198019802,27.94191919191919
14307,14100,OH,106,39.39393939393939,6.60377358490566,40.44444444444444
14307,14100,YX,37,5.555555555555555,2.7027027027027026,14.527777777777779
14307,14635,B6,125,26.01626016260163,1.6,20.357723577235774
14307,14635,WN,36,27.77777777777778,0.0,25.77777777777778
14307,14843,B6,289,16.666666666666664,0.3460207612456747,9.241258741258742
14307,15304,B6,274,27.205882352941174,0.7299270072992701,16.363970588235293
14307,15304,WN,370,23.306233062330623,0.2702702702702703,18.33062330623306
14314,10423,G4,88,13.636363636363635,0.0,11.897727272727273
14314,10466,G4,570,17.719298245614034,0.0,27.72056239015817
14314,10693,G4,78,2.5974025974025974,1.2820512820512822,2.4864864864864864
14314,11298,OO,825,21.905940594059405,2.0606060606060606,23.94506866416979
14314,12191,G4,101,12.871287128712872,0.0,17.534653465346533
14314,12889,G4,12,41.66666666666667,0.0,36.166666666666664
14314,13232,G4,46,20.0,2.1739130434782608,20.733333333333334
14314,14057,G4,98,13.26530612244898,0.0,9.418367346938776
14314,14107,OO,266,27.547169811320753,0.37593984962406013,35.361216730038024
14314,14679,G4,70,24.285714285714285,0.0,15.942857142857143
14314,14761,G4,60,18.333333333333332,0.0,9.661016949152541
14314,14908,G4,337,14.880952380952381,0.29673590504451036,9.595808383233534
14321,10397,DL,548,22.324723247232473,1.094890510948905,19.22222222222222
14321,10693,WN,157,31.84713375796178,0.0,21.419354838709676
14321,10821,WN,1126,17.815577439570276,0.7992895204262878,12.72262118491921
14321,11057,AA,423,23.27790973871734,0.4728132387706856,20.933014354066987
14321,11057,OH,209,12.254901960784313,2.3923444976076556,13.426470588235293
14321,11278,AA,413,26.48514851485149,2.179176755447942,35.569651741293534
14321,11278,MQ,29,48.275862068965516,0.0,27.678571428571427
14321,11278,OH,526,30.020703933747413,8.17490494296578,35.872651356993735
14321,11278,YX,143,18.30985915492958,0.6993006993006993,11.32394366197183
14321,11292,UA,171,30.0,0.5847953216374269,25.699386503067483
14321,11298,AA,144,19.58041958041958,0.6944444444444444,36.205673758865245
14321,11433,DL,337,18.80597014925373,0.5934718100890207,20.065868263473053
14321,11433,OO,44,38.63636363636363,0.0,21.386363636363637
14321,11433,YX,35,20.0,0.0,14.428571428571429
14321,11618,UA,227,12.612612612612612,2.202643171806167,10.306306306306306
14321,11618,YX,622,19.966442953020135,4.180064308681672,18.82046979865772
14321,12264,UA,15,20.0,0.0,26.533333333333335
14321,12264,YX,754,15.217391304347828,2.387267904509284,10.019047619047619
14321,12266,OO,13,15.384615384615385,0.0,7.416666666666667
14321,12478,B6,393,22.074468085106382,4.325699745547074,19.344
14321,12478,YX,4,25.0,0.0,6.25
14321,12953,YX,896,18.433179723502306,3.125,14.859447004608295
14321,13204,B6,53,20.754716981132077,0.0,14.49056603773585
14321,13204,F9,90,31.818181818181817,2.2222222222222223,36.11363636363637
14321,13204,WN,3,33.33333333333333,0.0,44.666666666666664
14321,13232,WN,149,24.65753424657534,2.0134228187919465,19.255172413793105
14321,13487,DL,142,7.042253521126761,0.0,7.535211267605634
14321,13930,MQ,61,6.557377049180328,0.0,3.5166666666666666
14321,13930,OO,278,28.000000000000004,1.079136690647482,17.434306569343065
14321,13930,UA,370,25.0,1.6216216216216217,24.137741046831955
14321,13930,YX,389,18.181818181818183,1.0282776349614395,16.35248041775457
14321,14100,AA,606,24.620573355817875,2.145214521452145,19.903553299492387
14321,14100,OH,143,33.33333333333333,3.4965034965034967,40.44202898550725
14321,15304,F9,35,23.52941176470588,2.857142857142857,44.88235294117647
14457,10397,DL,16,6.666666666666667,6.25,15.928571428571429
14457,10466,G4,173,24.561403508771928,1.1560693641618498,30.8
14457,11057,AA,9,22.22222222222222,0.0,21.555555555555557
14457,11057,MQ,88,21.59090909090909,0.0,8.397727272727273
14457,11057,OH,26,36.0,3.8461538461538463,17.916666666666668
14457,11292,OO,1965,26.556016597510375,1.8829516539440203,24.592805005213766
14457,11292,UA,519,25.63600782778865,1.5414258188824663,15.301960784313726
14457,11298,MQ,862,19.289940828402365,1.9721577726218098,14.405244338498212
14457,12889,G4,87,32.18390804597701,0.0,51.60919540229885
14457,12892,G4,1,100.0,0.0,246.0
14457,13487,OO,179,15.64245810055866,0.0,17.151685393258425
14457,13930,MQ,225,35.13513513513514,1.3333333333333333,23.25339366515837
14457,13930,OO,142,23.741007194244602,2.112676056338028,19.652173913043477
14457,13930,UA,185,23.497267759562842,1.0810810810810811,16.38888888888889
14457,13930,YX,31,9.67741935483871,0.0,9.741935483870968
14457,14761,G4,69,19.11764705882353,1.4492753623188406,12.073529411764707
14487,11292,OO,130,36.15384615384615,0.0,31.89763779527559
14487,12892,OO,270,8.518518518518519,0.0,6.5814814814814815
14487,14747,OO,195,26.153846153846157,0.0,15.476923076923077
14487,14771,OO,788,17.902813299232736,0.7614213197969543,20.19693094629156
14489,10800,OO,6,16.666666666666664,0.0,6.0
14489,11292,UA,608,21.947194719471945,0.32894736842105265,16.02828618968386
14489,11298,AA,90,33.70786516853933,1.1111111111111112,37.035714285714285
14489,12892,OO,304,12.171052631578947,0.0,9.865131578947368
14489,14057,OO,115,14.782608695652174,0.0,10.478260869565217
14489,14107,AA,4,0.0,0.0,1.5
14489,14107,MQ,599,8.862876254180602,0.1669449081803005,6.824120603015075
14489,14679,OO,259,15.41501976284585,2.3166023166023164,10.48605577689243
14489,14747,AS,444,24.373576309794988,1.1261261261261262,14.070615034168565
14489,14747,OO,1139,13.10466138962181,0.17559262510974538,10.43612334801762
14489,14771,OO,574,23.41549295774648,1.0452961672473868,15.996472663139329
14489,14771,UA,391,23.333333333333332,0.2557544757033248,17.379487179487178
14489,14869,OO,608,8.717105263157894,0.0,6.996710526315789
14492,10397,DL,3108,12.633624878522836,0.6756756756756757,10.659857328145266
14492,10397,F9,336,27.469135802469136,3.5714285714285716,24.934984520123837
14492,10397,WN,364,13.687150837988826,1.6483516483516483,11.44413407821229
14492,10423,OO,235,14.163090128755366,0.851063829787234,10.188841201716738
14492,10423,WN,430,20.093457943925234,0.46511627906976744,12.166276346604215
14492,10693,WN,997,16.683518705763397,0.802407221664995,9.450861195542046
14492,10693,YX,646,16.930379746835442,2.1671826625387,12.747217806041336
14492,10721,B6,995,21.712538226299692,1.407035175879397,19.46992864424057
14492,10721,DL,1241,21.859706362153343,1.20870265914585,20.36704730831974
14492,10721,F9,110,18.34862385321101,0.9090909090909091,11.44954128440367
14492,10721,YX,56,14.285714285714285,0.0,13.571428571428571
14492,10792,F9,73,37.5,1.36986301369863,26.0
14492,10821,NK,28,18.51851851851852,3.5714285714285716,36.888888888888886
14492,10821,WN,1450,15.815255423372987,1.4482758620689655,10.183601962158374
14492,11042,F9,151,14.56953642384106,0.0,14.072847682119205
14492,11057,AA,2812,17.685352622061483,1.6714082503556187,14.549927641099856
14492,11057,OH,2,0.0,0.0,0.0
14492,11193,OO,62,21.666666666666668,3.225806451612903,16.95
14492,11259,WN,347,25.872093023255815,0.8645533141210374,14.3
14492,11278,AA,230,26.431718061674008,1.3043478260869565,38.60352422907489
14492,11278,F9,1,100.0,0.0,891.0
14492,11278,MQ,271,21.09375,5.535055350553505,13.52156862745098
14492,11278,OH,673,41.05754276827372,4.457652303120357,33.08878504672897
14492,11278,YX,473,29.53020134228188,5.496828752642706,19.170403587443946
14492,11292,F9,216,36.27906976744186,0.46296296296296297,28.75586854460094
14492,11292,UA,696,18.063583815028903,0.5747126436781609,14.192139737991265
14492,11292,WN,585,25.51369863013699,0.17094017094017094,16.739279588336192
14492,11298,AA,1700,25.51640340218712,3.176470588235294,21.91860465116279
14492,11298,F9,121,23.931623931623932,3.3057851239669422,13.094017094017094
14492,11298,MQ,10,33.33333333333333,10.0,18.22222222222222
14492,11298,NK,50,32.0,0.0,21.428571428571427
14492,11433,DL,1143,11.41352063213345,0.34995625546806647,10.101232394366198
14492,11433,F9,104,17.307692307692307,0.0,10.192307692307692
14492,11433,NK,82,19.51219512195122,0.0,14.439024390243903
14492,11618,NK,110,45.91836734693878,10.909090909090908,45.57142857142857
14492,11618,UA,1203,31.090289608177173,2.4106400665004157,34.37425404944587
14492,11618,YX,167,32.23684210526316,8.982035928143713,30.717105263157894
14492,11697,B6,326,9.538461538461538,0.3067484662576687,5.3580246913580245
14492,11697,DL,304,21.262458471760798,0.9868421052631579,16.278523489932887
14492,11697,NK,232,19.480519480519483,0.43103448275862066,16.194805194805195
14492,11697,WN,110,19.090909090909093,0.0,13.909090909090908
14492,12191,WN,286,13.120567375886525,1.3986013986013985,9.747330960854093
14492,12264,UA,648,9.859154929577464,1.3888888888888888,9.533646322378717
14492,12264,YX,338,14.84848484848485,2.366863905325444,9.2
14492,12266,F9,90,34.48275862068966,3.3333333333333335,61.87356321839081
14492,12266,OO,9,66.66666666666666,0.0,128.66666666666666
14492,12266,UA,569,16.548042704626333,1.2302284710017575,14.505338078291816
14492,12339,F9,45,18.6046511627907,4.444444444444445,15.767441860465116
14492,12478,B6,780,22.559366754617415,2.8205128205128207,18.263852242744065
14492,12478,OO,4,0.0,0.0,0.0
14492,12478,YX,1122,24.58410351201479,3.5650623885918002,18.33703703703704
14492,12889,DL,302,9.271523178807946,0.0,4.325581395348837
14492,12889,F9,55,35.18518518518518,1.8181818181818181,25.27777777777778
14492,12889,WN,283,25.4416961130742,0.0,12.12099644128114
14492,12892,AA,308,14.332247557003258,0.3246753246753247,11.751633986928105
14492,12892,DL,330,9.422492401215806,0.30303030303030304,5.161585365853658
14492,12953,DL,120,26.495726495726498,2.5,23.726495726495727
14492,12953,F9,278,32.196969696969695,5.0359712230215825,31.16793893129771
14492,12953,OO,58,16.363636363636363,5.172413793103448,27.381818181818183
14492,12953,YX,1849,27.705382436260624,4.542996214169822,26.20533182076007
14492,13198,WN,58,20.689655172413794,0.0,13.105263157894736
14492,13204,DL,756,21.179624664879356,1.3227513227513228,19.716778523489932
14492,13204,F9,531,20.45889101338432,1.5065913370998116,22.625239005736137
14492,13204,WN,642,16.50943396226415,0.9345794392523364,11.603149606299212
14492,13204,YX,293,17.123287671232877,0.3412969283276451,18.685121107266436
14492,13232,WN,840,18.269230769230766,0.9523809523809523,10.784077201447527
14492,13303,AA,1587,20.59948979591837,1.1972274732199117,18.86381074168798
14492,13303,DL,304,15.894039735099339,0.6578947368421053,12.413907284768213
14492,13303,F9,129,25.196850393700785,1.550387596899225,27.362204724409448
14492,13303,MQ,112,18.01801801801802,0.8928571428571429,10.336363636363636
14492,13303,NK,29,17.24137931034483,0.0,22.25
14492,13303,YX,9,22.22222222222222,0.0,19.0
14492,13487,DL,1030,16.536964980544745,0.1941747572815534,14.620253164556962
14492,13495,NK,51,20.408163265306122,3.9215686274509802,17.53061224489796
14492,13495,WN,32,43.75,0.0,43.5
14492,13930,AA,564,11.913357400722022,1.7730496453900708,17.994584837545126
14492,13930,F9,90,39.08045977011494,3.3333333333333335,30.697674418604652
14492,13930,MQ,411,26.932668329177055,2.4330900243309004,22.32080200501253
14492,13930,OO,7,0.0,0.0,0.42857142857142855
14492,13930,UA,1010,22.14498510427011,0.297029702970297,18.34626865671642
14492,13930,YX,590,26.8630849220104,2.2033898305084745,19.06445993031359
14492,14100,AA,1460,29.797627355198884,1.8493150684931507,31.366876310272538
14492,14100,F9,451,32.71889400921659,3.7694013303769403,46.0184331797235
14492,14100,OH,152,24.65753424657534,3.9473684210526314,18.63888888888889
14492,14100,YX,3,33.33333333333333,0.0,7.5
14492,14107,AA,304,10.596026490066226,0.6578947368421053,9.946843853820598
14492,14107,WN,257,17.96875,0.38910505836575876,9.359375
14492,14122,YX,581,14.711033274956216,1.721170395869191,11.485964912280702
14492,14730,AA,2,50.0,0.0,12.5
14492,14747,AS,444,25.34246575342466,1.3513513513513513,12.542528735632184
14492,14747,DL,304,9.210526315789473,0.0,5.776315789473684
14492,14771,UA,712,16.01123595505618,0.0,10.938202247191011
14492,14843,B6,279,20.78853046594982,0.0,19.62815884476534
14492,14843,F9,87,46.34146341463415,5.747126436781609,47.073170731707314
14492,14869,DL,365,15.702479338842975,0.547945205479452,11.850828729281767
14492,15016,WN,521,14.34108527131783,0.9596928982725528,9.474708171206226
14492,15096,F9,36,27.77777777777778,0.0,24.166666666666668
14492,15304,DL,516,18.482490272373543,0.3875968992248062,15.552529182879377
14492,15304,F9,198,24.36548223350254,0.5050505050505051,27.065989847715738
14492,15304,WN,313,19.871794871794872,0.3194888178913738,12.448717948717949
14512,10466,G4,142,19.718309859154928,0.0,15.014084507042254
14512,10693,G4,46,26.08695652173913,0.0,47.52173913043478
14512,12889,G4,87,22.988505747126435,0.0,16.310344827586206
14512,14082,G4,180,20.0,0.0,16.694444444444443
14512,14112,G4,122,31.147540983606557,0.0,17.172131147540984
14512,14761,G4,124,43.44262295081967,1.6129032258064515,75.8688524590164
14512,14986,G4,81,17.28395061728395,0.0,19.97530864197531
14520,13487,OO,607,8.0,1.1532125205930808,11.198333333333334
14520,13930,OO,201,42.2680412371134,3.482587064676617,27.89637305699482
14524,10397,DL,2194,13.92988929889299,1.1850501367365542,10.466974595842956
14524,10397,F9,5,20.0,0.0,26.2
14524,10397,WN,97,15.625,1.0309278350515463,7.90625
14524,10693,G4,59,20.33898305084746,0.0,21.8135593220339
14524,10693,WN,304,15.841584158415841,0.32894736842105265,8.053156146179402
14524,10721,B6,702,22.575976845151953,1.566951566951567,15.31159420289855
14524,10721,YX,756,18.328840970350406,1.8518518518518519,13.628032345013477
14524,10821,WN,607,23.383084577114428,0.6589785831960461,18.232558139534884
14524,11057,AA,1705,15.990453460620524,1.7008797653958945,16.284179104477612
14524,11057,MQ,19,16.666666666666664,5.2631578947368425,9.722222222222221
14524,11057,OH,472,21.598272138228943,1.9067796610169492,15.943844492440604
14524,11057,OO,9,11.11111111111111,0.0,3.3333333333333335
14524,11292,F9,4,0.0,0.0,4.5
14524,11292,UA,304,14.56953642384106,0.6578947368421053,13.291390728476822
14524,11292,WN,272,29.77941176470588,0.0,16.640449438202246
14524,11298,AA,861,33.134684147795,2.5551684088269453,22.941176470588236
14524,11298,MQ,19,5.263157894736842,0.0,3.9444444444444446
14524,11433,DL,235,8.189655172413794,1.2765957446808511,8.137931034482758
14524,11433,NK,28,28.57142857142857,0.0,10.107142857142858
14524,11433,OO,377,23.59249329758713,1.0610079575596818,24.096774193548388
14524,11618,YX,294,47.10424710424711,11.904761904761905,50.22007722007722
14524,11697,B6,301,9.395973154362416,0.9966777408637874,8.276094276094277
14524,11697,NK,372,20.108695652173914,1.075268817204301,13.883152173913043
14524,12264,YX,55,12.962962962962962,1.8181818181818181,5.111111111111111
14524,12266,UA,7,16.666666666666664,14.285714285714286,46.666666666666664
14524,12478,YX,25,12.0,0.0,7.68
14524,12953,NK,36,38.23529411764706,5.555555555555555,19.757575757575758
14524,12953,OO,47,46.666666666666664,4.25531914893617,33.422222222222224
14524,12953,YX,1329,27.4079874706343,3.912716328066215,22.04306969459671
14524,13204,B6,512,22.682445759368836,0.9765625,19.938369781312126
14524,13204,NK,216,30.09259259259259,0.0,23.205607476635514
14524,13204,WN,171,28.654970760233915,0.0,21.50877192982456
14524,13232,WN,354,15.58073654390935,0.2824858757062147,12.173789173789174
14524,13303,AA,304,13.333333333333334,1.3157894736842106,12.234899328859061
14524,13303,MQ,35,23.52941176470588,2.857142857142857,12.558823529411764
14524,13303,YX,9,44.44444444444444,0.0,25.666666666666668
14524,13487,DL,1,0.0,0.0,0.0
14524,13487,OO,24,0.0,0.0,0.625
14524,13930,MQ,186,25.405405405405407,0.5376344086021505,14.05945945945946
14524,13930,OO,477,37.553648068669524,2.3060796645702304,37.15151515151515
14524,13930,UA,291,8.650519031141869,0.6872852233676976,6.590277777777778
14524,13930,YX,210,24.390243902439025,2.380952380952381,25.482926829268294
14524,14082,G4,22,31.818181818181817,0.0,33.27272727272727
14524,14100,OH,188,41.27906976744186,8.51063829787234,30.61627906976744
14524,14100,YX,26,38.46153846153847,0.0,19.76923076923077
14524,14112,G4,79,40.50632911392405,0.0,19.662337662337663
14524,14761,G4,12,33.33333333333333,0.0,16.5
14534,11292,OO,608,17.24709784411277,0.8223684210526315,27.395309882747068
14543,11292,OO,608,20.198675496688743,0.6578947368421053,34.76166666666666
14570,10397,DL,267,28.13688212927757,1.4981273408239701,31.482889733840302
14570,10423,WN,132,12.213740458015266,0.7575757575757576,7.407692307692308
14570,10800,WN,399,16.20253164556962,1.0025062656641603,10.939240506329114
14570,11259,WN,42,9.523809523809524,0.0,6.4523809523809526
14570,11292,F9,94,17.02127659574468,0.0,16.404255319148938
14570,11292,OO,24,8.333333333333332,0.0,2.8333333333333335
14570,11292,UA,1274,21.468034727703238,0.5494505494505495,16.537728355837967
14570,11292,WN,915,17.47252747252747,0.546448087431694,13.035242290748899
14570,11298,AA,1048,19.31372549019608,2.6717557251908395,23.338949454905848
14570,11618,UA,3,0.0,0.0,3.0
14570,12266,UA,27,19.230769230769234,3.7037037037037037,17.076923076923077
14570,12478,B6,132,36.434108527131784,2.272727272727273,97.078125
14570,12889,F9,127,36.29032258064516,2.3622047244094486,39.300813008130085
14570,12889,NK,498,10.408163265306122,1.606425702811245,8.320408163265306
14570,12889,WN,2603,18.25242718446602,1.075681905493661,11.296929654100271
14570,12892,NK,48,21.73913043478261,4.166666666666667,13.369565217391305
14570,12892,OO,1918,12.289915966386554,0.7299270072992701,8.802521008403362
14570,12892,UA,4,0.0,0.0,0.0
14570,12892,WN,304,16.887417218543046,0.6578947368421053,10.678807947019868
14570,12954,WN,613,14.710743801652892,1.3050570962479608,8.572847682119205
14570,13232,WN,85,3.5294117647058822,0.0,2.2771084337349397
14570,13487,DL,92,17.391304347826086,0.0,21.26086956521739
14570,13796,WN,223,6.363636363636363,1.345291479820628,3.331818181818182
14570,13930,UA,305,13.90728476821192,0.9836065573770492,9.675496688741722
14570,14057,OO,204,8.415841584158416,0.9803921568627451,9.336633663366337
14570,14107,AA,1056,12.51193887297039,0.8522727272727273,16.12535885167464
14570,14107,MQ,92,7.608695652173914,0.0,7.7032967032967035
14570,14107,OO,88,12.643678160919542,1.1363636363636365,10.425287356321839
14570,14107,WN,780,12.823834196891193,1.0256410256410255,8.623376623376624
14570,14679,NK,9,11.11111111111111,0.0,5.777777777777778
14570,14679,OO,110,42.99065420560748,2.727272727272727,24.074766355140188
14570,14679,WN,779,22.727272727272727,1.1553273427471116,13.631853785900784
14570,14747,AS,634,31.561996779388085,2.050473186119874,16.942028985507246
14570,14747,OO,71,38.028169014084504,0.0,22.08450704225352
14570,14771,OO,889,26.42369020501139,1.2373453318335208,14.372437357630979
14570,14771,UA,543,21.666666666666668,0.5524861878453039,13.45
14570,14831,WN,189,25.0,0.5291005291005291,12.553191489361701
14570,14869,DL,608,12.541254125412541,0.32894736842105265,12.963696369636963
14570,14869,OO,388,13.402061855670103,0.0,8.378865979381443
14574,10397,DL,304,8.666666666666668,1.3157894736842106,12.204697986577182
14574,12953,YX,269,34.552845528455286,8.550185873605948,53.42857142857143
14574,13930,OO,514,28.346456692913385,1.1673151750972763,27.93885601577909
14574,13930,YX,86,20.238095238095237,2.3255813953488373,15.773809523809524
14574,14112,G4,109,52.293577981651374,0.0,58.36697247706422
14574,14761,G4,104,70.58823529411765,1.9230769230769231,80.58823529411765
14574,14986,G4,75,17.333333333333336,0.0,27.106666666666666
14576,10397,DL,875,20.557491289198605,1.6,12.386231038506418
14576,10821,WN,914,17.218543046357617,0.87527352297593,12.748344370860927
14576,11057,AA,646,16.614420062695924,1.238390092879257,15.4858934169279
14576,11057,OH,235,19.65811965811966,0.425531914893617,10.626609442060087
14576,11278,MQ,141,20.437956204379564,2.8368794326241136,12.437956204379562
14576,11278,OH,815,29.571984435797667,5.398773006134969,30.546163849154745
14576,11278,YX,66,30.158730158730158,4.545454545454546,18.532258064516128
14576,11433,DL,1,100.0,0.0,91.0
14576,11433,OO,325,19.692307692307693,0.0,18.332307692307694
14576,11433,YX,1,0.0,0.0,2.0
14576,11618,UA,138,16.05839416058394,0.7246376811594203,12.087591240875913
14576,11618,YX,226,18.009478672985782,6.6371681415929205,14.957345971563981
14576,11697,NK,169,35.11904761904761,0.591715976331361,22.25748502994012
14576,12264,UA,5,40.0,0.0,14.6
14576,12264,YX,109,13.20754716981132,2.7522935779816513,14.018867924528301
14576,12478,B6,579,19.400352733686066,2.0725388601036268,21.597173144876326
14576,12478,YX,126,18.69918699186992,2.380952380952381,12.130081300813009
14576,12889,WN,265,33.9622641509434,0.0,20.932075471698113
14576,12953,OO,126,25.203252032520325,2.380952380952381,23.21951219512195
14576,12953,YX,5,0.0,0.0,0.0
14576,13204,NK,267,23.106060606060606,1.1235955056179776,19.817490494296578
14576,13204,WN,279,22.58064516129032,0.0,19.776978417266186
14576,13232,WN,149,8.783783783783784,0.6711409395973155,7.4324324324324325
14576,13303,MQ,2,0.0,0.0,0.0
14576,13303,YX,13,15.384615384615385,0.0,5.076923076923077
14576,13577,NK,25,4.166666666666666,4.0,3.9583333333333335
14576,13930,MQ,775,24.11994784876141,1.032258064516129,14.18798955613577
14576,13930,OO,64,17.46031746031746,1.5625,16.253968253968253
14576,13930,UA,452,28.41163310961969,1.1061946902654867,22.41834451901566
14576,13930,YX,526,17.274472168905948,0.9505703422053232,12.834932821497121
14576,14082,G4,47,36.17021276595745,0.0,26.148936170212767
14576,14635,WN,3,33.33333333333333,0.0,13.333333333333334
14576,15304,WN,63,24.193548387096776,1.5873015873015872,23.870967741935484
14588,11298,OO,827,22.0125786163522,3.8694074969770256,26.81841109709962
14633,13487,OO,215,16.27906976744186,0.0,11.502325581395349
14633,13930,MQ,87,20.930232558139537,1.1494252873563218,10.837209302325581
14633,13930,OO,563,34.9005424954792,1.7761989342806395,31.571428571428573
14635,10158,NK,302,16.611295681063122,0.33112582781456956,11.646666666666667
14635,10257,WN,13,23.076923076923077,0.0,8.615384615384615
14635,10397,DL,2326,13.582934262080975,1.2467755803955287,11.92791612057667
14635,10397,F9,40,47.368421052631575,5.0,41.68421052631579
14635,10397,WN,92,19.78021978021978,1.0869565217391304,10.417582417582418
14635,10529,B6,347,26.900584795321635,1.440922190201729,24.82991202346041
14635,10529,WN,13,30.76923076923077,0.0,38.07692307692308
14635,10693,NK,2,50.0,0.0,71.5
14635,10693,WN,539,19.144981412639407,0.18552875695732837,12.005607476635515
14635,10721,AA,6,0.0,0.0,2.5
14635,10721,B6,1292,28.684003152088263,1.7801857585139318,22.105761641673244
14635,10721,DL,493,24.489795918367346,0.6085192697768763,19.775510204081634
14635,10721,NK,184,18.88888888888889,2.1739130434782608,15.21111111111111
14635,10792,F9,102,21.21212121212121,2.9411764705882355,24.90909090909091
14635,10792,WN,101,28.71287128712871,0.0,15.099009900990099
14635,10821,NK,12,16.666666666666664,0.0,8.416666666666666
14635,10821,WN,1167,16.955017301038062,0.9425878320479862,12.466145833333334
14635,11042,F9,469,22.51082251082251,1.492537313432836,19.906926406926406
14635,11042,UA,321,7.165109034267912,0.0,5.277258566978193
14635,11042,WN,5,40.0,0.0,15.0
14635,11057,AA,1566,16.147859922178988,1.5325670498084292,15.007802340702211
14635,11057,NK,51,8.333333333333332,5.882352941176471,3.5
14635,11066,NK,11,18.181818181818183,0.0,3.909090909090909
14635,11066,WN,489,22.33606557377049,0.20449897750511248,15.21516393442623
14635,11193,DL,286,14.840989399293287,1.048951048951049,19.229681978798588
14635,11193,F9,314,17.684887459807076,0.9554140127388535,18.70873786407767
14635,11259,WN,124,21.311475409836063,1.6129032258064515,16.737704918032787
14635,11278,AA,326,25.937500000000004,1.8404907975460123,27.455974842767297
14635,11278,MQ,156,28.75816993464052,1.9230769230769231,20.00662251655629
14635,11278,OH,45,42.857142857142854,6.666666666666667,63.24390243902439
14635,11278,YX,85,43.24324324324324,12.941176470588236,29.835616438356166
14635,11292,F9,13,38.46153846153847,0.0,16.923076923076923
14635,11292,UA,573,21.678321678321677,0.17452006980802792,14.244288224956064
14635,11292,WN,245,17.21311475409836,0.40816326530612246,10.687242798353909
14635,11298,AA,1141,28.778280542986423,3.1551270815074495,29.196542311191994
14635,11433,DL,999,15.874620829120323,1.001001001001001,11.943204868154158
14635,11433,F9,46,29.545454545454547,4.3478260869565215,17.65909090909091
14635,11433,NK,439,24.31192660550459,0.683371298405467,21.786206896551725
14635,11618,B6,301,28.95622895622896,1.3289036544850499,27.636986301369863
14635,11618,NK,20,55.55555555555556,10.0,90.16666666666667
14635,11618,UA,1352,23.168908819133037,1.0355029585798816,24.342085521380344
14635,11986,F9,84,10.843373493975903,1.1904761904761905,16.759036144578314
14635,11986,WN,22,27.27272727272727,0.0,13.318181818181818
14635,12191,WN,21,14.285714285714285,0.0,6.05
14635,12197,B6,601,18.425460636515915,0.6655574043261231,12.51864406779661
14635,12264,UA,393,15.34526854219949,0.5089058524173028,10.51918158567775
14635,12266,UA,621,18.152350081037277,0.644122383252818,17.104234527687296
14635,12339,NK,77,21.052631578947366,1.2987012987012987,17.842105263157894
14635,12339,WN,670,22.55639097744361,0.746268656716418,15.009022556390978
14635,12391,F9,58,33.33333333333333,1.7241379310344827,24.82456140350877
14635,12478,B6,703,22.786647314949203,1.9914651493598863,21.806122448979593
14635,12478,DL,407,19.75,1.71990171990172,15.42713567839196
14635,12892,UA,2,0.0,0.0,0.0
14635,12953,AA,123,34.42622950819672,0.8130081300813008,31.565573770491802
14635,12953,DL,602,27.966101694915253,1.9933554817275747,26.566326530612244
14635,13198,WN,193,26.842105263157894,1.5544041450777202,18.842105263157894
14635,13204,WN,175,14.534883720930234,1.7142857142857142,6.988372093023256
14635,13232,WN,976,17.665289256198346,0.819672131147541,10.646997929606625
14635,13296,B6,46,26.08695652173913,0.0,21.41304347826087
14635,13342,NK,9,22.22222222222222,0.0,7.0
14635,13342,WN,346,21.38728323699422,0.0,14.3121387283237
14635,13487,DL,1006,14.770459081836327,0.3976143141153082,13.265469061876248
14635,13487,NK,35,35.294117647058826,2.857142857142857,27.264705882352942
14635,13487,WN,3,100.0,0.0,36.333333333333336
14635,13930,AA,706,26.29310344827586,1.4164305949008498,26.03343023255814
14635,13930,F9,57,28.07017543859649,0.0,16.385964912280702
14635,13930,NK,321,16.560509554140125,2.1806853582554515,19.331210191082803
14635,13930,UA,1231,14.73941368078176,0.24370430544272947,11.380603096984515
14635,13930,YX,1,100.0,0.0,108.0
14635,13933,B6,90,28.735632183908045,3.3333333333333335,16.627906976744185
14635,14100,AA,850,24.253285543608126,1.5294117647058822,25.61437125748503
14635,14100,F9,258,33.6,3.10077519379845,31.176706827309236
14635,14100,NK,31,19.35483870967742,0.0,16.677419354838708
14635,14122,NK,90,14.444444444444443,0.0,11.488888888888889
14635,14122,WN,424,17.494089834515368,0.2358490566037736,12.278959810874705
14635,14307,B6,125,22.76422764227642,1.6,23.51219512195122
14635,14307,WN,36,22.22222222222222,0.0,14.777777777777779
14635,14576,WN,3,33.33333333333333,0.0,11.333333333333334
14635,14730,WN,10,60.0,0.0,53.3
14635,14747,AS,32,31.25,0.0,19.65625
14635,14771,UA,3,0.0,0.0,0.0
14635,15016,WN,829,18.856447688564476,0.8443908323281062,12.56829268292683
14635,15356,F9,73,26.08695652173913,5.47945205479452,17.426470588235293
14674,11292,OO,1161,24.805531547104582,0.34453057708871665,18.059792027729635
14674,11298,OH,9,100.0,11.11111111111111,100.0
14674,11298,OO,1511,23.485364193328795,2.7796161482461947,20.634746922024625
14674,12266,OO,17,29.411764705882355,0.0,11.764705882352942
14674,12892,OO,26,23.076923076923077,0.0,14.0
14674,14107,OO,316,22.929936305732486,0.6329113924050633,20.653846153846153
14679,10140,WN,545,24.118738404452692,1.1009174311926606,14.935064935064934
14679,10299,AS,17,17.647058823529413,0.0,4.823529411764706
14679,10397,AS,292,31.724137931034484,0.684931506849315,17.59027777777778
14679,10397,DL,1785,14.205186020293123,0.6162464985994398,9.8726549175668
14679,10397,WN,1,100.0,0.0,24.0
14679,10423,AS,9,44.44444444444444,0.0,34.888888888888886
14679,10423,F9,74,23.28767123287671,1.3513513513513513,11.191780821917808
14679,10423,OO,564,26.737967914438503,0.5319148936170213,18.118067978533094
14679,10423,WN,1121,24.017857142857142,0.08920606601248884,13.837209302325581
14679,10666,G4,25,36.0,0.0,41.16
14679,10693,WN,747,21.236559139784948,0.40160642570281124,11.41644204851752
14679,10713,AS,72,17.142857142857142,2.7777777777777777,7.642857142857143
14679,10713,OO,428,20.047169811320757,0.9345794392523364,10.787735849056604
14679,10713,WN,257,21.40077821011673,0.0,11.202334630350194
14679,10721,AS,426,25.238095238095237,1.408450704225352,17.86987951807229
14679,10721,B6,720,20.13986013986014,0.6944444444444444,17.43216783216783
14679,10721,DL,304,22.8476821192053,0.6578947368421053,18.3156146179402
14679,10821,WN,804,16.14518147684606,0.6218905472636815,8.58720200752823
14679,10849,OO,44,15.909090909090908,0.0,7.659090909090909
14679,11057,AA,1381,16.472303206997086,0.6517016654598118,17.988286969253295
14679,11066,WN,31,22.58064516129032,0.0,8.966666666666667
14679,11109,WN,24,12.5,0.0,6.125
14679,11259,WN,1314,21.307692307692307,1.06544901065449,12.603421461897357
14679,11278,AS,229,40.969162995594715,0.8733624454148472,22.61061946902655
14679,11292,AS,54,22.641509433962266,1.8518518518518519,11.773584905660377
14679,11292,F9,661,25.0381679389313,0.9077155824508321,18.001529051987767
14679,11292,OO,29,17.24137931034483,0.0,8.931034482758621
14679,11292,UA,1748,18.735632183908045,0.4576659038901602,12.452078521939955
14679,11292,WN,1970,28.732106339468306,0.7106598984771574,19.426659804426144
14679,11298,AA,2663,22.885958107059736,3.1918888471648517,21.700390625
14679,11298,F9,227,29.86425339366516,2.643171806167401,31.895927601809955
14679,11423,G4,26,57.692307692307686,0.0,56.19230769230769
14679,11433,DL,1006,14.385614385614387,0.4970178926441352,8.281
14679,11433,NK,66,32.30769230769231,1.5151515151515151,27.50769230769231
14679,11503,OO,33,30.303030303030305,0.0,9.606060606060606
14679,11540,WN,270,20.522388059701495,0.7407407407407407,15.104477611940299
14679,11603,AS,73,26.76056338028169,2.73972602739726,10.788732394366198
14679,11603,OO,175,25.142857142857146,0.0,15.657142857142857
14679,11618,AS,262,30.434782608695656,3.435114503816794,33.685483870967744
14679,11618,UA,1048,18.647342995169083,1.2404580152671756,16.191219512195122
14679,11638,AS,42,28.57142857142857,0.0,10.619047619047619
14679,11638,OO,953,26.560846560846564,0.8394543546694648,15.671957671957673
14679,11638,WN,56,29.09090909090909,1.7857142857142858,14.854545454545455
14679,11648,OO,40,27.500000000000004,0.0,15.425
14679,11697,AS,119,21.008403361344538,0.0,8.796610169491526
14679,11697,B6,6,50.0,0.0,178.0
14679,11884,AS,243,24.47257383966245,2.4691358024691357,13.637130801687764
14679,11884,OO,22,31.818181818181817,0.0,10.727272727272727
14679,12094,OO,46,21.73913043478261,0.0,11.911111111111111
14679,12173,AS,167,20.35928143712575,0.0,10.130434782608695
14679,12173,HA,550,40.65934065934066,0.7272727272727273,25.677716390423573
14679,12173,WN,605,14.262023217247096,0.3305785123966942,7.833892617449664
14679,12191,WN,695,24.85549132947977,0.4316546762589928,12.539130434782608
14679,12264,AS,302,17.60797342192691,0.33112582781456956,11.185185185185185
14679,12264,UA,906,13.52549889135255,0.44150110375275936,11.231543624161073
14679,12266,UA,1386,15.412710007304604,1.2265512265512266,11.041085840058694
14679,12339,WN,260,25.769230769230766,0.0,15.61923076923077
14679,12441,OO,72,31.88405797101449,4.166666666666667,18.666666666666668
14679,12478,AS,536,17.20226843100189,1.3059701492537314,9.093690248565965
14679,12478,B6,601,16.3265306122449,2.1630615640599,14.66095890410959
14679,12478,DL,859,20.0,1.0477299185098952,17.89504716981132
14679,12758,AS,273,20.955882352941178,0.3663003663003663,11.583025830258302
14679,12889,AS,1,100.0,0.0,20.0
14679,12889,F9,393,34.9869451697128,2.544529262086514,43.13350785340314
14679,12889,NK,827,14.460784313725492,1.3301088270858525,10.780637254901961
14679,12889,OO,1779,28.335233751425314,1.405283867341203,21.230330672748003
14679,12889,WN,3132,23.440514469453376,0.70242656449553,13.457850707850708
14679,12892,OO,1989,10.820332159033718,0.10055304172951232,8.341217916456971
14679,12892,UA,11,18.181818181818183,0.0,6.909090909090909
14679,12982,AS,179,15.428571428571427,2.2346368715083798,12.242774566473988
14679,13198,WN,340,20.474777448071215,0.8823529411764706,14.6053412462908
14679,13204,AS,533,23.35216572504708,0.37523452157598497,13.349716446124763
14679,13204,WN,171,24.561403508771928,0.0,16.0
14679,13232,WN,822,22.439024390243905,0.24330900243309003,12.768665850673194
14679,13264,G4,24,20.833333333333336,0.0,10.0
14679,13303,AA,459,15.065502183406112,0.2178649237472767,24.102620087336245
14679,13342,WN,30,6.666666666666667,0.0,3.8666666666666667
14679,13476,OO,607,25.126475548060707,2.3064250411861615,13.892857142857142
14679,13486,OO,10,40.0,0.0,15.9
14679,13487,DL,1077,13.023255813953488,0.18570102135561745,9.82089552238806
14679,13495,WN,289,33.21678321678322,1.0380622837370241,19.384615384615383
14679,13796,NK,168,16.071428571428573,0.0,10.821428571428571
14679,13796,WN,2565,22.961795982670345,1.01364522417154,11.8628841607565
14679,13830,AS,445,16.136363636363637,1.1235955056179776,10.384439359267734
14679,13830,HA,162,16.666666666666664,0.0,20.76875
14679,13930,AA,1145,20.088105726872246,0.8733624454148472,18.463306808134394
14679,13930,AS,80,18.181818181818183,3.75,9.792207792207792
14679,13930,F9,80,67.94871794871796,2.5,96.32051282051282
14679,13930,UA,1417,16.407355021216407,0.2117148906139732,11.777146912704046
14679,14057,AS,1330,13.861386138613863,1.2781954887218046,9.153846153846153
14679,14057,OO,28,25.0,0.0,16.107142857142858
14679,14057,WN,23,30.434782608695656,0.0,10.304347826086957
14679,14100,AA,858,13.797169811320757,1.1655011655011656,18.932223543400713
14679,14107,AA,1415,19.446415897799856,0.42402826855123676,20.60071174377224
14679,14107,AS,217,22.065727699530516,1.8433179723502304,11.63849765258216
14679,14107,F9,404,27.525252525252526,1.9801980198019802,29.58481012658228
14679,14107,WN,2660,22.073961113229128,1.3909774436090225,12.152173913043478
14679,14122,WN,9,11.11111111111111,0.0,9.88888888888889
14679,14314,G4,70,41.42857142857143,0.0,26.65714285714286
14679,14489,OO,260,16.07843137254902,1.9230769230769231,9.466403162055336
14679,14570,NK,9,0.0,0.0,0.7777777777777778
14679,14570,OO,110,31.775700934579437,2.727272727272727,22.29245283018868
14679,14570,WN,778,21.948051948051948,1.0282776349614395,12.522135416666666
14679,14683,WN,544,24.538745387453876,0.36764705882352944,14.818518518518518
14679,14698,OO,558,28.51851851851852,3.225806451612903,15.949907235621522
14679,14747,AS,2410,25.95258255715495,1.991701244813278,15.718458933107536
14679,14747,DL,1411,12.864250177683015,0.28348688873139616,12.667378917378917
14679,14747,OO,2,0.0,0.0,0.0
14679,14771,AS,301,44.666666666666664,0.33222591362126247,25.85
14679,14771,F9,211,40.79601990049751,4.739336492890995,29.90547263681592
14679,14771,OO,1619,27.454659161976235,1.2353304508956147,15.695297805642634
14679,14771,UA,2152,21.131369798971484,0.604089219330855,13.518934081346423
14679,14771,WN,1355,35.851851851851855,0.36900369003690037,21.90074074074074
14679,14831,AS,67,24.615384615384617,2.985074626865672,12.446153846153846
14679,14831,NK,187,15.053763440860216,0.5347593582887701,13.96236559139785
14679,14831,OO,1009,20.941883767535067,1.0901883052527255,10.930861723446894
14679,14831,WN,3176,21.29746835443038,0.5037783375314862,12.115262824572515
14679,14869,DL,1451,13.18150448585231,0.13783597518952448,9.091850828729282
14679,14869,F9,61,21.311475409836063,0.0,14.147540983606557
14679,14869,OO,302,26.158940397350992,0.0,16.721854304635762
14679,14869,WN,327,20.489296636085626,0.0,10.905198776758409
14679,14893,AS,6,66.66666666666666,0.0,50.166666666666664
14679,14893,F9,27,7.4074074074074066,0.0,6.148148148148148
14679,14893,OO,1004,27.263581488933603,0.9960159362549801,14.827794561933535
14679,14893,WN,3214,20.619524405506883,0.5600497822028625,11.421679197994987
14679,15016,WN,421,15.75178997613365,0.4750593824228028,8.412470023980815
14679,15023,OO,632,23.214285714285715,2.5316455696202533,12.795081967213115
14679,15304,AS,283,17.857142857142858,1.0600706713780919,11.175627240143369
14679,15304,WN,38,10.526315789473683,0.0,8.394736842105264
14679,15376,WN,513,20.784313725490197,0.5847953216374269,12.96078431372549
14683,10140,WN,9,88.88888888888889,0.0,60.77777777777778
14683,10397,DL,2093,16.835504100337676,0.9555661729574773,12.853753026634383
14683,10397,F9,57,51.85185185185185,5.2631578947368425,83.44444444444444
14683,10397,NK,91,38.88888888888889,1.098901098901099,27.61111111111111
14683,10397,WN,382,15.03957783641161,0.7853403141361257,7.773333333333333
14683,10693,NK,28,48.148148148148145,3.5714285714285716,50.0
14683,10693,WN,766,12.23684210526316,0.783289817232376,7.900924702774108
14683,10721,DL,281,41.57706093189964,0.7117437722419929,40.624548736462096
14683,10800,WN,19,22.22222222222222,5.2631578947368425,7.666666666666667
14683,10821,NK,17,37.5,5.882352941176471,20.666666666666668
14683,10821,WN,674,15.66265060240964,1.4836795252225519,10.617824773413897
14683,11057,AA,1176,15.133276010318141,1.1054421768707483,22.16365202411714
14683,11066,DL,1,0.0,0.0,1.0
14683,11109,WN,3,0.0,0.0,7.333333333333333
14683,11259,WN,2321,14.931927975406238,1.8957345971563981,10.614505494505494
14683,11278,AA,243,7.949790794979079,1.646090534979424,7.53781512605042
14683,11292,F9,201,30.808080808080806,1.492537313432836,22.72222222222222
14683,11292,OO,32,12.5,0.0,11.129032258064516
14683,11292,UA,1020,21.25984251968504,0.39215686274509803,20.35014836795252
14683,11292,WN,1198,18.55583543240974,0.5843071786310517,12.636363636363637
14683,11298,AA,2876,23.861171366594363,3.8247566063977745,25.791742122419414
14683,11298,MQ,613,27.986348122866893,4.404567699836868,23.72680412371134
14683,11298,OO,310,31.103678929765888,3.5483870967741935,24.953020134228186
14683,11433,DL,763,10.408432147562582,0.5242463958060288,8.66931216931217
14683,11433,NK,33,6.0606060606060606,0.0,13.0
14683,11540,WN,753,16.711229946524064,0.6640106241699867,10.809906291834002
14683,11618,NK,18,50.0,0.0,35.529411764705884
14683,11618,UA,376,16.890080428954423,0.7978723404255319,14.899728997289973
14683,11697,NK,240,14.705882352941178,0.8333333333333334,10.441176470588236
14683,11697,WN,1,0.0,0.0,0.0
14683,12191,WN,1320,20.718654434250762,0.9090909090909091,11.746932515337424
14683,12264,UA,529,10.056925996204933,0.3780718336483932,9.713740458015268
14683,12266,OO,112,21.428571428571427,0.0,29.63063063063063
14683,12266,UA,1870,19.32681867535288,1.4973262032085561,13.926127104834329
14683,12478,DL,305,20.86092715231788,0.9836065573770492,21.283783783783782
14683,12889,F9,197,16.3265306122449,0.5076142131979695,13.24102564102564
14683,12889,NK,405,16.791979949874687,1.4814814814814814,16.137844611528823
14683,12889,WN,1267,15.889328063241107,0.15785319652722968,9.711340206185566
14683,12892,AA,129,14.728682170542637,0.0,22.86046511627907
14683,12892,DL,577,10.434782608695652,0.3466204506065858,8.628919860627178
14683,12892,NK,265,15.209125475285171,0.7547169811320755,11.206106870229007
14683,12892,OO,434,11.778290993071593,0.2304147465437788,7.44212962962963
14683,12892,WN,302,21.52317880794702,0.0,12.837209302325581
14683,13198,WN,255,16.535433070866144,0.39215686274509803,9.395256916996047
14683,13204,F9,93,10.112359550561797,4.301075268817204,10.561797752808989
14683,13204,NK,211,15.639810426540285,0.0,17.323809523809523
14683,13204,WN,615,20.22838499184339,0.3252032520325203,14.406862745098039
14683,13232,WN,617,11.419249592169658,0.6482982171799028,7.2360655737704915
14683,13303,AA,307,9.333333333333334,2.2801302931596092,6.0
14683,13303,MQ,159,26.11464968152866,1.2578616352201257,21.305732484076433
14683,13303,NK,8,25.0,0.0,30.25
14683,13487,DL,739,14.986376021798364,0.6765899864682002,15.333333333333334
14683,13495,NK,19,26.31578947368421,0.0,23.42105263157895
14683,13495,WN,321,14.106583072100312,0.6230529595015576,5.490566037735849
14683,13851,WN,191,10.471204188481675,0.0,6.020942408376963
14683,13930,AA,675,25.150602409638555,1.6296296296296295,21.258358662613983
14683,13930,MQ,32,15.625,0.0,9.71875
14683,13930,OO,118,35.04273504273504,0.847457627118644,28.752136752136753
14683,13930,UA,645,14.21875,0.7751937984496124,15.213500784929357
14683,13930,YX,35,14.705882352941178,2.857142857142857,7.4411764705882355
14683,14100,AA,153,22.972972972972975,3.2679738562091503,21.93918918918919
14683,14107,AA,837,16.887816646562122,0.955794504181601,19.590579710144926
14683,14107,F9,10,40.0,0.0,23.9
14683,14107,MQ,1,0.0,0.0,0.0
14683,14107,OO,86,12.790697674418606,0.0,8.267441860465116
14683,14107,WN,1156,16.362053959965188,0.6055363321799307,9.818657367044464
14683,14679,WN,507,18.93491124260355,0.0,11.505928853754941
14683,14747,AS,495,28.920570264765782,0.8080808080808081,16.120654396728018
14683,14771,OO,236,11.016949152542372,0.0,8.152542372881356
14683,14771,UA,173,9.826589595375722,0.0,10.121387283236995
14683,14843,NK,82,32.926829268292686,0.0,20.585365853658537
14683,14869,DL,833,16.405307599517492,0.4801920768307323,14.86972255729795
14683,14869,OO,1,0.0,0.0,4.0
14683,15016,WN,487,11.387163561076605,0.8213552361396304,6.358178053830228
14683,15304,NK,57,25.454545454545453,3.508771929824561,16.09259259259259
14683,15304,WN,321,14.733542319749215,0.6230529595015576,12.39498432601881
14685,10397,DL,2413,13.743676222596966,1.6991297140489017,10.245044285111767
14685,10408,G4,41,24.390243902439025,0.0,19.48780487804878
14685,10431,G4,1,100.0,0.0,30.0
14685,10676,G4,13,38.46153846153847,0.0,19.615384615384617
14685,10693,WN,602,21.308724832214764,0.9966777408637874,16.0
14685,10721,B6,538,33.714285714285715,2.41635687732342,28.40267175572519
14685,10721,DL,34,39.39393939393939,2.9411764705882355,77.06060606060606
14685,10721,G4,30,6.666666666666667,0.0,2.6
14685,10721,YX,294,36.206896551724135,1.3605442176870748,26.875862068965517
14685,10821,WN,824,23.161764705882355,0.970873786407767,15.352579852579852
14685,10874,G4,133,18.939393939393938,0.7518796992481203,24.189393939393938
14685,11057,AA,596,22.82793867120954,1.5100671140939597,22.197952218430036
14685,11057,MQ,55,14.814814814814813,1.8181818181818181,9.444444444444445
14685,11057,OH,1590,12.743823146944083,3.270440251572327,11.581924577373211
14685,11193,G4,173,29.069767441860467,0.5780346820809249,27.13450292397661
14685,11259,WN,276,26.545454545454543,0.36231884057971014,18.40221402214022
14685,11278,MQ,60,29.09090909090909,8.333333333333334,20.64814814814815
14685,11278,OH,808,29.36400541271989,8.53960396039604,32.62143826322931
14685,11278,YX,18,16.666666666666664,0.0,5.111111111111111
14685,11292,OO,76,17.333333333333336,1.3157894736842106,7.173333333333333
14685,11292,UA,216,47.906976744186046,0.46296296296296297,38.417840375586856
14685,11292,WN,65,28.125,1.5384615384615385,16.41269841269841
14685,11298,AA,678,31.804281345565748,3.5398230088495577,32.09831029185868
14685,11298,MQ,244,16.872427983539097,0.4098360655737705,11.311203319502075
14685,11433,DL,205,14.215686274509803,0.4878048780487805,7.12807881773399
14685,11433,OO,166,35.75757575757576,0.6024096385542169,41.74545454545454
14685,11618,G4,12,25.0,0.0,14.25
14685,11618,NK,79,20.77922077922078,2.5316455696202533,26.105263157894736
14685,11618,UA,494,23.18840579710145,2.2267206477732793,29.341614906832298
14685,11618,YX,220,21.32701421800948,4.090909090909091,21.90995260663507
14685,11697,G4,48,12.5,0.0,44.791666666666664
14685,11986,G4,41,7.317073170731707,0.0,4.2439024390243905
14685,12191,WN,197,25.38860103626943,2.030456852791878,16.36649214659686
14685,12264,G4,39,33.33333333333333,0.0,64.84615384615384
14685,12264,YX,109,3.7037037037037033,0.9174311926605505,2.009259259259259
14685,12339,G4,34,23.52941176470588,0.0,18.235294117647058
14685,12478,B6,435,29.928741092636578,3.218390804597701,24.53095238095238
14685,12478,DL,1,0.0,0.0,0.0
14685,12478,YX,255,10.526315789473683,3.1372549019607843,10.353658536585366
14685,12917,G4,122,7.377049180327869,0.0,16.12295081967213
14685,12953,DL,7,0.0,14.285714285714286,0.0
14685,12953,YX,511,15.2,2.152641878669276,14.218436873747494
14685,13232,G4,47,12.76595744680851,0.0,11.340425531914894
14685,13232,WN,341,16.56804733727811,0.8797653958944281,15.062130177514794
14685,13303,AA,191,20.855614973262032,2.094240837696335,37.32085561497326
14685,13303,MQ,489,17.684210526315788,2.8629856850715747,12.514767932489452
14685,13487,DL,200,19.696969696969695,1.0,16.663265306122447
14685,13930,AA,159,27.09677419354839,2.5157232704402515,33.214285714285715
14685,13930,OO,210,15.048543689320388,1.9047619047619047,15.514563106796116
14685,13930,UA,441,31.435079726651484,0.45351473922902497,24.283752860411898
14685,13930,YX,222,8.333333333333332,2.7027027027027026,5.251162790697674
14685,14082,G4,32,22.58064516129032,3.125,9.290322580645162
14685,14100,AA,183,33.5195530726257,2.185792349726776,42.44692737430167
14685,14100,F9,82,35.44303797468354,3.658536585365854,56.35443037974684
14685,14100,OH,470,20.044052863436125,3.404255319148936,25.66887417218543
14685,14100,YX,120,12.068965517241379,3.3333333333333335,10.21551724137931
14685,14112,G4,27,14.814814814814813,0.0,42.666666666666664
14685,14122,G4,102,21.568627450980394,0.0,22.686274509803923
14685,14730,G4,26,26.923076923076923,0.0,11.653846153846153
14685,15016,WN,73,38.35616438356164,0.0,20.616438356164384
14689,10397,DL,304,21.476510067114095,1.9736842105263157,24.08080808080808
14689,11292,OO,45,38.63636363636363,2.2222222222222223,26.0
14689,11292,UA,746,17.687074829931973,1.4745308310991958,13.844474761255116
14689,11292,WN,99,34.34343434343434,0.0,23.383838383838384
14689,11298,AA,287,31.785714285714285,2.4390243902439024,36.848375451263536
14689,12889,WN,714,13.924050632911392,0.42016806722689076,8.31223628691983
14689,12892,OO,574,8.056042031523642,0.5226480836236934,7.529824561403509
14689,13796,WN,264,15.5893536121673,0.3787878787878788,8.368821292775666
14689,14057,OO,28,37.03703703703704,3.5714285714285716,24.25925925925926
14689,14107,AA,334,21.385542168674696,0.5988023952095808,20.048192771084338
14689,14107,MQ,428,9.88235294117647,0.7009345794392523,7.403301886792453
14689,14107,OO,354,19.886363636363637,0.5649717514124294,16.048295454545453
14689,14107,WN,12,16.666666666666664,0.0,6.0
14689,14747,AS,292,37.93103448275862,0.684931506849315,21.841379310344827
14689,14747,OO,97,18.75,1.0309278350515463,8.34375
14689,14771,OO,527,32.56704980842912,0.9487666034155597,17.044061302681992
14689,14771,UA,686,26.06774668630339,1.0204081632653061,18.427098674521353
14689,14869,DL,336,8.630952380952381,0.0,10.946428571428571
14689,14869,OO,410,5.172413793103448,0.975609756097561,5.004926108374384
14689,14893,WN,299,15.100671140939598,0.33444816053511706,8.513422818791947
14696,10397,DL,1,0.0,0.0,0.0
14696,10397,OO,870,19.58285052143685,0.8045977011494253,18.331781140861466
14696,10397,UA,1,0.0,0.0,0.0
14696,10466,G4,116,23.275862068965516,0.0,18.57758620689655
14696,10713,OO,1,100.0,0.0,20.0
14696,10713,UA,2,0.0,0.0,0.0
14696,11057,OH,896,20.114942528735632,2.9017857142857144,21.05408515535098
14696,11278,YX,11,36.36363636363637,0.0,16.545454545454547
14696,11298,OH,9,62.5,11.11111111111111,115.125
14696,11298,OO,902,26.67423382519864,2.328159645232816,25.029850746268657
14696,11433,OO,448,12.751677852348994,0.22321428571428573,11.97982062780269
14696,11618,UA,5,0.0,0.0,4.6
14696,11697,G4,19,26.31578947368421,0.0,11.421052631578947
14696,12191,DL,1,0.0,0.0,0.0
14696,12264,YX,212,9.223300970873787,2.830188679245283,8.111650485436893
14696,12266,UA,1,0.0,0.0,0.0
14696,12266,YX,1,100.0,0.0,123.0
14696,12889,G4,87,35.63218390804598,0.0,50.44827586206897
14696,12892,UA,1,100.0,0.0,28.0
14696,12953,YX,10,10.0,0.0,2.6
14696,13487,OO,304,9.602649006622517,0.6578947368421053,15.285714285714286
14696,13930,OO,1893,28.380545163014432,1.1621764395139988,25.80310326377742
14696,13930,UA,10,44.44444444444444,10.0,15.88888888888889
14696,14082,G4,198,30.808080808080806,0.0,31.19191919191919
14696,14112,G4,144,28.169014084507044,1.3888888888888888,18.598591549295776
14696,14761,G4,223,40.99099099099099,0.4484304932735426,36.80365296803653
14696,14986,G4,99,14.285714285714285,1.0101010101010102,8.795918367346939
14696,15412,G4,32,28.125,0.0,67.3125
14698,11292,OO,305,19.672131147540984,0.0,16.887417218543046
14698,11292,UA,299,13.651877133105803,2.0066889632107023,27.56996587030717
14698,11298,AA,265,34.35114503816794,1.1320754716981132,34.6124031007752
14698,12889,OO,116,23.684210526315788,1.7241379310344827,18.219298245614034
14698,12892,OO,581,11.917098445595855,0.3442340791738382,12.675302245250432
14698,14057,OO,105,8.653846153846153,0.9523809523809523,7.788461538461538
14698,14107,AA,303,18.93687707641196,0.6600660066006601,34.521594684385384
14698,14107,MQ,253,11.553784860557768,0.7905138339920948,10.752988047808765
14698,14107,OO,408,18.51851851851852,0.7352941176470589,16.612345679012346
14698,14679,OO,559,20.588235294117645,2.6833631484794274,15.713493530499075
14698,14747,AS,302,25.838926174496645,1.3245033112582782,17.562289562289564
14698,14771,OO,953,28.722280887011614,0.6295907660020986,19.127906976744185
14709,10299,AS,456,12.168141592920353,0.8771929824561403,7.45353982300885
14711,12264,YX,3,33.33333333333333,0.0,28.666666666666668
14711,13930,OO,347,21.929824561403507,1.440922190201729,23.526470588235295
14711,13930,YX,23,52.17391304347826,0.0,33.0
14716,11292,G4,30,62.96296296296296,10.0,60.6
14716,12889,G4,327,29.938271604938272,0.9174311926605505,35.94444444444444
14716,14107,G4,97,31.958762886597935,0.0,29.030927835051546
14730,10397,DL,2146,12.25259189443921,1.1183597390493942,10.847497639282341
14730,10397,NK,18,22.22222222222222,0.0,10.944444444444445
14730,10397,OO,32,25.0,0.0,22.096774193548388
14730,10397,WN,96,12.903225806451612,3.125,7.193548387096774
14730,10423,MQ,2,0.0,0.0,0.5
14730,10423,WN,4,50.0,0.0,55.5
14730,10693,WN,76,14.666666666666666,1.3157894736842106,5.426666666666667
14730,10721,DL,2,50.0,0.0,25.5
14730,10721,MQ,85,50.588235294117645,0.0,32.67857142857143
14730,10721,YX,486,32.29166666666667,1.2345679012345678,24.419624217118997
14730,10821,WN,748,15.573770491803279,2.1390374331550803,12.38082191780822
14730,11057,AA,644,18.949044585987263,2.484472049689441,29.05263157894737
14730,11057,OH,825,26.211180124223603,2.4242424242424243,30.204488778054863
14730,11259,WN,292,20.48611111111111,1.36986301369863,13.197879858657243
14730,11278,AA,4,50.0,0.0,25.25
14730,11278,OH,524,31.289640591966172,9.732824427480915,30.296610169491526
14730,11278,YX,336,14.457831325301203,1.1904761904761905,9.80421686746988
14730,11292,UA,547,18.634686346863468,0.9140767824497258,12.838888888888889
14730,11292,WN,315,23.88535031847134,0.31746031746031744,16.903846153846153
14730,11298,AA,947,28.88402625820569,3.484688489968321,26.33114035087719
14730,11298,MQ,485,25.75107296137339,3.917525773195876,20.4004329004329
14730,11298,NK,28,32.142857142857146,0.0,27.107142857142858
14730,11298,OH,261,31.020408163265305,6.130268199233717,33.92181069958848
14730,11298,OO,54,22.641509433962266,1.8518518518518519,27.942307692307693
14730,11433,DL,2,50.0,0.0,20.0
14730,11433,NK,24,16.666666666666664,0.0,29.583333333333332
14730,11433,OO,496,17.038539553752535,0.6048387096774194,12.572008113590263
14730,11433,YX,497,8.484848484848486,0.4024144869215292,6.572008113590264
14730,11618,NK,29,30.76923076923077,10.344827586206897,34.96
14730,11618,UA,5,100.0,0.0,164.4
14730,11618,YX,706,14.096916299559473,3.5410764872521248,12.646539027982326
14730,11697,G4,99,19.19191919191919,0.0,33.80808080808081
14730,11697,NK,235,15.65217391304348,2.127659574468085,16.321739130434782
14730,11697,WN,11,9.090909090909092,0.0,6.818181818181818
14730,12191,WN,249,20.56451612903226,0.40160642570281124,13.392712550607287
14730,12264,UA,3,66.66666666666666,0.0,57.333333333333336
14730,12264,YX,355,6.571428571428571,1.408450704225352,5.562857142857143
14730,12266,MQ,2,0.0,0.0,5.5
14730,12266,NK,2,0.0,0.0,0.0
14730,12266,UA,8,37.5,0.0,7.75
14730,12478,YX,2,0.0,0.0,2.0
14730,12889,NK,34,26.47058823529412,0.0,39.794117647058826
14730,12889,WN,305,14.802631578947366,0.32786885245901637,8.366336633663366
14730,12892,AA,2,0.0,0.0,0.0
14730,12892,DL,1,0.0,0.0,0.0
14730,12892,NK,115,16.071428571428573,2.608695652173913,8.178571428571429
14730,12892,UA,1,100.0,0.0,18.0
14730,12953,AA,1,0.0,0.0,0.0
14730,12953,OO,82,32.3943661971831,13.414634146341463,25.112676056338028
14730,12953,YX,1096,15.0786308973173,1.3686131386861313,10.910018552875696
14730,13204,NK,180,15.555555555555555,0.0,17.616666666666667
14730,13204,WN,583,15.7439446366782,0.8576329331046312,12.975694444444445
14730,13232,WN,843,13.445378151260504,1.1862396204033214,9.654261704681872
14730,13303,AA,306,18.272425249169437,1.6339869281045751,28.68106312292359
14730,13303,MQ,24,29.166666666666668,0.0,19.166666666666668
14730,13303,YX,18,44.44444444444444,0.0,33.388888888888886
14730,13487,OO,591,14.846416382252558,0.8460236886632826,14.204778156996587
14730,13577,G4,12,41.66666666666667,0.0,26.666666666666668
14730,13577,NK,26,19.230769230769234,0.0,26.923076923076923
14730,13930,AA,5,20.0,0.0,3.4
14730,13930,MQ,554,21.467889908256883,1.6245487364620939,14.919117647058824
14730,13930,OO,465,29.490022172949004,3.010752688172043,27.830357142857142
14730,13930,UA,5,20.0,0.0,3.2
14730,13930,YX,1093,13.876040703052727,1.0978956999085088,9.581868640148011
14730,14082,G4,98,16.666666666666664,2.0408163265306123,19.697916666666668
14730,14100,AA,6,33.33333333333333,0.0,6.5
14730,14100,OH,131,21.09375,2.2900763358778624,28.7734375
14730,14100,YX,193,14.583333333333334,0.5181347150259067,11.213541666666666
14730,14107,AA,2,100.0,0.0,24.5
14730,14107,WN,310,18.77022653721683,0.3225806451612903,12.584967320261438
14730,14112,G4,102,32.67326732673268,0.9803921568627451,22.05
14730,14122,YX,2,0.0,0.0,7.0
14730,14492,AA,2,0.0,0.0,7.0
14730,14635,WN,10,40.0,0.0,13.2
14730,14685,G4,26,26.923076923076923,0.0,68.5
14730,14761,G4,118,50.0,1.694915254237288,51.30172413793103
14730,14771,UA,1,100.0,0.0,20.0
14730,14869,DL,2,0.0,0.0,0.0
14730,14986,G4,65,17.1875,1.5384615384615385,9.952380952380953
14730,15304,NK,64,17.741935483870968,3.125,14.774193548387096
14730,15304,WN,354,16.477272727272727,0.5649717514124294,10.646723646723647
14730,15624,G4,112,28.82882882882883,0.8928571428571429,24.82882882882883
14747,10140,AS,479,35.63941299790356,0.4175365344467641,16.228511530398322
14747,10299,AS,4407,27.715269804822046,1.1799410029498525,13.83624253559945
14747,10299,DL,1350,15.41882876204596,0.07407407407407407,10.28656273199703
14747,10299,HA,161,45.28301886792453,1.2422360248447204,29.761006289308177
14747,10397,AS,726,29.86111111111111,0.8264462809917356,14.762900976290098
14747,10397,DL,2003,16.223003515821198,0.5991013479780329,13.300858152448258
14747,10423,AS,970,27.875647668393782,0.5154639175257731,14.785862785862786
14747,10423,DL,736,18.169398907103826,0.5434782608695652,14.694938440492477
14747,10666,OO,1139,20.159857904085257,1.1413520632133451,10.327708703374778
14747,10693,AS,745,30.35230352303523,0.9395973154362416,14.396739130434783
14747,10693,DL,386,19.94818652849741,0.0,13.43896103896104
14747,10693,WN,128,32.8125,0.0,16.88976377952756
14747,10713,AS,607,31.674958540630183,0.6589785831960461,15.288557213930348
14747,10713,OO,2799,15.12334644261709,0.07145409074669525,8.49803360743654
14747,10721,AS,997,32.358870967741936,0.5015045135406219,17.419354838709676
14747,10721,B6,381,35.82887700534759,1.837270341207349,45.47043010752688
14747,10721,DL,788,19.053708439897697,0.7614213197969543,12.976923076923077
14747,10800,AS,1323,23.219814241486066,2.3431594860166287,11.820512820512821
14747,10800,OO,9,0.0,0.0,2.2222222222222223
14747,10821,AS,476,24.63157894736842,0.21008403361344538,11.016949152542374
14747,10821,WN,119,26.05042016806723,0.0,11.991596638655462
14747,10849,AS,449,36.32286995515695,0.6681514476614699,16.829596412556054
14747,10849,DL,1,0.0,0.0,0.0
14747,10849,OO,348,8.620689655172415,0.0,5.051873198847262
14747,10994,AS,292,21.379310344827587,0.684931506849315,9.948096885813149
14747,11042,AS,416,30.750605326876514,0.7211538461538461,14.801452784503631
14747,11057,AA,1104,12.112932604735883,0.5434782608695652,15.926027397260274
14747,11066,AA,1,0.0,0.0,0.0
14747,11066,AS,410,30.73170731707317,0.0,12.858190709046454
14747,11066,DL,1,0.0,0.0,0.0
14747,11066,UA,1,0.0,0.0,3.0
14747,11066,WN,1,0.0,0.0,0.0
14747,11193,AS,351,26.07449856733524,0.5698005698005698,13.90144927536232
14747,11193,DL,303,12.582781456953644,0.33003300330033003,10.07
14747,11259,AS,101,23.232323232323232,1.9801980198019802,14.515151515151516
14747,11259,WN,128,46.875,0.0,22.08730158730159
14747,11278,AS,608,30.550918196994992,1.480263157894737,19.094017094017094
14747,11278,DL,237,10.256410256410255,1.2658227848101267,9.064935064935066
14747,11292,AS,1326,34.57446808510639,0.7541478129713424,20.300153139356816
14747,11292,DL,742,28.997289972899733,0.5390835579514824,22.870218579234972
14747,11292,F9,363,29.775280898876407,1.9283746556473829,25.48169014084507
14747,11292,OO,169,22.61904761904762,0.591715976331361,13.547619047619047
14747,11292,UA,1667,15.713425647200483,0.3599280143971206,11.359052247873633
14747,11292,WN,1198,29.966611018363942,0.0,18.91476793248945
14747,11298,AA,2301,22.47992863514719,2.5641025641025643,19.578237410071942
14747,11298,AS,1483,28.29931972789116,0.8766014834794336,15.439425051334702
14747,11298,DL,568,25.57726465364121,0.8802816901408451,21.302491103202847
14747,11298,F9,73,38.35616438356164,0.0,46.21917808219178
14747,11433,AS,442,18.778280542986426,0.0,8.041002277904328
14747,11433,DL,1266,14.626391096979333,0.631911532385466,7.968998410174881
14747,11503,OO,33,27.27272727272727,0.0,23.181818181818183
14747,11603,AS,447,34.909909909909906,0.6711409395973155,16.20767494356659
14747,11603,OO,1268,14.240506329113925,0.31545741324921134,7.8955696202531644
14747,11618,AS,867,25.6140350877193,1.3840830449826989,18.80683156654888
14747,11618,UA,790,23.88818297331639,0.379746835443038,20.738853503184714
14747,11630,AS,1590,26.045627376425855,0.7547169811320755,12.35171102661597
14747,11630,DL,424,16.6270783847981,0.7075471698113207,12.600950118764846
14747,11638,AS,244,16.317991631799163,2.0491803278688523,8.92436974789916
14747,11638,OO,648,19.938176197836167,0.15432098765432098,10.741885625965997
14747,11697,AS,404,14.925373134328357,0.49504950495049505,7.1152882205513786
14747,11697,DL,304,20.86092715231788,0.6578947368421053,12.019867549668874
14747,11884,AS,1353,37.034277198211626,0.8130081300813008,17.02311707680835
14747,11884,DL,304,26.158940397350992,0.6578947368421053,21.495016611295682
14747,11884,OO,2847,15.01934576151952,0.14049877063575694,8.605698206120296
14747,12003,OO,179,16.201117318435752,0.0,8.391061452513966
14747,12094,OO,6,0.0,0.0,1.1666666666666667
14747,12156,OO,61,26.229508196721312,0.0,14.15
14747,12173,AS,907,32.0,0.7717750826901875,15.63737486095662
14747,12173,DL,672,18.345864661654137,1.0416666666666667,14.95619335347432
14747,12173,HA,923,40.631808278867105,0.5417118093174431,30.919302071973828
14747,12191,WN,119,28.57142857142857,0.0,18.907563025210084
14747,12264,AS,721,26.18384401114206,0.4160887656033287,12.20949720670391
14747,12264,DL,304,23.432343234323433,0.32894736842105265,17.05298013245033
14747,12264,UA,687,16.76470588235294,1.0189228529839884,13.854814814814814
14747,12266,AS,736,31.40495867768595,1.358695652173913,14.55878284923928
14747,12266,UA,1059,18.98854961832061,1.0387157695939566,14.925818882466281
14747,12280,OO,12,8.333333333333332,0.0,4.0
14747,12339,AS,463,33.84279475982533,1.079913606911447,14.936263736263736
14747,12441,OO,187,11.351351351351353,1.0695187165775402,5.845303867403315
14747,12451,AA,1,0.0,0.0,0.0
14747,12478,AS,1129,43.884892086330936,1.5057573073516386,25.798554652213188
14747,12478,B6,179,31.818181818181817,1.675977653631285,24.1875
14747,12478,DL,1111,18.050541516245488,0.27002700270027,12.016378525932666
14747,12523,AS,1262,27.228915662650603,1.3470681458003169,12.842995169082126
14747,12523,DL,140,21.58273381294964,0.7142857142857143,10.870503597122303
14747,12758,AS,896,27.878103837471784,1.1160714285714286,14.715419501133788
14747,12758,DL,304,13.861386138613863,0.32894736842105265,9.368770764119601
14747,12819,AS,1121,27.16711349419124,0.1784121320249777,15.60414788097385
14747,12889,AS,2215,27.235401459854014,1.0383747178329572,13.93238921882138
14747,12889,DL,1441,14.464534075104313,0.2081887578070784,9.03342618384401
14747,12889,F9,189,34.40860215053764,1.5873015873015872,49.06989247311828
14747,12889,NK,277,20.28985507246377,0.36101083032490977,8.909420289855072
14747,12889,OO,16,12.5,0.0,5.6875
14747,12889,WN,825,28.554070473876063,0.24242424242424243,14.613138686131387
14747,12892,AA,1,0.0,0.0,0.0
14747,12892,AS,2754,21.05843439911797,1.198257080610022,10.59316427783903
14747,12892,DL,1833,10.710382513661203,0.16366612111292964,7.024590163934426
14747,12892,F9,222,21.461187214611872,1.3513513513513513,12.776255707762557
14747,12892,NK,108,12.149532710280374,0.9259259259259259,9.11214953271028
14747,12892,OO,665,16.1631419939577,0.45112781954887216,18.060606060606062
14747,12892,UA,575,9.059233449477352,0.17391304347826086,10.045375218150086
14747,12982,AS,608,23.344370860927153,0.6578947368421053,12.61730449251248
14747,12982,DL,304,18.543046357615893,0.6578947368421053,11.559602649006623
14747,13127,OO,303,8.970099667774086,0.6600660066006601,7.156666666666666
14747,13198,AS,640,26.698262243285942,1.09375,14.31378763866878
14747,13198,DL,304,22.073578595317723,1.644736842105263,15.625
14747,13198,WN,26,42.30769230769231,0.0,17.96153846153846
14747,13204,AS,967,23.651452282157674,0.31023784901758017,11.651041666666666
14747,13204,DL,585,24.013722126929675,0.3418803418803419,13.911611785095321
14747,13232,WN,524,21.414913957934992,0.19083969465648856,10.059500959692897
14747,13264,OO,888,8.21917808219178,1.3513513513513513,5.490846681922196
14747,13303,AA,308,21.428571428571427,0.0,13.743506493506494
14747,13303,AS,308,20.327868852459016,0.974025974025974,8.773026315789474
14747,13303,DL,304,20.13201320132013,0.32894736842105265,8.360927152317881
14747,13342,AS,418,15.107913669064748,0.23923444976076555,7.445783132530121
14747,13476,OO,11,27.27272727272727,0.0,10.727272727272727
14747,13486,AS,300,37.58389261744966,0.6666666666666666,17.552188552188554
14747,13487,AS,859,21.71361502347418,0.8149010477299186,11.421856639247943
14747,13487,DL,1441,11.049339819318972,0.13879250520471895,6.15855354659249
14747,13495,AS,545,25.27881040892193,1.2844036697247707,10.77570093457944
14747,13495,DL,8,25.0,0.0,8.25
14747,13796,AS,461,32.89473684210527,1.0845986984815619,13.557017543859649
14747,13796,OO,98,26.53061224489796,0.0,15.785714285714286
14747,13796,WN,1052,25.570342205323193,0.0,15.692015209125476
14747,13830,AS,899,18.51851851851852,0.8898776418242492,9.4859392575928
14747,13830,DL,304,13.043478260869565,1.644736842105263,7.083612040133779
14747,13830,HA,304,18.729096989966553,1.644736842105263,16.10472972972973
14747,13851,AS,319,17.034700315457414,0.6269592476489029,8.315457413249211
14747,13871,AS,435,22.119815668202765,0.22988505747126436,11.86111111111111
14747,13891,AS,1047,25.730994152046783,2.005730659025788,13.315738025415445
14747,13891,DL,29,6.896551724137931,0.0,2.6551724137931036
14747,13891,F9,197,26.288659793814436,1.5228426395939085,18.626943005181346
14747,13891,OO,932,8.583690987124463,0.0,4.929956896551724
14747,13930,AA,982,28.74870734229576,1.5274949083503055,22.11169102296451
14747,13930,AS,1578,29.381771829190566,0.5703422053231939,16.555271565495207
14747,13930,DL,739,20.652173913043477,0.4059539918809202,15.057455540355678
14747,13930,UA,1334,19.89449886963075,0.5247376311844077,14.025777103866565
14747,14057,AS,909,30.333333333333336,0.9900990099009901,13.483333333333333
14747,14057,DL,291,19.93127147766323,0.0,10.264604810996564
14747,14057,OO,2810,15.167737330478229,0.2846975088967972,7.889364739471806
14747,14100,AA,411,21.375921375921376,0.9732360097323601,15.841975308641976
14747,14100,AS,529,25.763358778625957,0.945179584120983,13.131931166347993
14747,14107,AA,32,28.125,0.0,26.03125
14747,14107,AS,2371,25.15910055154858,0.5904681568958245,12.375584857507445
14747,14107,DL,1470,11.572498298162015,0.06802721088435375,7.408344733242134
14747,14107,F9,235,24.137931034482758,1.2765957446808511,27.75862068965517
14747,14107,MQ,282,17.02127659574468,0.0,9.841726618705035
14747,14107,OO,863,15.33101045296167,0.23174971031286212,12.114086146682189
14747,14107,WN,882,21.818181818181817,0.22675736961451248,11.806157354618016
14747,14122,AS,390,24.742268041237114,0.5128205128205128,14.1139896373057
14747,14252,AS,305,28.23920265780731,1.3114754098360655,13.475083056478406
14747,14252,OO,1420,16.631430584918956,0.07042253521126761,9.265162200282088
14747,14262,AS,835,16.58653846153846,0.3592814371257485,7.961492178098676
14747,14262,DL,126,8.73015873015873,0.0,8.34920634920635
14747,14262,OO,359,14.206128133704734,0.0,11.3109243697479
14747,14487,OO,195,23.076923076923077,0.0,12.594871794871795
14747,14489,AS,444,32.798165137614674,1.8018018018018018,15.51605504587156
14747,14489,OO,1138,13.268892794376097,0.0,7.966549295774648
14747,14492,AS,443,25.0,0.6772009029345373,10.404545454545454
14747,14492,DL,304,17.763157894736842,0.0,8.914473684210526
14747,14570,AS,635,30.929487179487182,1.7322834645669292,16.0032154340836
14747,14570,OO,71,25.352112676056336,0.0,14.535211267605634
14747,14635,AS,32,21.875,0.0,10.4375
14747,14679,AS,2404,26.121930567315832,1.7470881863560732,12.02803738317757
14747,14679,DL,1411,14.925373134328357,0.28348688873139616,9.250712250712251
14747,14679,OO,2,50.0,0.0,40.0
14747,14683,AS,495,22.403258655804482,0.8080808080808081,11.14723926380368
14747,14689,AS,292,27.241379310344826,0.684931506849315,15.305555555555555
14747,14689,OO,97,8.333333333333332,1.0309278350515463,4.208333333333333
14747,14698,AS,302,21.0,0.6622516556291391,12.949832775919733
14747,14771,AS,2315,33.68421052631579,1.511879049676026,18.742756804214224
14747,14771,DL,707,24.039829302987197,0.5657708628005658,19.65860597439545
14747,14771,OO,1037,16.908212560386474,0.19286403085824494,9.775845410628019
14747,14771,UA,1739,18.62348178137652,0.5750431282346176,13.934606481481481
14747,14828,AS,239,39.49579831932773,0.41841004184100417,20.953586497890296
14747,14831,AS,1611,21.446700507614214,2.1725636250775917,11.046984126984126
14747,14831,OO,1232,11.525974025974026,0.0,7.521103896103896
14747,14831,WN,899,24.637681159420293,0.22246941045606228,12.36566332218506
14747,14869,AS,1073,25.63859981078524,1.4911463187325256,12.951750236518448
14747,14869,DL,1885,11.64274322169059,0.21220159151193635,7.711702127659574
14747,14869,F9,104,19.41747572815534,0.9615384615384616,14.922330097087379
14747,14869,OO,447,20.13422818791946,0.0,10.554809843400447
14747,14893,AS,985,30.564102564102562,1.015228426395939,14.136410256410256
14747,14893,OO,1680,11.488095238095237,0.0,7.122619047619048
14747,14893,WN,989,25.71138211382114,0.5055611729019212,14.416666666666666
14747,14908,AS,2157,16.188235294117646,1.483541956420955,7.221435316336166
14747,14908,DL,812,15.886699507389162,0.0,12.73697270471464
14747,14908,OO,300,19.0,0.0,9.463333333333333
14747,15016,AS,670,25.0,0.29850746268656714,11.734632683658171
14747,15016,WN,101,44.554455445544555,0.0,20.96969696969697
14747,15023,AS,225,23.660714285714285,0.4444444444444444,13.717488789237668
14747,15023,OO,166,35.75757575757576,0.6024096385542169,20.69090909090909
14747,15041,OO,25,12.0,0.0,15.791666666666666
14747,15304,AS,555,27.898550724637683,0.5405405405405406,12.561243144424132
14747,15304,DL,303,26.072607260726073,0.0,14.448504983388704
14747,15376,AS,445,18.284424379232505,0.449438202247191,9.08803611738149
14747,15376,DL,126,15.873015873015872,0.0,11.555555555555555
14747,15376,OO,321,17.133956386292834,0.0,10.320872274143301
14761,10135,G4,555,20.795660036166367,0.36036036036036034,14.191681735985533
14761,10257,G4,103,14.563106796116504,0.0,9.352941176470589
14761,10408,G4,210,23.809523809523807,0.0,14.566666666666666
14761,10423,G4,24,66.66666666666666,0.0,49.625
14761,10431,G4,428,35.529411764705884,0.7009345794392523,33.378250591016545
14761,10581,G4,245,18.106995884773664,0.8163265306122449,11.950207468879668
14761,10627,G4,28,25.925925925925924,3.5714285714285716,15.74074074074074
14761,10676,G4,124,36.58536585365854,0.8064516129032258,26.723577235772357
14761,10685,G4,102,33.33333333333333,0.0,29.10891089108911
14761,10693,G4,106,34.90566037735849,0.0,29.34285714285714
14761,10868,G4,49,18.367346938775512,0.0,13.395833333333334
14761,10874,G4,101,26.0,0.9900990099009901,21.63
14761,10980,G4,108,35.18518518518518,0.0,24.65740740740741
14761,11003,G4,138,16.05839416058394,0.7246376811594203,18.240875912408757
14761,11027,G4,93,43.47826086956522,1.075268817204301,41.69565217391305
14761,11193,G4,311,32.68608414239482,0.6430868167202572,26.63961038961039
14761,11267,G4,63,58.730158730158735,0.0,41.26984126984127
14761,11423,G4,168,15.060240963855422,1.1904761904761905,10.325301204819278
14761,11537,G4,152,21.052631578947366,0.0,10.092715231788079
14761,11612,G4,101,26.732673267326735,0.0,21.85148514851485
14761,11624,G4,81,17.28395061728395,0.0,12.098765432098766
14761,11637,G4,65,21.53846153846154,0.0,16.0
14761,11721,G4,301,20.26578073089701,0.0,17.92691029900332
14761,11775,G4,97,23.711340206185564,0.0,22.804123711340207
14761,11823,G4,166,26.060606060606062,0.6024096385542169,16.842424242424244
14761,11898,G4,28,17.857142857142858,0.0,12.037037037037036
14761,11986,G4,350,33.14285714285714,0.0,22.942857142857143
14761,11995,G4,20,30.0,0.0,16.0
14761,11996,G4,91,58.24175824175825,0.0,52.1978021978022
14761,12119,G4,110,40.36697247706422,0.9090909090909091,22.128440366972477
14761,12223,G4,124,40.98360655737705,1.6129032258064515,24.776859504132233
14761,12265,G4,79,30.76923076923077,1.2658227848101267,22.96153846153846
14761,12278,G4,24,26.08695652173913,4.166666666666667,27.130434782608695
14761,12339,G4,199,42.42424242424242,0.5025125628140703,34.35353535353536
14761,12544,G4,161,57.7639751552795,0.0,36.03105590062112
14761,12917,G4,141,39.71631205673759,0.0,25.120567375886523
14761,12945,G4,192,51.832460732984295,0.5208333333333334,39.50261780104712
14761,12992,G4,44,43.18181818181818,0.0,27.795454545454547
14761,13230,G4,248,25.806451612903224,0.0,21.616935483870968
14761,13244,G4,83,46.98795180722892,0.0,47.451219512195124
14761,13256,G4,91,21.978021978021978,0.0,20.23076923076923
14761,13367,G4,73,15.068493150684931,0.0,11.301369863013699
14761,13433,G4,32,28.125,0.0,12.9375
14761,13851,G4,22,45.45454545454545,0.0,40.77272727272727
14761,13871,G4,88,18.181818181818183,0.0,9.829545454545455
14761,13931,G4,53,44.230769230769226,1.8867924528301887,26.923076923076923
14761,14025,G4,131,15.503875968992247,1.5267175572519085,14.234375
14761,14108,G4,102,23.762376237623762,0.9803921568627451,19.346534653465348
14761,14122,G4,143,52.44755244755245,0.0,46.13286713286713
14761,14259,G4,138,19.565217391304348,0.0,16.67883211678832
14761,14314,G4,60,33.33333333333333,0.0,22.35
14761,14457,G4,69,15.942028985507244,0.0,7.956521739130435
14761,14512,G4,124,32.78688524590164,1.6129032258064515,44.28099173553719
14761,14524,G4,12,41.66666666666667,0.0,17.0
14761,14574,G4,104,59.80392156862745,1.9230769230769231,61.96078431372549
14761,14696,G4,223,32.88288288288289,0.4484304932735426,21.53153153153153
14761,14730,G4,118,41.88034188034188,0.847457627118644,36.06896551724138
14761,14783,G4,150,19.333333333333332,0.0,10.394557823129253
14761,14814,G4,22,0.0,0.0,1.6818181818181819
14761,15070,G4,81,25.925925925925924,0.0,26.320987654320987
14761,15096,G4,95,13.684210526315791,0.0,5.442105263157894
14761,15295,G4,90,54.44444444444444,0.0,53.337078651685395
14761,15323,G4,105,51.92307692307693,0.9523809523809523,33.66346153846154
14761,15370,G4,86,26.744186046511626,0.0,28.470588235294116
14761,15380,G4,85,11.76470588235294,0.0,6.4
14761,15412,G4,523,35.440613026819925,0.19120458891013384,31.70689655172414
14761,15919,G4,121,31.40495867768595,0.0,31.766666666666666
14771,10140,OO,509,13.214990138067062,0.3929273084479371,8.389328063241107
14771,10140,UA,66,12.121212121212121,0.0,6.53030303030303
14771,10157,OO,1022,18.26258637709773,0.8806262230919765,15.214285714285714
14771,10299,AS,155,16.7741935483871,0.0,7.283870967741936
14771,10299,UA,131,9.16030534351145,0.0,6.2748091603053435
14771,10372,OO,363,26.21082621082621,3.3057851239669422,33.53982300884956
14771,10397,DL,1991,16.91919191919192,0.5524861878453039,11.933232169954476
14771,10397,F9,222,47.24770642201835,1.8018018018018018,46.56422018348624
14771,10397,UA,535,13.670411985018728,0.18691588785046728,8.140977443609023
14771,10423,AS,568,16.283185840707965,0.528169014084507,10.337477797513321
14771,10423,DL,146,46.85314685314685,2.0547945205479454,32.429577464788736
14771,10423,OO,49,12.244897959183673,0.0,9.387755102040817
14771,10423,UA,1293,11.993769470404985,0.6960556844547564,7.983580922595778
14771,10423,WN,88,42.04545454545455,0.0,17.71590909090909
14771,10561,OO,583,18.384879725085913,0.17152658662092624,10.271477663230241
14771,10617,OO,164,19.018404907975462,0.6097560975609756,11.425925925925926
14771,10693,UA,657,17.304747320061256,0.60882800608828,9.217457886676875
14771,10693,WN,148,45.94594594594595,0.0,23.993243243243242
14771,10713,OO,934,18.73661670235546,0.0,11.445396145610278
14771,10713,UA,299,17.114093959731544,0.33444816053511706,9.03020134228188
14771,10721,AS,328,21.712538226299692,0.3048780487804878,12.489296636085626
14771,10721,B6,1320,20.74468085106383,0.30303030303030304,14.817490494296578
14771,10721,DL,710,21.468926553672315,0.28169014084507044,18.762039660056658
14771,10721,UA,1499,19.03807615230461,0.133422281521014,14.491286863270778
14771,10800,F9,74,21.62162162162162,0.0,21.60810810810811
14771,10800,OO,1398,16.822429906542055,0.5007153075822603,11.728911319394376
14771,10800,UA,1052,16.714422158548235,0.4752851711026616,10.755023923444977
14771,10821,UA,584,15.146299483648882,0.5136986301369864,8.031304347826087
14771,10821,WN,149,34.899328859060404,0.0,15.624161073825503
14771,10849,OO,77,16.883116883116884,0.0,9.03896103896104
14771,10849,UA,246,18.29268292682927,0.0,10.098765432098766
14771,11042,UA,534,9.943714821763603,0.18726591760299627,6.165413533834586
14771,11057,AA,1383,15.317286652078774,0.8676789587852495,14.265007320644216
14771,11066,UA,221,23.636363636363637,0.45248868778280543,12.831818181818182
14771,11278,AS,303,29.80132450331126,0.33003300330033003,18.02006688963211
14771,11278,UA,565,19.217081850533805,0.5309734513274337,12.182149362477231
14771,11292,F9,483,24.166666666666668,0.6211180124223602,20.995833333333334
14771,11292,UA,2865,18.242296918767504,0.31413612565445026,12.509129213483146
14771,11292,WN,1292,35.87548638132296,0.541795665634675,20.14788732394366
14771,11298,AA,2570,23.18435754189944,2.490272373540856,23.17324738114424
14771,11298,F9,174,37.8698224852071,2.8735632183908044,37.375
14771,11298,OO,1,0.0,0.0,0.0
14771,11298,UA,649,16.434108527131784,0.6163328197226502,10.58814352574103
14771,11433,DL,1146,17.002629272567923,0.4363001745200698,10.37928007023705
14771,11433,UA,381,17.333333333333336,1.5748031496062993,10.93029490616622
14771,11503,F9,10,30.0,0.0,11.8
14771,11503,OO,92,16.304347826086957,0.0,6.445652173913044
14771,11603,OO,207,16.425120772946862,0.0,12.242718446601941
14771,11603,UA,604,16.27906976744186,0.33112582781456956,12.656146179401993
14771,11618,AS,581,23.34494773519164,1.2048192771084338,21.328646748681898
14771,11618,UA,3107,26.367507369800197,1.7380109430318635,24.337726523887973
14771,11638,OO,1118,16.41255605381166,0.26833631484794274,12.947085201793723
14771,11648,OO,202,18.316831683168317,0.0,7.841584158415841
14771,11697,AS,5,0.0,0.0,1.6
14771,11697,B6,636,15.165876777251185,0.4716981132075472,13.495238095238095
14771,11697,UA,353,14.285714285714285,0.8498583569405099,7.320916905444126
14771,11884,OO,750,19.518716577540108,0.26666666666666666,12.179144385026738
14771,11884,UA,1,0.0,0.0,0.0
14771,12094,OO,13,23.076923076923077,0.0,10.076923076923077
14771,12173,AS,77,9.210526315789473,1.2987012987012987,5.723684210526316
14771,12173,HA,506,22.8,1.1857707509881423,15.258517034068136
14771,12173,UA,1387,12.292118582791034,0.2883922134102379,9.88623188405797
14771,12264,AS,285,38.38028169014084,0.3508771929824561,19.961267605633804
14771,12264,UA,2117,17.409867172675522,0.42512990080302315,12.524738344433873
14771,12266,UA,2834,14.12850550230742,0.5998588567395907,8.293571428571429
14771,12339,UA,427,16.037735849056602,0.702576112412178,7.211904761904762
14771,12441,OO,103,14.563106796116504,0.0,7.617647058823529
14771,12441,UA,220,18.2648401826484,0.45454545454545453,11.417431192660551
14771,12478,AA,1196,17.130801687763714,0.919732441471572,18.154042553191488
14771,12478,AS,945,29.978586723768736,1.164021164021164,18.45091693635383
14771,12478,B6,1625,15.982587064676618,1.0461538461538462,13.923558897243108
14771,12478,DL,1854,17.51626898047722,0.5393743257820928,15.661026200873362
14771,12758,AS,81,12.345679012345679,0.0,8.575
14771,12758,UA,575,15.130434782608695,0.0,9.350785340314136
14771,12889,AS,887,20.63854047890536,1.1273957158962795,14.10730593607306
14771,12889,F9,766,29.06208718626156,1.174934725848564,27.870541611624834
14771,12889,OO,118,36.440677966101696,0.0,24.991525423728813
14771,12889,UA,2209,14.551223934723481,0.13580805794477138,8.524500907441016
14771,12889,WN,1111,26.738934056007224,0.36003600360036003,17.168021680216803
14771,12892,AA,486,18.762886597938145,0.205761316872428,23.643298969072166
14771,12892,AS,115,12.280701754385964,0.8695652173913043,5.956140350877193
14771,12892,DL,1984,19.19191919191919,0.20161290322580644,14.005555555555556
14771,12892,F9,352,31.054131054131055,0.2840909090909091,24.51851851851852
14771,12892,OO,2284,20.82419991231916,0.13134851138353765,12.154014918824046
14771,12892,UA,2777,16.462093862815884,0.25207057976233344,9.31491513181654
14771,12892,WN,1098,29.2616226071103,0.09107468123861566,18.06472196900638
14771,12982,AS,61,1.639344262295082,0.0,1.721311475409836
14771,12982,UA,485,7.43801652892562,0.20618556701030927,3.5392561983471076
14771,13198,OO,299,13.898305084745763,1.3377926421404682,7.061643835616438
14771,13198,UA,11,0.0,0.0,0.36363636363636365
14771,13204,AS,314,9.26517571884984,0.3184713375796178,7.425806451612903
14771,13204,F9,136,40.15151515151515,2.9411764705882355,42.42424242424242
14771,13204,UA,725,11.065006915629322,0.27586206896551724,6.900138696255201
14771,13232,WN,276,19.708029197080293,0.7246376811594203,8.963235294117647
14771,13264,OO,367,13.661202185792352,0.2724795640326976,7.175824175824176
14771,13264,UA,463,14.533622559652928,0.4319654427645788,7.355119825708061
14771,13303,AA,876,15.657142857142858,0.1141552511415525,13.567660550458715
14771,13303,UA,519,19.26782273603083,0.0,8.691119691119692
14771,13476,OO,577,17.832167832167833,0.8665511265164645,24.227513227513228
14771,13485,UA,1,0.0,0.0,0.0
14771,13486,OO,119,14.285714285714285,0.0,11.504201680672269
14771,13487,DL,1201,10.51752921535893,0.2497918401332223,7.826086956521739
14771,13487,OO,351,13.105413105413104,0.0,9.03448275862069
14771,13487,UA,71,19.718309859154928,0.0,7.126760563380282
14771,13495,AA,1,0.0,0.0,0.0
14771,13495,UA,422,15.07177033492823,0.9478672985781991,10.171084337349397
14771,13502,OO,29,20.689655172413794,0.0,11.620689655172415
14771,13830,AS,16,12.5,0.0,4.8125
14771,13830,HA,296,17.966101694915253,0.33783783783783783,13.006802721088436
14771,13830,UA,899,8.017817371937639,0.11123470522803115,3.7421875
14771,13871,OO,271,22.22222222222222,0.36900369003690037,15.798507462686567
14771,13871,UA,41,12.195121951219512,0.0,10.804878048780488
14771,13891,F9,164,35.58282208588957,0.6097560975609756,48.607361963190186
14771,13891,OO,310,14.144736842105262,1.935483870967742,9.243421052631579
14771,13891,UA,673,17.97919762258544,0.0,11.289120715350224
14771,13930,AA,1371,22.099039172209903,1.312910284463895,23.15961395694135
14771,13930,AS,214,33.175355450236964,1.4018691588785046,18.346153846153847
14771,13930,UA,2965,17.7732379979571,0.9443507588532883,12.346075085324232
14771,13964,OO,266,20.37735849056604,0.37593984962406013,10.528735632183908
14771,14057,AS,1001,17.234468937875754,0.2997002997002997,10.293587174348698
14771,14057,F9,43,23.809523809523807,2.3255813953488373,29.69047619047619
14771,14057,OO,554,19.746376811594203,0.36101083032490977,12.08876811594203
14771,14057,UA,1421,13.248766737138832,0.14074595355383532,8.235377026074701
14771,14100,AA,978,17.890382626680452,1.1247443762781186,15.758298755186722
14771,14100,UA,514,12.2568093385214,0.0,6.473684210526316
14771,14107,AA,1144,20.858895705521473,0.26223776223776224,21.846356453028974
14771,14107,AS,48,20.833333333333336,0.0,10.479166666666666
14771,14107,F9,273,39.015151515151516,3.2967032967032965,28.84090909090909
14771,14107,OO,468,8.974358974358974,0.0,6.136752136752137
14771,14107,UA,1132,16.194690265486724,0.17667844522968199,9.691555555555556
14771,14107,WN,900,28.06236080178174,0.2222222222222222,15.706013363028953
14771,14122,UA,475,13.684210526315791,0.0,6.949367088607595
14771,14252,OO,583,18.79310344827586,0.5145797598627787,11.346551724137932
14771,14262,F9,74,25.675675675675674,0.0,21.72972972972973
14771,14262,OO,1772,21.1092246745897,0.28216704288939054,13.912747875354107
14771,14262,UA,236,10.638297872340425,0.423728813559322,7.608510638297872
14771,14487,OO,788,19.284802043422733,0.6345177664974619,21.77237851662404
14771,14489,OO,572,20.98765432098765,0.8741258741258742,10.48404255319149
14771,14489,UA,392,10.714285714285714,0.0,5.622448979591836
14771,14492,UA,713,8.976157082748948,0.0,6.389592123769339
14771,14570,OO,889,14.367160775370582,1.3498312710911136,9.272
14771,14570,UA,542,16.11111111111111,0.36900369003690037,10.309833024118738
14771,14635,UA,3,0.0,0.0,0.0
14771,14679,AS,301,14.285714285714285,0.0,7.973421926910299
14771,14679,F9,211,31.88405797101449,1.8957345971563981,18.89268292682927
14771,14679,OO,1613,28.70603015075377,1.3019218846869187,16.66247642991829
14771,14679,UA,2152,17.44402985074627,0.37174721189591076,10.83863423760524
14771,14679,WN,1356,37.97187268689859,0.3687315634218289,22.526666666666667
14771,14683,OO,237,11.39240506329114,0.0,6.398305084745763
14771,14683,UA,173,23.699421965317917,0.0,14.290697674418604
14771,14689,OO,527,14.91395793499044,0.7590132827324478,12.395393474088293
14771,14689,UA,687,14.95601173020528,0.727802037845706,8.896907216494846
14771,14698,OO,953,20.65331928345627,0.4197271773347324,16.12420382165605
14771,14730,UA,1,100.0,0.0,34.0
14771,14747,AS,2312,34.727112676056336,1.7301038062283738,19.243064729194188
14771,14747,DL,707,14.082503556187767,0.5657708628005658,13.607703281027105
14771,14747,OO,1039,19.305019305019304,0.28873917228103946,10.357487922705314
14771,14747,UA,1739,19.343696027633854,0.11500862564692352,10.919401266551526
14771,14869,DL,1423,18.367346938775512,0.14054813773717498,15.313863476425054
14771,14869,F9,148,31.03448275862069,2.027027027027027,23.751724137931035
14771,14869,OO,1079,17.25417439703154,0.09267840593141798,10.556586270871986
14771,14869,UA,354,17.796610169491526,0.0,8.711864406779661
14771,14893,OO,1111,16.213768115942027,0.6300630063006301,11.517210144927537
14771,14893,UA,8,12.5,0.0,4.125
14771,14908,AS,222,17.647058823529413,0.45045045045045046,12.289592760180996
14771,14908,F9,167,32.098765432098766,2.9940119760479043,21.02469135802469
14771,14908,OO,2495,17.65182186234818,1.002004008016032,9.506077795786062
14771,14908,UA,895,13.66181410974244,0.22346368715083798,7.775533108866442
14771,15016,OO,31,22.58064516129032,0.0,9.870967741935484
14771,15016,UA,336,20.72072072072072,0.8928571428571429,11.691842900302115
14771,15016,WN,299,33.22147651006711,0.33444816053511706,18.79054054054054
14771,15041,OO,232,10.38961038961039,0.43103448275862066,7.441048034934497
14771,15304,AS,5,40.0,0.0,11.0
14771,15304,UA,524,11.663479923518166,0.19083969465648856,7.325670498084291
14771,15376,OO,702,12.981455064194009,0.14245014245014245,7.85734664764622
14771,15376,UA,127,17.599999999999998,1.5748031496062993,11.888
14771,15919,UA,2,0.0,0.0,10.0
14783,10397,DL,268,24.344569288389515,0.373134328358209,24.37878787878788
14783,10397,OO,196,13.917525773195877,1.0204081632653061,19.020725388601036
14783,10466,G4,189,19.680851063829788,0.5291005291005291,17.60427807486631
14783,11057,MQ,371,16.666666666666664,1.3477088948787062,6.674863387978142
14783,11057,OH,711,28.21637426900585,3.7974683544303796,27.957602339181285
14783,11292,OO,1128,27.142857142857142,0.7092198581560284,28.42652329749104
14783,11298,MQ,2515,27.243199350385712,2.0675944333996026,20.76130346232179
14783,11298,OO,37,16.666666666666664,2.7027027027027026,8.555555555555555
14783,12266,OO,504,24.444444444444443,1.7857142857142858,30.126272912423627
14783,12889,G4,113,24.778761061946902,0.0,22.371681415929203
14783,12892,G4,55,21.818181818181817,0.0,15.290909090909091
14783,13303,MQ,16,6.25,0.0,1.875
14783,13930,MQ,766,24.57293035479632,0.6527415143603134,21.98155467720685
14783,13930,OO,569,33.57142857142857,1.5817223198594024,37.10931899641577
14783,14082,G4,89,32.58426966292135,0.0,38.04494382022472
14783,14112,G4,168,44.91017964071856,0.5952380952380952,44.37125748502994
14783,14761,G4,150,40.0,0.0,35.913333333333334
14783,15624,G4,72,29.166666666666668,0.0,33.666666666666664
14794,11292,OO,875,22.97142857142857,0.0,25.641946697566627
14794,11298,OO,452,18.88888888888889,0.4424778761061947,14.554054054054054
14794,12892,OO,302,11.589403973509933,0.0,9.727574750830565
14794,14107,OO,727,19.80742778541953,0.0,16.74793388429752
14794,14869,OO,1395,6.881720430107527,0.0,5.414336917562724
14812,11292,OO,608,23.205342237061767,1.480263157894737,28.678510998307953
14814,10397,DL,1,100.0,0.0,24.0
14814,10397,OO,971,20.24922118380062,0.82389289392379,19.497393117831074
14814,10693,G4,26,3.8461538461538463,0.0,41.96153846153846
14814,11057,OH,513,29.67479674796748,4.093567251461988,31.823170731707318
14814,11057,OO,149,13.422818791946309,0.0,8.40268456375839
14814,11292,OO,303,20.86092715231788,0.33003300330033003,14.253333333333334
14814,11298,MQ,497,20.582120582120584,3.2193158953722336,15.605427974947808
14814,11298,OH,545,24.184261036468328,4.4036697247706424,22.315280464216634
14814,11298,OO,790,29.750982961992133,3.4177215189873418,35.67496723460026
14814,12266,OO,985,23.883696780893043,2.233502538071066,21.527518172377984
14814,12889,G4,88,19.318181818181817,0.0,22.011363636363637
14814,14761,G4,22,18.181818181818183,0.0,7.545454545454546
14814,15624,G4,25,16.0,0.0,10.8
14828,12523,AS,607,12.897822445561138,1.6474464579901154,9.976311336717428
14828,12819,AS,304,9.900990099009901,0.32894736842105265,5.600671140939597
14828,14747,AS,239,39.24050632911392,0.8368200836820083,17.556962025316455
14831,10397,DL,724,8.07799442896936,0.8287292817679558,9.018156424581006
14831,10423,WN,986,18.597560975609756,0.2028397565922921,10.25638406537283
14831,10693,WN,203,13.793103448275861,0.0,8.08457711442786
14831,10713,OO,267,15.355805243445692,0.0,9.157303370786517
14831,10713,WN,303,8.58085808580858,0.0,4.725165562913907
14831,10800,NK,36,11.428571428571429,2.7777777777777777,20.2
14831,10800,OO,3,33.33333333333333,0.0,5.0
14831,10800,WN,1985,15.149974580579562,0.906801007556675,8.956144824069352
14831,10821,WN,149,10.135135135135135,0.6711409395973155,5.02027027027027
14831,11259,WN,508,16.237623762376238,0.5905511811023622,10.916167664670658
14831,11292,F9,134,24.81203007518797,0.746268656716418,13.789473684210526
14831,11292,OO,53,11.320754716981133,0.0,6.634615384615385
14831,11292,UA,923,16.32208922742111,0.4333694474539545,12.020742358078603
14831,11292,WN,1301,24.788298691301,0.15372790161414296,15.81158301158301
14831,11298,AA,942,18.40958605664488,2.5477707006369426,22.980154355016538
14831,11298,NK,166,18.181818181818183,0.6024096385542169,13.696969696969697
14831,11433,DL,63,9.523809523809524,0.0,3.0952380952380953
14831,11603,WN,180,11.666666666666666,0.0,6.333333333333333
14831,11884,OO,1,100.0,0.0,40.0
14831,11884,WN,248,21.370967741935484,0.0,10.625
14831,12173,AS,77,9.210526315789473,1.2987012987012987,4.052631578947368
14831,12173,HA,302,16.225165562913908,0.0,11.43046357615894
14831,12173,WN,392,9.974424552429667,0.25510204081632654,5.342710997442455
14831,12191,WN,303,7.973421926910299,0.6600660066006601,3.8956228956228958
14831,12266,UA,185,27.472527472527474,1.6216216216216217,20.604395604395606
14831,12758,AS,134,4.511278195488721,0.746268656716418,2.669172932330827
14831,12889,AS,2,0.0,0.0,1.5
14831,12889,DL,2,0.0,0.0,0.5
14831,12889,F9,179,33.52272727272727,1.675977653631285,30.75
14831,12889,NK,648,12.868217054263567,0.46296296296296297,9.98913043478261
14831,12889,OO,178,23.03370786516854,0.0,16.123595505617978
14831,12889,UA,3,0.0,0.0,2.0
14831,12889,WN,2716,19.1198224852071,0.4418262150220913,11.773047019622362
14831,12892,AS,1,0.0,0.0,0.0
14831,12892,F9,55,24.074074074074073,1.8181818181818181,26.75925925925926
14831,12892,NK,115,7.82608695652174,0.0,4.234782608695652
14831,12892,OO,2498,7.048458149779736,0.040032025620496396,3.981548335338949
14831,12892,WN,1538,17.447916666666664,0.13003901170351106,8.854817708333334
14831,12954,WN,1049,11.83206106870229,0.09532888465204957,7.293218720152818
14831,12982,AS,116,10.344827586206897,0.0,6.344827586206897
14831,13232,WN,458,15.973741794310722,0.2183406113537118,7.6784140969163
14831,13487,DL,429,8.644859813084112,0.2331002331002331,10.793427230046948
14831,13830,AS,32,6.25,0.0,2.0
14831,13830,HA,296,7.77027027027027,0.0,7.976351351351352
14831,13830,WN,122,2.459016393442623,0.0,1.0245901639344261
14831,13891,WN,1095,15.018315018315018,0.273972602739726,8.251606978879707
14831,13930,UA,303,8.333333333333332,0.9900990099009901,8.88628762541806
14831,14057,AS,6,16.666666666666664,0.0,3.5
14831,14057,OO,456,6.813186813186813,0.21929824561403508,5.7274725274725276
14831,14057,WN,936,19.572192513368982,0.10683760683760683,10.624197002141328
14831,14107,AA,441,11.363636363636363,0.22675736961451248,13.594533029612757
14831,14107,F9,56,19.642857142857142,0.0,9.785714285714286
14831,14107,MQ,100,5.05050505050505,1.0,1.5555555555555556
14831,14107,OO,370,13.550135501355012,0.2702702702702703,12.086720867208673
14831,14107,WN,1539,17.340286831812254,0.3248862897985705,8.842791911285062
14831,14262,OO,2,0.0,0.0,3.5
14831,14262,WN,170,15.294117647058824,0.0,6.770588235294118
14831,14489,OO,1,0.0,0.0,0.0
14831,14570,WN,189,4.232804232804233,0.0,2.0797872340425534
14831,14679,AS,68,16.666666666666664,2.9411764705882355,9.169230769230769
14831,14679,NK,187,17.741935483870968,0.5347593582887701,12.161290322580646
14831,14679,OO,1014,21.791044776119403,0.8875739644970414,11.718843469591226
14831,14679,WN,3187,23.38811630847029,0.721681832444305,12.096232985121874
14831,14747,AS,1613,18.579581483830058,2.231866088034718,10.805326569435637
14831,14747,OO,1233,10.05677210056772,0.0,7.480065093572009
14831,14747,WN,899,21.158129175946545,0.11123470522803115,12.35340022296544
14831,14869,DL,867,9.017341040462428,0.2306805074971165,9.13757225433526
14831,14869,OO,459,5.228758169934641,0.0,4.132897603485839
14831,14869,WN,218,10.550458715596331,0.0,6.105504587155964
14831,14908,OO,1,0.0,0.0,0.0
14831,14908,WN,2186,11.949976841130153,1.2351326623970722,6.1434540389972145
14831,15016,WN,20,10.526315789473683,5.0,4.526315789473684
14842,11298,OO,911,22.606689734717417,4.829857299670691,23.106235565819862
14843,10397,DL,1386,12.05519244734931,0.6493506493506493,8.649597659107535
14843,10397,F9,234,38.15789473684211,2.5641025641025643,29.697777777777777
14843,10397,NK,175,17.142857142857142,0.0,8.454022988505747
14843,10423,WN,26,19.230769230769234,0.0,13.923076923076923
14843,10529,B6,597,26.677852348993287,0.16750418760469013,22.17369308600337
14843,10529,F9,198,28.57142857142857,1.0101010101010102,19.403061224489797
14843,10693,WN,40,22.5,0.0,11.4
14843,10721,B6,1207,26.298157453936348,1.0770505385252693,21.710570469798657
14843,10721,DL,325,13.975155279503104,0.9230769230769231,10.8
14843,10721,F9,92,27.77777777777778,2.1739130434782608,16.055555555555557
14843,10721,NK,87,19.767441860465116,1.1494252873563218,9.209302325581396
14843,10821,F9,110,41.509433962264154,3.6363636363636362,42.03846153846154
14843,10821,NK,295,17.99307958477509,2.0338983050847457,10.097902097902098
14843,10821,WN,695,16.473988439306357,0.4316546762589928,9.501453488372093
14843,11042,F9,189,18.579234972677597,3.1746031746031744,15.516483516483516
14843,11057,AA,793,17.893401015228427,0.6305170239596469,12.268106734434562
14843,11057,F9,41,38.46153846153847,4.878048780487805,24.256410256410255
14843,11278,B6,304,31.333333333333336,1.3157894736842106,28.335570469798657
14843,11292,UA,272,23.247232472324722,0.36764705882352944,11.582706766917294
14843,11298,AA,474,26.11464968152866,0.6329113924050633,25.766375545851528
14843,11298,F9,7,71.42857142857143,0.0,28.285714285714285
14843,11298,NK,295,10.204081632653061,0.3389830508474576,10.715753424657533
14843,11433,DL,269,15.985130111524162,0.0,15.242537313432836
14843,11433,NK,72,18.30985915492958,1.3888888888888888,10.32857142857143
14843,11618,B6,537,26.037735849056602,1.303538175046555,23.62095238095238
14843,11618,F9,434,38.51508120649652,0.6912442396313364,25.75581395348837
14843,11618,NK,20,33.33333333333333,10.0,23.38888888888889
14843,11618,UA,912,25.503355704697988,1.9736842105263157,25.003370786516854
14843,11697,B6,1232,20.50447518307567,0.2435064935064935,16.5534693877551
14843,11697,F9,68,34.84848484848485,2.9411764705882355,53.71212121212121
14843,11697,NK,248,23.387096774193548,0.0,18.097560975609756
14843,11697,WN,296,18.243243243243242,0.0,8.912162162162161
14843,12191,WN,83,24.390243902439025,1.2048192771084338,9.975609756097562
14843,12197,B6,304,31.683168316831683,0.32894736842105265,26.966216216216218
14843,12264,F9,49,26.53061224489796,0.0,15.938775510204081
14843,12264,UA,416,15.217391304347828,0.4807692307692308,8.912621359223301
14843,12266,NK,148,21.768707482993197,0.6756756756756757,17.324137931034482
14843,12266,UA,738,13.25136612021858,0.8130081300813008,9.263013698630138
14843,12451,F9,115,23.214285714285715,2.608695652173913,41.24107142857143
14843,12478,B6,1905,21.637426900584796,1.2598425196850394,17.410761854022375
14843,12478,DL,909,10.398230088495575,0.5500550055005501,10.483942414174972
14843,12478,F9,532,27.514231499051235,0.9398496240601504,16.866920152091254
14843,13204,B6,1714,19.6135831381733,0.3500583430571762,15.030035335689046
14843,13204,F9,1029,25.590551181102363,1.2633624878522838,26.93379446640316
14843,13204,NK,645,16.822429906542055,0.46511627906976744,13.558502340093604
14843,13204,WN,1767,12.974504249291785,0.11318619128466327,8.466173962478681
14843,13232,WN,45,26.666666666666668,0.0,13.155555555555555
14843,13303,AA,1602,22.215269086357946,0.24968789013732834,19.761755485893417
14843,13303,F9,319,26.751592356687897,1.567398119122257,21.77955271565495
14843,13303,NK,206,26.47058823529412,0.970873786407767,22.058823529411764
14843,13487,DL,157,17.94871794871795,0.6369426751592356,11.81578947368421
14843,13495,NK,19,11.76470588235294,10.526315789473685,6.352941176470588
14843,13930,AA,271,29.88929889298893,0.0,33.507462686567166
14843,13930,NK,308,11.400651465798045,0.3246753246753247,7.748366013071895
14843,13930,UA,502,18.127490039840637,0.0,10.070281124497992
14843,14100,AA,425,14.893617021276595,0.47058823529411764,23.536817102137768
14843,14100,F9,657,44.44444444444444,2.73972602739726,48.0
14843,14100,NK,269,10.074626865671641,0.37174721189591076,11.928838951310862
14843,14307,B6,289,26.573426573426573,1.0380622837370241,18.16140350877193
14843,14492,B6,280,20.0,0.0,14.258064516129032
14843,14492,F9,87,28.04878048780488,5.747126436781609,18.817073170731707
14843,14683,NK,82,23.170731707317074,0.0,11.512195121951219
14843,15016,WN,31,20.0,3.225806451612903,9.266666666666667
14843,15024,B6,289,23.958333333333336,0.3460207612456747,13.069444444444445
14843,15024,F9,14,57.14285714285714,0.0,122.0
14843,15027,B6,251,16.06425702811245,0.796812749003984,11.734939759036145
14843,15027,F9,14,71.42857142857143,0.0,58.714285714285715
14843,15304,B6,496,19.556451612903224,0.0,14.320564516129032
14843,15304,F9,301,25.16778523489933,0.9966777408637874,18.848484848484848
14843,15304,WN,400,14.75,0.0,10.3425
14869,10140,OO,976,6.045081967213115,0.0,3.875
14869,10299,AS,27,25.925925925925924,0.0,8.25925925925926
14869,10299,DL,103,31.06796116504854,0.0,18.84313725490196
14869,10397,DL,2453,15.936091765669808,0.48919690175295555,10.500821692686936
14869,10423,DL,898,23.463687150837988,0.33407572383073497,15.711560044893378
14869,10423,OO,138,17.391304347826086,0.0,8.379562043795621
14869,10423,WN,402,21.393034825870647,0.0,12.605985037406484
14869,10620,DL,305,16.447368421052634,0.32786885245901637,16.414473684210527
14869,10620,OO,592,4.568527918781726,0.16891891891891891,3.0964467005076144
14869,10693,DL,779,14.929214929214929,0.25673940949935814,9.449481865284975
14869,10693,WN,234,15.81196581196581,0.0,7.261802575107296
14869,10713,DL,1196,14.836546521374686,0.2508361204013378,10.42078792958927
14869,10713,OO,222,5.8558558558558556,0.0,2.599099099099099
14869,10721,B6,159,25.806451612903224,2.5157232704402515,18.26451612903226
14869,10721,DL,884,18.027210884353742,0.22624434389140272,11.851305334846765
14869,10779,OO,288,5.923344947735192,0.3472222222222222,5.213286713286713
14869,10800,DL,355,17.74647887323944,0.0,18.059322033898304
14869,10800,OO,709,13.540197461212976,0.0,6.126062322946176
14869,10800,WN,177,24.0,1.1299435028248588,12.228571428571428
14869,10821,DL,303,15.841584158415841,0.0,8.881188118811881
14869,10821,WN,347,23.18840579710145,0.5763688760806917,14.020408163265307
14869,10849,DL,501,14.6,0.1996007984031936,9.640562248995984
14869,10849,OO,446,8.764044943820224,0.2242152466367713,5.518099547511312
14869,10918,OO,523,6.309751434034416,0.0,4.921606118546845
14869,11042,DL,303,17.880794701986755,0.33003300330033003,18.013333333333332
14869,11057,AA,458,18.58407079646018,1.3100436681222707,11.625277161862527
14869,11057,DL,304,14.521452145214523,0.32894736842105265,8.402640264026402
14869,11066,DL,303,19.5364238410596,0.33003300330033003,12.745033112582782
14869,11109,OO,420,12.142857142857142,0.0,8.66109785202864
14869,11193,DL,673,15.970149253731345,0.4457652303120357,9.376119402985074
14869,11259,WN,570,20.774647887323944,0.3508771929824561,13.802841918294849
14869,11278,DL,304,19.601328903654487,0.9868421052631579,11.185567010309278
14869,11292,DL,1407,26.173541963015644,0.07107320540156362,17.681397006414826
14869,11292,F9,807,28.553615960099748,0.6195786864931846,22.411985018726593
14869,11292,OO,1147,16.95804195804196,0.26155187445510025,16.614711033274958
14869,11292,UA,1150,29.406631762652708,0.34782608695652173,19.78577699736611
14869,11292,WN,2030,29.792490118577074,0.29556650246305416,19.043111992071356
14869,11298,AA,1887,26.18917441224713,3.073661897191309,25.700991189427313
14869,11298,DL,1209,22.481265611990008,0.6617038875103392,16.300252312867958
14869,11298,F9,124,24.793388429752067,2.4193548387096775,39.81666666666667
14869,11433,DL,1269,13.564668769716087,0.07880220646178093,7.968379446640316
14869,11433,NK,36,5.555555555555555,0.0,17.5
14869,11525,OO,405,4.197530864197531,0.0,4.255583126550868
14869,11603,OO,608,5.601317957166392,0.16447368421052633,4.306425041186161
14869,11618,DL,599,32.15488215488215,0.8347245409015025,21.44633730834753
14869,11618,UA,455,27.1523178807947,0.43956043956043955,22.464444444444446
14869,11630,DL,92,36.95652173913043,0.0,19.42391304347826
14869,11638,OO,1051,5.32825880114177,0.0,3.0552907530981885
14869,11648,DL,304,12.828947368421053,0.0,11.821782178217822
14869,11648,OO,674,6.824925816023739,0.0,2.9673105497771175
14869,11697,DL,304,16.17161716171617,0.32894736842105265,7.367549668874172
14869,11884,DL,850,16.391509433962266,0.23529411764705882,12.8370720188902
14869,11884,OO,543,7.550644567219153,0.0,5.081330868761553
14869,11921,OO,526,7.0476190476190474,0.19011406844106463,6.015267175572519
14869,11977,DL,2,0.0,0.0,0.0
14869,12003,OO,886,5.643340857787811,0.0,3.4757062146892657
14869,12156,OO,607,2.9702970297029703,0.16474464579901152,2.142384105960265
14869,12173,DL,389,18.65284974093264,0.7712082262210797,20.9140625
14869,12173,HA,305,17.491749174917494,0.6557377049180327,25.82
14869,12191,WN,347,19.07514450867052,0.2881844380403458,10.555555555555555
14869,12264,DL,305,21.311475409836063,0.0,14.954098360655738
14869,12264,UA,303,10.033444816053512,1.3201320132013201,6.1003344481605355
14869,12266,DL,833,17.710843373493976,0.36014405762304924,14.069090909090908
14869,12266,OO,60,20.0,0.0,18.716666666666665
14869,12266,UA,763,17.131474103585656,1.3106159895150722,11.838881491344873
14869,12280,DL,299,30.434782608695656,0.0,20.775919732441473
14869,12280,OO,681,6.323529411764706,0.14684287812041116,5.344117647058823
14869,12339,DL,304,13.953488372093023,0.9868421052631579,10.667774086378737
14869,12441,DL,645,14.108527131782948,0.0,10.200312989045383
14869,12441,OO,362,6.944444444444445,0.5524861878453039,2.86908077994429
14869,12478,B6,355,25.71428571428571,1.408450704225352,26.705714285714286
14869,12478,DL,1285,17.48633879781421,0.311284046692607,13.450626959247648
14869,12889,DL,1450,21.670117322291237,0.06896551724137931,14.346445824706695
14869,12889,F9,307,23.452768729641694,0.0,28.074918566775246
14869,12889,NK,203,28.999999999999996,1.477832512315271,26.345
14869,12889,OO,7,14.285714285714285,0.0,7.0
14869,12889,WN,1207,24.501661129568106,0.24855012427506215,13.81063122923588
14869,12892,AA,1,0.0,0.0,0.0
14869,12892,DL,2059,12.439261418853254,0.04856726566294318,7.792031098153547
14869,12892,F9,264,15.444015444015443,1.893939393939394,9.200772200772201
14869,12892,NK,90,8.98876404494382,1.1111111111111112,3.3707865168539324
14869,12892,OO,736,10.190217391304348,0.0,7.848979591836735
14869,12892,WN,314,26.751592356687897,0.0,13.964968152866241
14869,12953,DL,16,12.5,0.0,2.125
14869,12954,DL,295,10.884353741496598,0.3389830508474576,8.812925170068027
14869,12954,OO,615,6.829268292682928,0.0,3.622549019607843
14869,12954,WN,390,16.709511568123396,0.2564102564102564,9.03598971722365
14869,12992,OO,54,7.4074074074074066,0.0,2.5
14869,13127,OO,304,5.592105263157895,0.0,3.155115511551155
14869,13198,DL,834,16.12121212121212,1.079136690647482,12.77560975609756
14869,13204,DL,1163,21.772805507745264,0.08598452278589853,13.79947689625109
14869,13204,NK,64,31.746031746031743,1.5625,13.80952380952381
14869,13204,WN,27,29.629629629629626,0.0,20.814814814814813
14869,13232,WN,560,13.416815742397137,0.17857142857142858,6.479353680430879
14869,13244,DL,304,13.861386138613863,0.32894736842105265,9.871287128712872
14869,13264,OO,608,8.862876254180602,1.644736842105263,4.514237855946399
14869,13303,AA,280,20.28985507246377,1.4285714285714286,14.781818181818181
14869,13303,DL,303,18.151815181518153,0.0,10.649006622516556
14869,13342,DL,298,21.140939597315437,0.0,17.879194630872483
14869,13342,OO,5,40.0,0.0,29.0
14869,13486,DL,296,18.91891891891892,0.0,22.41554054054054
14869,13486,OO,585,6.3247863247863245,0.0,2.828473413379074
14869,13487,DL,1344,13.998510796723753,0.0744047619047619,7.341772151898734
14869,13495,DL,394,13.299232736572892,0.7614213197969543,7.611825192802057
14869,13796,DL,157,14.64968152866242,0.0,11.439490445859873
14869,13796,OO,741,7.422402159244265,0.0,3.810810810810811
14869,13796,WN,629,14.467408585055644,0.0,9.338632750397457
14869,13830,DL,117,20.51282051282051,0.0,18.965811965811966
14869,13851,OO,588,10.750853242320819,0.3401360544217687,6.373927958833619
14869,13871,DL,1,0.0,0.0,0.0
14869,13871,OO,588,8.376068376068375,0.5102040816326531,4.542168674698795
14869,13891,DL,740,12.330623306233063,0.2702702702702703,10.013568521031207
14869,13891,F9,12,8.333333333333332,0.0,7.916666666666667
14869,13891,OO,293,3.754266211604096,0.0,2.614334470989761
14869,13930,AA,475,30.08474576271186,0.631578947368421,28.11965811965812
14869,13930,DL,844,20.379146919431278,0.0,15.62754491017964
14869,13930,F9,14,50.0,0.0,40.857142857142854
14869,13930,MQ,14,28.57142857142857,0.0,20.5
14869,13930,OO,392,21.794871794871796,0.5102040816326531,30.051679586563306
14869,13930,UA,909,18.756936736958934,0.8800880088008801,15.93652561247216
14869,14057,DL,1417,13.074204946996467,0.14114326040931546,7.921554770318021
14869,14057,F9,57,37.03703703703704,5.2631578947368425,41.592592592592595
14869,14057,OO,601,9.68280467445743,0.33277870216306155,6.730769230769231
14869,14100,AA,95,8.045977011494253,8.421052631578947,13.482758620689655
14869,14100,DL,499,17.706237424547282,0.40080160320641284,8.350202429149798
14869,14107,AA,277,14.801444043321299,0.0,31.14855072463768
14869,14107,DL,1444,14.553014553014554,0.06925207756232687,7.944521497919556
14869,14107,F9,502,19.556451612903224,1.1952191235059761,18.764705882352942
14869,14107,MQ,193,10.416666666666668,0.5181347150259067,5.526315789473684
14869,14107,OO,789,11.802030456852792,0.1267427122940431,9.161372299872935
14869,14107,WN,1536,20.14388489208633,0.4557291666666667,12.223821989528796
14869,14113,OO,489,7.157464212678937,0.0,6.372188139059305
14869,14122,DL,303,20.198675496688743,0.33003300330033003,12.099337748344372
14869,14252,DL,238,16.033755274261605,0.42016806722689076,10.080168776371307
14869,14252,OO,769,8.972691807542263,0.0,4.645833333333333
14869,14262,DL,71,10.0,1.408450704225352,5.328571428571428
14869,14262,OO,831,6.137184115523466,0.0,2.4180722891566266
14869,14489,OO,608,7.894736842105263,0.0,4.681518151815181
14869,14492,DL,365,13.498622589531681,0.547945205479452,9.12742382271468
14869,14570,DL,608,13.673805601317957,0.16447368421052633,8.358677685950413
14869,14570,OO,388,9.278350515463918,0.0,5.317829457364341
14869,14679,DL,1451,16.149068322981368,0.13783597518952448,9.723565998617829
14869,14679,F9,61,11.475409836065573,0.0,5.19672131147541
14869,14679,OO,301,16.611295681063122,0.0,9.99
14869,14679,WN,327,22.32415902140673,0.0,15.2782874617737
14869,14683,DL,833,16.646562123039807,0.4801920768307323,10.44981862152358
14869,14683,OO,1,0.0,0.0,0.0
14869,14689,DL,335,16.119402985074625,0.0,8.653614457831326
14869,14689,OO,411,3.6764705882352944,0.7299270072992701,1.9975186104218363
14869,14730,DL,2,50.0,0.0,99.0
14869,14747,AS,1073,34.18560606060606,1.5843429636533084,16.18483412322275
14869,14747,DL,1889,15.649867374005305,0.21175224986765484,8.71481678173128
14869,14747,F9,104,25.49019607843137,1.9230769230769231,20.745098039215687
14869,14747,OO,448,21.875,0.0,14.444943820224719
14869,14771,DL,1422,22.887323943661972,0.14064697609001406,13.488355681016232
14869,14771,F9,148,27.2108843537415,0.6756756756756757,23.639455782312925
14869,14771,OO,1079,19.757688723205966,0.5560704355885079,16.45615671641791
14869,14771,UA,355,17.74647887323944,0.0,12.070422535211268
14869,14794,OO,1396,8.810888252148997,0.0,6.511111111111111
14869,14831,DL,866,15.953757225433526,0.11547344110854503,10.326011560693642
14869,14831,OO,459,7.18954248366013,0.0,5.067538126361656
14869,14831,WN,218,15.277777777777779,0.9174311926605505,8.097222222222221
14869,14893,DL,1286,12.519440124416798,0.0,8.155642023346303
14869,14893,OO,31,16.129032258064516,0.0,10.903225806451612
14869,14893,WN,430,20.0,0.0,11.334883720930232
14869,14908,DL,1316,16.958174904942965,0.07598784194528875,11.409923664122138
14869,14908,F9,7,14.285714285714285,0.0,9.714285714285714
14869,14908,OO,97,8.24742268041237,0.0,5.645833333333333
14869,15016,DL,802,17.418546365914786,0.49875311720698257,11.569095477386934
14869,15016,OO,2,0.0,0.0,3.0
14869,15016,WN,9,0.0,0.0,0.3333333333333333
14869,15041,OO,910,4.525386313465784,0.43956043956043955,3.6825749167591564
14869,15304,DL,303,10.596026490066226,0.33003300330033003,8.152317880794701
14869,15304,WN,5,40.0,0.0,16.8
14869,15370,OO,536,8.834586466165414,0.746268656716418,7.130434782608695
14869,15376,OO,909,9.24092409240924,0.0,4.705947136563877
14869,15389,OO,600,5.166666666666667,0.0,3.8366666666666664
14869,15897,OO,148,6.081081081081082,0.0,2.82312925170068
14869,15919,OO,260,10.76923076923077,0.0,4.4324324324324325
14877,11292,OO,304,16.387959866220736,1.644736842105263,23.097643097643097
14877,12266,OO,183,36.26373626373626,0.546448087431694,34.86516853932584
14877,13930,OO,304,18.181818181818183,2.3026315789473686,19.945945945945947
14893,10299,AS,10,50.0,0.0,30.8
14893,10397,DL,837,9.673518742442564,1.1947431302270013,7.7569866342648846
14893,10423,WN,487,18.069815195071868,0.0,10.119587628865979
14893,10693,WN,290,13.148788927335639,0.3448275862068966,7.7560975609756095
14893,10713,OO,89,16.853932584269664,0.0,8.415730337078651
14893,10713,WN,672,17.857142857142858,0.0,8.818452380952381
14893,10721,B6,126,30.158730158730158,0.0,21.3015873015873
14893,10800,WN,2305,14.676068752754517,1.561822125813449,8.102076889085286
14893,10821,WN,240,19.583333333333332,0.0,9.208333333333334
14893,11057,AA,411,8.641975308641975,1.4598540145985401,12.622222222222222
14893,11259,WN,545,22.037037037037038,0.9174311926605505,12.171641791044776
14893,11292,F9,125,18.548387096774192,0.8,13.96774193548387
14893,11292,UA,1573,13.856960408684547,0.44500953591862685,9.912820512820513
14893,11292,WN,1602,24.796493425172198,0.3121098626716604,15.46056782334385
14893,11298,AA,1465,21.483554933519944,2.4573378839590445,19.875442321302195
14893,11433,DL,197,11.6751269035533,0.0,7.238578680203045
14893,11603,WN,304,14.473684210526317,0.0,6.644736842105263
14893,11618,UA,222,28.31050228310502,1.3513513513513513,20.298165137614678
14893,11884,WN,585,17.435897435897434,0.0,9.384615384615385
14893,12173,HA,304,24.25249169435216,0.9868421052631579,20.578073089700997
14893,12173,WN,304,9.868421052631579,0.0,6.1480263157894735
14893,12191,WN,304,20.13201320132013,0.32894736842105265,9.093333333333334
14893,12264,UA,304,9.900990099009901,0.32894736842105265,5.74750830564784
14893,12266,UA,561,11.270125223613595,0.35650623885918004,9.864620938628159
14893,12478,B6,179,31.818181818181817,1.675977653631285,37.59659090909091
14893,12758,HA,130,10.852713178294573,0.7692307692307693,12.209302325581396
14893,12758,WN,241,7.883817427385892,0.0,6.145833333333333
14893,12889,F9,143,22.62773722627737,4.195804195804196,16.5
14893,12889,NK,628,14.814814814814813,1.1146496815286624,9.407407407407407
14893,12889,OO,752,13.962765957446807,0.0,11.647606382978724
14893,12889,WN,2860,20.0490711531721,0.24475524475524477,12.072931276297336
14893,12892,DL,150,4.026845637583892,0.6666666666666666,1.651006711409396
14893,12892,F9,123,15.573770491803279,0.8130081300813008,12.762295081967213
14893,12892,OO,3080,8.774780630484239,0.09740259740259741,7.140396490087748
14893,12892,UA,3,0.0,0.0,0.0
14893,12892,WN,1360,17.746686303387335,0.14705882352941177,9.924889543446245
14893,12954,WN,1647,13.077858880778589,0.18214936247723132,6.633819951338199
14893,12982,HA,175,15.11627906976744,1.7142857142857142,13.744186046511627
14893,13198,WN,259,11.627906976744185,0.3861003861003861,9.75
14893,13204,AS,67,5.970149253731343,0.0,8.611940298507463
14893,13204,WN,148,13.513513513513514,0.0,8.89864864864865
14893,13232,WN,557,14.928057553956833,0.17953321364452424,6.493647912885662
14893,13303,AA,179,22.905027932960895,0.0,10.51685393258427
14893,13487,DL,473,6.765327695560254,0.0,4.054968287526427
14893,13830,HA,304,9.933774834437086,0.6578947368421053,9.1
14893,13830,WN,121,19.00826446280992,0.0,12.586776859504132
14893,13891,F9,4,0.0,0.0,0.5
14893,13891,WN,1735,12.774566473988438,0.2881844380403458,7.80150462962963
14893,13930,AA,217,34.72222222222222,0.4608294930875576,23.821596244131456
14893,13930,UA,822,19.75609756097561,0.24330900243309003,11.271165644171779
14893,14057,AS,27,0.0,3.7037037037037037,0.9615384615384616
14893,14057,OO,555,14.492753623188406,0.5405405405405406,8.578181818181818
14893,14057,WN,1067,19.306466729147143,0.0,10.853658536585366
14893,14107,AA,982,16.036772216547497,0.3054989816700611,20.293756397134082
14893,14107,MQ,144,10.56338028169014,1.3888888888888888,7.119718309859155
14893,14107,OO,167,7.784431137724551,0.0,5.664670658682635
14893,14107,WN,1738,18.29762594093804,0.6329113924050633,10.72969837587007
14893,14262,WN,386,19.170984455958546,0.0,11.0
14893,14570,OO,1,0.0,0.0,
14893,14679,AS,6,0.0,0.0,0.6666666666666666
14893,14679,F9,27,3.7037037037037033,0.0,8.846153846153847
14893,14679,OO,1006,21.909547738693465,1.0934393638170974,13.688193743693239
14893,14679,WN,3216,22.86785379568885,0.4664179104477612,13.031611893583724
14893,14689,WN,299,17.449664429530202,0.33444816053511706,7.293918918918919
14893,14747,AS,982,25.463917525773194,1.2219959266802445,12.772164948453609
14893,14747,OO,1700,14.529411764705882,0.0,9.40141676505313
14893,14747,WN,988,22.06477732793522,0.0,11.255081300813009
14893,14771,OO,1111,23.731884057971016,0.6300630063006301,15.353260869565217
14893,14771,UA,7,0.0,0.0,0.0
14893,14869,DL,1286,10.419906687402799,0.0,7.998443579766537
14893,14869,OO,31,6.451612903225806,0.0,6.580645161290323
14893,14869,WN,430,15.58139534883721,0.0,8.679069767441861
14893,14908,WN,1915,14.04523934771173,0.7310704960835509,6.631190727081138
14893,15016,WN,271,12.962962962962962,0.36900369003690037,6.318518518518519
14893,15376,OO,106,14.150943396226415,0.0,9.037735849056604
14893,15376,WN,68,4.411764705882353,0.0,3.0441176470588234
14905,12889,G4,87,34.883720930232556,1.1494252873563218,30.03488372093023
14905,14107,OO,31,3.225806451612903,0.0,8.96774193548387
14908,10397,DL,915,17.290748898678416,0.7650273224043715,23.191111111111113
14908,10423,AA,2,50.0,0.0,12.0
14908,10423,WN,283,9.89399293286219,0.0,6.839285714285714
14908,10693,WN,146,30.82191780821918,0.0,15.0
14908,10713,G4,144,22.377622377622377,0.6944444444444444,22.853146853146853
14908,11057,AA,304,14.56953642384106,0.6578947368421053,14.794019933554818
14908,11109,G4,68,25.37313432835821,1.4705882352941178,34.47761194029851
14908,11259,WN,304,17.60797342192691,0.9868421052631579,9.318791946308725
14908,11292,F9,291,17.36111111111111,1.0309278350515463,11.552083333333334
14908,11292,UA,1501,18.850267379679146,0.3331112591605596,13.266085790884718
14908,11292,WN,1300,23.879443585780525,0.46153846153846156,16.51552795031056
14908,11298,AA,2491,19.776119402985074,3.1714171015656363,18.52914046121593
14908,11423,G4,90,26.96629213483146,1.1111111111111112,36.12359550561798
14908,11433,DL,242,32.780082987551864,0.4132231404958678,26.804979253112034
14908,11433,NK,22,22.727272727272727,0.0,15.272727272727273
14908,11603,G4,76,45.83333333333333,5.2631578947368425,49.986111111111114
14908,11618,UA,907,20.84726867335563,1.1025358324145536,31.92141230068337
14908,11884,G4,31,50.0,3.225806451612903,46.7
14908,12266,UA,988,11.608961303462321,0.6072874493927125,10.254601226993865
14908,12280,G4,89,25.842696629213485,0.0,59.76136363636363
14908,12478,AA,303,30.76923076923077,1.3201320132013201,38.48639455782313
14908,12889,F9,192,32.97872340425532,2.0833333333333335,23.585106382978722
14908,12889,NK,737,11.596180081855389,0.5427408412483039,10.0
14908,12889,OO,737,17.969821673525377,1.0854816824966078,17.930041152263374
14908,12889,WN,2066,20.632603406326034,0.5324298160696999,12.755717761557177
14908,13264,G4,74,36.11111111111111,2.7027027027027026,26.25
14908,13486,G4,29,24.137931034482758,0.0,33.55172413793103
14908,13487,DL,497,20.56451612903226,0.2012072434607646,15.854545454545455
14908,13796,NK,253,9.920634920634921,0.3952569169960474,5.781746031746032
14908,13796,WN,1912,14.331041776837653,1.098326359832636,7.85404547858276
14908,13930,AA,1063,24.265402843601898,0.7525870178739417,22.74616858237548
14908,13930,UA,868,17.572254335260116,0.3456221198156682,10.670547147846333
14908,14057,AS,1233,8.531583264971287,1.1354420113544201,5.6177194421657095
14908,14107,AA,1479,16.113744075829384,0.1352265043948614,16.054237288135592
14908,14107,F9,215,22.429906542056074,0.46511627906976744,19.629107981220656
14908,14107,WN,1966,15.57840616966581,1.0681586978636826,8.673700463201236
14908,14314,G4,338,43.11377245508982,1.183431952662722,74.25825825825825
14908,14747,AS,2156,16.832151300236404,1.901669758812616,9.756743965925224
14908,14747,DL,811,19.05940594059406,0.36991368680641185,15.481435643564357
14908,14747,OO,301,21.262458471760798,0.0,12.538461538461538
14908,14771,AS,223,21.818181818181817,1.345291479820628,11.789954337899543
14908,14771,F9,169,34.54545454545455,2.366863905325444,23.327272727272728
14908,14771,OO,2496,20.299837925445704,1.1217948717948718,13.60064935064935
14908,14771,UA,895,22.44668911335578,0.44692737430167595,15.453932584269664
14908,14831,WN,2186,12.494215640906987,1.1436413540713632,6.751503933364183
14908,14869,DL,1317,13.470319634703195,0.22779043280182232,11.296268088347297
14908,14869,F9,7,14.285714285714285,0.0,25.571428571428573
14908,14869,OO,96,10.416666666666668,0.0,23.583333333333332
14908,14893,WN,1915,15.068493150684931,0.8877284595300261,8.007380073800737
14908,15023,OO,577,23.7347294938918,0.6932409012131716,16.754816112084065
14908,15376,OO,111,15.454545454545453,0.9009009009009009,7.3545454545454545
14952,13930,MQ,284,13.120567375886525,0.704225352112676,7.9361702127659575
14952,13930,OO,102,42.10526315789473,6.862745098039215,49.90526315789474
14952,14082,G4,99,27.27272727272727,0.0,32.4040404040404
14955,12016,UA,306,5.245901639344262,0.32679738562091504,6.701639344262295
14960,11298,MQ,13,30.76923076923077,0.0,58.84615384615385
14960,11298,OO,595,22.241681260945708,4.033613445378151,28.6707530647986
14986,10135,G4,89,22.47191011235955,0.0,19.415730337078653
14986,10257,G4,39,15.384615384615385,0.0,13.615384615384615
14986,10257,WN,3,33.33333333333333,0.0,9.0
14986,10397,DL,1862,13.097826086956522,1.1815252416756177,11.896457765667575
14986,10397,WN,92,18.681318681318682,1.0869565217391304,10.659340659340659
14986,10408,G4,62,12.903225806451612,0.0,9.661290322580646
14986,10423,G4,26,7.6923076923076925,0.0,3.8846153846153846
14986,10431,G4,108,25.0,0.0,18.65740740740741
14986,10676,G4,95,16.842105263157894,0.0,12.189473684210526
14986,10693,G4,28,10.714285714285714,0.0,3.3076923076923075
14986,10693,WN,509,13.41222879684418,0.3929273084479371,10.418145956607495
14986,10721,B6,342,28.059701492537314,2.046783625730994,24.564179104477613
14986,10721,DL,10,10.0,0.0,12.5
14986,10721,G4,103,5.88235294117647,0.970873786407767,2.1485148514851486
14986,10721,YX,44,56.81818181818182,0.0,72.79545454545455
14986,10792,WN,47,23.404255319148938,0.0,25.170212765957448
14986,10821,WN,1098,15.900735294117647,0.9107468123861566,11.112650046168051
14986,10874,G4,148,12.162162162162163,0.0,10.871621621621621
14986,11003,G4,40,17.5,0.0,16.256410256410255
14986,11042,F9,117,23.931623931623932,0.0,16.76068376068376
14986,11042,WN,5,40.0,0.0,30.4
14986,11057,AA,1142,18.844444444444445,1.4886164623467601,19.135351736420304
14986,11057,OH,162,11.801242236024844,0.6172839506172839,12.503105590062113
14986,11066,WN,259,19.45525291828794,0.7722007722007722,13.447470817120623
14986,11193,F9,46,29.545454545454547,4.3478260869565215,24.295454545454547
14986,11193,G4,268,20.973782771535582,0.373134328358209,21.477272727272727
14986,11259,WN,117,22.413793103448278,0.8547008547008547,16.301724137931036
14986,11278,AA,296,27.73972602739726,1.3513513513513513,25.751724137931035
14986,11278,OH,5,20.0,0.0,9.4
14986,11278,YX,3,0.0,0.0,5.333333333333333
14986,11292,UA,78,33.33333333333333,0.0,21.743589743589745
14986,11292,WN,89,21.34831460674157,0.0,19.693181818181817
14986,11298,AA,312,43.42105263157895,2.5641025641025643,49.82236842105263
14986,11298,MQ,36,32.35294117647059,5.555555555555555,20.205882352941178
14986,11423,G4,75,16.0,0.0,13.426666666666666
14986,11433,DL,107,38.31775700934579,0.0,31.33644859813084
14986,11537,G4,26,0.0,0.0,0.0
14986,11618,UA,706,17.71428571428571,0.8498583569405099,18.13733905579399
14986,11618,YX,50,23.404255319148938,6.0,13.659574468085106
14986,11721,G4,152,29.13907284768212,0.6578947368421053,16.688741721854306
14986,11823,G4,94,7.446808510638298,0.0,5.731182795698925
14986,11986,G4,144,26.38888888888889,0.0,22.95138888888889
14986,11996,G4,75,17.80821917808219,2.6666666666666665,12.520547945205479
14986,12191,WN,149,12.925170068027212,1.342281879194631,7.714285714285714
14986,12264,G4,75,14.864864864864865,1.3333333333333333,12.702702702702704
14986,12266,OO,2,100.0,0.0,276.0
14986,12266,UA,4,50.0,0.0,41.75
14986,12339,G4,150,24.161073825503358,0.6666666666666666,16.201342281879196
14986,12339,WN,147,24.137931034482758,1.3605442176870748,16.655172413793103
14986,12478,B6,383,22.427440633245382,1.0443864229765012,22.5531914893617
14986,12917,G4,105,5.714285714285714,0.0,3.2857142857142856
14986,12945,G4,47,17.02127659574468,0.0,11.872340425531915
14986,12953,AA,122,20.168067226890756,2.459016393442623,21.296610169491526
14986,12953,DL,438,25.52204176334107,1.5981735159817352,35.84235294117647
14986,12953,YX,10,10.0,0.0,4.4
14986,13198,WN,16,37.5,0.0,35.8125
14986,13204,WN,175,14.450867052023122,1.1428571428571428,8.22543352601156
14986,13230,G4,101,11.881188118811881,0.0,8.603960396039604
14986,13232,WN,445,19.501133786848072,0.898876404494382,14.335616438356164
14986,13342,WN,21,38.095238095238095,0.0,9.904761904761905
14986,13367,G4,26,0.0,0.0,1.2307692307692308
14986,13487,DL,185,19.45945945945946,0.0,11.562162162162162
14986,13487,G4,16,0.0,0.0,0.0
14986,13871,G4,35,5.714285714285714,0.0,6.257142857142857
14986,13930,AA,87,29.411764705882355,2.2988505747126435,62.54117647058823
14986,13930,F9,43,33.33333333333333,2.3255813953488373,21.095238095238095
14986,13930,MQ,9,11.11111111111111,0.0,14.333333333333334
14986,13930,OO,7,28.57142857142857,0.0,31.571428571428573
14986,13930,UA,470,30.83511777301927,0.6382978723404256,24.4
14986,13930,YX,7,42.857142857142854,0.0,10.857142857142858
14986,14025,G4,37,11.428571428571429,5.405405405405405,5.685714285714286
14986,14100,AA,160,29.746835443037973,1.25,37.063291139240505
14986,14100,F9,77,28.000000000000004,2.5974025974025974,36.29333333333334
14986,14100,OH,176,25.454545454545453,6.25,33.472727272727276
14986,14100,YX,37,8.108108108108109,0.0,42.916666666666664
14986,14108,G4,84,13.095238095238097,0.0,16.357142857142858
14986,14122,G4,163,22.085889570552148,0.0,19.042944785276074
14986,14122,WN,136,13.333333333333334,0.7352941176470589,13.207407407407407
14986,14259,G4,44,15.909090909090908,0.0,4.090909090909091
14986,14512,G4,81,11.11111111111111,0.0,10.444444444444445
14986,14574,G4,75,20.0,0.0,13.608108108108109
14986,14696,G4,99,9.183673469387756,1.0101010101010102,6.295918367346939
14986,14730,G4,65,12.5,1.5384615384615385,9.984126984126984
14986,15016,WN,299,14.527027027027026,1.0033444816053512,11.72542372881356
14986,15096,G4,73,8.21917808219178,0.0,5.178082191780822
14986,15412,G4,75,13.333333333333334,0.0,4.493333333333333
15008,10466,G4,114,31.57894736842105,0.0,19.114035087719298
15008,14082,G4,32,21.875,0.0,42.375
15016,10397,DL,1956,11.564274651522974,0.9713701431492843,8.937952430196484
15016,10397,F9,62,35.483870967741936,0.0,28.540983606557376
15016,10397,WN,1040,17.95121951219512,1.4423076923076923,12.036274509803922
15016,10423,WN,793,20.483460559796438,0.8827238335435057,13.632183908045977
15016,10693,WN,1063,17.79257849666984,1.1288805268109126,10.632030505243089
15016,10721,MQ,394,23.846153846153847,1.015228426395939,19.431876606683804
15016,10721,WN,780,29.49547218628719,0.8974358974358975,18.666235446313067
15016,10721,YX,155,11.409395973154362,3.870967741935484,6.610738255033557
15016,10800,WN,265,33.71212121212121,0.37735849056603776,16.886363636363637
15016,10821,WN,1110,19.48764867337603,1.5315315315315314,13.257326007326007
15016,10994,WN,159,16.352201257861633,0.0,8.0125786163522
15016,11042,WN,588,16.78082191780822,0.6802721088435374,10.029109589041095
15016,11057,AA,1386,16.84981684981685,1.5151515151515151,19.807776962582537
15016,11057,OH,9,11.11111111111111,0.0,37.55555555555556
15016,11057,WN,283,22.340425531914892,0.35335689045936397,14.117021276595745
15016,11066,WN,557,16.878402903811253,1.0771992818671454,10.245454545454546
15016,11259,WN,1686,20.595382746051033,2.372479240806643,13.785452322738386
15016,11278,AA,285,28.92857142857143,1.7543859649122806,29.340579710144926
15016,11278,MQ,22,27.27272727272727,0.0,10.681818181818182
15016,11278,OH,363,24.69879518072289,8.539944903581267,27.562310030395135
15016,11278,WN,1166,31.08581436077058,2.058319039451115,20.82082965578111
15016,11278,YX,108,18.269230769230766,3.7037037037037037,9.298076923076923
15016,11292,F9,212,29.807692307692307,1.8867924528301887,26.53846153846154
15016,11292,OO,176,10.227272727272728,0.0,8.132183908045977
15016,11292,UA,907,29.189789123196448,0.6615214994487321,26.367301231802912
15016,11292,WN,1804,25.615212527964204,0.8869179600886918,18.618273542600896
15016,11298,AA,1392,25.87621178225205,3.663793103448276,26.26641791044776
15016,11298,F9,34,37.5,5.882352941176471,13.1875
15016,11298,MQ,438,23.058823529411764,2.9680365296803655,17.261176470588236
15016,11298,OO,105,59.4059405940594,3.8095238095238093,78.89
15016,11423,WN,562,17.0556552962298,0.8896797153024911,10.523381294964029
15016,11433,DL,1008,11.76470588235294,0.49603174603174605,12.280159521435692
15016,11433,NK,48,17.02127659574468,2.0833333333333335,28.51063829787234
15016,11433,OO,32,9.67741935483871,3.125,4.709677419354839
15016,11433,WN,418,19.471153846153847,0.4784688995215311,16.80528846153846
15016,11433,YX,2,100.0,0.0,36.5
15016,11481,WN,306,16.666666666666664,0.0,8.39344262295082
15016,11618,UA,94,50.0,0.0,59.72043010752688
15016,11618,YX,733,19.826338639652676,5.729877216916781,17.746376811594203
15016,11697,NK,125,20.491803278688526,2.4,9.47107438016529
15016,11697,WN,592,20.783645655877343,0.8445945945945946,13.51023890784983
15016,12191,WN,1271,19.218500797448165,1.3375295043273014,11.203037569944044
15016,12266,OO,98,23.46938775510204,0.0,37.28865979381443
15016,12266,UA,398,21.794871794871796,2.0100502512562812,15.645244215938304
15016,12278,WN,562,17.328519855595665,1.4234875444839858,10.394213381555154
15016,12451,WN,460,21.568627450980394,0.21739130434782608,11.437908496732026
15016,12889,F9,211,20.975609756097562,2.843601895734597,28.399014778325125
15016,12889,WN,1455,19.735927727588603,1.0996563573883162,11.52404181184669
15016,12892,AA,131,14.84375,2.2900763358778624,15.645669291338583
15016,12892,OO,139,23.741007194244602,0.0,25.309352517985612
15016,12892,WN,515,23.28767123287671,0.7766990291262136,12.317025440313111
15016,12953,AA,1,0.0,0.0,0.0
15016,12953,OO,28,32.142857142857146,0.0,26.25925925925926
15016,12953,WN,1140,24.144144144144146,2.6315789473684212,14.688969258589513
15016,12953,YX,1003,16.32231404958678,3.489531405782652,11.746861924686192
15016,12954,WN,295,19.727891156462583,0.3389830508474576,11.537414965986395
15016,12992,WN,562,17.509025270758123,1.4234875444839858,11.819168173598554
15016,13198,WN,855,21.18343195266272,1.1695906432748537,12.085308056872037
15016,13204,F9,286,28.621908127208478,1.048951048951049,21.939285714285713
15016,13204,NK,10,10.0,0.0,3.9
15016,13204,WN,1679,20.13221153846154,0.8933889219773675,12.454435727217863
15016,13232,WN,1472,18.556701030927837,1.1548913043478262,11.409372846312888
15016,13277,MQ,1,0.0,0.0,0.0
15016,13303,AA,356,13.352272727272727,1.1235955056179776,10.457142857142857
15016,13303,MQ,127,20.8,1.5748031496062993,16.887096774193548
15016,13303,WN,386,21.148825065274153,0.7772020725388601,13.586842105263157
15016,13342,WN,559,14.259927797833935,0.8944543828264758,10.655234657039712
15016,13487,DL,812,15.717821782178218,0.49261083743842365,17.598513011152416
15016,13487,OO,171,22.485207100591715,1.1695906432748537,19.911242603550296
15016,13487,WN,531,22.095238095238095,1.1299435028248588,12.516190476190475
15016,13495,WN,616,18.677685950413224,1.7857142857142858,13.466115702479339
15016,13577,WN,60,21.666666666666668,0.0,8.933333333333334
15016,13796,WN,4,25.0,0.0,11.75
15016,13851,WN,577,21.578947368421055,1.2131715771230502,12.17750439367311
15016,13871,WN,672,18.484848484848484,1.7857142857142858,11.11380880121396
15016,13930,AA,496,12.704918032786885,1.6129032258064515,14.163934426229508
15016,13930,MQ,457,24.721603563474385,1.75054704595186,15.643652561247215
15016,13930,OO,554,33.94495412844037,1.6245487364620939,29.66422018348624
15016,13930,UA,545,35.0,0.9174311926605505,28.294444444444444
15016,13930,YX,389,19.9468085106383,3.341902313624679,11.072
15016,13931,WN,17,11.76470588235294,0.0,4.470588235294118
15016,14027,WN,33,30.303030303030305,0.0,34.93939393939394
15016,14057,WN,34,30.303030303030305,2.9411764705882355,10.272727272727273
15016,14100,AA,470,21.767241379310345,1.2765957446808511,29.738095238095237
15016,14100,OH,168,16.560509554140125,6.5476190476190474,15.256410256410257
15016,14100,WN,519,18.9083820662768,1.1560693641618498,11.337890625
15016,14100,YX,38,20.588235294117645,10.526315789473685,7.382352941176471
15016,14107,AA,403,20.80200501253133,0.9925558312655087,31.90452261306533
15016,14107,F9,7,28.57142857142857,0.0,147.85714285714286
15016,14107,OO,135,17.037037037037038,0.0,18.333333333333332
15016,14107,WN,1286,22.58823529411765,0.8553654743390358,12.38679245283019
15016,14122,WN,319,21.13564668769716,0.6269592476489029,12.599369085173501
15016,14193,WN,217,11.52073732718894,0.0,5.456221198156682
15016,14492,WN,521,16.988416988416986,0.5758157389635317,9.972972972972974
15016,14635,WN,829,23.66504854368932,0.6031363088057901,13.935365853658537
15016,14679,WN,421,27.44630071599045,0.4750593824228028,16.167865707434053
15016,14683,WN,486,19.791666666666664,1.2345679012345678,13.164926931106471
15016,14685,WN,73,13.698630136986301,0.0,8.136986301369863
15016,14747,AS,670,22.372372372372375,0.5970149253731343,12.694277108433734
15016,14747,WN,101,38.613861386138616,0.0,18.633663366336634
15016,14771,OO,31,29.03225806451613,0.0,17.838709677419356
15016,14771,UA,337,23.652694610778443,0.8902077151335311,18.898203592814372
15016,14771,WN,298,32.323232323232325,0.33557046979865773,19.087542087542086
15016,14831,WN,20,22.22222222222222,10.0,21.333333333333332
15016,14843,WN,31,29.03225806451613,0.0,12.258064516129032
15016,14869,DL,802,10.062893081761008,0.8728179551122195,7.457648546144122
15016,14869,OO,2,0.0,0.0,0.0
15016,14869,WN,9,0.0,0.0,1.1111111111111112
15016,14893,WN,271,23.333333333333332,0.36900369003690037,11.88888888888889
15016,14986,WN,299,23.154362416107382,0.33444816053511706,16.721476510067113
15016,15304,F9,3,33.33333333333333,0.0,49.0
15016,15304,WN,968,20.981210855949893,1.0330578512396693,12.655136268343815
15016,15370,WN,563,16.216216216216218,1.4209591474245116,10.804347826086957
15016,15624,WN,158,22.78481012658228,0.0,13.278481012658228
15023,10800,OO,251,18.473895582329316,0.796812749003984,10.596774193548388
15023,11298,AA,121,39.166666666666664,0.8264462809917356,54.98275862068966
15023,11298,MQ,53,7.547169811320755,0.0,7.811320754716981
15023,12889,OO,213,22.535211267605636,0.0,17.3943661971831
15023,12892,OO,613,20.525451559934318,0.6525285481239804,13.60919540229885
15023,14057,OO,362,13.019390581717452,0.27624309392265195,10.966759002770083
15023,14107,AA,166,23.49397590361446,0.0,17.92168674698795
15023,14107,MQ,238,14.345991561181433,0.42016806722689076,11.842553191489362
15023,14107,OO,157,29.936305732484076,0.0,40.3312101910828
15023,14262,OO,4,50.0,0.0,54.25
15023,14679,OO,631,25.203252032520325,2.535657686212361,14.468954248366012
15023,14747,AS,225,44.39461883408072,0.8888888888888888,25.45945945945946
15023,14747,OO,167,27.878787878787882,1.1976047904191616,19.654545454545456
15023,14908,OO,577,25.73913043478261,0.3466204506065858,17.681184668989548
15024,10397,DL,552,15.992647058823529,1.4492753623188406,17.64962121212121
15024,11057,AA,475,13.88888888888889,1.4736842105263157,13.720779220779221
15024,11298,AA,93,20.43010752688172,0.0,17.741573033707866
15024,11618,UA,187,12.5,1.6042780748663101,7.311475409836065
15024,11697,NK,320,9.119496855345911,0.625,6.183006535947713
15024,12264,UA,246,16.46090534979424,1.2195121951219512,7.825726141078838
15024,12266,UA,119,19.82758620689655,2.5210084033613445,10.947368421052632
15024,12478,AA,245,13.580246913580247,0.8163265306122449,24.708333333333332
15024,12478,DL,223,17.647058823529413,0.8968609865470852,13.752293577981652
15024,13204,NK,384,16.358839050131927,1.3020833333333333,14.994334277620396
15024,13303,AA,716,15.287517531556801,0.41899441340782123,24.71145685997171
15024,13930,AA,14,35.714285714285715,0.0,32.61538461538461
15024,13930,UA,81,29.629629629629626,0.0,35.25925925925926
15024,14100,AA,132,18.3206106870229,0.7575757575757576,12.937984496124031
15024,14843,B6,382,22.691292875989447,0.7853403141361257,16.16358839050132
15024,14843,F9,14,64.28571428571429,0.0,129.28571428571428
15027,10397,DL,109,33.33333333333333,3.669724770642202,18.776699029126213
15027,11057,AA,111,16.363636363636363,0.9009009009009009,10.863636363636363
15027,11697,NK,171,17.543859649122805,0.0,16.91764705882353
15027,13303,AA,472,26.059322033898308,0.0,32.06170212765957
15027,14843,B6,251,16.06425702811245,0.796812749003984,11.641129032258064
15027,14843,F9,14,71.42857142857143,0.0,51.357142857142854
15041,11292,OO,550,20.6581352833638,0.5454545454545454,22.112338858195212
15041,12892,OO,277,9.48905109489051,1.0830324909747293,11.328467153284672
15041,13930,OO,129,22.04724409448819,1.550387596899225,39.05691056910569
15041,14747,OO,25,20.0,0.0,22.92
15041,14771,OO,232,32.17391304347826,0.8620689655172413,27.017467248908297
15041,14869,OO,910,5.408388520971302,0.43956043956043955,9.207505518763798
15048,11292,OO,304,39.93288590604027,1.9736842105263157,40.08474576271186
15048,13930,OO,304,25.249169435215947,0.9868421052631579,28.39799331103679
15070,11697,G4,80,20.0,0.0,29.0126582278481
15070,13577,G4,142,36.231884057971016,2.816901408450704,23.401459854014597
15070,14082,G4,102,24.752475247524753,0.9803921568627451,21.871287128712872
15070,14112,G4,104,25.24271844660194,0.9615384615384616,22.676470588235293
15070,14761,G4,81,37.03703703703704,0.0,35.27160493827161
15074,11298,OO,608,17.123287671232877,3.9473684210526314,16.65807560137457
15096,10397,DL,877,17.01388888888889,1.4823261117445838,13.907084785133566
15096,10397,F9,47,52.17391304347826,2.127659574468085,37.23913043478261
15096,10693,G4,92,19.565217391304348,0.0,18.384615384615383
15096,10721,B6,298,13.559322033898304,1.0067114093959733,11.142372881355932
15096,11057,AA,848,18.85441527446301,1.179245283018868,17.977272727272727
15096,11057,OH,89,19.767441860465116,3.3707865168539324,11.63953488372093
15096,11278,AA,119,33.62068965517241,2.5210084033613445,29.267241379310345
15096,11278,MQ,80,11.39240506329114,1.25,9.291139240506329
15096,11278,OH,736,31.851851851851855,8.28804347826087,37.36552748885587
15096,11278,YX,48,10.638297872340425,2.0833333333333335,13.02127659574468
15096,11292,UA,380,19.736842105263158,0.0,21.132275132275133
15096,11298,AA,266,19.844357976653697,3.3834586466165413,15.796875
15096,11433,DL,303,8.27814569536424,0.33003300330033003,9.410596026490067
15096,11433,OO,186,15.675675675675677,0.5376344086021505,14.016216216216216
15096,11433,YX,28,10.714285714285714,0.0,8.571428571428571
15096,11618,UA,12,33.33333333333333,0.0,10.833333333333334
15096,11618,YX,435,17.22488038277512,3.9080459770114944,13.366906474820144
15096,11697,G4,99,40.4040404040404,0.0,35.292929292929294
15096,12264,YX,69,22.388059701492537,2.898550724637681,20.611940298507463
15096,12478,B6,391,16.79790026246719,2.557544757033248,11.627296587926509
15096,12478,YX,82,12.658227848101266,3.658536585365854,25.31645569620253
15096,12953,OO,42,19.047619047619047,0.0,11.714285714285714
15096,12953,YX,181,26.136363636363637,2.7624309392265194,15.902857142857142
15096,13204,B6,481,25.260960334029225,0.4158004158004158,19.348008385744233
15096,13204,F9,163,32.71604938271605,0.6134969325153374,32.388888888888886
15096,13303,MQ,8,28.57142857142857,12.5,7.428571428571429
15096,13303,YX,12,16.666666666666664,0.0,5.833333333333333
15096,13487,OO,4,0.0,0.0,6.5
15096,13577,G4,79,26.923076923076923,1.2658227848101267,15.653846153846153
15096,13930,AA,102,21.0,1.9607843137254901,22.73
15096,13930,MQ,613,23.62728785357737,1.9575856443719413,17.315
15096,13930,OO,76,28.000000000000004,1.3157894736842106,18.04
15096,13930,UA,433,23.953488372093023,0.6928406466512702,16.088785046728972
15096,13930,YX,457,23.042505592841163,2.1881838074398248,13.746636771300448
15096,14082,G4,80,31.25,0.0,27.15
15096,14100,OH,66,12.5,3.0303030303030303,30.109375
15096,14100,YX,32,12.903225806451612,3.125,9.741935483870968
15096,14112,G4,157,39.490445859872615,0.0,26.821656050955415
15096,14492,F9,36,13.88888888888889,0.0,9.25
15096,14761,G4,95,25.263157894736842,0.0,16.46808510638298
15096,14986,G4,73,32.87671232876712,0.0,17.684931506849313
15249,10397,DL,1266,13.578274760383385,1.1058451816745656,12.498800959232614
15249,10397,OO,3,100.0,0.0,38.666666666666664
15249,10599,OH,1,0.0,0.0,0.0
15249,11057,MQ,9,11.11111111111111,0.0,3.0
15249,11057,OH,277,20.973782771535582,3.6101083032490973,17.048872180451127
15249,11278,OH,303,14.930555555555555,4.9504950495049505,17.791666666666668
15249,11298,MQ,311,23.920265780730897,3.215434083601286,18.243333333333332
15249,11298,OH,569,27.706422018348626,4.21792618629174,30.814338235294116
15249,11298,OO,30,16.666666666666664,0.0,14.689655172413794
15249,13303,AA,6,50.0,0.0,24.166666666666668
15249,13303,MQ,1014,17.835671342685373,1.5779092702169626,12.085513078470825
15295,10466,G4,8,0.0,0.0,0.5
15295,14082,G4,102,18.0,1.9607843137254901,11.58
15295,14112,G4,118,45.76271186440678,0.0,41.47457627118644
15295,14761,G4,90,62.22222222222222,0.0,56.40449438202247
15304,10158,NK,318,21.019108280254777,1.2578616352201257,23.589171974522294
15304,10257,WN,198,18.68686868686869,0.0,13.777777777777779
15304,10397,DL,3620,23.527770025118617,1.022099447513812,18.909370629370628
15304,10397,F9,624,29.93421052631579,2.5641025641025643,26.299342105263158
15304,10397,NK,153,27.631578947368425,0.6535947712418301,23.55921052631579
15304,10397,WN,681,22.123893805309734,0.44052863436123346,16.022222222222222
15304,10423,DL,146,27.397260273972602,0.0,20.527397260273972
15304,10423,WN,856,20.86752637749121,0.35046728971962615,12.654161781946073
15304,10529,B6,392,20.155038759689923,1.2755102040816326,14.54025974025974
15304,10529,F9,16,13.333333333333334,6.25,7.6
15304,10529,WN,317,13.924050632911392,0.31545741324921134,8.606349206349206
15304,10599,WN,351,20.57142857142857,0.2849002849002849,12.442857142857143
15304,10693,MQ,601,29.541595925297116,1.9966722129783694,22.190068493150687
15304,10693,NK,28,32.142857142857146,0.0,23.035714285714285
15304,10693,WN,1420,21.190644932671866,0.6338028169014085,13.300426136363637
15304,10721,B6,1316,26.0,1.21580547112462,19.97378565921357
15304,10721,DL,842,27.27272727272727,0.7125890736342043,22.71616766467066
15304,10721,F9,215,30.62200956937799,2.7906976744186047,24.435406698564595
15304,10721,NK,132,17.829457364341085,2.272727272727273,13.310077519379846
15304,10785,F9,46,15.909090909090908,4.3478260869565215,7.636363636363637
15304,10792,F9,217,29.30232558139535,0.9216589861751152,20.89252336448598
15304,10792,WN,550,16.029143897996356,0.18181818181818182,12.191956124314443
15304,10821,F9,263,31.417624521072796,0.7604562737642585,32.08076923076923
15304,10821,NK,116,35.13513513513514,4.310344827586207,27.936936936936938
15304,10821,WN,1999,19.185750636132315,1.7008504252126062,13.81326530612245
15304,11042,F9,717,25.03556187766714,1.9525801952580195,19.83880171184023
15304,11042,UA,129,11.811023622047244,1.550387596899225,8.393700787401574
15304,11042,WN,26,23.076923076923077,0.0,6.846153846153846
15304,11057,AA,2806,18.28695337911095,1.389878831076265,14.578147612156295
15304,11057,F9,86,27.710843373493976,3.488372093023256,35.01204819277108
15304,11057,NK,184,19.12568306010929,0.5434782608695652,13.628415300546449
15304,11066,NK,16,18.75,0.0,7.8125
15304,11066,WN,735,20.73669849931787,0.272108843537415,13.340629274965801
15304,11193,DL,285,31.929824561403507,0.0,30.196491228070176
15304,11193,F9,380,21.40921409214092,2.8947368421052633,15.897018970189702
15304,11193,WN,5,60.0,0.0,27.4
15304,11259,WN,1079,20.692883895131086,1.0194624652455977,14.369462770970783
15304,11278,AA,1198,29.896907216494846,2.8380634390651087,28.6171875
15304,11278,WN,575,24.867724867724867,1.391304347826087,17.790408525754884
15304,11278,YX,3,0.0,0.0,4.0
15304,11292,F9,483,26.722338204592898,0.8281573498964804,22.5741127348643
15304,11292,UA,1035,20.077594568380214,0.3864734299516908,14.676413255360623
15304,11292,WN,1087,22.467771639042358,0.09199632014719411,13.526901669758812
15304,11298,AA,2027,27.407030056036678,3.1573754316724223,26.716479017400204
15304,11298,F9,170,29.6969696969697,2.9411764705882355,26.733333333333334
15304,11298,MQ,60,40.67796610169492,1.6666666666666667,33.33898305084746
15304,11298,NK,126,30.64516129032258,1.5873015873015872,27.79032258064516
15304,11433,DL,1311,18.41903300076746,0.6102212051868803,14.016153846153847
15304,11433,F9,85,20.0,0.0,12.270588235294118
15304,11433,NK,568,17.314487632508836,0.352112676056338,13.224381625441696
15304,11433,WN,5,20.0,0.0,6.6
15304,11618,B6,424,40.14598540145985,3.0660377358490565,32.81219512195122
15304,11618,UA,1863,27.696476964769644,0.966183574879227,27.116494284158954
15304,11697,NK,649,16.589147286821706,0.6163328197226502,13.92093023255814
15304,11697,WN,304,23.1023102310231,0.32894736842105265,16.572847682119207
15304,11986,F9,37,22.22222222222222,2.7027027027027026,11.944444444444445
15304,11986,WN,8,25.0,0.0,13.375
15304,12191,WN,820,16.113161131611317,0.8536585365853658,11.89272503082614
15304,12197,B6,304,28.23920265780731,0.9868421052631579,23.55704697986577
15304,12264,F9,207,33.165829145728644,3.864734299516908,23.42713567839196
15304,12264,UA,1126,18.911685994647637,0.44404973357015987,15.059768064228367
15304,12266,F9,143,29.78723404255319,1.3986013986013985,27.80141843971631
15304,12266,NK,234,19.480519480519483,1.2820512820512822,15.558441558441558
15304,12266,UA,1137,15.766164747564215,0.7036059806508356,13.179555555555556
15304,12339,F9,74,17.80821917808219,1.3513513513513513,15.013698630136986
15304,12339,NK,195,15.706806282722512,2.051282051282051,9.652631578947368
15304,12339,WN,762,19.70899470899471,0.7874015748031497,13.582010582010582
15304,12391,F9,284,23.465703971119133,2.464788732394366,18.227436823104693
15304,12391,WN,165,16.463414634146343,0.6060606060606061,10.251533742331288
15304,12478,B6,919,20.620842572062084,1.8498367791077257,16.727272727272727
15304,12478,DL,912,23.35928809788654,1.4254385964912282,18.087053571428573
15304,12478,F9,296,16.610169491525422,0.33783783783783783,10.537414965986395
15304,12889,F9,65,37.5,1.5384615384615385,67.765625
15304,12889,NK,417,16.786570743405278,0.0,14.422062350119903
15304,12889,WN,521,17.85028790786948,0.0,11.657032755298651
15304,12892,DL,495,17.849898580121703,0.40404040404040403,10.509127789046653
15304,12892,UA,322,10.869565217391305,0.0,7.875
15304,12953,AA,570,28.49462365591398,2.1052631578947367,34.35431654676259
15304,12953,B6,330,36.33540372670808,2.4242424242424243,28.30841121495327
15304,12953,DL,1315,27.35703245749614,1.596958174904943,23.62919594067135
15304,12953,WN,3,0.0,0.0,0.3333333333333333
15304,12953,YX,4,50.0,0.0,20.0
15304,13198,F9,3,33.33333333333333,0.0,16.666666666666668
15304,13198,WN,540,20.48417132216015,0.5555555555555556,13.42134831460674
15304,13232,F9,137,27.819548872180448,2.9197080291970803,21.857142857142858
15304,13232,WN,1318,20.487433358720487,0.37936267071320184,14.938120702826586
15304,13244,WN,62,34.42622950819672,1.6129032258064515,18.566666666666666
15304,13296,WN,83,18.072289156626507,0.0,22.686746987951807
15304,13303,AA,2131,20.26578073089701,1.1262318160488034,20.497150997150996
15304,13303,MQ,363,19.273743016759777,1.3774104683195592,17.19154929577465
15304,13303,YX,23,26.08695652173913,0.0,24.391304347826086
15304,13342,F9,20,42.10526315789473,5.0,48.94736842105263
15304,13342,NK,12,25.0,0.0,9.416666666666666
15304,13342,WN,392,21.53846153846154,0.5102040816326531,15.017948717948718
15304,13487,DL,1007,20.0,0.19860973187686196,14.465139442231076
15304,13487,NK,11,36.36363636363637,0.0,30.818181818181817
15304,13487,WN,3,0.0,0.0,2.0
15304,13495,NK,208,27.093596059113302,2.4038461538461537,18.50990099009901
15304,13495,WN,656,18.111455108359134,1.524390243902439,12.573643410852712
15304,13871,WN,17,5.88235294117647,0.0,2.0
15304,13930,AA,858,23.73678025851939,0.8158508158508159,23.075919335705812
15304,13930,F9,194,36.12565445026178,1.5463917525773196,35.89473684210526
15304,13930,NK,366,24.175824175824175,0.546448087431694,18.35989010989011
15304,13930,UA,1167,19.570815450643778,0.1713796058269066,14.221360895779501
15304,14057,AS,16,18.75,0.0,18.3125
15304,14100,AA,1335,22.602739726027394,1.5730337078651686,19.622425629290618
15304,14100,F9,628,33.49436392914654,1.1146496815286624,30.264090177133657
15304,14100,NK,83,25.609756097560975,1.2048192771084338,18.73170731707317
15304,14100,WN,138,23.18840579710145,0.0,14.585185185185185
15304,14107,AA,565,21.808510638297875,0.17699115044247787,17.454545454545453
15304,14107,WN,428,17.523364485981308,0.0,12.394859813084112
15304,14122,NK,220,22.325581395348838,2.272727272727273,24.44859813084112
15304,14122,WN,686,23.357664233576642,0.1457725947521866,15.98391812865497
15304,14307,B6,274,24.087591240875913,0.0,22.14760147601476
15304,14307,WN,370,21.08108108108108,0.0,11.763586956521738
15304,14321,F9,35,11.76470588235294,2.857142857142857,12.529411764705882
15304,14492,DL,516,18.09338521400778,0.3875968992248062,17.3125
15304,14492,F9,198,26.02040816326531,1.0101010101010102,16.27179487179487
15304,14492,WN,322,15.57632398753894,0.3105590062111801,9.666666666666666
15304,14576,WN,63,17.46031746031746,0.0,19.61904761904762
15304,14679,AS,283,19.855595667870034,2.1201413427561837,10.71376811594203
15304,14679,WN,38,36.84210526315789,0.0,17.5
15304,14683,NK,57,18.181818181818183,3.508771929824561,9.672727272727272
15304,14683,WN,321,24.375,0.3115264797507788,14.071875
15304,14730,NK,64,20.634920634920633,1.5625,15.587301587301587
15304,14730,WN,354,14.971751412429379,0.0,9.130311614730878
15304,14747,AS,556,32.00723327305606,0.539568345323741,18.247272727272726
15304,14747,DL,303,16.55629139072848,0.33003300330033003,14.927152317880795
15304,14771,AS,5,60.0,0.0,47.2
15304,14771,UA,523,19.961612284069098,0.3824091778202677,14.348076923076922
15304,14843,B6,497,18.548387096774192,0.2012072434607646,12.860887096774194
15304,14843,F9,299,33.559322033898304,1.3377926421404682,25.829931972789115
15304,14843,WN,400,26.25,0.0,14.456140350877194
15304,14869,DL,304,15.51155115511551,0.32894736842105265,11.158415841584159
15304,14869,WN,5,40.0,0.0,26.0
15304,15016,F9,3,0.0,0.0,4.0
15304,15016,WN,954,17.073170731707318,1.1530398322851152,10.014893617021277
15304,15356,F9,244,24.786324786324787,4.098360655737705,16.15948275862069
15323,10397,DL,297,17.064846416382252,1.3468013468013469,19.119453924914676
15323,10397,OO,140,31.654676258992804,0.7142857142857143,38.935251798561154
15323,11057,OH,1,0.0,0.0,7.0
15323,11298,MQ,475,19.65811965811966,1.4736842105263157,16.251612903225805
15323,11298,OH,6,0.0,16.666666666666668,0.6
15323,14112,G4,53,58.490566037735846,0.0,71.28301886792453
15323,14761,G4,105,63.46153846153846,0.9523809523809523,55.625
15356,10397,F9,57,19.642857142857142,1.7543859649122806,16.482142857142858
15356,13204,F9,489,21.59329140461216,2.4539877300613497,20.51890756302521
15356,13577,F9,32,19.35483870967742,3.125,11.580645161290322
15356,14027,F9,75,27.027027027027028,1.3333333333333333,26.10810810810811
15356,14635,F9,75,14.864864864864865,1.3333333333333333,11.5
15356,15304,F9,244,21.09704641350211,2.8688524590163933,16.354430379746834
15370,10397,DL,1285,16.53481012658228,1.6342412451361867,16.318506751389993
15370,10423,WN,262,13.461538461538462,0.7633587786259542,9.276923076923078
15370,10693,WN,207,24.637681159420293,0.0,13.381642512077295
15370,11057,AA,427,16.312056737588655,0.936768149882904,18.54265402843602
15370,11057,OH,208,30.76923076923077,6.25,19.572164948453608
15370,11259,WN,875,16.046511627906977,1.7142857142857142,10.443023255813953
15370,11278,OH,266,33.04347826086956,13.533834586466165,32.95575221238938
15370,11278,YX,32,41.935483870967744,3.125,24.7
15370,11292,F9,6,33.33333333333333,0.0,11.5
15370,11292,OO,1020,25.271470878578477,0.6862745098039216,21.353174603174605
15370,11292,UA,191,32.10526315789474,0.5235602094240838,17.021052631578947
15370,11292,WN,807,21.5980024968789,0.7434944237918215,14.849812265331664
15370,11298,AA,1455,24.53637660485021,3.642611683848797,26.61659513590844
15370,11298,MQ,558,22.55083179297597,3.046594982078853,14.758812615955472
15370,11298,OH,365,26.112759643916917,7.671232876712328,28.305637982195847
15370,11298,OO,203,18.090452261306535,1.9704433497536946,25.156565656565657
15370,12191,WN,624,14.814814814814813,0.4807692307692308,9.908212560386474
15370,12266,OO,519,20.2729044834308,1.1560693641618498,20.269155206286836
15370,12266,UA,335,8.868501529051988,2.388059701492537,6.01223241590214
15370,12889,G4,89,22.727272727272727,1.1235955056179776,11.5
15370,12889,WN,536,16.23134328358209,0.0,8.869402985074627
15370,12892,AA,6,0.0,0.0,0.0
15370,12892,G4,70,25.71428571428571,0.0,33.58571428571429
15370,12892,OO,299,19.12751677852349,0.33444816053511706,26.454545454545453
15370,12953,YX,320,14.285714285714285,1.5625,12.762057877813504
15370,13204,WN,112,24.324324324324326,0.8928571428571429,20.765765765765767
15370,13232,WN,292,14.0893470790378,0.3424657534246575,8.487972508591065
15370,13303,MQ,62,24.193548387096776,0.0,15.5
15370,13303,YX,35,20.588235294117645,2.857142857142857,15.558823529411764
15370,13930,MQ,422,23.741007194244602,1.1848341232227488,15.189903846153847
15370,13930,OH,116,43.24324324324324,4.310344827586207,53.5045045045045
15370,13930,OO,692,21.106259097525474,0.7225433526011561,21.5970802919708
15370,13930,YX,312,18.892508143322477,1.6025641025641026,14.022801302931596
15370,14107,MQ,241,17.012448132780083,0.0,9.846473029045644
15370,14107,OO,285,19.366197183098592,0.3508771929824561,21.347517730496453
15370,14107,WN,506,18.290258449304176,0.5928853754940712,13.433399602385686
15370,14112,G4,26,46.15384615384615,0.0,42.69230769230769
15370,14761,G4,86,38.372093023255815,0.0,47.86046511627907
15370,14869,OO,536,9.6045197740113,0.9328358208955224,6.6158192090395485
15370,15016,WN,563,12.410071942446043,1.2433392539964476,9.037906137184116
15370,15624,G4,52,40.38461538461539,0.0,69.07692307692308
15376,10397,DL,672,7.250755287009064,1.4880952380952381,10.549467275494672
15376,11259,WN,181,15.083798882681565,1.1049723756906078,9.235955056179776
15376,11292,F9,82,25.0,2.4390243902439024,24.4375
15376,11292,OO,622,22.617124394184167,0.48231511254019294,16.21197411003236
15376,11292,UA,589,18.835616438356166,0.8488964346349746,13.12736660929432
15376,11292,WN,1021,20.726915520628683,0.2938295788442703,14.51771653543307
15376,11298,AA,1810,21.010332950631458,3.7569060773480665,23.165608770917483
15376,11298,F9,7,28.57142857142857,0.0,32.285714285714285
15376,11298,MQ,8,25.0,0.0,17.625
15376,11298,OO,1,0.0,0.0,0.0
15376,12191,WN,302,12.333333333333334,0.6622516556291391,7.8561872909699
15376,12266,OO,63,20.967741935483872,1.5873015873015872,15.129032258064516
15376,12266,UA,241,8.016877637130802,1.6597510373443984,7.679324894514768
15376,12889,F9,53,28.846153846153843,1.8867924528301887,49.17307692307692
15376,12889,WN,1028,15.902439024390244,0.2918287937743191,10.615234375
15376,12892,OO,1871,13.008565310492507,0.16034206306787813,12.313872522763791
15376,12892,WN,331,14.02439024390244,0.9063444108761329,7.490853658536586
15376,13232,WN,292,2.7491408934707904,0.3424657534246575,3.8027681660899653
15376,13487,DL,126,13.492063492063492,0.0,11.46031746031746
15376,13930,AA,508,20.717131474103585,1.1811023622047243,22.350701402805612
15376,13930,MQ,3,33.33333333333333,0.0,8.0
15376,13930,OO,264,12.167300380228136,0.3787878787878788,7.704980842911877
15376,13930,UA,153,15.789473684210526,0.6535947712418301,13.688741721854305
15376,14057,OO,241,5.857740585774058,0.8298755186721992,3.9790794979079496
15376,14107,AA,256,17.578125,0.0,17.734375
15376,14107,MQ,532,11.299435028248588,0.18796992481203006,8.817325800376647
15376,14107,OO,1932,15.723923196678774,0.2587991718426501,13.944473274519979
15376,14679,WN,513,18.1640625,0.1949317738791423,12.650390625
15376,14747,AS,445,14.446952595936793,0.449438202247191,8.713318284424378
15376,14747,DL,126,10.483870967741936,1.5873015873015872,9.306451612903226
15376,14747,OO,320,10.9375,0.0,7.825
15376,14771,OO,700,16.738197424892704,0.14285714285714285,10.567954220314736
15376,14771,UA,128,21.6,2.34375,22.464
15376,14869,OO,909,3.850385038503851,0.0,4.325991189427313
15376,14893,OO,106,17.92452830188679,0.0,9.283018867924529
15376,14893,WN,68,7.352941176470589,0.0,2.6470588235294117
15376,14908,OO,111,16.363636363636363,0.9009009009009009,9.081818181818182
15380,10397,DL,34,32.35294117647059,0.0,12.117647058823529
15380,10466,G4,48,29.166666666666668,0.0,19.333333333333332
15380,10721,B6,52,38.46153846153847,0.0,26.784313725490197
15380,10721,YX,122,25.40983606557377,0.0,15.860655737704919
15380,11057,AA,51,1.9607843137254901,0.0,1.3137254901960784
15380,11057,MQ,155,27.450980392156865,1.2903225806451613,17.901960784313726
15380,11057,OH,98,8.421052631578947,3.061224489795918,20.642105263157895
15380,11278,AA,24,30.434782608695656,4.166666666666667,14.478260869565217
15380,11278,MQ,100,31.25,4.0,14.375
15380,11278,OH,28,54.54545454545454,21.428571428571427,44.18181818181818
15380,11278,YX,4,0.0,0.0,5.5
15380,11292,OO,23,17.391304347826086,0.0,8.0
15380,11292,UA,212,31.132075471698112,0.0,23.492822966507177
15380,11298,AA,127,50.4,1.5748031496062993,60.976
15380,11298,MQ,25,28.000000000000004,0.0,18.04
15380,11433,DL,319,15.141955835962145,0.6269592476489029,8.082018927444794
15380,11433,OO,591,21.731748726655347,0.338409475465313,18.492359932088284
15380,11697,G4,62,40.32258064516129,0.0,65.88709677419355
15380,12264,UA,8,37.5,0.0,23.75
15380,12266,OO,54,35.84905660377358,1.8518518518518519,32.924528301886795
15380,12953,DL,30,10.344827586206897,3.3333333333333335,4.962962962962963
15380,12953,YX,10,30.0,0.0,16.9
15380,13487,DL,13,53.84615384615385,0.0,28.923076923076923
15380,13487,OO,118,16.94915254237288,0.0,16.322033898305083
15380,13930,MQ,274,31.02189781021898,0.0,18.64963503649635
15380,13930,OH,76,50.0,5.2631578947368425,37.986111111111114
15380,13930,OO,837,40.931372549019606,2.5089605734767026,40.543665436654365
15380,13930,UA,395,24.93573264781491,1.518987341772152,17.917525773195877
15380,13930,YX,242,21.008403361344538,1.6528925619834711,17.76890756302521
15380,14082,G4,55,30.909090909090907,0.0,23.18867924528302
15380,14100,AA,1,0.0,0.0,11.0
15380,14100,OH,97,17.391304347826086,5.154639175257732,10.219780219780219
15380,14100,YX,7,0.0,0.0,0.0
15380,14112,G4,88,27.27272727272727,0.0,21.386363636363637
15380,14761,G4,85,29.411764705882355,0.0,14.070588235294117
15389,14869,OO,600,4.833333333333333,0.0,7.267111853088481
15401,11298,MQ,297,16.955017301038062,2.6936026936026938,11.09375
15401,11298,OO,311,22.2972972972973,4.823151125401929,21.06418918918919
15411,11298,MQ,445,25.799086757990867,1.5730337078651686,18.420091324200914
15411,11298,OO,466,24.601366742596813,5.793991416309013,18.75799086757991
15412,10397,DL,1368,14.666666666666666,1.3157894736842106,12.840504451038576
15412,10423,G4,75,25.333333333333336,0.0,14.52
15412,10599,OO,1,0.0,0.0,0.0
15412,10676,G4,28,25.925925925925924,3.5714285714285716,65.03703703703704
15412,10721,G4,142,13.380281690140844,0.0,7.584507042253521
15412,11057,AA,300,28.523489932885905,0.6666666666666666,37.48322147651007
15412,11057,MQ,77,14.473684210526317,1.2987012987012987,6.842105263157895
15412,11057,OH,733,20.897615708274895,2.728512960436562,20.144460028050492
15412,11278,MQ,32,41.37931034482759,9.375,24.103448275862068
15412,11278,OH,761,31.837307152875177,6.307490144546649,30.29014084507042
15412,11278,YX,88,19.51219512195122,6.818181818181818,11.426829268292684
15412,11292,F9,88,38.63636363636363,0.0,38.26136363636363
15412,11292,G4,87,21.839080459770116,0.0,18.641975308641975
15412,11292,OO,387,7.853403141361256,1.2919896640826873,5.874015748031496
15412,11292,UA,221,35.0,0.45248868778280543,30.424657534246574
15412,11298,AA,1044,26.919242273180462,3.9272030651340994,30.895895895895897
15412,11298,MQ,35,14.705882352941178,2.857142857142857,8.794117647058824
15412,11298,OH,290,24.210526315789473,1.7241379310344827,23.77304964539007
15412,11298,OO,7,28.57142857142857,0.0,186.28571428571428
15412,11618,G4,128,13.28125,0.0,9.765625
15412,11624,G4,9,22.22222222222222,0.0,18.666666666666668
15412,11697,G4,410,33.90243902439025,0.0,29.392156862745097
15412,12191,G4,37,21.62162162162162,0.0,14.13888888888889
15412,12264,G4,37,13.513513513513514,0.0,22.81081081081081
15412,12451,G4,88,17.045454545454543,0.0,12.193181818181818
15412,12889,G4,105,20.952380952380953,0.0,17.238095238095237
15412,12953,YX,674,22.22222222222222,3.857566765578635,21.304347826086957
15412,13204,G4,115,13.043478260869565,0.0,11.330434782608696
15412,13232,G4,47,27.659574468085108,0.0,50.170212765957444
15412,13244,G4,17,35.294117647058826,0.0,21.235294117647058
15412,13303,AA,92,31.868131868131865,1.0869565217391304,52.043956043956044
15412,13303,MQ,233,15.879828326180256,0.0,13.275862068965518
15412,13303,YX,10,70.0,0.0,62.3
15412,13487,G4,24,20.833333333333336,0.0,26.0
15412,13930,MQ,167,30.538922155688624,0.0,18.09036144578313
15412,13930,OH,402,43.18766066838046,3.2338308457711444,54.485788113695094
15412,13930,OO,635,29.29936305732484,1.1023622047244095,28.8608
15412,13930,UA,260,5.905511811023622,2.3076923076923075,4.8853754940711465
15412,13930,YX,188,17.741935483870968,1.0638297872340425,17.010752688172044
15412,14082,G4,175,27.011494252873565,0.5714285714285714,22.578034682080926
15412,14100,OH,304,14.04109589041096,3.9473684210526314,18.66780821917808
15412,14107,G4,104,16.346153846153847,0.0,13.776699029126213
15412,14112,G4,438,26.605504587155966,0.45662100456621,24.377880184331797
15412,14696,G4,32,25.0,0.0,68.125
15412,14761,G4,523,30.45977011494253,0.19120458891013384,28.767307692307693
15412,14986,G4,75,14.666666666666666,0.0,15.666666666666666
15412,15624,G4,131,18.3206106870229,0.0,8.412213740458014
15412,16422,G4,26,11.538461538461538,0.0,4.615384615384615
15569,12266,OO,485,21.814254859611232,4.536082474226804,35.855291576673864
15624,10397,DL,1979,15.519013360739981,1.6675088428499243,13.478887744593203
15624,10431,G4,13,23.076923076923077,0.0,95.76923076923077
15624,10676,G4,348,22.254335260115607,0.5747126436781609,17.77456647398844
15624,10693,WN,714,10.860366713681241,0.7002801120448179,8.992947813822285
15624,10721,G4,31,6.451612903225806,0.0,2.7096774193548385
15624,10821,WN,206,11.165048543689322,0.0,5.609756097560975
15624,10874,G4,32,12.5,0.0,7.71875
15624,11027,G4,13,15.384615384615385,0.0,12.615384615384615
15624,11057,AA,737,20.76502732240437,0.6784260515603799,21.871584699453553
15624,11057,OH,287,21.933085501858738,6.2717770034843205,31.45149253731343
15624,11193,G4,400,24.561403508771928,0.25,25.834586466165412
15624,11259,WN,367,17.079889807162534,1.0899182561307903,12.709141274238227
15624,11278,AA,70,25.71428571428571,0.0,30.485714285714284
15624,11278,MQ,31,13.333333333333334,3.225806451612903,6.033333333333333
15624,11278,OH,222,22.115384615384613,6.306306306306307,38.08173076923077
15624,11278,YX,6,20.0,16.666666666666668,12.6
15624,11298,AA,777,31.158455392809586,3.346203346203346,34.51409395973155
15624,11298,MQ,317,23.509933774834437,4.73186119873817,16.143333333333334
15624,11298,OH,87,30.263157894736842,12.64367816091954,34.14473684210526
15624,11423,G4,26,15.384615384615385,0.0,3.769230769230769
15624,11433,DL,19,11.11111111111111,5.2631578947368425,9.666666666666666
15624,11612,G4,30,16.666666666666664,0.0,15.666666666666666
15624,11618,G4,99,21.21212121212121,0.0,17.333333333333332
15624,11721,G4,87,6.896551724137931,0.0,10.425287356321839
15624,11986,G4,78,25.64102564102564,0.0,19.76923076923077
15624,12191,WN,216,24.537037037037038,0.0,20.269767441860466
15624,12223,G4,44,38.63636363636363,0.0,40.22727272727273
15624,12264,G4,32,18.75,0.0,16.0
15624,12278,G4,78,20.51282051282051,0.0,13.846153846153847
15624,12339,G4,88,19.318181818181817,0.0,8.229885057471265
15624,12889,G4,36,19.444444444444446,0.0,25.63888888888889
15624,12917,G4,126,16.666666666666664,0.0,10.76984126984127
15624,12945,G4,35,45.714285714285715,0.0,34.885714285714286
15624,12992,G4,27,0.0,0.0,1.3333333333333333
15624,13198,G4,54,25.925925925925924,0.0,37.18518518518518
15624,13198,WN,27,25.925925925925924,0.0,15.62962962962963
15624,13232,G4,83,12.048192771084338,0.0,8.325301204819278
15624,13244,G4,24,4.166666666666666,0.0,1.5
15624,13487,DL,247,18.930041152263374,1.6194331983805668,13.733333333333333
15624,13487,G4,39,10.256410256410255,0.0,7.897435897435898
15624,13851,G4,79,30.37974683544304,0.0,25.20253164556962
15624,13871,G4,31,16.129032258064516,0.0,6.225806451612903
15624,13930,AA,134,39.69465648854962,2.2388059701492535,47.52671755725191
15624,13930,MQ,39,12.82051282051282,0.0,7.2631578947368425
15624,13930,YX,30,30.0,0.0,37.53333333333333
15624,14100,OH,13,38.46153846153847,0.0,23.384615384615383
15624,14108,G4,53,28.30188679245283,0.0,19.849056603773583
15624,14122,G4,83,8.433734939759036,0.0,7.590361445783133
15624,14730,G4,112,18.91891891891892,0.8928571428571429,13.846846846846846
15624,14783,G4,72,20.833333333333336,0.0,14.666666666666666
15624,14814,G4,25,8.0,0.0,4.52
15624,15016,WN,158,19.62025316455696,0.0,11.721518987341772
15624,15370,G4,52,34.61538461538461,0.0,45.21568627450981
15624,15412,G4,131,23.846153846153847,0.7633587786259542,14.069230769230769
15624,15919,G4,217,23.963133640552993,0.0,17.22222222222222
15841,12819,AS,303,12.29235880398671,0.6600660066006601,8.134228187919463
15841,14256,AS,303,13.513513513513514,2.31023102310231,9.145762711864407
15897,11292,OO,188,26.344086021505376,1.0638297872340425,34.08
15897,14869,OO,148,7.4324324324324325,0.0,6.391891891891892
15919,10397,DL,324,8.75,1.2345679012345678,6.48125
15919,10397,OO,40,30.0,0.0,21.95
15919,10466,G4,30,20.0,0.0,10.4
15919,10693,G4,87,22.988505747126435,0.0,25.310344827586206
15919,11057,AA,520,20.078740157480315,2.3076923076923075,25.54527559055118
15919,11057,MQ,497,15.24390243902439,1.0060362173038229,8.979674796747968
15919,11057,OH,390,24.40318302387268,3.3333333333333335,20.16710875331565
15919,11278,MQ,287,7.092198581560284,1.7421602787456445,4.163120567375887
15919,11278,YX,19,5.88235294117647,10.526315789473685,2.1176470588235294
15919,11292,F9,118,34.78260869565217,2.542372881355932,26.930434782608696
15919,11292,OO,604,30.066445182724255,0.33112582781456956,26.904362416107382
15919,11292,UA,306,22.185430463576157,1.3071895424836601,16.47019867549669
15919,11298,AA,489,30.83511777301927,4.4989775051124745,41.55793991416309
15919,11298,MQ,2098,25.269872423945046,2.8598665395614873,22.75984251968504
15919,11298,OH,254,23.6734693877551,3.543307086614173,25.21311475409836
15919,11298,OO,83,20.98765432098765,2.4096385542168677,12.246913580246913
15919,11433,DL,2,50.0,0.0,158.0
15919,11618,YX,2,0.0,0.0,0.0
15919,11697,G4,77,28.57142857142857,0.0,28.866666666666667
15919,12266,OO,143,15.602836879432624,1.3986013986013985,22.51063829787234
15919,12266,UA,13,0.0,0.0,1.3846153846153846
15919,12889,G4,95,23.157894736842106,0.0,14.884210526315789
15919,12892,G4,46,35.55555555555556,2.1739130434782608,25.22222222222222
15919,12892,OO,304,21.192052980132452,0.6578947368421053,12.841059602649006
15919,12953,YX,603,21.858864027538726,3.648424543946932,18.48611111111111
15919,13303,MQ,79,16.455696202531644,0.0,8.329113924050633
15919,13303,YX,30,30.0,0.0,8.833333333333334
15919,13930,AA,64,32.25806451612903,3.125,21.548387096774192
15919,13930,MQ,1075,28.00378429517502,1.6744186046511629,21.21590909090909
15919,13930,OO,197,15.384615384615385,1.015228426395939,18.15463917525773
15919,13930,UA,2,0.0,0.0,0.0
15919,13930,YX,92,25.274725274725274,1.0869565217391304,18.988888888888887
15919,14100,AA,4,50.0,0.0,46.25
15919,14100,OH,283,23.574144486692013,7.067137809187279,37.591603053435115
15919,14107,AA,30,33.33333333333333,0.0,15.766666666666667
15919,14107,MQ,580,14.583333333333334,0.6896551724137931,10.93923611111111
15919,14112,G4,69,34.78260869565217,0.0,57.68115942028985
15919,14761,G4,121,39.66942148760331,0.0,53.333333333333336
15919,14771,UA,2,0.0,0.0,6.0
15919,14869,OO,260,7.722007722007722,0.38461538461538464,3.393822393822394
15919,15624,G4,217,28.110599078341014,0.0,38.074074074074076
15919,16422,G4,47,21.27659574468085,0.0,10.957446808510639
15991,10926,AS,303,6.418918918918918,2.31023102310231,3.8741496598639458
15991,12523,AS,303,13.087248322147651,1.6501650165016502,8.023569023569024
16218,11298,OO,304,9.364548494983277,1.644736842105263,12.842465753424657
16218,14107,MQ,124,12.096774193548388,0.0,9.878048780487806
16218,14107,OO,927,16.99134199134199,0.32362459546925565,21.450216450216452
16422,10408,G4,9,0.0,0.0,0.0
16422,10676,G4,47,10.638297872340425,0.0,5.829787234042553
16422,11193,G4,47,21.27659574468085,0.0,31.872340425531913
16422,11423,G4,9,0.0,0.0,0.0
16422,12191,G4,24,25.0,0.0,11.958333333333334
16422,13198,G4,25,16.0,0.0,5.64
16422,15412,G4,26,26.923076923076923,0.0,10.153846153846153
16422,15919,G4,47,23.404255319148938,0.0,13.446808510638299
16869,11292,OO,1284,25.864779874213838,0.9345794392523364,26.46884984025559
16869,13487,OO,692,17.441860465116278,0.5780346820809249,20.283842794759824
