ORIGIN_AIRPORT_ID,DEST_AIRPORT_ID,OP_UNIQUE_CARRIER,total_flights,delay_rate,cancellation_rate,avg_arrival_delay
10135,10693,G4,8,12.5,0.0,14.5
10135,11057,OH,90,7.865168539325842,1.1111111111111112,5.068181818181818
10135,11292,G4,8,0.0,0.0,0.0
10135,13204,G4,8,12.5,0.0,7.625
10135,13360,G4,9,0.0,0.0,0.7777777777777778
10135,13577,G4,17,11.76470588235294,0.0,4.588235294117647
10135,13930,OO,30,10.0,0.0,7.866666666666666
10135,14082,G4,9,22.22222222222222,0.0,5.777777777777778
10135,14112,G4,17,11.76470588235294,0.0,10.411764705882353
10135,14761,G4,39,12.82051282051282,0.0,3.4358974358974357
10135,14986,G4,8,25.0,0.0,53.375
10136,11298,MQ,145,20.97902097902098,1.3793103448275863,15.020979020979022
10140,10397,DL,77,5.194805194805195,0.0,1.7012987012987013
10140,10423,WN,60,11.666666666666666,0.0,5.766666666666667
10140,10693,WN,30,23.333333333333332,0.0,12.966666666666667
10140,10800,WN,30,20.0,0.0,6.133333333333334
10140,10821,WN,30,20.0,0.0,7.766666666666667
10140,11259,WN,133,9.774436090225564,0.0,6.488721804511278
10140,11292,OO,90,11.11111111111111,0.0,6.377777777777778
10140,11292,UA,60,11.666666666666666,0.0,12.05084745762712
10140,11292,WN,107,22.429906542056074,0.0,10.822429906542055
10140,11298,AA,116,17.117117117117118,4.310344827586207,22.0990990990991
10140,11298,MQ,70,34.285714285714285,0.0,25.65714285714286
10140,11298,OO,4,0.0,0.0,0.0
10140,12191,WN,77,7.792207792207792,0.0,3.7142857142857144
10140,12264,UA,30,13.333333333333334,0.0,9.1
10140,12266,UA,30,3.3333333333333335,0.0,10.133333333333333
10140,12478,B6,26,24.0,3.8461538461538463,42.36
10140,12889,NK,8,25.0,0.0,38.625
10140,12889,WN,133,13.636363636363635,0.7518796992481203,11.772727272727273
10140,12892,OO,136,11.029411764705882,0.0,11.28888888888889
10140,12892,WN,30,26.666666666666668,0.0,23.433333333333334
10140,12954,WN,17,5.88235294117647,0.0,1.8235294117647058
10140,13198,WN,26,26.923076923076923,0.0,13.26923076923077
10140,13232,WN,56,12.5,0.0,5.607142857142857
10140,13487,DL,30,6.666666666666667,0.0,12.8
10140,13796,WN,30,13.333333333333334,0.0,3.6333333333333333
10140,13930,AA,19,42.10526315789473,0.0,80.0
10140,13930,MQ,38,5.263157894736842,0.0,3.263157894736842
10140,13930,OO,2,0.0,0.0,0.0
10140,13930,UA,58,13.793103448275861,0.0,12.672413793103448
10140,14107,AA,71,11.428571428571429,1.4084507042253522,25.457142857142856
10140,14107,MQ,1,100.0,0.0,29.0
10140,14107,OO,26,15.384615384615385,0.0,5.076923076923077
10140,14107,WN,138,18.38235294117647,1.4492753623188406,10.926470588235293
10140,14679,WN,60,21.666666666666668,0.0,11.779661016949152
10140,14747,AS,51,11.76470588235294,0.0,4.529411764705882
10140,14771,OO,33,9.090909090909092,0.0,5.787878787878788
10140,14771,UA,26,15.384615384615385,0.0,42.53846153846154
10140,14869,OO,90,2.2222222222222223,0.0,1.0333333333333334
10141,13487,OO,60,8.333333333333332,0.0,11.633333333333333
10146,10397,OO,46,13.043478260869565,0.0,17.282608695652176
10154,10721,B6,32,62.5,0.0,42.53125
10154,11278,B6,30,36.666666666666664,0.0,17.733333333333334
10154,11278,YX,4,25.0,0.0,7.5
10154,12197,B6,32,12.5,0.0,7.59375
10154,12478,B6,32,18.75,0.0,14.5625
10154,12478,YX,7,42.857142857142854,0.0,58.857142857142854
10154,12953,B6,22,9.090909090909092,0.0,11.227272727272727
10154,12953,YX,16,35.714285714285715,12.5,14.923076923076923
10154,14100,YX,2,50.0,0.0,19.5
10155,11298,MQ,60,20.33898305084746,1.6666666666666667,16.016949152542374
10155,11298,OO,30,16.666666666666664,0.0,20.533333333333335
10157,11292,OO,30,20.0,0.0,16.9
10157,12892,OO,30,10.0,0.0,20.133333333333333
10157,14771,OO,97,41.23711340206185,0.0,49.597938144329895
10158,11697,NK,52,9.615384615384617,0.0,3.6538461538461537
10158,13204,NK,63,14.285714285714285,0.0,5.857142857142857
10158,13303,NK,14,7.142857142857142,0.0,5.428571428571429
10158,13577,NK,30,13.333333333333334,0.0,13.566666666666666
10158,14027,NK,44,15.909090909090908,0.0,8.395348837209303
10158,14635,NK,31,9.67741935483871,0.0,12.096774193548388
10158,15304,NK,48,4.166666666666666,0.0,2.75
10165,10299,AS,8,33.33333333333333,25.0,39.5
10170,10299,AS,90,8.98876404494382,1.1111111111111112,2.9887640449438204
10185,11298,OO,90,20.454545454545457,2.2222222222222223,22.318181818181817
10208,10397,DL,78,6.493506493506493,1.282051282051282,6.0
10208,11057,OH,1,0.0,0.0,0.0
10208,11278,OH,30,6.896551724137931,3.3333333333333335,3.896551724137931
10208,11298,OH,30,23.333333333333332,0.0,17.666666666666668
10245,10299,AS,30,0.0,0.0,0.4
10257,10397,DL,82,6.172839506172839,1.2195121951219512,16.074074074074073
10257,10693,G4,9,0.0,0.0,0.0
10257,10693,WN,30,13.333333333333334,0.0,5.9
10257,10821,WN,146,5.47945205479452,0.0,5.232876712328767
10257,11057,AA,69,14.492753623188406,0.0,18.217391304347824
10257,11057,OH,29,13.793103448275861,0.0,5.035714285714286
10257,11278,OH,84,32.53012048192771,1.1904761904761905,21.53012048192771
10257,11292,WN,30,13.333333333333334,0.0,4.066666666666666
10257,11298,AA,30,10.344827586206897,3.3333333333333335,3.6551724137931036
10257,11433,DL,30,10.0,0.0,13.1
10257,11433,OO,47,0.0,0.0,0.7659574468085106
10257,11697,B6,23,4.3478260869565215,0.0,2.0434782608695654
10257,12889,WN,17,23.52941176470588,0.0,13.705882352941176
10257,13204,B6,25,12.0,0.0,5.48
10257,13204,WN,38,10.526315789473683,0.0,6.026315789473684
10257,13232,WN,77,6.493506493506493,0.0,3.5454545454545454
10257,13577,G4,9,11.11111111111111,0.0,3.111111111111111
10257,13930,MQ,85,12.941176470588237,0.0,12.630952380952381
10257,13930,OO,18,44.44444444444444,0.0,16.0
10257,13930,UA,90,26.666666666666668,0.0,15.944444444444445
10257,14082,G4,8,0.0,0.0,1.375
10257,14112,G4,9,22.22222222222222,0.0,5.555555555555555
10257,15304,WN,4,0.0,25.0,0.0
10268,13930,MQ,52,19.230769230769234,0.0,14.173076923076923
10279,10423,WN,17,0.0,0.0,1.0
10279,11259,WN,103,14.563106796116504,0.0,10.805825242718447
10279,11292,OO,56,28.57142857142857,0.0,20.089285714285715
10279,11298,MQ,209,13.592233009708737,1.4354066985645932,9.387254901960784
10279,12889,WN,30,30.0,0.0,29.5
10299,10165,AS,8,33.33333333333333,25.0,40.333333333333336
10299,10170,AS,90,11.235955056179774,1.1111111111111112,4.112359550561798
10299,10245,AS,30,3.3333333333333335,0.0,1.0333333333333334
10299,10397,DL,10,20.0,0.0,6.9
10299,10551,AS,60,13.559322033898304,1.6666666666666667,6.254237288135593
10299,10754,AS,30,13.333333333333334,0.0,6.866666666666666
10299,10926,AS,30,3.3333333333333335,0.0,1.3333333333333333
10299,11292,AS,6,0.0,0.0,0.0
10299,11292,UA,37,5.405405405405405,0.0,3.945945945945946
10299,11298,AA,32,34.375,0.0,76.65625
10299,11336,AS,30,10.0,0.0,6.066666666666666
10299,11433,AS,1,0.0,0.0,0.0
10299,11433,DL,7,0.0,0.0,0.0
10299,11618,UA,1,0.0,0.0,0.0
10299,11630,AS,60,1.6666666666666667,0.0,1.25
10299,12173,AS,30,3.3333333333333335,0.0,1.6666666666666667
10299,12264,UA,7,14.285714285714285,0.0,4.0
10299,12266,UA,24,0.0,0.0,0.4166666666666667
10299,12523,AS,120,12.5,0.0,9.366666666666667
10299,12889,AS,8,12.5,0.0,10.5
10299,12892,AS,23,8.695652173913043,0.0,2.9130434782608696
10299,13487,AS,1,0.0,0.0,0.0
10299,13487,DL,67,10.44776119402985,0.0,8.970149253731343
10299,13873,AS,30,20.0,0.0,6.0
10299,13930,AA,30,10.0,0.0,6.266666666666667
10299,13930,AS,16,12.5,0.0,5.125
10299,13930,UA,54,12.962962962962962,0.0,5.2407407407407405
10299,13970,AS,30,10.0,0.0,3.3333333333333335
10299,14057,AS,90,4.444444444444445,0.0,4.088888888888889
10299,14107,AS,30,10.0,0.0,3.533333333333333
10299,14679,AS,1,0.0,0.0,0.0
10299,14709,AS,44,6.8181818181818175,0.0,1.9318181818181819
10299,14747,AS,464,11.904761904761903,0.43103448275862066,6.242424242424242
10299,14747,DL,150,13.333333333333334,0.0,19.553333333333335
10299,14747,HA,11,72.72727272727273,0.0,26.363636363636363
10299,14771,AS,31,22.58064516129032,0.0,14.03225806451613
10299,14771,UA,24,12.5,0.0,13.833333333333334
10299,14869,AS,1,0.0,0.0,0.0
10299,14869,DL,8,0.0,0.0,2.875
10333,11433,OO,53,0.0,0.0,0.0
10372,10397,OO,30,6.666666666666667,0.0,2.6666666666666665
10372,11292,OO,226,21.68141592920354,0.0,18.663716814159294
10372,11298,OO,88,26.744186046511626,2.272727272727273,20.71764705882353
10372,12266,OO,30,23.333333333333332,0.0,22.466666666666665
10372,12892,OO,62,17.741935483870968,0.0,8.96774193548387
10372,13930,OO,90,24.444444444444443,0.0,23.255555555555556
10372,14771,OO,24,8.333333333333332,0.0,3.0
10397,10140,DL,77,14.285714285714285,0.0,5.701298701298701
10397,10146,OO,45,8.88888888888889,0.0,4.888888888888889
10397,10208,DL,78,14.102564102564102,0.0,9.846153846153847
10397,10257,DL,82,17.073170731707318,0.0,7.975609756097561
10397,10299,DL,10,10.0,0.0,4.5
10397,10372,OO,30,13.333333333333334,0.0,6.966666666666667
10397,10408,DL,30,13.333333333333334,0.0,6.533333333333333
10397,10423,DL,282,13.47517730496454,0.0,8.166666666666666
10397,10423,F9,17,47.05882352941176,0.0,30.529411764705884
10397,10423,WN,86,5.813953488372093,0.0,2.4186046511627906
10397,10431,DL,209,14.832535885167463,0.0,6.545454545454546
10397,10529,DL,188,6.382978723404255,0.0,4.221621621621622
10397,10529,F9,8,12.5,0.0,46.5
10397,10581,DL,4,25.0,0.0,5.0
10397,10599,DL,260,8.076923076923077,0.0,5.969230769230769
10397,10685,OO,19,5.263157894736842,0.0,5.157894736842105
10397,10693,DL,269,11.895910780669144,0.0,5.071161048689139
10397,10693,WN,74,9.45945945945946,0.0,4.918918918918919
10397,10713,DL,39,10.256410256410255,0.0,4.0256410256410255
10397,10721,B6,78,41.55844155844156,1.282051282051282,36.116883116883116
10397,10721,DL,300,28.666666666666668,0.0,20.153333333333332
10397,10721,F9,21,19.047619047619047,0.0,7.761904761904762
10397,10781,DL,82,8.536585365853659,0.0,7.682926829268292
10397,10781,OO,3,33.33333333333333,0.0,27.333333333333332
10397,10785,DL,31,6.451612903225806,0.0,4.32258064516129
10397,10792,DL,107,8.411214953271028,0.0,2.925233644859813
10397,10792,F9,17,5.88235294117647,0.0,2.1176470588235294
10397,10800,DL,30,23.333333333333332,0.0,20.966666666666665
10397,10821,DL,239,10.460251046025103,0.0,5.504201680672269
10397,10821,F9,55,25.454545454545453,0.0,13.963636363636363
10397,10821,NK,28,3.571428571428571,0.0,2.740740740740741
10397,10821,WN,143,10.48951048951049,0.0,5.809859154929577
10397,10849,DL,30,6.666666666666667,0.0,3.6
10397,10868,DL,154,11.03896103896104,0.0,10.130718954248366
10397,10980,DL,137,10.218978102189782,0.0,6.664233576642336
10397,10990,DL,1,100.0,0.0,46.0
10397,10994,DL,239,6.694560669456067,0.0,3.8493723849372383
10397,11003,DL,30,6.666666666666667,0.0,4.733333333333333
10397,11042,DL,238,7.142857142857142,0.0,4.138655462184874
10397,11042,F9,49,12.244897959183673,0.0,5.36734693877551
10397,11057,AA,22,31.818181818181817,0.0,19.0
10397,11057,DL,218,14.220183486238533,0.0,8.711009174311927
10397,11057,MQ,3,0.0,0.0,0.0
10397,11057,OH,127,7.086614173228346,0.0,4.937007874015748
10397,11066,DL,238,12.605042016806722,0.0,6.7215189873417724
10397,11066,F9,9,66.66666666666666,0.0,42.77777777777778
10397,11066,WN,30,20.0,0.0,10.166666666666666
10397,11109,DL,49,6.122448979591836,0.0,2.510204081632653
10397,11146,OO,40,12.5,0.0,3.925
10397,11193,DL,239,5.02092050209205,0.0,2.6234309623430963
10397,11193,F9,25,16.0,0.0,10.04
10397,11252,DL,120,2.5,0.0,2.7
10397,11259,DL,162,12.345679012345679,0.0,8.4472049689441
10397,11259,WN,143,13.986013986013987,0.0,9.30281690140845
10397,11267,DL,127,10.236220472440944,0.0,4.582677165354331
10397,11278,AA,27,7.4074074074074066,0.0,2.814814814814815
10397,11278,DL,317,21.451104100946374,0.0,9.154574132492113
10397,11278,OH,91,24.719101123595504,2.197802197802198,16.03370786516854
10397,11278,WN,116,19.82758620689655,0.0,10.741379310344827
10397,11278,YX,41,7.317073170731707,0.0,2.3902439024390243
10397,11292,DL,218,16.055045871559635,0.0,7.490825688073395
10397,11292,F9,52,26.923076923076923,0.0,19.653846153846153
10397,11292,UA,90,13.48314606741573,1.1111111111111112,6.910112359550562
10397,11292,WN,90,24.444444444444443,0.0,12.235955056179776
10397,11298,AA,217,16.587677725118482,2.7649769585253456,16.857142857142858
10397,11298,DL,239,20.0836820083682,0.0,9.474789915966387
10397,11298,F9,58,25.862068965517242,0.0,26.017241379310345
10397,11298,NK,30,0.0,0.0,1.103448275862069
10397,11423,DL,112,10.714285714285714,0.0,4.285714285714286
10397,11433,DL,301,13.953488372093023,0.0,6.299003322259137
10397,11433,F9,39,7.6923076923076925,0.0,2.6923076923076925
10397,11433,NK,81,7.5,1.2345679012345678,8.4125
10397,11481,DL,192,11.979166666666668,0.0,5.225130890052356
10397,11540,DL,60,18.333333333333332,0.0,6.898305084745763
10397,11618,DL,258,19.767441860465116,0.0,15.15953307392996
10397,11618,F9,60,21.666666666666668,0.0,11.533333333333333
10397,11618,NK,30,0.0,0.0,0.36666666666666664
10397,11618,UA,167,11.44578313253012,0.5988023952095809,10.315151515151515
10397,11618,YX,5,60.0,0.0,329.0
10397,11624,DL,120,5.0,0.0,4.529411764705882
10397,11638,DL,5,0.0,0.0,1.2
10397,11697,DL,282,15.602836879432624,0.0,6.893238434163701
10397,11697,F9,47,10.638297872340425,0.0,9.978260869565217
10397,11697,NK,124,15.32258064516129,0.0,14.725806451612904
10397,11775,DL,30,20.0,0.0,9.933333333333334
10397,11823,OO,82,9.75609756097561,0.0,10.390243902439025
10397,11884,DL,39,7.6923076923076925,0.0,3.948717948717949
10397,11953,DL,137,6.569343065693431,0.0,3.7664233576642334
10397,11973,DL,107,12.149532710280374,0.0,12.22429906542056
10397,11977,DL,30,10.0,0.0,2.6333333333333333
10397,11986,DL,111,8.108108108108109,0.0,4.864864864864865
10397,11995,DL,239,7.949790794979079,0.0,5.083682008368201
10397,11996,DL,238,10.504201680672269,0.0,5.2784810126582276
10397,12124,YX,30,10.0,0.0,8.433333333333334
10397,12173,DL,30,30.0,0.0,14.0
10397,12191,DL,121,11.570247933884298,0.0,4.694214876033058
10397,12191,WN,129,12.4031007751938,0.0,6.844961240310077
10397,12197,DL,60,11.666666666666666,0.0,19.137931034482758
10397,12217,DL,173,9.248554913294797,0.0,6.598837209302325
10397,12264,DL,179,17.877094972067038,0.0,14.497206703910615
10397,12264,F9,47,14.893617021276595,0.0,8.74468085106383
10397,12264,UA,89,16.853932584269664,0.0,17.415730337078653
10397,12266,DL,209,11.961722488038278,0.0,6.0669856459330145
10397,12266,F9,51,21.568627450980394,0.0,17.88235294117647
10397,12266,NK,30,26.666666666666668,0.0,25.2
10397,12266,UA,94,9.67741935483871,1.0638297872340425,6.118279569892473
10397,12278,DL,112,8.035714285714286,0.0,3.7837837837837838
10397,12323,DL,114,10.526315789473683,0.0,8.385964912280702
10397,12339,DL,239,8.786610878661087,0.0,4.256302521008403
10397,12339,F9,9,11.11111111111111,0.0,5.333333333333333
10397,12339,WN,30,6.666666666666667,0.0,4.833333333333333
10397,12441,DL,30,16.666666666666664,0.0,7.733333333333333
10397,12448,DL,176,10.227272727272728,0.0,6.465909090909091
10397,12451,DL,295,14.915254237288137,0.0,7.203389830508475
10397,12451,F9,8,12.5,0.0,2.25
10397,12478,B6,90,17.97752808988764,1.1111111111111112,31.179775280898877
10397,12478,DL,215,12.093023255813954,0.0,8.8
10397,12478,F9,82,20.73170731707317,0.0,18.24390243902439
10397,12889,DL,272,15.808823529411764,0.0,9.694852941176471
10397,12889,F9,27,44.44444444444444,0.0,36.592592592592595
10397,12889,NK,30,16.666666666666664,0.0,13.166666666666666
10397,12889,WN,60,26.666666666666668,0.0,11.033333333333333
10397,12892,AA,30,16.666666666666664,0.0,12.5
10397,12892,DL,322,18.012422360248447,0.0,12.714285714285714
10397,12892,F9,47,14.893617021276595,0.0,8.446808510638299
10397,12892,NK,56,16.071428571428573,0.0,26.339285714285715
10397,12945,DL,192,8.333333333333332,0.0,3.4375
10397,12951,OO,27,11.11111111111111,0.0,2.814814814814815
10397,12953,DL,422,9.24170616113744,0.0,6.1520190023752965
10397,12953,F9,59,28.8135593220339,0.0,35.067796610169495
10397,12953,WN,112,18.75,0.0,11.625
10397,12953,YX,151,14.000000000000002,0.6622516556291391,9.46
10397,12992,DL,192,8.854166666666668,0.0,4.401041666666667
10397,13198,DL,248,8.870967741935484,0.0,4.510121457489879
10397,13198,F9,13,23.076923076923077,0.0,8.461538461538462
10397,13198,WN,30,10.0,0.0,6.833333333333333
10397,13204,DL,380,22.36842105263158,0.0,12.547368421052632
10397,13204,F9,68,25.0,0.0,17.470588235294116
10397,13204,NK,25,8.0,0.0,8.56
10397,13204,WN,90,14.444444444444443,0.0,4.211111111111111
10397,13230,DL,81,11.11111111111111,0.0,5.382716049382716
10397,13232,DL,107,9.345794392523365,0.0,5.242990654205608
10397,13232,F9,47,14.893617021276595,0.0,8.148936170212766
10397,13232,WN,138,7.971014492753622,0.0,3.7753623188405796
10397,13244,DL,269,11.152416356877323,0.0,4.944237918215613
10397,13277,OO,60,10.0,0.0,18.55
10397,13303,AA,89,11.235955056179774,0.0,4.662921348314606
10397,13303,DL,219,21.461187214611872,0.0,11.930555555555555
10397,13303,F9,59,22.033898305084744,0.0,15.508474576271187
10397,13303,MQ,31,29.03225806451613,0.0,15.258064516129032
10397,13303,NK,20,15.0,0.0,3.85
10397,13303,YX,3,33.33333333333333,0.0,17.333333333333332
10397,13342,DL,187,8.55614973262032,0.0,4.518716577540107
10397,13360,DL,120,13.333333333333334,0.0,5.95
10397,13422,DL,77,18.181818181818183,0.0,11.657894736842104
10397,13422,OO,1,0.0,0.0,2.0
10397,13485,DL,82,10.975609756097562,0.0,5.158536585365853
10397,13487,DL,267,11.985018726591761,0.0,7.093984962406015
10397,13487,F9,13,23.076923076923077,0.0,7.615384615384615
10397,13487,NK,23,4.3478260869565215,0.0,0.782608695652174
10397,13495,DL,249,11.646586345381527,0.0,6.27710843373494
10397,13495,F9,16,31.25,0.0,15.25
10397,13495,NK,9,0.0,0.0,0.0
10397,13495,WN,30,3.3333333333333335,0.0,2.1666666666666665
10397,13577,DL,116,9.482758620689655,0.0,4.7844827586206895
10397,13851,DL,139,9.352517985611511,0.0,3.8920863309352516
10397,13851,WN,1,0.0,0.0,11.0
10397,13871,DL,137,8.75912408759124,0.0,4.357664233576642
10397,13891,DL,77,16.883116883116884,0.0,6.142857142857143
10397,13930,AA,47,14.893617021276595,0.0,9.297872340425531
10397,13930,DL,222,12.612612612612612,0.0,6.301801801801802
10397,13930,F9,58,25.862068965517242,0.0,22.96551724137931
10397,13930,MQ,1,0.0,0.0,0.0
10397,13930,NK,2,0.0,0.0,0.0
10397,13930,OO,27,11.538461538461538,3.7037037037037033,9.384615384615385
10397,13930,UA,146,13.013698630136986,0.0,9.349315068493151
10397,13930,YX,38,31.57894736842105,0.0,13.789473684210526
10397,13931,DL,236,13.559322033898304,0.0,6.080508474576271
10397,13931,F9,17,17.647058823529413,0.0,15.705882352941176
10397,14027,DL,272,15.073529411764705,0.0,7.977941176470588
10397,14027,F9,9,0.0,0.0,0.0
10397,14057,AS,30,6.666666666666667,0.0,5.133333333333334
10397,14057,DL,115,6.956521739130435,0.0,3.139130434782609
10397,14100,AA,62,14.754098360655737,1.6129032258064515,10.901639344262295
10397,14100,DL,240,15.833333333333332,0.0,6.8375
10397,14100,F9,56,26.785714285714285,0.0,20.30909090909091
10397,14100,NK,19,15.789473684210526,0.0,7.684210526315789
10397,14100,OH,44,6.976744186046512,2.272727272727273,4.232558139534884
10397,14100,YX,15,0.0,0.0,0.0
10397,14107,AA,42,16.666666666666664,0.0,16.11904761904762
10397,14107,DL,176,18.75,0.0,11.54913294797688
10397,14107,F9,13,53.84615384615385,0.0,23.833333333333332
10397,14107,WN,60,23.333333333333332,0.0,7.203389830508475
10397,14122,DL,209,11.004784688995215,0.0,5.339712918660287
10397,14122,WN,26,7.6923076923076925,0.0,5.461538461538462
10397,14193,DL,222,9.00900900900901,0.0,4.072072072072072
10397,14307,DL,82,9.75609756097561,0.0,4.670731707317073
10397,14321,DL,61,9.836065573770492,0.0,7.573770491803279
10397,14457,DL,1,0.0,0.0,0.0
10397,14492,DL,325,8.615384615384615,0.0,4.581538461538462
10397,14492,F9,46,13.043478260869565,0.0,7.239130434782608
10397,14492,WN,30,3.3333333333333335,0.0,1.5333333333333334
10397,14524,DL,209,18.181818181818183,0.0,8.971291866028707
10397,14570,DL,21,28.57142857142857,0.0,11.285714285714286
10397,14574,DL,30,6.666666666666667,0.0,19.379310344827587
10397,14576,DL,82,17.073170731707318,0.0,6.426829268292683
10397,14635,DL,192,10.9375,0.0,6.041666666666667
10397,14635,F9,8,50.0,0.0,47.125
10397,14679,AS,30,13.333333333333334,0.0,5.0
10397,14679,DL,187,22.459893048128343,0.0,12.467391304347826
10397,14683,DL,217,13.82488479262673,0.0,5.336405529953917
10397,14683,F9,13,15.384615384615385,0.0,15.0
10397,14683,WN,30,13.333333333333334,0.0,6.533333333333333
10397,14685,DL,219,6.392694063926941,0.0,2.730593607305936
10397,14689,DL,30,53.333333333333336,0.0,60.41379310344828
10397,14696,DL,1,0.0,0.0,2.0
10397,14696,OO,80,10.0,0.0,8.1375
10397,14730,DL,222,6.306306306306306,0.0,2.77027027027027
10397,14747,AS,81,11.11111111111111,0.0,7.604938271604938
10397,14747,DL,202,10.891089108910892,0.0,5.945544554455446
10397,14771,DL,205,21.463414634146343,0.0,11.795121951219512
10397,14771,F9,21,19.047619047619047,0.0,8.380952380952381
10397,14771,UA,51,9.803921568627452,0.0,3.196078431372549
10397,14783,DL,67,26.865671641791046,0.0,15.656716417910447
10397,14783,OO,20,5.0,0.0,5.15
10397,14814,OO,132,7.633587786259542,0.7575757575757576,15.213740458015268
10397,14831,DL,77,5.194805194805195,0.0,4.324675324675325
10397,14843,DL,106,22.641509433962266,0.0,12.433962264150944
10397,14843,F9,21,33.33333333333333,0.0,14.80952380952381
10397,14843,NK,1,0.0,0.0,0.0
10397,14869,DL,242,9.917355371900827,0.0,6.169421487603306
10397,14893,DL,77,9.090909090909092,0.0,3.75
10397,14908,DL,103,28.155339805825243,0.0,13.509803921568627
10397,14986,DL,162,10.493827160493826,0.0,6.567901234567901
10397,15016,DL,209,4.30622009569378,0.0,2.7211538461538463
10397,15016,F9,13,23.076923076923077,0.0,22.153846153846153
10397,15016,WN,95,12.631578947368421,0.0,5.852631578947369
10397,15024,DL,34,14.705882352941178,0.0,5.970588235294118
10397,15096,DL,82,15.853658536585366,0.0,7.378048780487805
10397,15096,F9,9,11.11111111111111,0.0,6.555555555555555
10397,15249,DL,145,10.344827586206897,0.0,7.2
10397,15249,OO,1,0.0,0.0,10.0
10397,15304,DL,296,18.243243243243242,0.0,10.745762711864407
10397,15304,F9,65,16.923076923076923,0.0,9.584615384615384
10397,15304,NK,21,9.523809523809524,0.0,7.142857142857143
10397,15304,WN,51,19.607843137254903,0.0,11.254901960784315
10397,15323,DL,51,5.88235294117647,0.0,5.450980392156863
10397,15323,OO,43,25.581395348837212,0.0,17.325581395348838
10397,15356,F9,17,11.76470588235294,0.0,15.0
10397,15370,DL,137,12.408759124087592,0.0,6.474452554744525
10397,15376,DL,60,13.333333333333334,0.0,5.366666666666666
10397,15380,DL,3,0.0,0.0,0.0
10397,15412,DL,154,11.688311688311687,0.0,5.7973856209150325
10397,15624,DL,192,5.729166666666666,0.0,3.2864583333333335
10397,15919,DL,58,18.96551724137931,0.0,16.196428571428573
10408,10397,DL,30,0.0,0.0,0.5333333333333333
10408,10466,G4,12,0.0,0.0,0.0
10408,10693,G4,9,33.33333333333333,0.0,18.555555555555557
10408,11057,MQ,30,10.0,0.0,3.3
10408,11292,G4,8,37.5,0.0,33.625
10408,11292,OO,30,6.666666666666667,0.0,3.7333333333333334
10408,11298,MQ,30,3.3333333333333335,0.0,1.3103448275862069
10408,11433,OO,90,8.88888888888889,0.0,9.777777777777779
10408,12889,G4,13,15.384615384615385,0.0,23.53846153846154
10408,13487,OO,90,26.666666666666668,0.0,11.722222222222221
10408,13930,MQ,86,16.27906976744186,0.0,11.918604651162791
10408,13930,OO,43,27.906976744186046,0.0,18.72093023255814
10408,14057,G4,9,0.0,0.0,1.0
10408,14082,G4,8,25.0,0.0,4.5
10408,14112,G4,9,33.33333333333333,0.0,9.11111111111111
10408,14761,G4,12,50.0,0.0,25.583333333333332
10409,11292,OO,30,33.33333333333333,0.0,19.466666666666665
10409,13487,OO,30,0.0,0.0,0.0
10423,10140,WN,60,20.0,0.0,8.833333333333334
10423,10279,WN,17,11.76470588235294,0.0,9.647058823529411
10423,10397,DL,282,7.092198581560284,0.0,4.634751773049645
10423,10397,F9,17,70.58823529411765,0.0,39.705882352941174
10423,10397,WN,86,4.651162790697675,0.0,2.2209302325581395
10423,10431,G4,3,0.0,0.0,3.6666666666666665
10423,10693,OO,86,18.6046511627907,0.0,9.906976744186046
10423,10693,WN,142,10.56338028169014,0.0,4.732394366197183
10423,10721,B6,26,61.53846153846154,0.0,55.65384615384615
10423,10721,DL,85,33.734939759036145,2.3529411764705883,35.36144578313253
10423,10721,WN,26,34.61538461538461,0.0,15.884615384615385
10423,10800,WN,30,33.33333333333333,0.0,19.0
10423,10821,WN,107,12.149532710280374,0.0,4.841121495327103
10423,11042,F9,8,62.5,0.0,21.0
10423,11057,AA,128,14.173228346456693,0.78125,13.204724409448819
10423,11066,WN,30,3.3333333333333335,0.0,2.4
10423,11193,F9,6,0.0,0.0,0.0
10423,11193,G4,9,33.33333333333333,0.0,15.666666666666666
10423,11259,WN,189,12.698412698412698,0.0,8.936170212765957
10423,11278,WN,30,20.0,0.0,10.033333333333333
10423,11292,F9,42,9.523809523809524,0.0,7.023809523809524
10423,11292,UA,163,21.25,1.8404907975460123,16.74375
10423,11292,WN,172,17.441860465116278,0.0,8.598837209302326
10423,11298,AA,239,21.888412017167383,2.510460251046025,29.733905579399142
10423,11298,MQ,90,14.606741573033707,1.1111111111111112,14.01123595505618
10423,11298,OO,41,30.76923076923077,4.878048780487805,19.0
10423,11423,G4,8,37.5,0.0,22.875
10423,11433,DL,107,3.7383177570093453,0.0,9.149532710280374
10423,11433,NK,9,22.22222222222222,0.0,11.333333333333334
10423,11481,OO,30,13.333333333333334,0.0,12.4
10423,11481,WN,21,4.761904761904762,0.0,1.2380952380952381
10423,11540,WN,86,10.465116279069768,0.0,5.406976744186046
10423,11618,NK,18,22.22222222222222,0.0,27.38888888888889
10423,11618,UA,138,11.678832116788321,0.7246376811594203,11.183823529411764
10423,11618,YX,3,66.66666666666666,0.0,54.333333333333336
10423,11697,NK,30,10.0,0.0,3.533333333333333
10423,11697,WN,21,14.285714285714285,0.0,12.047619047619047
10423,11986,G4,9,22.22222222222222,0.0,10.444444444444445
10423,12191,WN,136,22.794117647058822,0.0,11.867647058823529
10423,12206,WN,52,11.538461538461538,0.0,6.846153846153846
10423,12264,UA,110,2.727272727272727,0.0,1.4090909090909092
10423,12266,OO,1,0.0,0.0,5.0
10423,12266,UA,236,22.97872340425532,0.423728813559322,11.761702127659575
10423,12339,OO,30,16.666666666666664,0.0,11.533333333333333
10423,12339,WN,47,8.51063829787234,0.0,9.382978723404255
10423,12451,OO,30,6.666666666666667,0.0,5.266666666666667
10423,12478,AA,59,20.33898305084746,0.0,21.966101694915253
10423,12478,DL,115,5.217391304347826,0.0,3.491228070175439
10423,12889,DL,30,33.33333333333333,0.0,15.033333333333333
10423,12889,F9,29,10.714285714285714,3.4482758620689653,6.428571428571429
10423,12889,WN,159,25.157232704402517,0.0,12.158227848101266
10423,12892,AA,26,7.6923076923076925,0.0,12.73076923076923
10423,12892,DL,107,7.476635514018691,0.0,4.813084112149533
10423,12892,OO,55,7.2727272727272725,0.0,3.618181818181818
10423,12892,UA,26,7.6923076923076925,0.0,3.1538461538461537
10423,12892,WN,56,14.285714285714285,0.0,7.946428571428571
10423,12896,WN,26,11.538461538461538,0.0,4.384615384615385
10423,12954,WN,43,13.953488372093023,0.0,13.232558139534884
10423,13158,OO,84,11.904761904761903,0.0,8.964285714285714
10423,13158,WN,26,19.230769230769234,0.0,8.692307692307692
10423,13198,WN,69,15.942028985507244,0.0,8.405797101449275
10423,13204,DL,30,3.3333333333333335,0.0,2.466666666666667
10423,13204,F9,15,33.33333333333333,0.0,12.6
10423,13204,WN,112,11.607142857142858,0.0,5.964285714285714
10423,13232,WN,104,11.538461538461538,0.0,6.980769230769231
10423,13244,OO,30,10.0,0.0,5.633333333333334
10423,13256,OO,86,8.13953488372093,0.0,6.0
10423,13303,AA,83,18.29268292682927,1.2048192771084338,16.0
10423,13303,F9,12,16.666666666666664,0.0,7.833333333333333
10423,13303,MQ,8,12.5,0.0,8.625
10423,13303,WN,21,19.047619047619047,0.0,18.75
10423,13342,WN,26,7.6923076923076925,0.0,3.8461538461538463
10423,13487,DL,77,10.526315789473683,1.2987012987012987,10.373333333333333
10423,13487,OO,30,6.666666666666667,0.0,2.5517241379310347
10423,13487,WN,26,7.6923076923076925,0.0,5.423076923076923
10423,13495,OO,60,10.0,0.0,7.25
10423,13495,WN,117,14.529914529914532,0.0,5.94017094017094
10423,13796,WN,30,36.666666666666664,0.0,16.333333333333332
10423,13851,WN,30,6.666666666666667,0.0,2.033333333333333
10423,13891,WN,26,30.76923076923077,0.0,13.153846153846153
10423,13930,AA,99,32.6530612244898,1.0101010101010102,28.693877551020407
10423,13930,F9,8,12.5,0.0,5.75
10423,13930,UA,121,14.87603305785124,0.0,5.380165289256198
10423,13930,WN,30,23.333333333333332,0.0,7.6
10423,14057,AS,51,9.803921568627452,0.0,3.9019607843137254
10423,14100,AA,101,19.801980198019802,0.0,48.48514851485149
10423,14100,F9,12,8.333333333333332,0.0,4.416666666666667
10423,14107,AA,85,14.285714285714285,1.1764705882352942,30.301204819277107
10423,14107,F9,17,31.25,5.88235294117647,13.5
10423,14107,MQ,1,0.0,0.0,0.0
10423,14107,WN,133,19.84732824427481,1.5037593984962405,9.9
10423,14122,WN,26,7.6923076923076925,0.0,5.0
10423,14314,G4,8,25.0,0.0,7.0
10423,14492,WN,30,0.0,0.0,0.13333333333333333
10423,14570,WN,17,17.647058823529413,0.0,8.0
10423,14679,F9,13,7.6923076923076925,0.0,2.8461538461538463
10423,14679,OO,60,8.47457627118644,1.6666666666666667,6.966101694915254
10423,14679,WN,103,26.47058823529412,0.9708737864077669,18.53921568627451
10423,14747,AS,81,16.049382716049383,0.0,6.345679012345679
10423,14747,DL,86,11.627906976744185,0.0,11.569767441860465
10423,14771,AS,47,10.638297872340425,0.0,3.4680851063829787
10423,14771,DL,30,40.0,0.0,16.8
10423,14771,OO,1,0.0,0.0,0.0
10423,14771,UA,120,6.666666666666667,0.0,8.041666666666666
10423,14771,WN,30,43.333333333333336,0.0,15.7
10423,14831,WN,95,26.31578947368421,0.0,11.329787234042554
10423,14869,DL,90,4.444444444444445,0.0,2.7222222222222223
10423,14869,OO,15,20.0,0.0,11.533333333333333
10423,14869,WN,30,16.666666666666664,0.0,12.033333333333333
10423,14893,WN,34,26.47058823529412,0.0,11.764705882352942
10423,14908,WN,30,26.666666666666668,0.0,12.333333333333334
10423,15016,WN,73,20.54794520547945,0.0,7.2465753424657535
10423,15304,DL,30,13.333333333333334,0.0,3.466666666666667
10423,15304,WN,78,8.974358974358974,0.0,5.461538461538462
10423,15370,WN,30,23.333333333333332,0.0,9.0
10423,15412,G4,5,60.0,0.0,27.8
10431,10397,DL,209,12.918660287081341,0.0,10.956937799043063
10431,10423,G4,3,33.33333333333333,0.0,6.333333333333333
10431,10721,B6,9,33.33333333333333,0.0,21.22222222222222
10431,10721,G4,11,0.0,0.0,1.2727272727272727
10431,10721,YX,9,22.22222222222222,0.0,8.777777777777779
10431,11057,AA,61,21.311475409836063,0.0,16.491803278688526
10431,11057,OH,48,4.166666666666666,0.0,9.75
10431,11278,OH,60,26.31578947368421,5.0,10.894736842105264
10431,11292,G4,9,11.11111111111111,0.0,1.7777777777777777
10431,11292,OO,28,32.142857142857146,0.0,25.071428571428573
10431,11292,UA,2,0.0,0.0,4.5
10431,11298,AA,29,39.285714285714285,3.4482758620689653,24.40740740740741
10431,11298,MQ,30,36.666666666666664,0.0,69.86206896551724
10431,11298,OH,1,0.0,0.0,0.0
10431,11618,G4,8,0.0,0.0,2.25
10431,11624,G4,9,0.0,0.0,2.2222222222222223
10431,11697,G4,43,20.930232558139537,0.0,32.906976744186046
10431,12264,G4,9,0.0,0.0,0.0
10431,12889,G4,8,0.0,0.0,1.75
10431,12953,YX,38,15.789473684210526,0.0,17.342105263157894
10431,13204,G4,9,11.11111111111111,0.0,9.0
10431,13232,G4,9,0.0,0.0,0.0
10431,13303,MQ,30,33.33333333333333,0.0,14.7
10431,13930,MQ,53,20.754716981132077,0.0,14.358490566037736
10431,13930,OO,71,22.535211267605636,0.0,10.228571428571428
10431,14027,G4,17,17.647058823529413,0.0,12.941176470588236
10431,14082,G4,17,0.0,0.0,0.29411764705882354
10431,14112,G4,35,22.857142857142858,0.0,12.657142857142857
10431,14761,G4,39,12.82051282051282,0.0,11.23076923076923
10431,14986,G4,8,12.5,0.0,16.125
10434,11057,OH,89,5.617977528089887,0.0,2.7191011235955056
10434,13930,MQ,53,18.867924528301888,0.0,8.830188679245284
10434,13930,OO,4,25.0,0.0,20.0
10466,10408,G4,12,0.0,0.0,0.0
10466,10620,G4,12,16.666666666666664,0.0,9.166666666666666
10466,10627,G4,9,0.0,0.0,0.4444444444444444
10466,10666,G4,9,11.11111111111111,0.0,7.111111111111111
10466,10713,G4,9,44.44444444444444,0.0,17.77777777777778
10466,10849,G4,9,11.11111111111111,0.0,4.444444444444445
10466,11003,G4,8,0.0,0.0,0.25
10466,11423,G4,9,0.0,0.0,0.0
10466,11603,G4,9,11.11111111111111,0.0,5.111111111111111
10466,11637,G4,17,5.88235294117647,0.0,5.470588235294118
10466,11721,G4,8,25.0,0.0,5.0
10466,11775,G4,14,21.428571428571427,0.0,6.071428571428571
10466,11884,G4,1,0.0,0.0,0.0
10466,11980,G4,8,0.0,0.0,0.0
10466,11986,G4,16,18.75,0.0,18.1875
10466,12278,G4,8,0.0,0.0,2.75
10466,12280,G4,17,11.76470588235294,0.0,1.9411764705882353
10466,13433,G4,9,0.0,0.0,0.0
10466,13486,G4,6,0.0,0.0,2.5
10466,13871,G4,8,12.5,0.0,7.0
10466,14108,G4,13,15.384615384615385,0.0,16.53846153846154
10466,14252,G4,8,0.0,0.0,2.25
10466,14314,G4,47,10.638297872340425,0.0,4.957446808510638
10466,14457,G4,13,23.076923076923077,0.0,5.923076923076923
10466,14512,G4,13,7.6923076923076925,0.0,9.538461538461538
10466,14696,G4,10,10.0,0.0,2.0
10466,14783,G4,11,0.0,0.0,0.0
10469,11433,OO,85,9.411764705882353,0.0,4.588235294117647
10469,13930,MQ,86,9.411764705882353,1.1627906976744187,9.941176470588236
10529,10397,DL,188,6.914893617021277,0.0,3.9202127659574466
10529,10397,F9,8,25.0,0.0,48.875
10529,10693,NK,9,0.0,0.0,0.0
10529,10693,WN,30,6.666666666666667,0.0,1.9
10529,10821,WN,146,11.643835616438356,0.0,8.424657534246576
10529,11057,AA,128,7.874015748031496,0.78125,4.519685039370079
10529,11278,AA,82,46.25,2.4390243902439024,35.25
10529,11278,OH,10,11.11111111111111,10.0,2.6666666666666665
10529,11278,YX,28,7.142857142857142,0.0,5.035714285714286
10529,11292,UA,60,10.0,0.0,8.183333333333334
10529,11292,WN,30,16.666666666666664,0.0,6.827586206896552
10529,11298,AA,67,14.925373134328357,0.0,7.6716417910447765
10529,11433,DL,107,2.803738317757009,0.0,2.6542056074766354
10529,11433,NK,3,33.33333333333333,0.0,62.333333333333336
10529,11697,B6,23,8.695652173913043,0.0,2.869565217391304
10529,11697,NK,8,25.0,0.0,7.142857142857143
10529,12264,UA,102,14.705882352941178,0.0,10.382352941176471
10529,12264,YX,5,20.0,0.0,4.0
10529,12478,B6,30,3.3333333333333335,0.0,1.9
10529,13204,B6,34,2.941176470588235,0.0,3.2941176470588234
10529,13204,F9,12,8.333333333333332,0.0,13.166666666666666
10529,13204,WN,42,7.142857142857142,0.0,4.714285714285714
10529,13232,WN,73,5.47945205479452,0.0,2.8493150684931505
10529,13303,AA,30,3.3333333333333335,0.0,2.3666666666666667
10529,13487,DL,77,11.688311688311687,0.0,7.184210526315789
10529,13577,NK,22,4.545454545454546,0.0,1.5454545454545454
10529,13930,AA,43,27.906976744186046,0.0,18.88372093023256
10529,13930,MQ,42,11.904761904761903,0.0,10.261904761904763
10529,13930,OO,24,41.66666666666667,0.0,13.833333333333334
10529,13930,UA,71,26.76056338028169,0.0,14.485714285714286
10529,13930,YX,26,7.6923076923076925,0.0,13.538461538461538
10529,14027,B6,22,22.727272727272727,0.0,5.9523809523809526
10529,14100,AA,79,20.253164556962027,0.0,17.72151898734177
10529,14100,OH,31,9.67741935483871,0.0,8.193548387096774
10529,14100,YX,4,0.0,0.0,0.0
10529,14635,B6,2,0.0,0.0,0.5
10529,14843,B6,52,34.61538461538461,0.0,30.173076923076923
10529,14843,F9,2,50.0,0.0,45.5
10529,15304,B6,22,27.27272727272727,0.0,22.047619047619047
10529,15304,WN,30,16.666666666666664,0.0,13.933333333333334
10551,10299,AS,60,23.728813559322035,1.6666666666666667,11.847457627118644
10558,11292,OO,51,21.568627450980394,0.0,40.490196078431374
10561,11292,OO,60,8.333333333333332,0.0,4.466666666666667
10561,11298,AA,30,10.714285714285714,6.666666666666667,5.178571428571429
10561,14107,AA,49,12.76595744680851,4.081632653061225,11.97872340425532
10561,14107,MQ,4,25.0,0.0,9.0
10561,14107,OO,15,0.0,0.0,0.3333333333333333
10561,14771,OO,53,11.320754716981133,0.0,4.018867924528302
10577,11433,OO,30,6.666666666666667,0.0,6.933333333333334
10581,10397,DL,4,25.0,0.0,7.0
10581,11057,AA,58,13.793103448275861,0.0,25.551724137931036
10581,11278,AA,87,29.069767441860467,1.1494252873563218,22.325581395348838
10581,11278,YX,3,0.0,0.0,0.0
10581,11618,YX,81,25.31645569620253,2.4691358024691357,16.11392405063291
10581,12953,YX,32,12.5,0.0,6.625
10581,13930,AA,30,53.333333333333336,0.0,73.93333333333334
10581,13930,MQ,30,13.333333333333334,0.0,10.633333333333333
10581,13930,YX,49,16.3265306122449,0.0,10.938775510204081
10581,14100,AA,42,17.073170731707318,2.380952380952381,9.24390243902439
10581,14100,OH,71,14.285714285714285,1.4084507042253522,14.6
10581,14112,G4,17,23.52941176470588,0.0,38.529411764705884
10581,14761,G4,14,28.57142857142857,0.0,22.214285714285715
10599,10397,DL,260,5.0,0.0,3.8346153846153848
10599,10693,WN,30,20.0,0.0,9.766666666666667
10599,10821,WN,26,7.6923076923076925,0.0,3.576923076923077
10599,11049,MQ,1,0.0,0.0,0.0
10599,11057,AA,15,0.0,0.0,0.8
10599,11057,MQ,30,3.3333333333333335,0.0,2.966666666666667
10599,11057,OH,114,11.403508771929824,0.0,12.18421052631579
10599,11057,OO,2,0.0,0.0,0.0
10599,11259,WN,73,6.8493150684931505,0.0,5.602739726027397
10599,11278,OH,79,24.050632911392405,0.0,15.102564102564102
10599,11278,YX,7,42.857142857142854,0.0,18.142857142857142
10599,11292,OO,59,16.94915254237288,0.0,20.8135593220339
10599,11292,WN,30,10.0,0.0,3.966666666666667
10599,11298,MQ,74,17.80821917808219,1.3513513513513513,16.273972602739725
10599,11298,OH,59,15.789473684210526,3.389830508474576,19.982456140350877
10599,11298,OO,53,15.09433962264151,0.0,10.23076923076923
10599,11433,NK,1,0.0,0.0,0.0
10599,11618,NK,9,33.33333333333333,0.0,39.77777777777778
10599,11697,NK,17,35.294117647058826,0.0,29.4375
10599,12191,WN,38,10.526315789473683,0.0,2.6578947368421053
10599,12889,WN,30,10.0,0.0,6.833333333333333
10599,13204,WN,38,7.894736842105263,0.0,5.2368421052631575
10599,13232,WN,47,8.51063829787234,0.0,6.085106382978723
10599,13303,MQ,53,9.433962264150944,0.0,3.3207547169811322
10599,13342,DL,1,0.0,0.0,0.0
10599,13342,WN,1,0.0,0.0,0.0
10599,13485,OH,1,0.0,0.0,0.0
10599,13485,OO,1,0.0,0.0,0.0
10599,13851,MQ,1,0.0,0.0,7.0
10599,13930,MQ,50,24.0,0.0,14.72
10599,13930,OO,5,40.0,0.0,19.8
10599,13930,YX,67,4.477611940298507,0.0,3.7313432835820897
10599,14100,OH,52,11.538461538461538,0.0,20.19607843137255
10599,14107,WN,17,17.647058823529413,0.0,26.0
10599,15304,WN,34,5.88235294117647,0.0,3.911764705882353
10617,14771,OO,17,11.76470588235294,0.0,5.882352941176471
10620,10466,G4,12,8.333333333333332,0.0,5.75
10620,11292,OO,107,18.69158878504673,0.0,14.528301886792454
10620,11292,UA,60,20.0,0.0,11.866666666666667
10620,11298,MQ,60,13.559322033898304,1.6666666666666667,7.610169491525424
10620,12889,G4,9,11.11111111111111,0.0,8.11111111111111
10620,13487,DL,30,0.0,0.0,0.3
10620,13930,MQ,60,16.666666666666664,0.0,10.466666666666667
10620,13930,OO,30,26.666666666666668,0.0,14.4
10620,14869,DL,30,0.0,0.0,0.0
10620,14869,OO,60,3.3333333333333335,0.0,2.2
10627,10466,G4,9,11.11111111111111,0.0,7.0
10627,11292,OO,137,15.328467153284672,0.0,16.635036496350367
10627,11298,MQ,60,18.333333333333332,0.0,14.083333333333334
10627,12889,G4,8,12.5,0.0,9.75
10627,13487,DL,19,5.263157894736842,0.0,6.894736842105263
10627,13487,OO,106,13.20754716981132,0.0,12.20754716981132
10627,13930,MQ,30,13.333333333333334,0.0,10.366666666666667
10631,13487,OO,60,15.0,0.0,13.166666666666666
10666,10466,G4,9,11.11111111111111,0.0,4.666666666666667
10666,12889,G4,39,10.526315789473683,2.564102564102564,7.842105263157895
10666,12892,G4,8,25.0,0.0,9.0
10666,13796,G4,13,0.0,0.0,0.15384615384615385
10666,14747,OO,120,16.666666666666664,0.0,11.016666666666667
10676,11697,G4,1,0.0,0.0,0.0
10676,14082,G4,8,25.0,0.0,12.125
10676,14112,G4,13,30.76923076923077,0.0,22.153846153846153
10676,14761,G4,8,62.5,0.0,37.875
10676,14986,G4,9,0.0,0.0,0.0
10676,15624,G4,35,11.428571428571429,0.0,8.2
10676,16422,G4,9,0.0,0.0,0.0
10685,10397,OO,20,5.0,0.0,4.05
10685,11298,MQ,60,10.16949152542373,1.6666666666666667,6.4576271186440675
10685,13930,MQ,60,15.0,0.0,13.566666666666666
10685,14112,G4,9,22.22222222222222,0.0,12.88888888888889
10685,14761,G4,8,25.0,0.0,8.5
10693,10135,G4,8,0.0,0.0,1.375
10693,10140,WN,30,26.666666666666668,0.0,12.166666666666666
10693,10257,G4,9,0.0,0.0,0.2222222222222222
10693,10257,WN,30,3.3333333333333335,0.0,0.9333333333333333
10693,10397,DL,269,6.691449814126393,0.0,5.204460966542751
10693,10397,WN,74,8.108108108108109,0.0,3.7972972972972974
10693,10408,G4,9,11.11111111111111,0.0,2.0
10693,10423,OO,86,10.465116279069768,0.0,6.174418604651163
10693,10423,WN,142,9.15492957746479,0.0,3.359154929577465
10693,10529,NK,9,0.0,0.0,0.0
10693,10529,WN,30,6.666666666666667,0.0,2.533333333333333
10693,10599,WN,30,16.666666666666664,0.0,4.766666666666667
10693,10721,B6,84,48.19277108433735,1.1904761904761905,32.71084337349398
10693,10721,DL,65,47.69230769230769,0.0,48.753846153846155
10693,10721,WN,86,46.51162790697674,0.0,33.0
10693,10721,YX,22,13.636363636363635,0.0,22.181818181818183
10693,10792,WN,30,6.666666666666667,0.0,2.3666666666666667
10693,10800,WN,30,10.0,0.0,5.766666666666667
10693,10821,NK,17,11.76470588235294,0.0,11.352941176470589
10693,10821,WN,149,12.837837837837837,0.6711409395973155,7.378378378378378
10693,10849,G4,9,22.22222222222222,0.0,9.88888888888889
10693,10874,G4,1,0.0,0.0,0.0
10693,10994,WN,73,6.8493150684931505,0.0,3.0684931506849313
10693,11003,G4,9,22.22222222222222,0.0,50.77777777777778
10693,11042,F9,9,0.0,0.0,0.0
10693,11042,NK,8,12.5,0.0,2.875
10693,11042,WN,61,13.114754098360656,0.0,10.344262295081966
10693,11057,AA,202,19.402985074626866,0.49504950495049505,22.791044776119403
10693,11057,NK,9,0.0,0.0,0.5555555555555556
10693,11057,OH,9,0.0,0.0,1.4444444444444444
10693,11057,WN,34,8.823529411764707,0.0,3.9696969696969697
10693,11066,WN,88,9.090909090909092,0.0,5.636363636363637
10693,11193,WN,30,10.0,0.0,4.833333333333333
10693,11259,WN,194,11.34020618556701,0.0,5.463541666666667
10693,11278,AA,26,26.923076923076923,0.0,10.923076923076923
10693,11278,MQ,24,39.130434782608695,4.166666666666666,17.434782608695652
10693,11278,WN,116,18.103448275862068,0.0,7.913793103448276
10693,11278,YX,172,18.71345029239766,0.5813953488372093,12.578947368421053
10693,11292,F9,40,15.0,0.0,14.675
10693,11292,UA,98,18.367346938775512,0.0,11.326530612244898
10693,11292,WN,177,16.38418079096045,0.0,10.033898305084746
10693,11298,AA,257,21.51394422310757,2.3346303501945527,29.514056224899598
10693,11298,F9,9,22.22222222222222,0.0,14.777777777777779
10693,11298,MQ,20,25.0,0.0,16.3
10693,11298,OH,1,100.0,0.0,34.0
10693,11423,G4,17,11.76470588235294,0.0,34.0
10693,11433,DL,117,6.837606837606838,0.0,4.367521367521367
10693,11433,NK,17,5.88235294117647,0.0,1.411764705882353
10693,11433,OO,3,33.33333333333333,0.0,38.0
10693,11433,WN,64,17.1875,0.0,6.3125
10693,11481,WN,90,8.88888888888889,0.0,3.9
10693,11618,NK,16,37.5,0.0,37.5625
10693,11618,UA,151,16.778523489932887,1.3245033112582782,20.65771812080537
10693,11618,YX,15,26.666666666666668,0.0,18.066666666666666
10693,11637,G4,8,0.0,0.0,0.0
10693,11697,NK,61,11.475409836065573,0.0,12.360655737704919
10693,11697,WN,99,18.181818181818183,0.0,7.673469387755102
10693,11721,G4,8,0.0,0.0,1.5
10693,11775,G4,9,55.55555555555556,0.0,31.88888888888889
10693,11986,G4,17,23.52941176470588,0.0,52.05882352941177
10693,11986,WN,4,0.0,0.0,0.0
10693,11996,WN,30,6.666666666666667,0.0,3.0
10693,12191,WN,137,14.5985401459854,0.0,4.846715328467154
10693,12264,UA,79,17.72151898734177,0.0,11.329113924050633
10693,12266,OO,30,6.666666666666667,0.0,4.233333333333333
10693,12266,UA,79,3.8461538461538463,1.2658227848101267,2.4358974358974357
10693,12339,WN,30,23.333333333333332,0.0,10.266666666666667
10693,12448,WN,30,10.0,0.0,2.6
10693,12451,WN,86,12.790697674418606,0.0,5.627906976744186
10693,12478,B6,56,8.928571428571429,0.0,3.890909090909091
10693,12478,YX,88,11.363636363636363,0.0,10.022988505747126
10693,12889,NK,29,21.428571428571427,3.4482758620689653,26.285714285714285
10693,12889,WN,143,13.986013986013987,0.0,7.335664335664336
10693,12892,AA,30,20.0,0.0,16.4
10693,12892,DL,72,5.555555555555555,0.0,14.666666666666666
10693,12892,NK,22,9.523809523809524,4.545454545454546,3.619047619047619
10693,12892,WN,64,23.4375,0.0,9.4375
10693,12953,DL,43,20.930232558139537,0.0,17.46511627906977
10693,12953,OO,30,10.0,0.0,8.5
10693,12953,WN,116,11.206896551724139,0.0,6.922413793103448
10693,12953,YX,112,18.75,0.0,11.518181818181818
10693,12954,WN,30,16.666666666666664,0.0,10.5
10693,13198,WN,112,14.285714285714285,0.0,6.464285714285714
10693,13204,F9,13,23.076923076923077,0.0,18.153846153846153
10693,13204,NK,60,8.333333333333332,0.0,6.0
10693,13204,WN,192,10.9375,0.0,6.90625
10693,13230,G4,1,100.0,0.0,30.0
10693,13232,WN,159,10.062893081761008,0.0,3.779874213836478
10693,13244,WN,30,20.0,0.0,7.433333333333334
10693,13303,AA,83,12.195121951219512,1.2048192771084338,14.691358024691358
10693,13303,MQ,28,17.857142857142858,0.0,17.0
10693,13303,NK,20,45.0,0.0,38.15
10693,13303,WN,56,10.714285714285714,0.0,6.5
10693,13342,WN,77,10.38961038961039,0.0,5.103896103896104
10693,13487,DL,107,8.411214953271028,0.0,3.2242990654205608
10693,13487,WN,34,11.76470588235294,0.0,3.7941176470588234
10693,13495,NK,17,18.75,5.88235294117647,9.6875
10693,13495,WN,103,9.70873786407767,0.0,4.077669902912621
10693,13577,WN,51,5.88235294117647,0.0,1.9411764705882353
10693,13851,WN,34,14.705882352941178,0.0,5.029411764705882
10693,13871,WN,30,16.666666666666664,0.0,8.6
10693,13891,WN,30,26.666666666666668,0.0,11.333333333333334
10693,13930,AA,70,21.428571428571427,0.0,20.3
10693,13930,F9,16,33.33333333333333,6.25,21.933333333333334
10693,13930,MQ,18,22.22222222222222,0.0,12.944444444444445
10693,13930,OO,107,27.102803738317753,0.0,21.60747663551402
10693,13930,UA,120,11.666666666666666,0.0,9.883333333333333
10693,13930,WN,30,6.666666666666667,0.0,8.2
10693,13930,YX,36,13.88888888888889,0.0,4.694444444444445
10693,13931,WN,34,2.941176470588235,0.0,2.5588235294117645
10693,14027,WN,30,6.666666666666667,0.0,3.2666666666666666
10693,14057,AS,30,13.333333333333334,0.0,12.033333333333333
10693,14082,G4,9,22.22222222222222,0.0,10.777777777777779
10693,14100,AA,127,25.984251968503933,0.0,29.133858267716537
10693,14100,F9,17,41.17647058823529,0.0,29.823529411764707
10693,14100,NK,9,22.22222222222222,0.0,7.0
10693,14100,WN,77,10.38961038961039,0.0,4.935064935064935
10693,14100,YX,4,33.33333333333333,25.0,13.666666666666666
10693,14107,AA,30,6.896551724137931,3.3333333333333335,3.3793103448275863
10693,14107,WN,140,16.428571428571427,0.0,6.739130434782608
10693,14108,G4,9,11.11111111111111,0.0,2.6666666666666665
10693,14122,G4,8,12.5,0.0,4.375
10693,14122,WN,86,8.13953488372093,0.0,4.790697674418604
10693,14193,WN,82,3.6585365853658534,0.0,1.524390243902439
10693,14307,WN,30,3.3333333333333335,0.0,1.5
10693,14314,G4,9,22.22222222222222,0.0,11.88888888888889
10693,14321,WN,30,6.666666666666667,0.0,6.333333333333333
10693,14492,WN,103,13.592233009708737,0.0,5.184466019417476
10693,14492,YX,80,11.25,0.0,5.3
10693,14512,G4,8,12.5,0.0,4.875
10693,14524,G4,8,25.0,0.0,6.25
10693,14524,WN,30,6.666666666666667,0.0,2.4
10693,14635,WN,34,14.705882352941178,0.0,8.176470588235293
10693,14679,WN,77,14.285714285714285,0.0,6.815789473684211
10693,14683,WN,73,16.43835616438356,0.0,7.945205479452055
10693,14685,WN,60,13.333333333333334,0.0,7.016666666666667
10693,14730,WN,26,7.6923076923076925,0.0,5.153846153846154
10693,14747,AS,73,26.027397260273972,0.0,13.452054794520548
10693,14747,DL,32,6.25,0.0,2.90625
10693,14747,WN,30,43.333333333333336,0.0,18.533333333333335
10693,14761,G4,9,44.44444444444444,0.0,23.666666666666668
10693,14771,UA,61,6.557377049180328,0.0,5.278688524590164
10693,14771,WN,30,26.666666666666668,0.0,13.833333333333334
10693,14831,WN,30,26.666666666666668,0.0,13.366666666666667
10693,14869,DL,74,6.756756756756757,0.0,5.162162162162162
10693,14869,WN,30,16.666666666666664,0.0,8.766666666666667
10693,14893,WN,30,33.33333333333333,0.0,10.931034482758621
10693,14908,WN,30,16.666666666666664,0.0,5.233333333333333
10693,14986,WN,30,10.0,0.0,5.6
10693,15016,WN,108,9.25925925925926,0.0,3.8518518518518516
10693,15096,G4,8,12.5,0.0,21.125
10693,15304,MQ,56,12.5,0.0,4.535714285714286
10693,15304,WN,133,13.533834586466165,0.0,7.135338345864661
10693,15370,WN,30,3.3333333333333335,0.0,2.533333333333333
10693,15624,WN,73,2.73972602739726,0.0,1.0410958904109588
10693,15919,G4,8,25.0,0.0,31.875
10713,10397,DL,39,10.256410256410255,0.0,4.564102564102564
10713,10466,G4,9,44.44444444444444,0.0,15.777777777777779
10713,10800,OO,30,3.3333333333333335,0.0,2.0
10713,10800,WN,4,0.0,0.0,1.75
10713,11292,F9,10,10.0,0.0,2.6
10713,11292,OO,65,18.461538461538463,0.0,17.446153846153845
10713,11292,UA,85,17.647058823529413,0.0,7.571428571428571
10713,11292,WN,90,21.11111111111111,0.0,10.955555555555556
10713,11298,AA,60,20.689655172413794,3.3333333333333335,38.706896551724135
10713,11884,OO,4,0.0,0.0,3.5
10713,12889,NK,21,42.857142857142854,0.0,24.666666666666668
10713,12889,OO,17,35.294117647058826,0.0,36.470588235294116
10713,12889,WN,77,19.736842105263158,1.2987012987012987,11.25
10713,12892,OO,120,5.833333333333333,0.0,4.225
10713,13232,WN,17,23.52941176470588,0.0,11.529411764705882
10713,13487,DL,60,10.0,0.0,3.433333333333333
10713,13796,WN,52,7.6923076923076925,0.0,7.980769230769231
10713,13930,AA,30,43.333333333333336,0.0,30.366666666666667
10713,13930,OO,26,11.538461538461538,0.0,9.692307692307692
10713,13930,UA,35,25.71428571428571,0.0,15.114285714285714
10713,14057,AS,60,3.3333333333333335,0.0,3.4833333333333334
10713,14057,OO,60,6.666666666666667,0.0,4.5
10713,14107,AA,28,32.142857142857146,0.0,38.392857142857146
10713,14107,OO,45,6.666666666666667,0.0,14.863636363636363
10713,14107,WN,56,14.545454545454545,1.7857142857142856,8.38888888888889
10713,14679,AS,30,6.896551724137931,3.3333333333333335,4.482758620689655
10713,14679,OO,30,17.24137931034483,3.3333333333333335,7.862068965517241
10713,14679,WN,26,30.76923076923077,0.0,20.423076923076923
10713,14747,AS,60,13.559322033898304,1.6666666666666667,6.338983050847458
10713,14747,OO,270,16.356877323420075,0.3703703703703704,9.014869888475836
10713,14771,OO,83,27.710843373493976,0.0,20.650602409638555
10713,14771,UA,30,13.333333333333334,0.0,3.1666666666666665
10713,14831,OO,30,16.666666666666664,0.0,6.1
10713,14831,WN,30,20.0,0.0,8.233333333333333
10713,14869,DL,114,10.526315789473683,0.0,8.973684210526315
10713,14869,OO,36,2.7777777777777777,0.0,1.8333333333333333
10713,14893,WN,73,10.95890410958904,0.0,4.821917808219178
10713,14908,G4,12,16.666666666666664,0.0,5.416666666666667
10721,10154,B6,32,12.5,0.0,8.59375
10721,10397,B6,78,16.883116883116884,1.282051282051282,12.025974025974026
10721,10397,DL,302,16.887417218543046,0.0,12.804635761589404
10721,10397,F9,21,23.809523809523807,0.0,6.857142857142857
10721,10423,B6,26,7.6923076923076925,0.0,1.9615384615384615
10721,10423,DL,85,29.761904761904763,1.1764705882352942,35.69047619047619
10721,10423,WN,26,76.92307692307693,0.0,41.65384615384615
10721,10431,B6,9,0.0,0.0,0.0
10721,10431,G4,11,9.090909090909092,0.0,2.6363636363636362
10721,10431,YX,9,11.11111111111111,0.0,3.2222222222222223
10721,10693,B6,83,10.975609756097562,1.2048192771084338,7.170731707317073
10721,10693,DL,64,42.1875,0.0,39.682539682539684
10721,10693,WN,86,30.23255813953488,0.0,27.41176470588235
10721,10693,YX,23,40.909090909090914,4.3478260869565215,58.36363636363637
10721,10792,B6,87,29.069767441860467,1.1494252873563218,21.03488372093023
10721,10821,WN,188,26.595744680851062,0.0,23.175531914893618
10721,10821,YX,100,21.875,4.0,21.604166666666668
10721,10849,B6,2,0.0,0.0,0.0
10721,10849,DL,2,50.0,0.0,9.0
10721,10994,B6,60,25.0,0.0,18.833333333333332
10721,10994,DL,38,21.052631578947366,0.0,10.026315789473685
10721,11042,B6,78,15.789473684210526,2.564102564102564,11.671052631578947
10721,11042,F9,17,23.52941176470588,0.0,19.470588235294116
10721,11042,YX,75,23.28767123287671,2.666666666666667,19.71232876712329
10721,11057,AA,198,25.380710659898476,0.5050505050505051,19.685279187817258
10721,11057,NK,16,73.33333333333333,6.25,84.33333333333333
10721,11057,YX,104,27.0,3.8461538461538463,19.39
10721,11066,NK,16,6.25,0.0,1.75
10721,11066,YX,164,25.308641975308642,1.2195121951219512,17.080246913580247
10721,11193,DL,9,0.0,0.0,1.0
10721,11193,MQ,30,44.827586206896555,3.3333333333333335,34.89655172413793
10721,11193,YX,111,21.153846153846153,6.306306306306306,10.5
10721,11259,WN,21,71.42857142857143,0.0,57.476190476190474
10721,11278,AA,248,36.17886178861789,0.8064516129032258,28.735772357723576
10721,11278,B6,214,28.77358490566038,0.9345794392523363,19.928571428571427
10721,11278,YX,300,27.586206896551722,3.3333333333333335,15.318339100346021
10721,11292,B6,50,16.0,0.0,6.74
10721,11292,DL,30,20.0,0.0,9.3
10721,11292,UA,167,24.096385542168676,0.5988023952095809,18.981927710843372
10721,11292,WN,86,43.02325581395349,0.0,34.78823529411765
10721,11298,AA,206,28.000000000000004,2.912621359223301,24.505050505050505
10721,11298,B6,26,3.8461538461538463,0.0,3.1923076923076925
10721,11298,DL,81,39.24050632911392,2.4691358024691357,45.81012658227848
10721,11423,G4,9,11.11111111111111,0.0,45.44444444444444
10721,11433,B6,77,15.789473684210526,1.2987012987012987,8.842105263157896
10721,11433,DL,138,14.492753623188406,0.0,12.152173913043478
10721,11433,NK,30,13.333333333333334,0.0,9.133333333333333
10721,11618,UA,240,27.966101694915253,1.6666666666666667,23.771186440677965
10721,11618,YX,96,32.22222222222222,6.25,29.033333333333335
10721,11697,B6,112,26.126126126126124,0.8928571428571428,17.60185185185185
10721,11697,DL,60,33.33333333333333,5.0,33.8421052631579
10721,11697,NK,60,49.152542372881356,1.6666666666666667,35.03389830508475
10721,11986,G4,8,12.5,0.0,21.125
10721,12173,HA,18,11.11111111111111,0.0,3.5555555555555554
10721,12264,UA,143,18.439716312056735,1.3986013986013985,18.141843971631207
10721,12266,B6,32,12.5,0.0,9.0625
10721,12266,UA,126,25.6,0.7936507936507936,19.911290322580644
10721,12323,B6,30,10.0,0.0,4.966666666666667
10721,12323,MQ,30,13.333333333333334,0.0,4.033333333333333
10721,12323,YX,9,22.22222222222222,0.0,3.888888888888889
10721,12339,MQ,24,47.82608695652174,4.166666666666666,36.04347826086956
10721,12339,YX,136,15.671641791044777,1.4705882352941175,12.164179104477611
10721,12451,B6,48,4.25531914893617,2.083333333333333,2.8297872340425534
10721,12451,YX,77,34.66666666666667,2.5974025974025974,27.706666666666667
10721,12478,B6,241,17.4468085106383,2.4896265560165975,10.53191489361702
10721,12478,DL,30,10.0,0.0,3.6666666666666665
10721,12478,YX,274,24.81203007518797,2.9197080291970803,17.214285714285715
10721,12889,B6,104,15.384615384615385,0.0,11.153846153846153
10721,12889,DL,42,26.190476190476193,0.0,15.023809523809524
10721,12892,AA,61,32.78688524590164,0.0,38.622950819672134
10721,12892,B6,136,13.23529411764706,0.0,9.0
10721,12892,DL,107,20.5607476635514,0.0,19.02803738317757
10721,12892,UA,60,26.666666666666668,0.0,20.183333333333334
10721,12953,DL,70,7.246376811594203,1.4285714285714286,6.318840579710145
10721,12953,YX,564,24.403669724770644,3.368794326241135,16.47889908256881
10721,13198,DL,34,23.52941176470588,0.0,19.333333333333332
10721,13198,YX,21,15.0,4.761904761904762,15.35
10721,13204,B6,166,20.73170731707317,1.2048192771084338,13.164634146341463
10721,13204,DL,90,34.44444444444444,0.0,23.655555555555555
10721,13204,NK,32,15.625,0.0,12.34375
10721,13232,WN,128,42.857142857142854,1.5625,29.603174603174605
10721,13244,YX,30,39.285714285714285,6.666666666666667,26.85185185185185
10721,13303,AA,148,17.006802721088434,0.6756756756756757,14.408163265306122
10721,13303,B6,4,0.0,0.0,4.5
10721,13303,DL,60,28.333333333333332,0.0,19.5
10721,13303,NK,12,33.33333333333333,0.0,29.75
10721,13342,B6,22,13.636363636363635,0.0,7.681818181818182
10721,13342,YX,56,38.18181818181819,1.7857142857142856,22.254545454545454
10721,13487,DL,176,19.318181818181817,0.0,17.642045454545453
10721,13495,B6,30,10.0,0.0,7.1
10721,13495,DL,30,6.896551724137931,3.3333333333333335,9.89655172413793
10721,13541,B6,18,16.666666666666664,0.0,7.0
10721,13577,NK,49,18.181818181818183,10.204081632653061,8.227272727272727
10721,13577,YX,9,0.0,0.0,0.0
10721,13930,AA,230,29.82456140350877,0.8695652173913043,27.149122807017545
10721,13930,B6,48,25.0,0.0,16.291666666666668
10721,13930,DL,107,43.39622641509434,0.9345794392523363,33.14150943396226
10721,13930,MQ,30,13.333333333333334,0.0,15.8
10721,13930,UA,241,32.083333333333336,0.4149377593360996,26.213389121338913
10721,13930,YX,4,75.0,0.0,33.75
10721,13931,B6,30,10.0,0.0,2.966666666666667
10721,13931,YX,34,5.88235294117647,0.0,2.264705882352941
10721,14027,B6,63,12.698412698412698,0.0,10.555555555555555
10721,14027,DL,30,46.666666666666664,0.0,40.9
10721,14057,AS,48,14.583333333333334,0.0,9.916666666666666
10721,14057,B6,2,0.0,0.0,0.0
10721,14100,AA,215,22.748815165876778,1.8604651162790697,16.407582938388625
10721,14100,B6,105,15.53398058252427,1.9047619047619049,11.79611650485437
10721,14100,F9,8,25.0,0.0,36.75
10721,14100,YX,100,31.63265306122449,2.0,19.20408163265306
10721,14107,AA,102,18.81188118811881,0.9803921568627451,12.67
10721,14107,DL,30,40.0,0.0,38.58620689655172
10721,14122,B6,96,22.105263157894736,1.0416666666666665,10.957894736842105
10721,14122,YX,101,30.612244897959183,2.9702970297029703,20.163265306122447
10721,14231,B6,30,43.333333333333336,0.0,32.2
10721,14492,B6,106,19.047619047619047,0.9433962264150944,17.238095238095237
10721,14492,DL,132,32.30769230769231,1.5151515151515151,28.623076923076923
10721,14492,F9,17,23.52941176470588,0.0,8.411764705882353
10721,14492,YX,1,100.0,0.0,23.0
10721,14524,B6,78,22.07792207792208,1.282051282051282,11.948051948051948
10721,14524,YX,86,28.915662650602407,3.488372093023256,16.228915662650603
10721,14635,B6,78,24.358974358974358,0.0,16.67948717948718
10721,14635,DL,30,10.344827586206897,3.3333333333333335,11.517241379310345
10721,14679,AS,47,28.26086956521739,2.127659574468085,18.822222222222223
10721,14679,B6,58,17.24137931034483,0.0,15.125
10721,14679,DL,30,46.666666666666664,0.0,21.310344827586206
10721,14683,DL,30,16.666666666666664,0.0,9.0
10721,14685,B6,52,11.76470588235294,1.9230769230769231,9.098039215686274
10721,14685,DL,8,0.0,0.0,0.875
10721,14685,YX,31,16.129032258064516,0.0,7.709677419354839
10721,14730,MQ,30,6.666666666666667,0.0,3.466666666666667
10721,14730,YX,30,13.333333333333334,0.0,5.766666666666667
10721,14747,AS,120,17.5,0.0,17.142857142857142
10721,14747,B6,32,3.125,0.0,1.125
10721,14747,DL,77,18.181818181818183,0.0,20.363636363636363
10721,14771,AS,30,33.33333333333333,0.0,26.4
10721,14771,B6,134,13.432835820895523,0.0,12.91044776119403
10721,14771,DL,77,22.07792207792208,0.0,22.064935064935064
10721,14771,UA,167,18.562874251497004,0.0,13.005988023952096
10721,14843,B6,53,30.18867924528302,0.0,18.433962264150942
10721,14843,DL,30,30.0,0.0,15.033333333333333
10721,14869,B6,2,0.0,0.0,4.5
10721,14869,DL,90,12.222222222222221,0.0,15.455555555555556
10721,14893,B6,2,0.0,0.0,0.0
10721,14986,G4,9,0.0,0.0,0.7777777777777778
10721,15016,MQ,32,3.125,0.0,2.03125
10721,15016,WN,86,40.0,1.1627906976744187,26.823529411764707
10721,15016,YX,24,21.73913043478261,4.166666666666666,10.0
10721,15096,B6,24,50.0,0.0,27.541666666666668
10721,15304,B6,106,16.19047619047619,0.9433962264150944,10.771428571428572
10721,15304,DL,80,36.708860759493675,1.25,29.962025316455698
10721,15304,F9,11,9.090909090909092,0.0,2.8181818181818183
10721,15380,B6,8,25.0,0.0,6.875
10721,15380,YX,5,0.0,0.0,2.2
10721,15412,G4,14,21.428571428571427,0.0,16.571428571428573
10728,11298,OO,58,12.280701754385964,1.7241379310344827,11.56140350877193
10732,11618,UA,30,20.689655172413794,3.3333333333333335,9.724137931034482
10732,11697,B6,2,50.0,0.0,43.0
10732,12478,B6,32,9.375,0.0,8.75
10732,13204,B6,32,15.625,0.0,14.84375
10732,13204,F9,27,11.11111111111111,0.0,4.37037037037037
10739,13487,OO,53,20.754716981132077,0.0,10.20754716981132
10747,11298,MQ,120,20.168067226890756,0.8333333333333334,11.974789915966387
10754,10299,AS,30,10.0,0.0,3.5
10779,11292,OO,30,6.666666666666667,0.0,4.166666666666667
10779,14869,OO,30,6.666666666666667,0.0,32.7
10781,10397,DL,82,7.317073170731707,0.0,9.768292682926829
10781,10397,OO,3,33.33333333333333,0.0,26.0
10781,11057,OH,58,5.263157894736842,1.7241379310344827,1.8245614035087718
10781,11278,OH,26,3.8461538461538463,0.0,7.961538461538462
10781,11298,MQ,35,14.285714285714285,0.0,8.428571428571429
10781,11298,OH,144,18.181818181818183,0.6944444444444444,27.190140845070424
10781,12266,OO,6,0.0,0.0,0.0
10785,10397,DL,31,3.225806451612903,0.0,3.903225806451613
10785,11057,OH,60,10.0,0.0,3.4
10785,11278,AA,54,43.39622641509434,1.8518518518518516,47.78846153846154
10785,11278,OH,62,16.129032258064516,0.0,16.177419354838708
10785,11292,UA,30,36.666666666666664,0.0,52.333333333333336
10785,11618,YX,89,17.045454545454543,1.1235955056179776,18.59090909090909
10785,12264,YX,33,6.0606060606060606,0.0,5.575757575757576
10785,12953,YX,8,0.0,0.0,0.0
10785,13930,MQ,52,34.61538461538461,0.0,25.78846153846154
10785,13930,OO,10,20.0,0.0,73.6
10785,13930,UA,60,16.666666666666664,0.0,6.066666666666666
10785,14100,AA,46,30.434782608695656,0.0,21.47826086956522
10785,14100,OH,26,11.538461538461538,0.0,3.6538461538461537
10785,14100,YX,4,0.0,0.0,0.0
10792,10397,DL,107,2.803738317757009,0.0,1.6542056074766356
10792,10397,F9,17,11.76470588235294,0.0,2.2941176470588234
10792,10693,WN,30,10.0,0.0,3.2666666666666666
10792,10721,B6,88,28.735632183908045,1.1363636363636365,21.35632183908046
10792,10821,WN,147,6.802721088435375,0.0,3.45578231292517
10792,11057,AA,99,11.224489795918368,1.0101010101010102,22.979591836734695
10792,11278,OH,66,21.21212121212121,0.0,15.363636363636363
10792,11278,YX,50,28.000000000000004,0.0,20.24
10792,11292,F9,13,53.84615384615385,0.0,22.46153846153846
10792,11292,UA,30,10.0,0.0,6.8
10792,11292,WN,34,26.47058823529412,0.0,15.941176470588236
10792,11298,AA,60,20.689655172413794,3.3333333333333335,13.46551724137931
10792,11433,DL,30,0.0,0.0,0.8333333333333334
10792,11433,OO,24,8.333333333333332,0.0,6.875
10792,11618,UA,5,20.0,0.0,3.8
10792,11697,B6,30,13.333333333333334,0.0,10.366666666666667
10792,12264,YX,14,14.285714285714285,0.0,5.714285714285714
10792,12478,B6,120,11.76470588235294,0.8333333333333334,14.703389830508474
10792,12889,WN,30,6.666666666666667,0.0,3.066666666666667
10792,12892,B6,2,0.0,0.0,0.0
10792,12953,YX,190,10.695187165775401,1.5789473684210527,8.358288770053475
10792,13204,B6,32,3.125,0.0,0.875
10792,13204,F9,21,28.57142857142857,0.0,53.57142857142857
10792,13204,WN,65,21.53846153846154,0.0,8.907692307692308
10792,13232,WN,82,10.975609756097562,0.0,5.121951219512195
10792,13487,DL,7,0.0,0.0,0.0
10792,13495,WN,1,0.0,0.0,0.0
10792,13930,AA,60,10.0,0.0,37.483333333333334
10792,13930,MQ,30,51.724137931034484,3.3333333333333335,30.344827586206897
10792,13930,UA,89,23.595505617977526,0.0,25.764044943820224
10792,14100,AA,7,0.0,0.0,0.5714285714285714
10792,14100,OH,8,0.0,0.0,0.0
10792,14107,WN,21,4.761904761904762,0.0,2.2857142857142856
10792,14492,F9,8,12.5,0.0,4.625
10792,15304,F9,9,0.0,0.0,1.8888888888888888
10792,15304,WN,56,7.142857142857142,0.0,3.5090909090909093
10800,10140,WN,30,6.666666666666667,0.0,3.066666666666667
10800,10397,DL,30,30.0,0.0,18.666666666666668
10800,10423,WN,30,3.3333333333333335,0.0,1.8
10800,10693,WN,30,10.0,0.0,7.633333333333334
10800,10713,OO,30,6.666666666666667,0.0,3.066666666666667
10800,10713,WN,4,0.0,0.0,6.0
10800,11259,WN,30,16.666666666666664,0.0,12.6
10800,11292,F9,8,25.0,0.0,4.875
10800,11292,UA,82,8.536585365853659,0.0,6.097560975609756
10800,11292,WN,116,22.608695652173914,0.8620689655172413,10.6
10800,11298,AA,60,8.47457627118644,1.6666666666666667,6.491525423728813
10800,12191,WN,26,7.6923076923076925,0.0,4.615384615384615
10800,12478,B6,30,34.48275862068966,3.3333333333333335,62.724137931034484
10800,12889,NK,90,19.101123595505616,1.1111111111111112,22.59550561797753
10800,12889,WN,262,23.371647509578544,0.38167938931297707,17.81226053639847
10800,13198,WN,17,17.647058823529413,0.0,17.88235294117647
10800,13232,WN,30,10.0,0.0,5.3
10800,13796,WN,254,13.438735177865613,0.39370078740157477,8.58102766798419
10800,14057,AS,81,6.172839506172839,0.0,4.308641975308642
10800,14107,MQ,48,14.893617021276595,2.083333333333333,17.27659574468085
10800,14107,OO,16,25.0,0.0,125.625
10800,14107,WN,173,11.242603550295858,2.312138728323699,6.178571428571429
10800,14570,WN,47,23.404255319148938,0.0,13.957446808510639
10800,14747,AS,127,8.0,1.574803149606299,4.016
10800,14771,OO,122,22.131147540983605,0.0,9.762295081967213
10800,14771,UA,103,23.300970873786408,0.0,11.728155339805825
10800,14831,WN,202,7.920792079207921,0.0,5.1138613861386135
10800,14869,DL,30,6.666666666666667,0.0,19.0
10800,14869,OO,83,10.843373493975903,0.0,5.192771084337349
10800,14869,WN,17,35.294117647058826,0.0,18.235294117647058
10800,14893,WN,228,10.572687224669604,0.43859649122807015,5.964757709251101
10800,15016,WN,30,6.666666666666667,0.0,1.5862068965517242
10800,15023,OO,30,6.666666666666667,0.0,2.8333333333333335
10821,10140,WN,30,13.333333333333334,0.0,7.833333333333333
10821,10257,WN,146,14.383561643835616,0.0,5.917808219178082
10821,10397,DL,239,7.112970711297072,0.0,7.702928870292887
10821,10397,F9,55,21.818181818181817,0.0,8.636363636363637
10821,10397,NK,28,10.714285714285714,0.0,3.9285714285714284
10821,10397,WN,143,16.083916083916083,0.0,6.3076923076923075
10821,10423,WN,107,14.018691588785046,0.0,6.261682242990654
10821,10529,WN,146,9.58904109589041,0.0,4.1506849315068495
10821,10599,WN,26,19.230769230769234,0.0,4.615384615384615
10821,10693,NK,17,5.88235294117647,0.0,2.6470588235294117
10821,10693,WN,150,11.333333333333332,0.0,7.14
10821,10721,WN,188,42.24598930481284,0.5319148936170213,38.23529411764706
10821,10721,YX,100,35.051546391752574,3.0,25.484536082474225
10821,10792,WN,147,12.925170068027212,0.0,5.115646258503402
10821,10994,WN,90,14.444444444444443,0.0,10.6
10821,11042,WN,86,9.30232558139535,0.0,3.488372093023256
10821,11057,AA,157,7.6923076923076925,0.6369426751592357,6.341935483870968
10821,11057,F9,13,38.46153846153847,0.0,36.30769230769231
10821,11057,OH,1,0.0,0.0,0.0
10821,11057,WN,81,12.345679012345679,0.0,10.617283950617283
10821,11066,WN,90,13.333333333333334,0.0,7.855555555555555
10821,11109,WN,26,7.6923076923076925,0.0,3.076923076923077
10821,11193,WN,60,10.0,0.0,5.983333333333333
10821,11259,WN,159,14.465408805031446,0.0,8.745222929936306
10821,11292,F9,13,38.46153846153847,0.0,22.076923076923077
10821,11292,UA,90,12.222222222222221,0.0,6.355555555555555
10821,11292,WN,163,16.56441717791411,0.0,10.957055214723926
10821,11298,AA,68,22.388059701492537,1.4705882352941175,18.52238805970149
10821,11298,F9,21,28.57142857142857,0.0,35.61904761904762
10821,11298,NK,17,11.76470588235294,0.0,13.6875
10821,11433,DL,107,8.411214953271028,0.0,5.953271028037383
10821,11433,F9,13,58.333333333333336,7.6923076923076925,50.083333333333336
10821,11433,NK,30,10.344827586206897,3.3333333333333335,9.241379310344827
10821,11433,WN,68,11.76470588235294,0.0,4.985294117647059
10821,11481,WN,4,25.0,0.0,21.0
10821,11697,NK,91,20.0,1.098901098901099,13.244444444444444
10821,11697,WN,145,13.194444444444445,0.6896551724137931,8.202797202797203
10821,11986,WN,30,3.3333333333333335,0.0,1.1666666666666667
10821,11996,WN,60,8.333333333333332,0.0,7.05
10821,12191,WN,125,15.2,0.0,8.752
10821,12266,NK,46,15.217391304347828,0.0,21.108695652173914
10821,12266,UA,60,8.333333333333332,0.0,4.183333333333334
10821,12339,WN,95,10.526315789473683,0.0,5.2631578947368425
10821,12391,WN,90,16.666666666666664,0.0,7.588888888888889
10821,12448,WN,26,7.6923076923076925,0.0,2.1538461538461537
10821,12451,WN,107,22.429906542056074,0.0,15.158878504672897
10821,12889,NK,48,14.583333333333334,0.0,13.125
10821,12889,WN,120,19.166666666666668,0.0,10.579831932773109
10821,12892,NK,30,3.4482758620689653,3.3333333333333335,0.7241379310344828
10821,12892,UA,53,15.09433962264151,0.0,15.51923076923077
10821,12892,WN,86,25.581395348837212,0.0,10.953488372093023
10821,12954,WN,30,20.0,0.0,13.033333333333333
10821,13198,WN,86,20.930232558139537,0.0,10.30232558139535
10821,13204,F9,35,20.0,0.0,10.17142857142857
10821,13204,NK,60,8.620689655172415,3.3333333333333335,5.4655172413793105
10821,13204,WN,247,12.955465587044534,0.0,8.682926829268293
10821,13232,F9,17,17.647058823529413,0.0,11.0
10821,13232,WN,164,13.496932515337424,0.6097560975609756,7.03680981595092
10821,13244,WN,21,4.761904761904762,0.0,2.761904761904762
10821,13296,WN,146,10.95890410958904,0.0,4.636986301369863
10821,13303,AA,32,0.0,0.0,1.6875
10821,13303,F9,21,0.0,0.0,0.6190476190476191
10821,13303,NK,8,37.5,0.0,23.0
10821,13303,WN,94,12.76595744680851,0.0,7.380434782608695
10821,13342,WN,78,7.6923076923076925,0.0,6.923076923076923
10821,13487,DL,77,10.38961038961039,0.0,10.025974025974026
10821,13487,WN,52,19.230769230769234,0.0,11.5
10821,13495,NK,21,0.0,0.0,0.8571428571428571
10821,13495,WN,75,20.0,0.0,9.04
10821,13577,WN,94,9.574468085106384,0.0,5.329787234042553
10821,13891,WN,30,10.0,0.0,12.1
10821,13930,F9,17,5.88235294117647,0.0,3.9411764705882355
10821,13930,MQ,87,22.988505747126435,0.0,11.908045977011493
10821,13930,NK,8,0.0,0.0,1.0
10821,13930,OO,1,100.0,0.0,28.0
10821,13930,UA,105,19.047619047619047,0.0,13.933333333333334
10821,13930,WN,30,10.0,0.0,9.1
10821,13931,WN,137,10.218978102189782,0.0,4.9416058394160585
10821,14027,WN,90,16.666666666666664,0.0,9.055555555555555
10821,14057,WN,30,20.0,0.0,13.966666666666667
10821,14107,WN,103,22.330097087378643,0.0,10.676470588235293
10821,14122,WN,86,8.13953488372093,0.0,3.372093023255814
10821,14307,WN,172,13.953488372093023,0.0,8.505813953488373
10821,14321,WN,121,12.396694214876034,0.0,5.347107438016529
10821,14492,WN,142,10.56338028169014,0.0,8.816901408450704
10821,14524,WN,60,8.333333333333332,0.0,5.233333333333333
10821,14576,WN,90,8.88888888888889,0.0,4.366666666666666
10821,14635,WN,90,11.11111111111111,0.0,7.488888888888889
10821,14679,WN,82,17.073170731707318,0.0,9.7
10821,14683,WN,69,14.492753623188406,0.0,8.898550724637682
10821,14685,WN,90,13.333333333333334,0.0,11.722222222222221
10821,14730,WN,77,11.688311688311687,0.0,4.792207792207792
10821,14747,AS,60,15.0,0.0,8.616666666666667
10821,14747,WN,30,13.333333333333334,0.0,12.133333333333333
10821,14771,UA,55,12.727272727272727,0.0,7.527272727272727
10821,14771,WN,30,46.666666666666664,0.0,20.866666666666667
10821,14831,WN,30,16.666666666666664,0.0,5.566666666666666
10821,14843,F9,1,0.0,0.0,0.0
10821,14843,NK,9,11.11111111111111,0.0,3.4444444444444446
10821,14843,WN,60,25.0,0.0,10.75
10821,14869,DL,30,6.666666666666667,0.0,3.2
10821,14869,WN,30,16.666666666666664,0.0,9.9
10821,14893,WN,30,13.333333333333334,0.0,6.1
10821,14986,WN,90,11.11111111111111,0.0,6.788888888888889
10821,15016,WN,117,9.401709401709402,0.0,4.743589743589744
10821,15304,F9,13,23.076923076923077,0.0,17.76923076923077
10821,15304,NK,16,0.0,0.0,0.125
10821,15304,WN,171,10.526315789473683,0.0,5.4678362573099415
10821,15624,WN,30,10.0,0.0,8.2
10849,10397,DL,30,0.0,0.0,0.6
10849,10466,G4,9,11.11111111111111,0.0,3.4444444444444446
10849,10693,G4,9,11.11111111111111,0.0,6.777777777777778
10849,10721,B6,2,50.0,0.0,12.0
10849,10721,DL,2,50.0,0.0,10.5
10849,11057,AA,17,5.88235294117647,0.0,15.5
10849,11259,WN,4,25.0,0.0,9.75
10849,11292,OO,31,6.451612903225806,0.0,4.548387096774194
10849,11292,UA,90,26.666666666666668,0.0,16.288888888888888
10849,11292,WN,116,19.82758620689655,0.0,11.139130434782608
10849,11298,AA,82,6.329113924050633,3.6585365853658534,2.6794871794871793
10849,11433,DL,1,0.0,0.0,0.0
10849,11618,UA,54,18.51851851851852,0.0,20.056603773584907
10849,12264,UA,6,16.666666666666664,0.0,14.0
10849,12266,UA,6,0.0,0.0,1.3333333333333333
10849,12478,B6,1,0.0,0.0,0.0
10849,12478,DL,2,0.0,0.0,0.0
10849,12889,G4,8,0.0,0.0,0.375
10849,12889,WN,47,17.02127659574468,0.0,12.191489361702128
10849,12892,OO,17,0.0,0.0,0.7058823529411765
10849,12892,UA,30,6.666666666666667,0.0,15.933333333333334
10849,13232,WN,30,6.666666666666667,0.0,3.0
10849,13487,DL,67,8.955223880597014,0.0,19.64179104477612
10849,13930,AA,57,31.57894736842105,0.0,19.57894736842105
10849,13930,OO,16,37.5,0.0,28.375
10849,13930,UA,60,11.666666666666666,0.0,7.5
10849,14057,OO,30,10.0,0.0,6.233333333333333
10849,14747,AS,47,17.02127659574468,0.0,17.0
10849,14747,OO,90,6.666666666666667,0.0,2.7444444444444445
10849,14771,UA,30,10.0,0.0,5.366666666666666
10849,14869,DL,52,1.9230769230769231,0.0,3.6538461538461537
10849,14869,OO,38,5.263157894736842,0.0,7.2894736842105265
10868,10397,DL,154,5.844155844155844,0.0,6.2727272727272725
10868,11057,MQ,8,0.0,0.0,0.75
10868,11057,OH,32,3.125,0.0,0.75
10868,11278,OH,57,20.0,3.508771929824561,19.39622641509434
10868,11278,YX,53,13.20754716981132,0.0,9.773584905660377
10868,11298,MQ,8,50.0,0.0,22.75
10868,11298,OH,60,10.344827586206897,3.3333333333333335,8.172413793103448
10868,11618,NK,9,33.33333333333333,0.0,31.77777777777778
10868,11697,NK,13,0.0,0.0,0.15384615384615385
10868,12953,YX,53,9.433962264150944,0.0,7.811320754716981
10868,13204,NK,8,25.0,0.0,15.125
10868,13930,OO,29,10.344827586206897,0.0,27.862068965517242
10868,14761,G4,8,25.0,0.0,15.125
10874,10693,G4,1,100.0,0.0,52.0
10874,11057,OH,115,14.782608695652174,0.0,13.486956521739131
10874,11278,OH,30,6.666666666666667,0.0,2.0
10874,12451,G4,1,0.0,0.0,0.0
10874,13577,G4,8,25.0,0.0,5.75
10874,13930,OO,116,16.379310344827587,0.0,23.646551724137932
10874,14082,G4,8,25.0,0.0,8.875
10874,14112,G4,9,55.55555555555556,0.0,35.333333333333336
10874,14685,G4,12,8.333333333333332,0.0,1.8333333333333333
10874,14761,G4,8,25.0,0.0,21.714285714285715
10874,14986,G4,9,0.0,0.0,0.0
10874,15624,G4,9,0.0,0.0,0.6666666666666666
10918,14869,OO,53,9.433962264150944,0.0,4.245283018867925
10926,10299,AS,30,35.714285714285715,6.666666666666667,14.178571428571429
10926,15991,AS,30,13.333333333333334,0.0,3.433333333333333
10980,10397,DL,137,8.75912408759124,0.0,3.9708029197080292
10980,11057,OH,7,0.0,0.0,0.0
10980,11057,OO,51,18.0,1.9607843137254901,10.18
10980,11278,OH,26,7.6923076923076925,0.0,1.8846153846153846
10980,11298,MQ,29,13.793103448275861,0.0,6.724137931034483
10980,11298,OH,69,17.647058823529413,1.4492753623188406,24.776119402985074
10980,11298,OO,30,16.666666666666664,0.0,36.1
10980,11618,NK,9,12.5,11.11111111111111,10.375
10980,11697,NK,9,22.22222222222222,0.0,23.75
10980,13204,NK,13,7.6923076923076925,0.0,6.0
10980,13930,OO,58,27.586206896551722,0.0,24.17543859649123
10980,14112,G4,8,75.0,0.0,26.125
10980,14761,G4,9,66.66666666666666,0.0,70.22222222222223
10990,10397,DL,1,100.0,0.0,66.0
10990,12953,YX,26,23.076923076923077,0.0,8.0
10990,13930,OO,87,20.689655172413794,0.0,23.058823529411764
10994,10397,DL,239,3.765690376569038,0.0,2.564853556485356
10994,10693,WN,73,17.80821917808219,0.0,10.402777777777779
10994,10721,B6,59,44.06779661016949,0.0,22.627118644067796
10994,10721,DL,38,57.89473684210527,0.0,33.3421052631579
10994,10821,WN,90,10.0,0.0,4.348314606741573
10994,11057,AA,187,11.76470588235294,0.0,8.550802139037433
10994,11057,OH,9,11.11111111111111,0.0,18.77777777777778
10994,11193,G4,8,12.5,0.0,8.625
10994,11259,WN,30,10.0,0.0,2.9310344827586206
10994,11278,AA,81,23.456790123456788,0.0,29.432098765432098
10994,11278,OH,35,14.285714285714285,0.0,8.17142857142857
10994,11278,YX,30,13.793103448275861,3.3333333333333335,10.96551724137931
10994,11292,UA,30,33.33333333333333,0.0,14.433333333333334
10994,11292,WN,17,29.411764705882355,0.0,14.647058823529411
10994,11298,AA,68,20.8955223880597,1.4705882352941175,20.238805970149254
10994,11433,DL,50,4.0,0.0,9.28
10994,11433,OO,40,15.0,0.0,9.175
10994,11618,NK,17,29.411764705882355,0.0,32.0
10994,11618,UA,37,5.405405405405405,0.0,6.783783783783784
10994,11618,YX,49,10.416666666666668,2.0408163265306123,14.0
10994,11697,B6,18,5.555555555555555,0.0,3.4444444444444446
10994,11697,NK,17,11.76470588235294,0.0,11.235294117647058
10994,12191,WN,8,0.0,0.0,1.375
10994,12264,UA,17,5.88235294117647,0.0,7.0588235294117645
10994,12264,YX,33,3.0303030303030303,0.0,5.090909090909091
10994,12478,B6,48,8.333333333333332,0.0,4.5625
10994,12953,DL,56,18.181818181818183,1.7857142857142856,15.818181818181818
10994,12953,YX,69,16.176470588235293,1.4492753623188406,7.602941176470588
10994,13232,WN,34,5.88235294117647,0.0,5.5
10994,13303,AA,34,33.33333333333333,2.941176470588235,19.424242424242426
10994,13303,MQ,28,3.571428571428571,0.0,2.4642857142857144
10994,13487,DL,31,22.58064516129032,0.0,9.67741935483871
10994,13930,AA,11,27.27272727272727,0.0,68.45454545454545
10994,13930,MQ,19,5.263157894736842,0.0,7.684210526315789
10994,13930,UA,57,14.035087719298245,0.0,8.157894736842104
10994,13930,YX,58,31.03448275862069,0.0,13.60344827586207
10994,14100,AA,98,18.367346938775512,0.0,10.989795918367347
10994,14100,F9,9,22.22222222222222,0.0,10.666666666666666
10994,14100,OH,2,50.0,0.0,37.5
10994,14747,AS,30,16.666666666666664,0.0,12.966666666666667
10994,15016,WN,17,0.0,0.0,0.7647058823529411
11003,10397,DL,30,3.3333333333333335,0.0,2.6666666666666665
11003,10466,G4,8,12.5,0.0,11.125
11003,10693,G4,9,22.22222222222222,0.0,50.111111111111114
11003,11057,AA,30,10.0,0.0,15.966666666666667
11003,11278,MQ,30,25.0,6.666666666666667,15.857142857142858
11003,11292,F9,17,17.647058823529413,0.0,15.588235294117647
11003,11292,OO,21,23.809523809523807,0.0,12.0
11003,11292,UA,60,13.559322033898304,1.6666666666666667,6.672413793103448
11003,11298,MQ,81,12.5,1.2345679012345678,9.1875
11003,11298,OH,29,17.857142857142858,3.4482758620689653,14.703703703703704
11003,12889,G4,9,44.44444444444444,0.0,21.444444444444443
11003,13487,OO,57,28.07017543859649,0.0,21.57894736842105
11003,13930,MQ,129,16.40625,0.7751937984496124,13.8515625
11003,13930,OO,52,15.686274509803921,1.9230769230769231,11.27450980392157
11003,13930,UA,36,27.77777777777778,0.0,11.63888888888889
11003,14082,G4,9,0.0,0.0,0.8888888888888888
11003,14107,MQ,46,4.3478260869565215,0.0,4.739130434782608
11003,14107,OO,10,0.0,10.0,0.0
11003,14112,G4,8,12.5,0.0,5.125
11003,14761,G4,9,11.11111111111111,0.0,40.77777777777778
11013,11433,OO,30,10.0,0.0,7.533333333333333
11013,13487,OO,30,13.333333333333334,0.0,9.2
11013,13930,OO,28,35.714285714285715,0.0,24.25
11027,14761,G4,8,25.0,0.0,24.375
11041,14107,MQ,60,13.559322033898304,1.6666666666666667,13.745762711864407
11042,10397,DL,238,5.46218487394958,0.0,3.7605042016806722
11042,10397,F9,49,8.16326530612245,0.0,4.428571428571429
11042,10423,F9,8,25.0,0.0,12.875
11042,10693,F9,9,0.0,0.0,1.6666666666666667
11042,10693,NK,8,0.0,0.0,0.125
11042,10693,WN,61,13.114754098360656,0.0,4.573770491803279
11042,10721,B6,78,42.10526315789473,2.564102564102564,24.86842105263158
11042,10721,F9,17,0.0,0.0,0.8823529411764706
11042,10721,YX,75,23.61111111111111,4.0,17.59722222222222
11042,10821,WN,86,11.627906976744185,0.0,5.511627906976744
11042,11057,AA,129,7.751937984496124,0.0,7.72093023255814
11042,11057,F9,13,15.384615384615385,0.0,11.615384615384615
11042,11278,OH,133,21.374045801526716,1.5037593984962405,21.740458015267176
11042,11278,YX,4,0.0,0.0,0.0
11042,11292,F9,21,35.0,4.761904761904762,28.5
11042,11292,UA,86,2.3255813953488373,0.0,2.1627906976744184
11042,11292,WN,56,17.857142857142858,0.0,12.660714285714286
11042,11298,AA,116,18.421052631578945,1.7241379310344827,35.785714285714285
11042,11298,F9,17,17.647058823529413,0.0,7.764705882352941
11042,11298,MQ,11,9.090909090909092,0.0,1.7272727272727273
11042,11433,OO,68,5.88235294117647,0.0,4.014705882352941
11042,11433,YX,6,0.0,0.0,0.5
11042,11618,UA,165,23.31288343558282,1.2121212121212122,27.395061728395063
11042,11618,YX,7,14.285714285714285,0.0,2.142857142857143
11042,11697,F9,9,33.33333333333333,0.0,39.333333333333336
11042,11697,NK,22,27.27272727272727,0.0,34.31818181818182
11042,11697,UA,25,4.0,0.0,1.16
11042,12264,UA,84,15.476190476190476,0.0,14.095238095238095
11042,12264,YX,13,0.0,0.0,0.3076923076923077
11042,12266,UA,60,3.3333333333333335,0.0,1.4666666666666666
11042,12478,YX,60,10.16949152542373,1.6666666666666667,7.8474576271186445
11042,12889,F9,47,10.638297872340425,0.0,10.595744680851064
11042,12889,WN,30,13.333333333333334,0.0,3.066666666666667
11042,12892,UA,51,7.8431372549019605,0.0,3.9411764705882355
11042,12953,F9,13,0.0,0.0,1.1538461538461537
11042,12953,YX,144,12.676056338028168,1.3888888888888888,8.709219858156029
11042,13204,F9,77,15.584415584415584,0.0,5.896103896103896
11042,13204,UA,25,8.0,0.0,12.12
11042,13204,WN,8,0.0,0.0,0.375
11042,13232,WN,108,12.037037037037036,0.0,4.462962962962963
11042,13303,AA,30,3.4482758620689653,3.3333333333333335,21.035714285714285
11042,13303,F9,17,17.647058823529413,0.0,8.117647058823529
11042,13342,WN,1,0.0,0.0,0.0
11042,13487,DL,85,10.714285714285714,1.1764705882352942,7.369047619047619
11042,13487,OO,2,50.0,0.0,27.0
11042,13577,NK,13,0.0,0.0,0.38461538461538464
11042,13930,AA,45,26.666666666666668,0.0,87.77777777777777
11042,13930,MQ,28,0.0,3.571428571428571,0.7407407407407407
11042,13930,OO,100,24.0,0.0,16.57
11042,13930,UA,229,17.03056768558952,0.0,9.87772925764192
11042,13930,YX,1,0.0,0.0,0.0
11042,14100,AA,60,28.333333333333332,0.0,18.283333333333335
11042,14100,F9,9,33.33333333333333,0.0,8.777777777777779
11042,14100,OH,44,2.3255813953488373,2.272727272727273,2.7209302325581395
11042,14100,YX,2,50.0,0.0,7.5
11042,14107,F9,25,8.0,0.0,13.208333333333334
11042,14107,WN,21,47.61904761904761,0.0,15.666666666666666
11042,14492,F9,22,18.181818181818183,0.0,18.90909090909091
11042,14635,F9,34,11.76470588235294,0.0,8.441176470588236
11042,14747,AS,48,14.583333333333334,0.0,8.916666666666666
11042,14771,UA,57,5.263157894736842,0.0,3.6491228070175437
11042,14986,F9,1,0.0,0.0,0.0
11042,15016,WN,69,13.043478260869565,0.0,13.27536231884058
11042,15304,F9,60,5.084745762711865,1.6666666666666667,7.762711864406779
11049,10599,MQ,1,0.0,0.0,0.0
11049,11298,MQ,117,14.655172413793101,0.8547008547008548,12.905172413793103
11049,11298,OO,2,0.0,0.0,0.0
11057,10135,OH,90,13.333333333333334,0.0,6.155555555555556
11057,10208,OH,1,0.0,0.0,0.0
11057,10257,AA,69,15.942028985507244,0.0,11.869565217391305
11057,10257,OH,29,10.344827586206897,0.0,5.0344827586206895
11057,10397,AA,22,31.818181818181817,0.0,19.727272727272727
11057,10397,DL,218,7.79816513761468,0.0,4.784403669724771
11057,10397,MQ,3,33.33333333333333,0.0,5.333333333333333
11057,10397,OH,126,11.11111111111111,0.0,6.064
11057,10408,MQ,30,10.0,0.0,4.133333333333334
11057,10423,AA,128,16.535433070866144,0.78125,10.433070866141732
11057,10431,AA,61,21.311475409836063,0.0,19.616666666666667
11057,10431,OH,48,12.5,0.0,6.604166666666667
11057,10434,OH,89,6.741573033707865,0.0,4.876404494382022
11057,10529,AA,128,21.25984251968504,0.78125,16.559055118110237
11057,10581,AA,58,8.620689655172415,0.0,8.137931034482758
11057,10599,AA,15,6.666666666666667,0.0,3.3333333333333335
11057,10599,MQ,30,13.333333333333334,0.0,27.633333333333333
11057,10599,OH,114,9.734513274336283,0.8771929824561403,5.176991150442478
11057,10599,OO,2,0.0,0.0,0.0
11057,10693,AA,200,18.0,0.0,18.015
11057,10693,NK,9,11.11111111111111,0.0,4.111111111111111
11057,10693,OH,9,0.0,0.0,2.5555555555555554
11057,10693,WN,34,2.941176470588235,0.0,6.294117647058823
11057,10721,AA,198,37.56345177664975,0.5050505050505051,24.390862944162436
11057,10721,NK,16,80.0,6.25,70.46666666666667
11057,10721,YX,104,38.613861386138616,2.8846153846153846,23.544554455445546
11057,10781,OH,58,12.068965517241379,0.0,10.385964912280702
11057,10785,OH,60,6.666666666666667,0.0,2.9
11057,10792,AA,99,17.346938775510203,1.0101010101010102,9.724489795918368
11057,10821,AA,156,10.967741935483872,0.641025641025641,8.451612903225806
11057,10821,F9,13,7.6923076923076925,0.0,2.3846153846153846
11057,10821,OH,1,0.0,0.0,0.0
11057,10821,WN,81,13.580246913580247,0.0,9.1875
11057,10849,AA,17,11.76470588235294,0.0,5.411764705882353
11057,10868,MQ,8,0.0,0.0,0.0
11057,10868,OH,33,12.121212121212121,0.0,11.909090909090908
11057,10874,OH,115,15.65217391304348,0.0,10.008695652173913
11057,10980,OH,7,0.0,0.0,0.0
11057,10980,OO,51,5.88235294117647,0.0,1.9607843137254901
11057,10994,AA,187,20.855614973262032,0.0,12.909090909090908
11057,10994,OH,9,11.11111111111111,0.0,21.0
11057,11003,AA,30,23.333333333333332,0.0,25.533333333333335
11057,11042,AA,129,13.953488372093023,0.0,10.573643410852712
11057,11042,F9,13,0.0,0.0,1.3076923076923077
11057,11066,AA,88,18.181818181818183,0.0,11.375
11057,11066,MQ,29,3.4482758620689653,0.0,1.6551724137931034
11057,11066,OH,42,14.285714285714285,0.0,5.261904761904762
11057,11146,OH,98,19.587628865979383,1.0204081632653061,12.572916666666666
11057,11193,AA,79,16.666666666666664,1.2658227848101267,13.91025641025641
11057,11193,OH,59,16.94915254237288,0.0,11.983050847457626
11057,11252,OH,127,15.873015873015872,0.7874015748031495,7.603174603174603
11057,11259,WN,34,8.823529411764707,0.0,3.484848484848485
11057,11267,OH,120,17.5,0.0,13.05
11057,11278,AA,180,28.08988764044944,1.1111111111111112,18.65340909090909
11057,11278,OH,60,28.333333333333332,0.0,17.483333333333334
11057,11292,AA,137,16.05839416058394,0.0,10.591240875912408
11057,11292,F9,17,17.647058823529413,0.0,9.058823529411764
11057,11292,UA,60,8.333333333333332,0.0,6.816666666666666
11057,11292,WN,17,47.05882352941176,0.0,16.235294117647058
11057,11298,AA,300,13.945578231292515,2.0,9.395904436860068
11057,11298,F9,17,35.294117647058826,0.0,23.176470588235293
11057,11423,AA,60,23.333333333333332,0.0,11.633333333333333
11057,11423,OH,2,0.0,0.0,1.5
11057,11433,AA,150,14.666666666666666,0.0,7.7
11057,11433,DL,116,4.310344827586207,0.0,3.243478260869565
11057,11433,NK,17,23.52941176470588,0.0,14.470588235294118
11057,11481,OH,69,11.594202898550725,0.0,6.231884057971015
11057,11617,OH,32,21.875,0.0,12.5
11057,11618,AA,107,19.81132075471698,0.9345794392523363,12.669811320754716
11057,11618,NK,30,0.0,3.3333333333333335,0.5862068965517241
11057,11618,UA,104,20.388349514563107,0.9615384615384616,22.24271844660194
11057,11618,YX,38,13.513513513513514,2.631578947368421,11.621621621621621
11057,11624,AA,30,16.666666666666664,0.0,21.0
11057,11624,MQ,59,5.084745762711865,0.0,2.7457627118644066
11057,11641,MQ,58,12.068965517241379,0.0,8.362068965517242
11057,11697,AA,150,14.000000000000002,0.0,7.86
11057,11697,NK,77,12.987012987012985,0.0,8.947368421052632
11057,11953,OH,2,0.0,0.0,0.0
11057,11973,OH,90,10.0,0.0,4.488888888888889
11057,11986,AA,86,19.767441860465116,0.0,12.895348837209303
11057,11995,AA,78,12.82051282051282,0.0,8.153846153846153
11057,11995,MQ,30,16.666666666666664,0.0,11.633333333333333
11057,11996,AA,36,11.11111111111111,0.0,7.638888888888889
11057,11996,OH,63,15.873015873015872,0.0,13.88888888888889
11057,12124,MQ,90,4.444444444444445,0.0,2.911111111111111
11057,12191,WN,4,25.0,0.0,13.75
11057,12197,OH,110,18.181818181818183,0.0,17.78181818181818
11057,12217,MQ,29,20.689655172413794,0.0,10.96551724137931
11057,12217,OH,87,18.39080459770115,0.0,9.758620689655173
11057,12264,AA,1,100.0,0.0,53.0
11057,12264,OH,115,8.771929824561402,0.8695652173913043,3.1403508771929824
11057,12264,YX,47,8.51063829787234,0.0,7.23404255319149
11057,12266,AA,128,11.811023622047244,0.78125,10.590551181102363
11057,12266,F9,16,12.5,0.0,9.1875
11057,12266,UA,30,3.3333333333333335,0.0,6.0
11057,12323,AA,157,15.286624203821656,0.0,9.936305732484076
11057,12323,OH,63,17.46031746031746,0.0,10.682539682539682
11057,12339,AA,140,17.142857142857142,0.0,8.8
11057,12339,NK,8,16.666666666666664,25.0,19.833333333333332
11057,12441,AA,30,3.3333333333333335,0.0,2.066666666666667
11057,12448,OH,58,12.068965517241379,0.0,10.775862068965518
11057,12451,AA,124,16.93548387096774,0.0,8.153225806451612
11057,12478,AA,175,20.689655172413794,0.5714285714285714,13.057471264367816
11057,12478,YX,30,13.793103448275861,3.3333333333333335,13.551724137931034
11057,12889,AA,166,17.46987951807229,0.0,14.487951807228916
11057,12892,AA,187,18.181818181818183,0.0,10.823529411764707
11057,12945,OH,151,18.666666666666668,0.6622516556291391,11.939597315436242
11057,12951,OH,30,10.0,0.0,21.1
11057,12953,AA,262,21.53846153846154,0.7633587786259541,18.21875
11057,12953,F9,13,30.76923076923077,0.0,23.307692307692307
11057,12953,NK,30,3.4482758620689653,3.3333333333333335,1.793103448275862
11057,12953,YX,81,8.641975308641975,0.0,3.9135802469135803
11057,12992,MQ,39,10.256410256410255,0.0,6.6923076923076925
11057,12992,OH,29,13.793103448275861,0.0,9.310344827586206
11057,13198,AA,98,15.463917525773196,1.0204081632653061,9.515463917525773
11057,13198,OH,1,0.0,0.0,0.0
11057,13204,AA,257,24.124513618677042,0.0,12.190661478599221
11057,13204,F9,30,20.0,0.0,17.566666666666666
11057,13204,NK,49,14.893617021276595,4.081632653061225,8.085106382978724
11057,13230,AA,58,15.517241379310345,0.0,14.96551724137931
11057,13230,OH,2,0.0,0.0,0.0
11057,13232,WN,56,7.142857142857142,0.0,4.303571428571429
11057,13244,AA,126,11.904761904761903,0.0,11.753968253968255
11057,13244,OH,2,0.0,0.0,0.0
11057,13296,OH,88,3.4090909090909087,0.0,1.4772727272727273
11057,13303,AA,239,15.18987341772152,0.8368200836820083,10.965811965811966
11057,13303,F9,17,29.411764705882355,0.0,64.70588235294117
11057,13303,NK,21,28.57142857142857,0.0,14.1
11057,13342,AA,60,11.666666666666666,0.0,8.65
11057,13342,OH,29,13.793103448275861,0.0,10.275862068965518
11057,13360,OH,97,7.291666666666667,1.0309278350515463,15.479166666666666
11057,13367,OH,60,6.779661016949152,1.6666666666666667,15.203389830508474
11057,13485,AA,30,16.666666666666664,0.0,10.133333333333333
11057,13485,OH,58,5.172413793103448,0.0,2.9482758620689653
11057,13487,AA,98,20.408163265306122,0.0,9.65979381443299
11057,13487,DL,107,6.5420560747663545,0.0,2.6728971962616823
11057,13495,AA,97,11.34020618556701,0.0,8.350515463917526
11057,13495,NK,9,11.11111111111111,0.0,6.666666666666667
11057,13495,OH,1,0.0,0.0,0.0
11057,13577,AA,163,19.631901840490798,0.0,13.54601226993865
11057,13577,OH,50,14.000000000000002,0.0,9.82
11057,13795,OH,30,13.333333333333334,0.0,7.766666666666667
11057,13851,AA,51,8.0,1.9607843137254901,5.8
11057,13851,OH,28,10.714285714285714,0.0,10.571428571428571
11057,13871,AA,88,15.909090909090908,0.0,13.863636363636363
11057,13891,AA,30,13.333333333333334,0.0,6.8
11057,13930,AA,235,23.076923076923077,0.425531914893617,15.14102564102564
11057,13930,F9,12,25.0,0.0,31.666666666666668
11057,13930,UA,86,7.0588235294117645,1.1627906976744187,5.261904761904762
11057,13930,YX,4,25.0,0.0,29.5
11057,13931,AA,150,16.666666666666664,0.0,14.95973154362416
11057,13931,OH,64,25.0,0.0,26.203125
11057,14027,AA,100,18.0,0.0,10.26
11057,14057,AA,30,26.666666666666668,0.0,12.9
11057,14100,AA,234,15.450643776824036,0.4273504273504274,8.914163090128755
11057,14100,F9,47,38.297872340425535,0.0,53.702127659574465
11057,14100,NK,9,0.0,0.0,0.3333333333333333
11057,14100,OH,1,0.0,0.0,13.0
11057,14107,AA,218,13.36405529953917,0.45871559633027525,14.464788732394366
11057,14108,OH,60,13.559322033898304,1.6666666666666667,8.983050847457626
11057,14122,AA,146,21.232876712328768,0.0,12.397260273972602
11057,14193,AA,69,13.043478260869565,0.0,10.478260869565217
11057,14193,MQ,1,0.0,0.0,0.0
11057,14193,OH,66,22.727272727272727,0.0,11.242424242424242
11057,14307,AA,99,18.367346938775512,1.0101010101010102,12.846938775510203
11057,14307,OH,30,10.0,0.0,5.633333333333334
11057,14321,AA,51,9.803921568627452,0.0,7.333333333333333
11057,14321,OH,30,10.344827586206897,3.3333333333333335,9.482758620689655
11057,14457,MQ,30,3.3333333333333335,0.0,7.233333333333333
11057,14492,AA,245,16.3265306122449,0.0,8.534693877551021
11057,14524,AA,130,22.30769230769231,0.0,14.261538461538462
11057,14524,OH,59,6.779661016949152,0.0,3.288135593220339
11057,14524,OO,7,0.0,0.0,0.0
11057,14576,AA,59,24.137931034482758,1.694915254237288,23.948275862068964
11057,14576,OH,30,3.3333333333333335,0.0,2.1
11057,14635,AA,112,12.5,0.0,6.767857142857143
11057,14679,AA,119,16.80672268907563,0.0,10.152542372881356
11057,14683,AA,120,17.5,0.0,10.525
11057,14685,AA,104,28.155339805825243,0.9615384615384616,20.54368932038835
11057,14685,OH,121,10.743801652892563,0.0,7.851239669421488
11057,14696,OH,90,11.235955056179774,1.1111111111111112,7.674157303370786
11057,14730,AA,58,21.052631578947366,1.7241379310344827,18.0
11057,14730,OH,101,17.82178217821782,0.0,13.405940594059405
11057,14747,AA,120,13.333333333333334,0.0,14.066666666666666
11057,14771,AA,137,22.62773722627737,0.0,14.75912408759124
11057,14783,MQ,30,20.0,0.0,12.033333333333333
11057,14783,OH,69,10.144927536231885,0.0,5.0144927536231885
11057,14814,OH,56,12.5,0.0,6.142857142857143
11057,14814,OO,30,24.137931034482758,3.3333333333333335,95.3103448275862
11057,14843,AA,31,9.67741935483871,0.0,5.32258064516129
11057,14869,AA,31,12.903225806451612,0.0,16.774193548387096
11057,14869,DL,30,23.333333333333332,0.0,9.2
11057,14893,AA,60,6.666666666666667,0.0,5.466666666666667
11057,14908,AA,30,13.333333333333334,0.0,5.933333333333334
11057,14986,AA,69,14.492753623188406,0.0,17.5
11057,14986,OH,30,10.0,0.0,11.166666666666666
11057,15016,AA,124,13.008130081300814,0.8064516129032258,7.276422764227642
11057,15016,WN,30,16.666666666666664,0.0,9.866666666666667
11057,15024,AA,5,0.0,0.0,0.0
11057,15096,AA,95,15.789473684210526,0.0,6.757894736842105
11057,15096,OH,3,0.0,0.0,0.0
11057,15304,AA,234,16.666666666666664,0.0,10.346153846153847
11057,15304,F9,17,0.0,0.0,0.23529411764705882
11057,15304,NK,13,7.6923076923076925,0.0,9.076923076923077
11057,15370,AA,58,13.793103448275861,0.0,10.810344827586206
11057,15370,OH,1,0.0,0.0,0.0
11057,15380,AA,28,3.571428571428571,0.0,0.9285714285714286
11057,15380,OH,2,0.0,0.0,0.0
11057,15412,AA,59,22.033898305084744,0.0,23.779661016949152
11057,15412,OH,44,20.454545454545457,0.0,10.522727272727273
11057,15624,AA,69,17.391304347826086,0.0,10.884057971014492
11057,15624,OH,30,13.333333333333334,0.0,10.533333333333333
11057,15919,AA,56,17.857142857142858,0.0,20.303571428571427
11057,15919,MQ,30,16.666666666666664,0.0,8.366666666666667
11057,15919,OH,38,21.052631578947366,0.0,8.0
11066,10397,DL,238,4.621848739495799,0.0,5.282700421940929
11066,10397,F9,9,44.44444444444444,0.0,50.666666666666664
11066,10397,WN,30,10.0,0.0,3.8
11066,10423,WN,30,10.0,0.0,5.6
11066,10693,WN,88,12.5,0.0,5.875
11066,10721,NK,16,87.5,0.0,62.125
11066,10721,YX,164,28.57142857142857,1.8292682926829267,18.11801242236025
11066,10821,WN,90,11.11111111111111,0.0,6.333333333333333
11066,11057,AA,88,4.545454545454546,0.0,4.75
11066,11057,MQ,29,6.896551724137931,0.0,2.2413793103448274
11066,11057,OH,42,16.666666666666664,0.0,7.928571428571429
11066,11259,WN,30,23.333333333333332,0.0,15.166666666666666
11066,11278,MQ,30,10.0,0.0,5.766666666666667
11066,11278,OH,51,21.568627450980394,0.0,11.098039215686274
11066,11278,WN,30,13.333333333333334,0.0,14.2
11066,11278,YX,60,21.666666666666668,0.0,12.033333333333333
11066,11292,F9,12,41.66666666666667,0.0,14.333333333333334
11066,11292,UA,60,10.0,0.0,6.254237288135593
11066,11292,WN,74,13.513513513513514,0.0,8.864864864864865
11066,11298,AA,97,13.684210526315791,2.0618556701030926,23.946236559139784
11066,11298,MQ,30,6.666666666666667,0.0,2.066666666666667
11066,11433,DL,2,100.0,0.0,52.0
11066,11433,OO,6,16.666666666666664,0.0,3.3333333333333335
11066,11433,YX,87,5.747126436781609,0.0,5.413793103448276
11066,11618,NK,9,37.5,11.11111111111111,50.375
11066,11618,YX,191,18.27956989247312,2.6178010471204187,11.768817204301076
11066,11697,NK,46,13.043478260869565,0.0,9.91304347826087
11066,11697,WN,21,38.095238095238095,0.0,17.476190476190474
11066,12191,WN,30,16.666666666666664,0.0,17.533333333333335
11066,12264,UA,69,13.043478260869565,0.0,5.550724637681159
11066,12264,YX,67,4.477611940298507,0.0,4.074626865671642
11066,12266,UA,56,23.214285714285715,0.0,27.410714285714285
11066,12478,YX,150,8.724832214765101,0.6666666666666667,6.993288590604027
11066,12889,NK,28,14.285714285714285,0.0,10.035714285714286
11066,12889,WN,56,21.428571428571427,0.0,9.303571428571429
11066,12892,AA,20,15.0,0.0,11.9
11066,12892,NK,8,0.0,0.0,0.0
11066,12892,WN,1,100.0,0.0,36.0
11066,12953,DL,2,0.0,0.0,0.0
11066,12953,NK,30,20.0,0.0,10.666666666666666
11066,12953,YX,228,11.11111111111111,1.3157894736842104,10.61883408071749
11066,13198,WN,4,0.0,0.0,3.0
11066,13204,F9,13,15.384615384615385,0.0,16.076923076923077
11066,13204,NK,68,22.058823529411764,0.0,11.161764705882353
11066,13204,WN,87,9.195402298850574,0.0,4.67816091954023
11066,13232,WN,115,6.086956521739131,0.0,2.652173913043478
11066,13303,MQ,60,10.0,0.0,6.25
11066,13487,DL,59,16.94915254237288,0.0,16.084745762711865
11066,13487,OO,38,13.157894736842104,0.0,10.552631578947368
11066,13930,AA,29,10.344827586206897,0.0,14.827586206896552
11066,13930,MQ,78,16.666666666666664,0.0,23.41025641025641
11066,13930,OH,28,35.714285714285715,0.0,24.607142857142858
11066,13930,OO,48,31.914893617021278,2.083333333333333,19.78723404255319
11066,13930,UA,120,33.33333333333333,0.0,17.891666666666666
11066,13930,YX,108,7.4074074074074066,0.0,5.777777777777778
11066,14100,AA,75,24.324324324324326,1.3333333333333335,14.91891891891892
11066,14100,OH,21,19.047619047619047,0.0,18.38095238095238
11066,14100,YX,30,16.666666666666664,0.0,8.4
11066,14107,AA,42,14.634146341463413,2.380952380952381,25.175
11066,14107,WN,31,9.67741935483871,0.0,3.161290322580645
11066,14635,WN,30,26.666666666666668,0.0,18.2
11066,14747,AA,1,0.0,0.0,0.0
11066,14747,AS,48,10.416666666666668,0.0,6.520833333333333
11066,14747,DL,1,0.0,0.0,0.0
11066,14747,UA,1,0.0,0.0,0.0
11066,14747,WN,1,100.0,0.0,54.0
11066,14771,UA,33,30.303030303030305,0.0,11.818181818181818
11066,14869,DL,30,0.0,0.0,1.2
11066,14986,WN,4,0.0,0.0,0.0
11066,15016,WN,56,5.454545454545454,1.7857142857142856,3.327272727272727
11066,15304,WN,62,3.225806451612903,0.0,2.6129032258064515
11067,11298,MQ,60,8.47457627118644,1.6666666666666667,7.068965517241379
11067,13930,MQ,68,16.176470588235293,0.0,11.382352941176471
11076,13930,OO,80,36.25,0.0,50.0125
11097,11292,OO,88,37.5,0.0,28.49425287356322
11109,10397,DL,49,4.081632653061225,0.0,2.1020408163265305
11109,10821,WN,26,3.8461538461538463,0.0,1.7307692307692308
11109,11259,WN,73,17.80821917808219,0.0,16.397260273972602
11109,11292,OO,290,14.827586206896552,0.0,9.113793103448275
11109,11292,UA,59,40.67796610169492,0.0,21.661016949152543
11109,11292,WN,94,20.43010752688172,1.0638297872340425,11.279569892473118
11109,11298,AA,91,17.24137931034483,4.395604395604396,15.655172413793103
11109,11298,MQ,3,0.0,0.0,1.5
11109,11298,OO,86,13.095238095238097,2.3255813953488373,14.035714285714286
11109,12191,WN,8,0.0,0.0,0.5
11109,12266,OO,30,0.0,0.0,0.6333333333333333
11109,12889,WN,73,20.54794520547945,0.0,12.452054794520548
11109,13232,WN,30,13.333333333333334,0.0,7.166666666666667
11109,13487,DL,7,0.0,0.0,1.7142857142857142
11109,13930,OO,60,16.94915254237288,1.6666666666666667,17.603448275862068
11109,13930,UA,30,26.666666666666668,0.0,17.433333333333334
11109,14107,WN,77,14.285714285714285,0.0,10.573333333333334
11109,14112,G4,9,0.0,0.0,1.1111111111111112
11109,14869,OO,60,8.333333333333332,0.0,2.933333333333333
11109,14908,G4,1,0.0,0.0,0.0
11111,11292,OO,5,0.0,0.0,1.6
11111,11298,MQ,118,22.413793103448278,1.694915254237288,15.947826086956521
11111,13930,MQ,96,24.210526315789473,1.0416666666666665,21.31578947368421
11111,13930,OO,11,27.27272727272727,0.0,12.818181818181818
11122,11292,OO,209,13.875598086124402,0.0,12.3125
11140,11298,MQ,188,15.591397849462366,1.0638297872340425,10.655913978494624
11140,12191,WN,77,6.493506493506493,0.0,3.961038961038961
11140,12266,OO,59,13.559322033898304,0.0,4.576271186440678
11146,10397,OO,39,2.564102564102564,0.0,1.0512820512820513
11146,11057,OH,98,12.244897959183673,0.0,8.561224489795919
11146,11278,OH,30,10.0,0.0,26.166666666666668
11146,13930,OO,90,30.0,0.0,19.2
11193,10397,DL,239,2.928870292887029,0.0,1.9330543933054394
11193,10397,F9,25,8.0,0.0,6.68
11193,10423,F9,6,0.0,0.0,0.0
11193,10423,G4,9,22.22222222222222,0.0,11.11111111111111
11193,10693,WN,30,6.666666666666667,0.0,1.5
11193,10721,DL,9,66.66666666666666,0.0,39.333333333333336
11193,10721,MQ,30,3.3333333333333335,0.0,1.8
11193,10721,YX,111,29.245283018867923,4.504504504504505,18.669811320754718
11193,10821,WN,60,11.666666666666666,0.0,5.533333333333333
11193,10994,G4,8,12.5,0.0,11.125
11193,11057,AA,79,14.102564102564102,1.2658227848101267,7.766233766233766
11193,11057,OH,59,11.864406779661017,0.0,21.389830508474578
11193,11278,OH,81,21.518987341772153,2.4691358024691357,33.392405063291136
11193,11292,F9,42,7.142857142857142,0.0,2.642857142857143
11193,11292,UA,60,16.666666666666664,0.0,10.933333333333334
11193,11292,WN,30,13.333333333333334,0.0,12.266666666666667
11193,11298,AA,127,22.58064516129032,2.3622047244094486,17.258064516129032
11193,11298,F9,16,18.75,0.0,16.25
11193,11618,G4,1,0.0,0.0,0.0
11193,11618,YX,24,4.3478260869565215,4.166666666666666,2.4347826086956523
11193,11624,G4,9,0.0,0.0,0.2222222222222222
11193,11697,DL,30,16.666666666666664,0.0,9.6
11193,11697,F9,17,0.0,0.0,0.7647058823529411
11193,11697,G4,9,11.11111111111111,0.0,1.8888888888888888
11193,12264,YX,50,8.0,0.0,5.24
11193,12266,F9,7,0.0,0.0,2.2857142857142856
11193,12266,UA,59,15.254237288135593,0.0,15.491525423728813
11193,12451,G4,9,11.11111111111111,0.0,5.666666666666667
11193,12478,YX,60,5.084745762711865,1.6666666666666667,4.966101694915254
11193,12889,DL,30,6.666666666666667,0.0,9.266666666666667
11193,12889,F9,17,11.76470588235294,0.0,6.235294117647059
11193,12889,G4,8,0.0,0.0,1.75
11193,12892,DL,26,11.538461538461538,0.0,6.1923076923076925
11193,12953,DL,36,5.555555555555555,0.0,5.277777777777778
11193,12953,YX,7,14.285714285714285,0.0,8.0
11193,13204,DL,54,9.25925925925926,0.0,10.88888888888889
11193,13204,F9,51,5.88235294117647,0.0,2.1176470588235294
11193,13232,WN,38,10.526315789473683,0.0,2.9210526315789473
11193,13303,MQ,60,26.666666666666668,0.0,15.152542372881356
11193,13360,G4,9,0.0,0.0,0.0
11193,13487,DL,107,7.476635514018691,0.0,2.8878504672897196
11193,13577,G4,8,12.5,0.0,5.625
11193,13930,AA,21,71.42857142857143,0.0,41.80952380952381
11193,13930,MQ,62,40.32258064516129,0.0,23.677419354838708
11193,13930,OO,92,34.44444444444444,2.1739130434782608,15.822222222222223
11193,13930,UA,118,19.65811965811966,0.847457627118644,15.82905982905983
11193,13930,YX,109,11.926605504587156,0.0,6.055045871559633
11193,14057,G4,9,11.11111111111111,0.0,4.111111111111111
11193,14082,G4,12,8.333333333333332,0.0,2.6666666666666665
11193,14100,AA,24,45.83333333333333,0.0,79.70833333333333
11193,14100,OH,41,12.195121951219512,0.0,16.951219512195124
11193,14107,AA,30,16.666666666666664,0.0,12.0
11193,14107,F9,8,0.0,0.0,0.875
11193,14112,G4,26,15.384615384615385,0.0,17.846153846153847
11193,14635,DL,30,3.3333333333333335,0.0,13.366666666666667
11193,14635,F9,16,12.5,0.0,8.6875
11193,14685,G4,18,5.555555555555555,0.0,2.1666666666666665
11193,14747,AS,30,10.0,0.0,5.4
11193,14747,DL,30,0.0,0.0,0.0
11193,14761,G4,24,29.166666666666668,0.0,24.75
11193,14869,DL,55,14.545454545454545,0.0,8.145454545454545
11193,14986,G4,17,11.76470588235294,0.0,4.588235294117647
11193,15304,DL,30,13.333333333333334,0.0,14.5
11193,15304,F9,21,4.761904761904762,0.0,1.5238095238095237
11193,15624,G4,35,11.428571428571429,0.0,8.8
11193,16422,G4,8,0.0,0.0,1.625
11203,13930,MQ,85,14.117647058823529,0.0,13.16470588235294
11233,11292,OO,60,5.0,0.0,4.516666666666667
11252,10397,DL,120,3.3333333333333335,0.0,2.175
11252,11057,OH,127,8.661417322834646,0.0,5.188976377952756
11259,10140,WN,133,20.30075187969925,0.0,12.165413533834586
11259,10279,WN,103,18.446601941747574,0.0,11.931372549019608
11259,10397,DL,162,12.345679012345679,0.0,8.154320987654321
11259,10397,WN,143,12.676056338028168,0.6993006993006993,7.901408450704225
11259,10423,WN,189,13.297872340425531,0.5291005291005291,7.335106382978723
11259,10599,WN,73,13.698630136986301,0.0,10.945205479452055
11259,10693,WN,193,12.435233160621761,0.0,7.494791666666667
11259,10721,WN,21,80.0,4.761904761904762,56.25
11259,10800,WN,30,6.666666666666667,0.0,3.966666666666667
11259,10821,WN,159,15.723270440251572,0.0,10.018867924528301
11259,10849,WN,4,0.0,0.0,1.25
11259,10994,WN,30,26.666666666666668,0.0,14.266666666666667
11259,11057,WN,34,20.588235294117645,0.0,12.382352941176471
11259,11066,WN,30,16.666666666666664,0.0,15.9
11259,11109,WN,73,17.80821917808219,0.0,13.794520547945206
11259,11278,WN,142,22.535211267605636,0.0,10.54225352112676
11259,11292,WN,223,30.94170403587444,0.0,16.704035874439462
11259,11481,WN,51,15.686274509803921,0.0,8.196078431372548
11259,11540,WN,146,21.91780821917808,0.0,12.404109589041095
11259,11697,WN,34,20.588235294117645,0.0,8.382352941176471
11259,12191,WN,332,17.220543806646525,0.30120481927710846,11.235649546827794
11259,12206,WN,30,26.666666666666668,0.0,13.133333333333333
11259,12339,WN,47,19.148936170212767,0.0,8.808510638297872
11259,12451,WN,26,19.230769230769234,0.0,7.653846153846154
11259,12889,WN,198,17.17171717171717,0.0,10.6751269035533
11259,12892,WN,103,13.592233009708737,0.0,7.568627450980392
11259,12896,WN,129,13.953488372093023,0.0,9.689922480620154
11259,12953,WN,116,16.379310344827587,0.0,11.68695652173913
11259,12954,WN,56,19.642857142857142,0.0,11.607142857142858
11259,12992,WN,86,20.930232558139537,0.0,13.186046511627907
11259,13158,WN,108,13.88888888888889,0.0,11.398148148148149
11259,13198,WN,155,18.064516129032256,0.0,10.161290322580646
11259,13204,WN,154,14.935064935064934,0.0,10.655844155844155
11259,13232,WN,190,22.63157894736842,0.0,13.494736842105263
11259,13244,WN,38,10.526315789473683,0.0,5.815789473684211
11259,13303,WN,30,16.666666666666664,0.0,8.066666666666666
11259,13342,WN,35,8.571428571428571,0.0,9.371428571428572
11259,13487,WN,8,25.0,0.0,9.375
11259,13495,WN,179,17.877094972067038,0.0,11.70949720670391
11259,13577,WN,4,0.0,0.0,0.0
11259,13796,WN,34,17.647058823529413,0.0,10.411764705882353
11259,13871,WN,34,11.76470588235294,0.0,9.029411764705882
11259,13891,WN,34,26.47058823529412,0.0,20.11764705882353
11259,13930,WN,73,19.17808219178082,0.0,10.821917808219178
11259,13931,WN,8,0.0,0.0,3.0
11259,14057,WN,30,33.33333333333333,0.0,17.333333333333332
11259,14100,WN,26,30.76923076923077,0.0,12.0
11259,14107,WN,203,24.0,1.477832512315271,14.919597989949748
11259,14122,WN,30,13.333333333333334,0.0,6.466666666666667
11259,14193,WN,34,11.76470588235294,0.0,5.5
11259,14492,WN,34,20.588235294117645,0.0,19.764705882352942
11259,14570,WN,8,25.0,0.0,11.5
11259,14679,WN,116,19.82758620689655,0.0,12.912280701754385
11259,14683,WN,219,14.15525114155251,0.0,9.435779816513762
11259,14685,WN,30,13.333333333333334,0.0,10.7
11259,14730,WN,26,3.8461538461538463,0.0,1.9615384615384615
11259,14747,WN,30,36.666666666666664,0.0,20.066666666666666
11259,14831,WN,47,14.893617021276595,0.0,6.108695652173913
11259,14869,WN,34,17.647058823529413,0.0,9.529411764705882
11259,14893,WN,51,29.411764705882355,0.0,17.705882352941178
11259,14908,WN,30,23.333333333333332,0.0,13.7
11259,15016,WN,172,13.372093023255813,0.0,7.941860465116279
11259,15304,WN,90,16.666666666666664,0.0,8.755555555555556
11259,15370,WN,90,16.666666666666664,0.0,12.433333333333334
11259,15624,WN,38,10.526315789473683,0.0,7.026315789473684
11267,10397,DL,127,7.874015748031496,0.0,6.9763779527559056
11267,11057,OH,120,10.833333333333334,0.0,12.411764705882353
11267,11278,OH,86,19.767441860465116,0.0,15.670588235294117
11267,11292,UA,30,3.3333333333333335,0.0,3.1
11267,11298,OH,119,21.008403361344538,0.0,24.559322033898304
11267,12953,YX,2,0.0,0.0,0.0
11267,13930,MQ,27,14.814814814814813,0.0,13.518518518518519
11267,13930,OH,79,9.090909090909092,2.5316455696202533,6.671052631578948
11267,13930,UA,6,16.666666666666664,0.0,5.5
11267,13930,YX,4,25.0,0.0,4.75
11267,14100,OH,30,10.0,0.0,2.8333333333333335
11267,14112,G4,9,33.33333333333333,0.0,12.555555555555555
11278,10154,B6,30,36.666666666666664,0.0,15.8
11278,10154,YX,4,50.0,0.0,12.5
11278,10208,OH,30,31.03448275862069,3.3333333333333335,19.310344827586206
11278,10257,OH,84,19.27710843373494,1.1904761904761905,14.0
11278,10397,AA,28,25.0,0.0,15.928571428571429
11278,10397,DL,318,12.89308176100629,0.0,6.6918238993710695
11278,10397,OH,91,23.333333333333332,1.098901098901099,18.233333333333334
11278,10397,WN,116,16.379310344827587,0.0,9.681034482758621
11278,10397,YX,41,2.4390243902439024,0.0,0.7317073170731707
11278,10423,WN,30,56.666666666666664,0.0,26.4
11278,10431,OH,60,20.0,0.0,12.35
11278,10529,AA,82,40.0,2.4390243902439024,31.3875
11278,10529,OH,10,10.0,0.0,29.7
11278,10529,YX,28,22.22222222222222,3.571428571428571,12.296296296296296
11278,10581,AA,87,29.411764705882355,2.2988505747126435,21.788235294117648
11278,10581,YX,2,0.0,0.0,0.0
11278,10599,OH,80,16.455696202531644,1.25,14.0
11278,10599,YX,6,16.666666666666664,0.0,7.833333333333333
11278,10693,AA,26,30.76923076923077,0.0,21.53846153846154
11278,10693,MQ,24,37.5,0.0,30.458333333333332
11278,10693,WN,116,18.103448275862068,0.0,7.539130434782609
11278,10693,YX,172,9.30232558139535,0.0,5.651162790697675
11278,10721,AA,248,37.39837398373984,0.8064516129032258,27.520325203252032
11278,10721,B6,213,50.476190476190474,1.4084507042253522,40.59047619047619
11278,10721,YX,300,32.758620689655174,3.3333333333333335,22.979310344827585
11278,10781,OH,26,11.538461538461538,0.0,12.846153846153847
11278,10785,AA,54,27.77777777777778,0.0,14.648148148148149
11278,10785,OH,62,14.754098360655737,1.6129032258064515,19.4
11278,10792,OH,66,10.606060606060606,0.0,6.0
11278,10792,YX,50,30.0,0.0,19.88
11278,10868,OH,56,25.454545454545453,1.7857142857142856,13.290909090909091
11278,10868,YX,54,16.666666666666664,0.0,9.722222222222221
11278,10874,OH,30,33.33333333333333,0.0,21.4
11278,10980,OH,26,15.384615384615385,0.0,12.76923076923077
11278,10994,AA,81,40.74074074074074,0.0,30.493827160493826
11278,10994,OH,34,11.76470588235294,0.0,8.852941176470589
11278,10994,YX,30,16.666666666666664,0.0,7.4
11278,11003,MQ,30,13.333333333333334,0.0,7.433333333333334
11278,11042,OH,133,17.557251908396946,1.5037593984962405,14.13740458015267
11278,11042,YX,4,0.0,25.0,0.0
11278,11057,AA,179,17.142857142857142,2.2346368715083798,36.84393063583815
11278,11057,OH,60,30.0,0.0,22.233333333333334
11278,11066,MQ,30,10.714285714285714,6.666666666666667,7.321428571428571
11278,11066,OH,51,11.76470588235294,0.0,7.529411764705882
11278,11066,WN,30,6.666666666666667,0.0,3.433333333333333
11278,11066,YX,60,13.333333333333334,0.0,6.7
11278,11146,OH,30,10.714285714285714,6.666666666666667,2.9642857142857144
11278,11193,OH,82,24.390243902439025,0.0,12.75609756097561
11278,11259,WN,142,22.535211267605636,0.0,11.814285714285715
11278,11267,OH,86,18.6046511627907,0.0,13.627906976744185
11278,11292,F9,80,21.25,0.0,11.9625
11278,11292,UA,30,30.0,0.0,23.033333333333335
11278,11298,AA,270,23.193916349809886,2.5925925925925926,19.346007604562736
11278,11423,OH,50,26.53061224489796,2.0,16.163265306122447
11278,11423,YX,10,10.0,0.0,5.2
11278,11433,DL,142,11.267605633802818,0.0,14.535211267605634
11278,11433,MQ,2,0.0,0.0,0.0
11278,11433,OH,62,16.129032258064516,0.0,15.629032258064516
11278,11433,YX,41,12.195121951219512,0.0,5.975609756097561
11278,11481,OH,4,0.0,0.0,0.25
11278,11481,YX,26,30.76923076923077,0.0,10.461538461538462
11278,11618,YX,8,0.0,0.0,1.0
11278,11624,YX,34,24.242424242424242,2.941176470588235,10.90625
11278,11697,AA,30,6.666666666666667,0.0,3.1333333333333333
11278,11697,B6,85,29.411764705882355,0.0,21.658823529411766
11278,11697,WN,30,30.0,0.0,10.931034482758621
11278,11977,YX,2,0.0,0.0,0.0
11278,11986,OH,56,21.428571428571427,0.0,19.946428571428573
11278,11986,YX,4,33.33333333333333,25.0,5.333333333333333
11278,11995,OH,76,16.0,1.3157894736842104,11.386666666666667
11278,11995,YX,4,0.0,0.0,0.0
11278,11996,OH,87,25.581395348837212,1.1494252873563218,22.906976744186046
11278,11996,YX,3,33.33333333333333,0.0,17.666666666666668
11278,12124,MQ,2,0.0,0.0,0.0
11278,12124,YX,32,9.67741935483871,3.125,6.774193548387097
11278,12191,WN,86,16.27906976744186,0.0,10.069767441860465
11278,12197,OH,112,24.545454545454547,1.7857142857142856,19.154545454545456
11278,12217,MQ,59,29.82456140350877,3.389830508474576,20.45614035087719
11278,12217,OH,53,15.09433962264151,0.0,8.679245283018869
11278,12250,YX,2,0.0,0.0,0.0
11278,12266,UA,202,9.900990099009901,0.0,5.361386138613861
11278,12266,YX,70,25.71428571428571,0.0,15.528571428571428
11278,12278,OH,2,0.0,0.0,2.5
11278,12278,YX,24,16.666666666666664,0.0,10.375
11278,12323,OH,90,14.606741573033707,1.1111111111111112,7.943820224719101
11278,12339,AA,24,26.08695652173913,4.166666666666666,7.304347826086956
11278,12339,MQ,4,25.0,0.0,6.75
11278,12339,OH,4,0.0,0.0,0.25
11278,12339,YX,141,17.73049645390071,0.0,9.364285714285714
11278,12448,OH,26,34.61538461538461,0.0,11.615384615384615
11278,12451,AA,111,28.82882882882883,0.0,22.693693693693692
11278,12451,OH,1,0.0,0.0,10.0
11278,12451,YX,4,25.0,0.0,6.5
11278,12478,B6,54,16.666666666666664,0.0,20.22222222222222
11278,12478,YX,208,15.346534653465346,2.8846153846153846,14.0
11278,12884,OH,26,23.076923076923077,0.0,13.384615384615385
11278,12889,AA,30,3.3333333333333335,0.0,2.5
11278,12889,WN,30,63.33333333333333,0.0,33.13333333333333
11278,12892,AA,60,23.333333333333332,0.0,10.916666666666666
11278,12892,AS,30,26.666666666666668,0.0,9.366666666666667
11278,12892,DL,30,40.0,0.0,20.366666666666667
11278,12945,YX,26,23.076923076923077,0.0,14.038461538461538
11278,12953,YX,385,21.957671957671955,1.8181818181818181,14.357142857142858
11278,12992,MQ,30,34.48275862068966,3.3333333333333335,11.586206896551724
11278,13198,AA,20,10.0,0.0,6.65
11278,13198,MQ,2,0.0,0.0,0.0
11278,13198,OH,4,0.0,0.0,0.25
11278,13198,WN,82,18.29268292682927,0.0,11.121951219512194
11278,13198,YX,50,18.0,0.0,8.34
11278,13204,AA,149,23.48993288590604,0.0,27.155405405405407
11278,13204,B6,62,20.967741935483872,0.0,15.0
11278,13204,DL,57,22.807017543859647,0.0,24.54385964912281
11278,13204,WN,90,18.88888888888889,0.0,15.277777777777779
11278,13232,WN,176,11.931818181818182,0.0,8.602272727272727
11278,13244,OH,60,23.333333333333332,0.0,15.55
11278,13244,YX,55,10.909090909090908,0.0,7.709090909090909
11278,13277,OH,26,23.076923076923077,0.0,12.038461538461538
11278,13296,OH,88,23.52941176470588,3.4090909090909087,15.0
11278,13303,AA,292,31.379310344827587,0.684931506849315,16.121107266435985
11278,13303,DL,30,30.0,0.0,20.79310344827586
11278,13303,YX,4,75.0,0.0,83.75
11278,13342,OH,56,14.545454545454545,1.7857142857142856,17.527272727272727
11278,13342,WN,56,19.642857142857142,0.0,13.392857142857142
11278,13485,MQ,1,100.0,0.0,22.0
11278,13485,OH,55,22.22222222222222,1.8181818181818181,18.0
11278,13485,YX,26,15.384615384615385,0.0,4.730769230769231
11278,13487,AA,24,20.833333333333336,0.0,11.291666666666666
11278,13487,DL,142,8.450704225352112,0.0,12.591549295774648
11278,13487,OH,46,19.565217391304348,0.0,10.88888888888889
11278,13487,YX,6,16.666666666666664,0.0,6.166666666666667
11278,13495,AA,30,30.0,0.0,16.633333333333333
11278,13495,OH,26,23.076923076923077,0.0,14.538461538461538
11278,13495,WN,56,17.857142857142858,0.0,14.375
11278,13495,YX,30,10.0,0.0,4.633333333333334
11278,13541,B6,10,10.0,0.0,5.0
11278,13541,YX,6,0.0,0.0,0.0
11278,13577,OH,56,16.071428571428573,0.0,9.892857142857142
11278,13577,YX,4,25.0,0.0,14.5
11278,13851,OH,30,23.333333333333332,0.0,21.466666666666665
11278,13851,WN,26,26.923076923076923,0.0,15.576923076923077
11278,13871,WN,26,26.923076923076923,0.0,34.76923076923077
11278,13871,YX,26,15.384615384615385,0.0,6.730769230769231
11278,13930,AA,240,22.083333333333332,0.0,15.254166666666666
11278,13930,MQ,1,0.0,0.0,0.0
11278,13930,UA,336,24.850299401197603,0.5952380952380952,15.610778443113773
11278,13931,OH,88,27.058823529411764,3.4090909090909087,15.011764705882353
11278,13931,YX,2,0.0,0.0,0.0
11278,14027,AA,56,33.92857142857143,0.0,28.517857142857142
11278,14027,B6,40,20.0,0.0,23.0
11278,14057,AS,30,30.0,0.0,18.1
11278,14100,OH,58,22.807017543859647,1.7241379310344827,14.929824561403509
11278,14100,YX,30,3.3333333333333335,0.0,0.8333333333333334
11278,14107,AA,90,19.101123595505616,1.1111111111111112,18.71590909090909
11278,14122,AA,24,0.0,0.0,0.0
11278,14122,OH,29,17.24137931034483,0.0,12.0
11278,14122,YX,65,10.76923076923077,0.0,6.4
11278,14193,MQ,3,0.0,0.0,0.0
11278,14193,OH,67,25.757575757575758,1.4925373134328357,28.318181818181817
11278,14193,YX,20,10.0,0.0,2.0
11278,14307,AA,60,13.333333333333334,0.0,10.116666666666667
11278,14307,OH,100,23.232323232323232,1.0,12.222222222222221
11278,14307,WN,56,16.071428571428573,0.0,10.017857142857142
11278,14307,YX,6,16.666666666666664,0.0,9.166666666666666
11278,14321,AA,85,28.235294117647058,0.0,19.50588235294118
11278,14321,OH,31,25.806451612903224,0.0,13.064516129032258
11278,14492,AA,50,42.857142857142854,2.0,35.714285714285715
11278,14492,OH,116,26.72413793103448,0.0,15.112068965517242
11278,14492,YX,6,16.666666666666664,0.0,10.5
11278,14576,MQ,26,11.538461538461538,0.0,4.153846153846154
11278,14576,OH,52,28.846153846153843,0.0,22.03846153846154
11278,14576,YX,8,0.0,0.0,0.0
11278,14635,AA,30,40.0,0.0,14.266666666666667
11278,14679,AS,30,41.37931034482759,3.3333333333333335,22.413793103448278
11278,14683,AA,30,40.0,0.0,31.137931034482758
11278,14685,MQ,28,32.142857142857146,0.0,21.571428571428573
11278,14685,OH,62,33.33333333333333,3.225806451612903,26.1
11278,14696,YX,5,20.0,0.0,6.6
11278,14730,OH,56,21.428571428571427,0.0,10.517857142857142
11278,14730,YX,34,17.647058823529413,0.0,20.91176470588235
11278,14747,AS,60,6.666666666666667,0.0,4.1
11278,14747,DL,30,36.666666666666664,0.0,38.833333333333336
11278,14771,AS,30,16.666666666666664,0.0,9.533333333333333
11278,14771,UA,60,15.254237288135593,1.6666666666666667,8.508474576271187
11278,14843,B6,30,26.666666666666668,0.0,24.8
11278,14869,DL,30,23.333333333333332,0.0,18.3
11278,14986,AA,30,26.666666666666668,0.0,11.066666666666666
11278,15016,AA,56,36.36363636363637,1.7857142857142856,41.54545454545455
11278,15016,MQ,18,11.11111111111111,0.0,4.777777777777778
11278,15016,OH,6,16.666666666666664,0.0,44.833333333333336
11278,15016,WN,116,13.91304347826087,0.8620689655172413,7.7043478260869565
11278,15016,YX,20,5.0,0.0,2.4
11278,15096,AA,30,43.333333333333336,0.0,31.2
11278,15096,OH,54,11.320754716981133,1.8518518518518516,6.09433962264151
11278,15096,YX,2,50.0,0.0,38.5
11278,15249,OH,30,37.93103448275862,3.3333333333333335,18.17241379310345
11278,15304,AA,116,31.03448275862069,0.0,17.17241379310345
11278,15304,WN,56,17.857142857142858,0.0,11.482142857142858
11278,15370,OH,30,13.333333333333334,0.0,6.733333333333333
11278,15380,AA,4,0.0,0.0,0.0
11278,15380,MQ,26,11.538461538461538,0.0,8.346153846153847
11278,15412,OH,86,18.6046511627907,0.0,9.24705882352941
11278,15624,OH,29,13.793103448275861,0.0,18.275862068965516
11278,15919,MQ,32,20.0,6.25,8.4
11283,11292,OO,51,19.607843137254903,0.0,27.568627450980394
11288,13930,OO,51,23.52941176470588,0.0,15.96078431372549
11292,10135,G4,8,12.5,0.0,4.375
11292,10140,OO,90,16.666666666666664,0.0,9.866666666666667
11292,10140,UA,60,23.333333333333332,0.0,11.0
11292,10140,WN,107,26.168224299065418,0.0,12.560747663551401
11292,10157,OO,30,6.666666666666667,0.0,6.366666666666666
11292,10257,WN,30,50.0,0.0,24.433333333333334
11292,10279,OO,56,23.214285714285715,0.0,16.803571428571427
11292,10299,AS,7,14.285714285714285,0.0,5.428571428571429
11292,10299,UA,37,2.7027027027027026,0.0,0.8648648648648649
11292,10372,OO,226,19.469026548672566,0.0,11.116591928251122
11292,10397,DL,218,10.091743119266056,0.0,5.527522935779817
11292,10397,F9,52,17.307692307692307,0.0,14.75
11292,10397,UA,90,18.88888888888889,0.0,13.533333333333333
11292,10397,WN,90,22.22222222222222,0.0,10.255555555555556
11292,10408,G4,8,50.0,0.0,41.625
11292,10408,OO,30,36.666666666666664,0.0,15.133333333333333
11292,10409,OO,30,20.0,0.0,9.366666666666667
11292,10423,F9,43,27.906976744186046,0.0,19.906976744186046
11292,10423,OO,1,0.0,0.0,0.0
11292,10423,UA,162,15.432098765432098,0.0,8.962962962962964
11292,10423,WN,172,27.906976744186046,0.0,16.1453488372093
11292,10431,G4,9,0.0,0.0,1.3333333333333333
11292,10431,OO,28,17.857142857142858,0.0,7.142857142857143
11292,10431,UA,2,0.0,0.0,0.0
11292,10529,UA,60,26.666666666666668,0.0,10.933333333333334
11292,10529,WN,30,51.724137931034484,3.3333333333333335,20.75862068965517
11292,10558,OO,51,7.8431372549019605,0.0,8.352941176470589
11292,10561,OO,60,18.333333333333332,0.0,10.066666666666666
11292,10599,OO,59,23.728813559322035,0.0,9.559322033898304
11292,10599,WN,30,30.0,0.0,15.633333333333333
11292,10620,OO,107,12.149532710280374,0.0,7.971698113207547
11292,10620,UA,60,21.666666666666668,0.0,8.833333333333334
11292,10627,OO,137,21.16788321167883,0.0,13.430656934306569
11292,10693,F9,40,35.0,0.0,12.325
11292,10693,UA,98,20.408163265306122,0.0,9.806122448979592
11292,10693,WN,177,20.903954802259886,0.0,11.310734463276836
11292,10713,F9,10,20.0,0.0,9.1
11292,10713,OO,65,24.615384615384617,0.0,14.76923076923077
11292,10713,UA,85,14.117647058823529,0.0,7.294117647058823
11292,10713,WN,90,14.444444444444443,0.0,7.777777777777778
11292,10721,B6,50,28.000000000000004,0.0,38.14
11292,10721,DL,30,60.0,0.0,45.53333333333333
11292,10721,UA,167,43.373493975903614,0.5988023952095809,35.28915662650602
11292,10721,WN,86,67.05882352941175,1.1627906976744187,50.188235294117646
11292,10779,OO,30,13.333333333333334,0.0,6.1
11292,10785,UA,30,16.666666666666664,0.0,6.2
11292,10792,F9,13,30.76923076923077,0.0,14.923076923076923
11292,10792,UA,30,36.666666666666664,0.0,20.566666666666666
11292,10792,WN,34,38.23529411764706,0.0,19.852941176470587
11292,10800,F9,8,12.5,0.0,5.5
11292,10800,UA,82,17.073170731707318,0.0,10.304878048780488
11292,10800,WN,116,26.956521739130434,0.8620689655172413,16.85217391304348
11292,10821,F9,13,15.384615384615385,0.0,14.23076923076923
11292,10821,UA,90,23.333333333333332,0.0,12.155555555555555
11292,10821,WN,162,19.753086419753085,0.0,9.75925925925926
11292,10849,OO,31,12.903225806451612,0.0,4.387096774193548
11292,10849,UA,90,8.88888888888889,0.0,5.055555555555555
11292,10849,WN,116,20.689655172413794,0.0,9.551724137931034
11292,10994,UA,30,6.666666666666667,0.0,6.733333333333333
11292,10994,WN,17,35.294117647058826,0.0,12.470588235294118
11292,11003,F9,17,29.411764705882355,0.0,17.0
11292,11003,OO,21,4.761904761904762,0.0,3.4761904761904763
11292,11003,UA,60,30.0,0.0,14.083333333333334
11292,11042,F9,21,20.0,4.761904761904762,20.894736842105264
11292,11042,UA,86,17.441860465116278,0.0,10.174418604651162
11292,11042,WN,56,44.642857142857146,0.0,20.910714285714285
11292,11057,AA,137,10.948905109489052,0.0,8.087591240875913
11292,11057,F9,17,0.0,0.0,0.7647058823529411
11292,11057,UA,60,16.666666666666664,0.0,14.716666666666667
11292,11057,WN,17,41.17647058823529,0.0,13.058823529411764
11292,11066,F9,12,25.0,0.0,13.833333333333334
11292,11066,UA,60,20.0,0.0,12.533333333333333
11292,11066,WN,74,35.13513513513514,0.0,23.216216216216218
11292,11097,OO,88,18.181818181818183,0.0,10.586206896551724
11292,11109,OO,289,19.031141868512112,0.0,11.951557093425606
11292,11109,UA,60,26.666666666666668,0.0,15.983333333333333
11292,11109,WN,94,23.404255319148938,0.0,11.191489361702128
11292,11111,OO,6,16.666666666666664,0.0,22.5
11292,11122,OO,209,21.052631578947366,0.0,13.08173076923077
11292,11193,F9,43,23.25581395348837,0.0,13.232558139534884
11292,11193,UA,60,20.0,0.0,16.9
11292,11193,WN,30,36.666666666666664,0.0,16.933333333333334
11292,11233,OO,60,15.0,0.0,10.266666666666667
11292,11259,WN,223,24.663677130044842,0.0,14.663677130044842
11292,11267,UA,30,23.333333333333332,0.0,16.366666666666667
11292,11278,F9,80,23.75,0.0,16.670886075949365
11292,11278,UA,30,20.0,0.0,15.3
11292,11283,OO,51,15.686274509803921,0.0,11.88
11292,11298,AA,219,17.92452830188679,3.1963470319634704,14.372641509433961
11292,11298,F9,81,24.691358024691358,0.0,14.839506172839506
11292,11298,UA,163,20.858895705521473,0.0,14.46583850931677
11292,11315,OO,57,22.807017543859647,0.0,14.210526315789474
11292,11413,OO,120,11.666666666666666,0.0,7.258333333333334
11292,11413,UA,60,15.0,0.0,6.45
11292,11423,F9,17,17.647058823529413,0.0,16.11764705882353
11292,11423,OO,84,7.142857142857142,0.0,4.226190476190476
11292,11423,UA,62,16.129032258064516,0.0,12.887096774193548
11292,11423,WN,60,26.666666666666668,0.0,12.616666666666667
11292,11433,DL,102,11.76470588235294,0.0,5.823529411764706
11292,11433,F9,35,11.428571428571429,0.0,9.228571428571428
11292,11433,OO,1,0.0,0.0,0.0
11292,11433,UA,58,13.793103448275861,0.0,8.10344827586207
11292,11433,WN,60,43.333333333333336,0.0,20.683333333333334
11292,11447,OO,51,3.9215686274509802,0.0,3.979591836734694
11292,11468,OO,51,11.76470588235294,0.0,8.72549019607843
11292,11481,OO,4,25.0,0.0,6.25
11292,11481,WN,4,0.0,0.0,0.5
11292,11503,OO,30,10.0,0.0,3.6
11292,11503,UA,60,15.0,0.0,10.3
11292,11540,F9,25,8.0,0.0,3.68
11292,11540,UA,60,20.0,0.0,13.322033898305085
11292,11540,WN,56,25.0,0.0,16.410714285714285
11292,11603,OO,30,3.3333333333333335,0.0,1.3666666666666667
11292,11603,UA,60,26.666666666666668,0.0,11.8
11292,11603,WN,26,11.538461538461538,0.0,6.461538461538462
11292,11618,UA,296,26.27986348122867,1.0135135135135136,21.88235294117647
11292,11630,UA,24,8.333333333333332,0.0,8.791666666666666
11292,11637,F9,17,5.88235294117647,0.0,3.588235294117647
11292,11637,OO,86,8.13953488372093,0.0,5.593023255813954
11292,11637,UA,30,30.0,0.0,13.833333333333334
11292,11638,OO,59,6.779661016949152,0.0,3.389830508474576
11292,11638,UA,30,30.0,0.0,14.766666666666667
11292,11638,WN,30,10.0,0.0,4.2
11292,11648,OO,59,1.694915254237288,0.0,1.4067796610169492
11292,11648,UA,61,14.754098360655737,0.0,5.131147540983607
11292,11697,UA,67,23.88059701492537,0.0,15.417910447761194
11292,11697,WN,21,23.809523809523807,0.0,8.0
11292,11711,OO,30,13.333333333333334,0.0,5.0
11292,11775,F9,13,15.384615384615385,0.0,5.769230769230769
11292,11775,OO,116,12.931034482758621,0.0,8.517241379310345
11292,11775,UA,30,26.666666666666668,0.0,28.75862068965517
11292,11865,OO,60,5.0,0.0,7.883333333333334
11292,11884,F9,12,8.333333333333332,0.0,4.166666666666667
11292,11884,OO,30,0.0,0.0,0.5333333333333333
11292,11884,UA,60,16.666666666666664,0.0,12.05
11292,11884,WN,81,17.28395061728395,0.0,9.012345679012345
11292,11921,OO,118,15.254237288135593,0.0,10.576271186440678
11292,11921,UA,62,19.35483870967742,0.0,11.451612903225806
11292,11986,F9,21,9.523809523809524,0.0,9.238095238095237
11292,11986,UA,60,23.333333333333332,0.0,12.816666666666666
11292,11986,WN,34,26.47058823529412,0.0,17.705882352941178
11292,11995,OO,30,50.0,0.0,32.96666666666667
11292,11996,UA,30,10.0,0.0,6.6
11292,12003,UA,60,18.333333333333332,0.0,8.633333333333333
11292,12012,OO,90,15.555555555555555,0.0,15.166666666666666
11292,12094,OO,54,22.22222222222222,0.0,11.87037037037037
11292,12094,UA,36,11.11111111111111,0.0,4.361111111111111
11292,12094,WN,21,9.523809523809524,0.0,5.428571428571429
11292,12156,OO,90,17.77777777777778,0.0,10.177777777777777
11292,12173,UA,39,18.421052631578945,2.564102564102564,8.736842105263158
11292,12177,OO,30,30.0,0.0,22.133333333333333
11292,12191,WN,189,19.047619047619047,0.0,8.02116402116402
11292,12217,OO,60,11.666666666666666,0.0,8.216666666666667
11292,12255,OO,51,13.725490196078432,0.0,8.156862745098039
11292,12264,UA,210,15.238095238095239,0.0,8.104761904761904
11292,12264,WN,82,35.36585365853659,0.0,22.4390243902439
11292,12266,F9,52,23.076923076923077,0.0,15.173076923076923
11292,12266,UA,330,17.933130699088146,0.30303030303030304,9.969604863221884
11292,12278,OO,115,12.173913043478262,0.0,5.2894736842105265
11292,12278,UA,30,36.666666666666664,0.0,23.266666666666666
11292,12278,WN,60,38.333333333333336,0.0,23.566666666666666
11292,12280,OO,164,14.634146341463413,0.0,10.533742331288343
11292,12339,F9,21,19.047619047619047,0.0,15.238095238095237
11292,12339,UA,81,18.51851851851852,0.0,9.8
11292,12339,WN,111,30.630630630630627,0.0,17.45945945945946
11292,12441,OO,36,2.7777777777777777,0.0,1.3333333333333333
11292,12441,UA,113,12.389380530973451,0.0,4.955357142857143
11292,12451,UA,36,27.77777777777778,0.0,13.805555555555555
11292,12451,WN,30,26.666666666666668,0.0,8.033333333333333
11292,12478,B6,32,25.806451612903224,3.125,13.419354838709678
11292,12478,DL,87,5.747126436781609,0.0,8.655172413793103
11292,12511,OO,30,20.0,0.0,9.066666666666666
11292,12519,OO,51,13.725490196078432,0.0,6.764705882352941
11292,12758,UA,30,10.0,0.0,2.9
11292,12888,OO,51,11.76470588235294,0.0,9.901960784313726
11292,12889,F9,115,28.695652173913043,0.0,23.77391304347826
11292,12889,UA,199,21.608040201005025,0.0,13.597989949748744
11292,12889,WN,223,35.13513513513514,0.4484304932735426,20.0
11292,12892,DL,90,10.0,0.0,13.322222222222223
11292,12892,F9,68,29.411764705882355,0.0,15.573529411764707
11292,12892,OO,83,15.853658536585366,1.2048192771084338,10.195121951219512
11292,12892,UA,250,12.8,0.0,5.976
11292,12892,WN,159,22.0125786163522,0.0,9.88679245283019
11292,12896,OO,56,19.642857142857142,0.0,16.446428571428573
11292,12896,WN,21,14.285714285714285,0.0,6.9523809523809526
11292,12899,OO,51,13.725490196078432,0.0,12.980392156862745
11292,12902,OO,51,9.803921568627452,0.0,5.823529411764706
11292,12945,OO,30,23.333333333333332,0.0,9.233333333333333
11292,12953,DL,86,10.465116279069768,0.0,6.130952380952381
11292,12953,F9,25,36.0,0.0,50.12
11292,12953,UA,172,20.348837209302324,0.0,10.276470588235295
11292,12953,WN,116,36.206896551724135,0.0,16.42608695652174
11292,12954,WN,86,29.069767441860467,0.0,20.232558139534884
11292,12982,UA,30,20.0,0.0,13.466666666666667
11292,12992,F9,12,33.33333333333333,0.0,9.416666666666666
11292,12992,OO,91,16.483516483516482,0.0,12.725274725274724
11292,12992,WN,30,10.0,0.0,4.533333333333333
11292,13029,OO,145,21.379310344827587,0.0,12.248275862068965
11292,13158,OO,109,21.100917431192663,0.0,10.26605504587156
11292,13158,WN,21,19.047619047619047,0.0,6.523809523809524
11292,13198,F9,17,17.647058823529413,0.0,10.8125
11292,13198,OO,26,3.8461538461538463,0.0,2.3076923076923075
11292,13198,UA,120,22.5,0.0,13.916666666666666
11292,13198,WN,198,33.33333333333333,0.0,17.171717171717173
11292,13204,F9,61,21.311475409836063,0.0,12.262295081967213
11292,13204,UA,124,18.548387096774192,0.0,12.024193548387096
11292,13204,WN,133,17.293233082706767,0.0,9.285714285714286
11292,13232,F9,9,11.11111111111111,0.0,15.555555555555555
11292,13232,WN,194,21.649484536082475,0.0,10.762886597938145
11292,13244,F9,12,0.0,0.0,0.0
11292,13244,UA,60,16.666666666666664,0.0,8.8
11292,13244,WN,30,16.666666666666664,0.0,10.566666666666666
11292,13264,UA,60,10.0,0.0,5.0
11292,13303,AA,60,30.0,0.0,14.816666666666666
11292,13303,F9,20,30.0,0.0,14.1
11292,13303,UA,60,20.0,0.0,13.066666666666666
11292,13303,WN,17,29.411764705882355,0.0,22.235294117647058
11292,13342,F9,11,0.0,0.0,1.1818181818181819
11292,13342,OO,30,16.666666666666664,0.0,8.0
11292,13342,UA,81,19.753086419753085,0.0,10.666666666666666
11292,13342,WN,103,23.300970873786408,0.0,13.37864077669903
11292,13367,OO,30,36.666666666666664,0.0,24.033333333333335
11292,13433,OO,130,18.461538461538463,0.0,11.738461538461538
11292,13476,OO,60,16.666666666666664,0.0,5.866666666666666
11292,13485,F9,17,29.411764705882355,0.0,20.11764705882353
11292,13485,OO,22,4.545454545454546,0.0,1.7272727272727273
11292,13485,UA,58,12.068965517241379,0.0,5.586206896551724
11292,13486,OO,48,6.25,0.0,5.395833333333333
11292,13486,UA,49,14.285714285714285,0.0,8.346938775510203
11292,13487,DL,150,12.0,0.0,5.261744966442953
11292,13487,F9,47,42.5531914893617,0.0,28.72340425531915
11292,13487,OO,38,15.789473684210526,0.0,23.94736842105263
11292,13487,UA,129,19.379844961240313,0.0,13.0859375
11292,13487,WN,163,29.447852760736197,0.0,13.957055214723926
11292,13495,UA,82,9.75609756097561,0.0,7.7926829268292686
11292,13495,WN,73,28.767123287671232,0.0,11.219178082191782
11292,13502,UA,90,22.22222222222222,0.0,14.877777777777778
11292,13502,WN,21,14.285714285714285,0.0,11.619047619047619
11292,13577,OO,4,0.0,0.0,0.0
11292,13577,WN,4,0.0,0.0,4.5
11292,13796,WN,138,27.536231884057973,0.0,14.978260869565217
11292,13830,UA,30,23.333333333333332,0.0,18.8
11292,13851,F9,37,35.13513513513514,0.0,22.027027027027028
11292,13851,OO,131,11.450381679389313,0.0,6.6183206106870225
11292,13851,UA,6,33.33333333333333,0.0,11.0
11292,13851,WN,106,33.0188679245283,0.0,16.245283018867923
11292,13871,F9,17,11.76470588235294,0.0,15.0
11292,13871,OO,26,0.0,0.0,0.11538461538461539
11292,13871,UA,120,19.166666666666668,0.0,13.091666666666667
11292,13871,WN,121,25.6198347107438,0.0,13.760330578512397
11292,13891,F9,47,12.76595744680851,0.0,12.404255319148936
11292,13891,UA,82,24.390243902439025,0.0,12.24390243902439
11292,13891,WN,107,28.971962616822427,0.0,13.644859813084112
11292,13930,AA,146,19.863013698630137,0.0,15.86986301369863
11292,13930,F9,46,28.26086956521739,0.0,14.521739130434783
11292,13930,UA,326,21.779141104294478,0.0,10.779141104294478
11292,13930,WN,86,25.581395348837212,0.0,15.046511627906977
11292,13931,UA,30,43.333333333333336,0.0,20.566666666666666
11292,13931,WN,30,30.0,0.0,13.9
11292,13964,OO,30,13.333333333333334,0.0,5.833333333333333
11292,14004,F9,9,11.11111111111111,0.0,4.333333333333333
11292,14057,AS,47,14.893617021276595,0.0,8.595744680851064
11292,14057,F9,31,16.129032258064516,0.0,5.67741935483871
11292,14057,UA,171,13.450292397660817,0.0,8.573099415204679
11292,14057,WN,146,24.65753424657534,0.0,12.116438356164384
11292,14100,AA,86,17.441860465116278,0.0,9.86046511627907
11292,14100,F9,16,18.75,0.0,8.6875
11292,14100,UA,90,23.333333333333332,0.0,10.244444444444444
11292,14100,WN,90,30.0,0.0,16.511111111111113
11292,14107,AA,77,26.31578947368421,1.2987012987012987,42.64473684210526
11292,14107,F9,115,20.869565217391305,0.0,16.68421052631579
11292,14107,MQ,8,12.5,0.0,2.875
11292,14107,UA,177,20.454545454545457,0.5649717514124294,14.672413793103448
11292,14107,WN,288,23.674911660777383,1.7361111111111112,12.323843416370106
11292,14108,G4,9,11.11111111111111,0.0,4.333333333333333
11292,14108,OO,30,60.0,0.0,26.733333333333334
11292,14120,OO,51,14.285714285714285,3.9215686274509802,11.040816326530612
11292,14122,UA,90,20.0,0.0,11.588888888888889
11292,14122,WN,77,35.064935064935064,0.0,17.324675324675326
11292,14193,F9,18,22.22222222222222,0.0,12.222222222222221
11292,14193,UA,9,55.55555555555556,0.0,11.25
11292,14193,WN,8,12.5,0.0,5.875
11292,14237,OO,30,20.0,0.0,15.733333333333333
11292,14252,OO,30,0.0,0.0,1.1333333333333333
11292,14252,UA,30,20.0,0.0,10.633333333333333
11292,14262,F9,12,16.666666666666664,0.0,11.416666666666666
11292,14262,OO,36,11.11111111111111,0.0,2.7222222222222223
11292,14262,UA,60,16.666666666666664,0.0,6.666666666666667
11292,14262,WN,30,30.0,0.0,14.266666666666667
11292,14307,WN,30,26.666666666666668,0.0,14.4
11292,14321,UA,30,26.666666666666668,0.0,9.066666666666666
11292,14457,OO,195,14.871794871794872,0.0,8.707692307692307
11292,14457,UA,67,13.432835820895523,0.0,10.26865671641791
11292,14487,OO,22,0.0,0.0,2.6363636363636362
11292,14489,UA,60,16.666666666666664,0.0,5.616666666666666
11292,14492,F9,17,23.52941176470588,0.0,11.411764705882353
11292,14492,UA,60,16.666666666666664,0.0,9.733333333333333
11292,14492,WN,56,44.642857142857146,0.0,17.160714285714285
11292,14524,UA,30,43.333333333333336,0.0,20.4
11292,14524,WN,30,30.0,0.0,15.586206896551724
11292,14534,OO,60,8.333333333333332,0.0,6.666666666666667
11292,14543,OO,60,21.666666666666668,0.0,16.416666666666668
11292,14570,F9,14,7.142857142857142,0.0,3.642857142857143
11292,14570,OO,5,0.0,0.0,0.0
11292,14570,UA,135,19.25925925925926,0.0,13.118518518518519
11292,14570,WN,94,25.53191489361702,0.0,13.351063829787234
11292,14635,UA,37,16.216216216216218,0.0,10.45945945945946
11292,14674,OO,120,15.0,0.0,9.458333333333334
11292,14679,F9,56,23.214285714285715,0.0,29.428571428571427
11292,14679,UA,171,23.668639053254438,1.1695906432748537,13.964497041420119
11292,14679,WN,184,31.693989071038253,0.5434782608695652,22.203296703296704
11292,14683,F9,27,25.925925925925924,0.0,18.037037037037038
11292,14683,UA,90,15.555555555555555,0.0,7.966666666666667
11292,14683,WN,103,18.446601941747574,0.0,11.757281553398059
11292,14685,UA,30,20.0,0.0,14.2
11292,14689,UA,82,21.951219512195124,0.0,10.28048780487805
11292,14689,WN,17,35.294117647058826,0.0,8.352941176470589
11292,14698,OO,27,25.925925925925924,0.0,8.555555555555555
11292,14698,UA,28,17.857142857142858,0.0,12.0
11292,14730,UA,60,18.333333333333332,0.0,11.633333333333333
11292,14730,WN,30,40.0,0.0,17.733333333333334
11292,14747,AS,146,22.602739726027394,0.0,12.212328767123287
11292,14747,DL,90,16.666666666666664,0.0,9.488888888888889
11292,14747,F9,31,25.806451612903224,0.0,14.290322580645162
11292,14747,UA,171,14.035087719298245,0.0,7.298245614035087
11292,14747,WN,137,31.386861313868614,0.0,16.277372262773724
11292,14771,F9,47,23.404255319148938,0.0,11.829787234042554
11292,14771,UA,271,17.343173431734318,0.0,9.250922509225092
11292,14771,WN,133,43.609022556390975,0.0,22.451127819548873
11292,14783,OO,119,16.80672268907563,0.0,13.218487394957982
11292,14794,OO,90,12.222222222222221,0.0,9.322222222222223
11292,14812,OO,60,13.333333333333334,0.0,12.433333333333334
11292,14814,OO,30,6.666666666666667,0.0,5.4
11292,14831,F9,17,17.647058823529413,0.0,7.0
11292,14831,UA,110,15.454545454545453,0.0,7.672727272727273
11292,14831,WN,137,20.437956204379564,0.0,11.10948905109489
11292,14843,UA,9,33.33333333333333,0.0,19.555555555555557
11292,14869,DL,138,10.869565217391305,0.0,11.840579710144928
11292,14869,F9,77,20.77922077922078,0.0,10.584415584415584
11292,14869,OO,139,14.388489208633093,0.0,7.906474820143885
11292,14869,UA,92,18.478260869565215,0.0,10.576086956521738
11292,14869,WN,198,23.737373737373737,0.0,10.732323232323232
11292,14877,OO,30,20.0,0.0,12.766666666666667
11292,14893,F9,17,29.411764705882355,0.0,14.0
11292,14893,UA,168,17.857142857142858,0.0,12.339285714285714
11292,14893,WN,159,29.559748427672954,0.0,16.59119496855346
11292,14908,F9,29,3.4482758620689653,0.0,7.758620689655173
11292,14908,UA,152,17.105263157894736,0.0,7.430463576158941
11292,14908,WN,133,25.563909774436087,0.0,13.203007518796992
11292,15016,F9,30,10.0,0.0,4.233333333333333
11292,15016,OO,30,13.333333333333334,0.0,3.4482758620689653
11292,15016,UA,90,15.555555555555555,0.0,7.355555555555555
11292,15016,WN,176,18.181818181818183,0.0,10.380681818181818
11292,15041,OO,60,13.333333333333334,0.0,9.066666666666666
11292,15048,OO,30,6.666666666666667,0.0,3.933333333333333
11292,15096,UA,54,29.629629629629626,0.0,20.703703703703702
11292,15304,F9,35,14.285714285714285,0.0,4.914285714285715
11292,15304,UA,90,14.444444444444443,0.0,12.366666666666667
11292,15304,WN,86,26.744186046511626,0.0,15.162790697674419
11292,15370,OO,90,13.333333333333334,0.0,4.966666666666667
11292,15370,UA,30,26.666666666666668,0.0,15.466666666666667
11292,15370,WN,77,31.16883116883117,0.0,14.35064935064935
11292,15376,F9,12,25.0,0.0,10.166666666666666
11292,15376,OO,13,7.6923076923076925,0.0,2.4615384615384617
11292,15376,UA,83,20.73170731707317,1.2048192771084338,15.5
11292,15376,WN,86,26.744186046511626,0.0,16.6046511627907
11292,15380,UA,30,16.666666666666664,0.0,8.344827586206897
11292,15412,F9,13,30.76923076923077,0.0,11.846153846153847
11292,15412,G4,8,0.0,0.0,2.375
11292,15412,OO,30,26.666666666666668,0.0,14.433333333333334
11292,15412,UA,30,10.0,0.0,4.8
11292,15897,OO,35,5.714285714285714,0.0,2.657142857142857
11292,15919,F9,17,17.647058823529413,0.0,13.0
11292,15919,OO,60,13.333333333333334,0.0,5.966666666666667
11292,15919,UA,30,23.333333333333332,0.0,17.033333333333335
11292,16869,OO,137,9.48905109489051,0.0,4.947368421052632
11298,10136,MQ,145,24.475524475524477,1.3793103448275863,12.048951048951048
11298,10140,AA,115,33.63636363636363,4.3478260869565215,24.1
11298,10140,MQ,70,28.57142857142857,0.0,18.257142857142856
11298,10140,OO,4,0.0,0.0,0.0
11298,10155,MQ,60,22.033898305084744,1.6666666666666667,21.406779661016948
11298,10155,OO,30,13.333333333333334,0.0,9.8
11298,10185,OO,90,15.909090909090908,2.2222222222222223,20.636363636363637
11298,10208,OH,30,16.666666666666664,0.0,16.7
11298,10257,AA,30,37.93103448275862,3.3333333333333335,31.310344827586206
11298,10279,MQ,209,14.563106796116504,1.4354066985645932,7.624390243902439
11298,10299,AA,31,19.35483870967742,0.0,17.903225806451612
11298,10372,OO,88,19.54022988505747,1.1363636363636365,16.75581395348837
11298,10397,AA,217,18.867924528301888,2.3041474654377883,13.218009478672986
11298,10397,DL,239,12.552301255230125,0.0,7.2217573221757325
11298,10397,F9,59,18.64406779661017,0.0,13.711864406779661
11298,10397,NK,30,26.666666666666668,0.0,14.966666666666667
11298,10408,MQ,30,20.0,0.0,9.766666666666667
11298,10423,AA,239,27.896995708154503,2.510460251046025,21.71244635193133
11298,10423,MQ,90,12.359550561797752,1.1111111111111112,8.393258426966293
11298,10423,OO,41,17.5,2.4390243902439024,14.725
11298,10431,AA,29,25.0,3.4482758620689653,19.107142857142858
11298,10431,MQ,30,16.666666666666664,0.0,35.0
11298,10431,OH,1,0.0,0.0,0.0
11298,10529,AA,67,28.35820895522388,0.0,20.151515151515152
11298,10561,AA,30,42.857142857142854,6.666666666666667,21.321428571428573
11298,10599,MQ,72,12.676056338028168,1.3888888888888888,13.098591549295774
11298,10599,OH,59,16.94915254237288,0.0,20.71186440677966
11298,10599,OO,54,7.6923076923076925,3.7037037037037033,7.596153846153846
11298,10620,MQ,60,15.254237288135593,1.6666666666666667,6.8474576271186445
11298,10627,MQ,60,28.333333333333332,0.0,10.666666666666666
11298,10685,MQ,60,16.94915254237288,1.6666666666666667,11.016949152542374
11298,10693,AA,257,26.0,2.7237354085603114,18.904
11298,10693,F9,9,11.11111111111111,0.0,8.11111111111111
11298,10693,MQ,20,25.0,0.0,18.65
11298,10693,OH,1,100.0,0.0,16.0
11298,10713,AA,60,27.586206896551722,3.3333333333333335,20.413793103448278
11298,10721,AA,206,44.5,2.912621359223301,30.44221105527638
11298,10721,B6,26,80.76923076923077,0.0,68.07692307692308
11298,10721,DL,81,35.44303797468354,2.4691358024691357,30.50632911392405
11298,10728,OO,58,12.280701754385964,1.7241379310344827,26.0
11298,10747,MQ,120,19.327731092436977,0.8333333333333334,11.605042016806722
11298,10781,MQ,35,5.714285714285714,0.0,2.2
11298,10781,OH,144,20.56737588652482,2.083333333333333,14.49645390070922
11298,10792,AA,60,22.413793103448278,3.3333333333333335,14.293103448275861
11298,10800,AA,60,27.11864406779661,1.6666666666666667,12.694915254237289
11298,10821,AA,68,22.388059701492537,1.4705882352941175,15.164179104477611
11298,10821,F9,21,45.0,4.761904761904762,24.55
11298,10821,NK,17,11.76470588235294,0.0,5.176470588235294
11298,10849,AA,82,20.0,2.4390243902439024,7.775
11298,10868,MQ,8,50.0,0.0,12.625
11298,10868,OH,60,23.728813559322035,1.6666666666666667,16.372881355932204
11298,10980,MQ,29,10.344827586206897,0.0,5.172413793103448
11298,10980,OH,69,30.88235294117647,1.4492753623188406,27.029411764705884
11298,10980,OO,30,26.666666666666668,0.0,13.8
11298,10994,AA,68,25.37313432835821,1.4705882352941175,13.388059701492537
11298,11003,MQ,81,12.5,1.2345679012345678,10.9125
11298,11003,OH,29,20.689655172413794,0.0,13.275862068965518
11298,11042,AA,116,27.192982456140353,1.7241379310344827,22.228070175438596
11298,11042,F9,17,17.647058823529413,0.0,35.23529411764706
11298,11042,MQ,11,0.0,0.0,1.8181818181818181
11298,11049,MQ,117,11.206896551724139,0.8547008547008548,6.739130434782608
11298,11049,OO,2,0.0,0.0,0.0
11298,11057,AA,301,19.661016949152543,1.9933554817275747,16.806122448979593
11298,11057,F9,17,17.647058823529413,0.0,11.823529411764707
11298,11066,AA,97,16.842105263157894,2.0618556701030926,11.031578947368422
11298,11066,MQ,30,23.333333333333332,0.0,13.466666666666667
11298,11067,MQ,60,11.864406779661017,1.6666666666666667,9.203389830508474
11298,11109,AA,91,22.988505747126435,4.395604395604396,21.862068965517242
11298,11109,MQ,3,0.0,0.0,6.0
11298,11109,OO,86,23.52941176470588,1.1627906976744187,22.2
11298,11111,MQ,118,19.82758620689655,1.694915254237288,12.905172413793103
11298,11140,MQ,188,15.591397849462366,1.0638297872340425,8.596774193548388
11298,11193,AA,127,25.806451612903224,2.3622047244094486,28.45967741935484
11298,11193,F9,16,31.25,0.0,70.625
11298,11267,OH,119,21.84873949579832,0.0,15.655462184873949
11298,11278,AA,270,27.756653992395435,2.5925925925925926,15.455938697318008
11298,11292,AA,218,28.90995260663507,3.211009174311927,20.0
11298,11292,F9,81,13.580246913580247,0.0,14.45
11298,11292,UA,163,29.01234567901235,0.6134969325153374,18.64814814814815
11298,11413,AA,56,42.857142857142854,0.0,42.839285714285715
11298,11413,OO,38,32.432432432432435,2.631578947368421,25.35135135135135
11298,11423,AA,68,50.0,2.941176470588235,48.95454545454545
11298,11423,MQ,30,6.666666666666667,0.0,2.2333333333333334
11298,11423,OH,21,19.047619047619047,0.0,17.19047619047619
11298,11433,AA,123,21.84873949579832,3.2520325203252036,12.428571428571429
11298,11433,DL,119,8.403361344537815,0.0,5.168067226890757
11298,11433,F9,13,7.6923076923076925,0.0,26.692307692307693
11298,11433,MQ,4,0.0,0.0,0.0
11298,11433,NK,30,20.0,0.0,37.56666666666667
11298,11481,MQ,62,22.950819672131146,1.6129032258064515,11.754098360655737
11298,11481,OH,30,20.0,0.0,11.6
11298,11503,AA,62,27.86885245901639,1.6129032258064515,39.60655737704918
11298,11540,AA,121,29.565217391304348,4.958677685950414,27.495652173913044
11298,11540,MQ,67,22.388059701492537,0.0,14.940298507462687
11298,11612,MQ,88,17.24137931034483,1.1363636363636365,10.872093023255815
11298,11612,OO,2,0.0,0.0,0.0
11298,11618,AA,119,25.64102564102564,1.680672268907563,21.99137931034483
11298,11618,NK,28,46.15384615384615,7.142857142857142,45.26923076923077
11298,11618,UA,142,18.439716312056735,0.7042253521126761,14.746376811594203
11298,11624,AA,2,50.0,0.0,49.5
11298,11637,MQ,90,16.853932584269664,1.1111111111111112,9.44943820224719
11298,11638,AA,120,25.64102564102564,2.5,18.094017094017094
11298,11648,AA,32,28.125,0.0,18.9375
11298,11648,MQ,28,7.142857142857142,0.0,1.5185185185185186
11298,11695,OO,30,20.689655172413794,3.3333333333333335,10.89655172413793
11298,11697,AA,127,27.86885245901639,3.937007874015748,16.459016393442624
11298,11697,NK,76,18.666666666666668,1.3157894736842104,18.8
11298,11775,AA,60,44.827586206896555,3.3333333333333335,46.189655172413794
11298,11775,MQ,2,0.0,0.0,0.0
11298,11775,OO,28,25.925925925925924,3.571428571428571,15.25925925925926
11298,11778,MQ,118,11.965811965811966,0.847457627118644,8.689655172413794
11298,11823,MQ,90,15.730337078651685,1.1111111111111112,9.415730337078651
11298,11867,MQ,60,23.728813559322035,1.6666666666666667,12.0
11298,11884,AA,60,23.728813559322035,1.6666666666666667,18.610169491525422
11298,11905,MQ,60,13.559322033898304,1.6666666666666667,5.338983050847458
11298,11921,MQ,88,16.091954022988507,1.1363636363636365,10.816091954022989
11298,11953,MQ,60,10.16949152542373,1.6666666666666667,9.627118644067796
11298,11973,MQ,90,10.112359550561797,1.1111111111111112,7.887640449438202
11298,11980,OO,60,18.64406779661017,1.6666666666666667,15.203389830508474
11298,11982,MQ,107,25.471698113207548,0.9345794392523363,13.90566037735849
11298,11982,OO,21,0.0,4.761904761904762,0.55
11298,11986,AA,90,22.093023255813954,4.444444444444445,13.05813953488372
11298,11995,AA,60,36.206896551724135,3.3333333333333335,35.36206896551724
11298,11995,MQ,30,10.0,0.0,2.6666666666666665
11298,11996,AA,60,17.24137931034483,3.3333333333333335,14.206896551724139
11298,11996,MQ,8,37.5,0.0,24.75
11298,11996,OH,30,16.666666666666664,0.0,11.233333333333333
11298,12007,OO,30,20.0,0.0,31.310344827586206
11298,12173,AA,30,33.33333333333333,0.0,61.25
11298,12191,MQ,157,17.197452229299362,0.0,12.602564102564102
11298,12191,OO,29,37.93103448275862,0.0,16.896551724137932
11298,12206,MQ,62,14.516129032258066,0.0,8.67741935483871
11298,12206,OH,58,17.543859649122805,1.7241379310344827,23.12280701754386
11298,12217,AA,30,56.666666666666664,0.0,53.86666666666667
11298,12217,MQ,96,14.736842105263156,1.0416666666666665,14.452631578947368
11298,12217,OH,30,17.24137931034483,3.3333333333333335,13.551724137931034
11298,12217,OO,2,50.0,0.0,18.5
11298,12264,AA,88,15.11627906976744,2.272727272727273,14.825581395348838
11298,12264,F9,21,4.761904761904762,0.0,2.0
11298,12264,UA,76,9.210526315789473,0.0,5.526315789473684
11298,12266,AA,194,34.946236559139784,4.123711340206185,26.021505376344088
11298,12266,MQ,83,21.951219512195124,1.2048192771084338,11.74074074074074
11298,12266,UA,221,26.94063926940639,0.904977375565611,14.415525114155251
11298,12278,MQ,51,18.0,1.9607843137254901,18.5
11298,12278,OH,130,23.200000000000003,3.8461538461538463,14.752
11298,12278,OO,28,10.714285714285714,0.0,9.392857142857142
11298,12280,OO,60,28.8135593220339,1.6666666666666667,27.28813559322034
11298,12323,AA,56,44.44444444444444,3.571428571428571,38.0
11298,12323,MQ,4,25.0,0.0,5.0
11298,12339,AA,175,28.235294117647058,2.857142857142857,18.935294117647057
11298,12339,F9,13,15.384615384615385,0.0,16.076923076923077
11298,12339,MQ,4,25.0,0.0,7.0
11298,12339,NK,8,0.0,0.0,0.0
11298,12441,AA,90,32.58426966292135,1.1111111111111112,38.46067415730337
11298,12448,MQ,120,11.016949152542372,1.6666666666666667,7.194915254237288
11298,12448,OH,29,3.4482758620689653,0.0,1.4137931034482758
11298,12448,OO,8,12.5,0.0,3.875
11298,12451,AA,127,24.193548387096776,2.3622047244094486,15.314516129032258
11298,12478,AA,119,21.367521367521366,1.680672268907563,14.085470085470085
11298,12478,DL,37,5.714285714285714,5.405405405405405,3.823529411764706
11298,12478,F9,29,17.24137931034483,0.0,6.482758620689655
11298,12889,AA,333,29.230769230769234,2.4024024024024024,20.719135802469136
11298,12889,F9,62,24.193548387096776,0.0,34.064516129032256
11298,12889,NK,31,27.586206896551722,6.451612903225806,22.862068965517242
11298,12891,OH,90,19.101123595505616,1.1111111111111112,14.666666666666666
11298,12892,AA,337,26.969696969696972,2.0771513353115725,18.145454545454545
11298,12892,DL,60,10.0,0.0,6.75
11298,12892,F9,30,30.0,0.0,36.166666666666664
11298,12892,NK,58,13.793103448275861,0.0,15.275862068965518
11298,12896,AA,56,33.9622641509434,5.357142857142857,37.490566037735846
11298,12896,MQ,179,14.04494382022472,0.5586592178770949,9.4438202247191
11298,12896,OO,31,19.35483870967742,0.0,12.516129032258064
11298,12915,MQ,60,11.666666666666666,0.0,12.15
11298,12915,OO,30,27.586206896551722,3.3333333333333335,14.96551724137931
11298,12945,MQ,60,20.33898305084746,1.6666666666666667,8.94915254237288
11298,12945,OH,60,15.517241379310345,3.3333333333333335,8.172413793103448
11298,12951,MQ,111,13.761467889908257,1.8018018018018018,14.385321100917432
11298,12951,OH,39,23.684210526315788,2.564102564102564,17.263157894736842
11298,12953,AA,366,20.72829131652661,2.459016393442623,13.739376770538243
11298,12953,DL,190,19.148936170212767,1.0526315789473684,17.74331550802139
11298,12953,F9,30,33.33333333333333,0.0,17.7
11298,12953,NK,4,0.0,0.0,0.0
11298,12992,AA,30,35.714285714285715,6.666666666666667,41.892857142857146
11298,12992,MQ,187,12.365591397849462,0.53475935828877,10.010752688172044
11298,12992,OH,1,0.0,0.0,0.0
11298,12992,OO,30,24.137931034482758,3.3333333333333335,24.448275862068964
11298,13061,MQ,120,18.64406779661017,1.6666666666666667,11.743589743589743
11298,13158,MQ,178,19.774011299435028,0.5617977528089888,11.261363636363637
11298,13158,OH,28,14.285714285714285,0.0,21.75
11298,13158,OO,63,14.285714285714285,0.0,14.317460317460318
11298,13198,AA,158,28.75816993464052,3.1645569620253164,18.355263157894736
11298,13198,MQ,59,23.728813559322035,0.0,9.05084745762712
11298,13204,AA,266,24.80916030534351,1.5037593984962405,15.679389312977099
11298,13204,F9,52,13.461538461538462,0.0,12.884615384615385
11298,13204,NK,57,7.142857142857142,1.7543859649122806,4.357142857142857
11298,13230,AA,30,36.666666666666664,0.0,26.966666666666665
11298,13232,F9,28,14.285714285714285,0.0,15.821428571428571
11298,13244,AA,148,17.80821917808219,1.3513513513513513,11.86986301369863
11298,13244,MQ,41,12.5,2.4390243902439024,10.475
11298,13244,OH,28,14.285714285714285,0.0,12.25
11298,13256,AA,119,36.206896551724135,2.5210084033613445,33.130434782608695
11298,13256,MQ,13,30.76923076923077,0.0,10.307692307692308
11298,13256,OO,56,12.727272727272727,1.7857142857142856,8.6
11298,13277,MQ,86,11.76470588235294,1.1627906976744187,12.261904761904763
11298,13277,OH,4,50.0,0.0,35.0
11298,13290,OO,90,15.909090909090908,2.2222222222222223,12.238636363636363
11298,13303,AA,358,23.18840579710145,3.6312849162011176,15.930434782608696
11298,13303,F9,16,43.75,0.0,56.1875
11298,13303,NK,30,13.333333333333334,0.0,5.866666666666666
11298,13342,AA,86,20.238095238095237,2.3255813953488373,22.19047619047619
11298,13342,OH,4,25.0,0.0,49.75
11298,13367,MQ,88,12.643678160919542,1.1363636363636365,7.160919540229885
11298,13367,OH,2,50.0,0.0,38.5
11298,13377,MQ,90,13.48314606741573,1.1111111111111112,14.488636363636363
11298,13422,MQ,30,20.689655172413794,3.3333333333333335,11.241379310344827
11298,13422,OH,60,20.33898305084746,1.6666666666666667,18.559322033898304
11298,13476,AA,30,20.689655172413794,3.3333333333333335,30.17241379310345
11298,13485,AA,90,48.86363636363637,2.2222222222222223,54.94252873563219
11298,13486,AA,24,16.666666666666664,0.0,10.0
11298,13487,AA,119,24.137931034482758,2.5210084033613445,24.913793103448278
11298,13487,DL,119,13.445378151260504,0.0,10.445378151260504
11298,13487,F9,17,23.52941176470588,0.0,34.5625
11298,13495,AA,180,24.858757062146893,1.6666666666666667,21.028248587570623
11298,13495,MQ,32,22.58064516129032,3.125,7.548387096774194
11298,13495,NK,17,5.88235294117647,0.0,2.235294117647059
11298,13495,OH,4,50.0,0.0,20.25
11298,13502,AA,32,21.875,0.0,10.84375
11298,13502,MQ,24,12.5,0.0,4.125
11298,13577,AA,29,29.629629629629626,6.896551724137931,18.0
11298,13577,MQ,1,0.0,0.0,0.0
11298,13577,OH,28,28.57142857142857,0.0,21.214285714285715
11298,13830,AA,30,26.666666666666668,0.0,55.03333333333333
11298,13851,AA,146,23.776223776223777,2.054794520547945,23.48951048951049
11298,13851,MQ,71,14.492753623188406,2.8169014084507045,9.26086956521739
11298,13851,OH,30,17.24137931034483,3.3333333333333335,18.103448275862068
11298,13851,OO,31,0.0,3.225806451612903,0.9
11298,13871,AA,67,30.76923076923077,2.9850746268656714,27.630769230769232
11298,13871,MQ,53,11.320754716981133,0.0,7.886792452830188
11298,13891,AA,159,28.387096774193548,2.515723270440252,22.774193548387096
11298,13891,F9,24,16.666666666666664,0.0,8.333333333333334
11298,13930,AA,312,27.124183006535947,1.9230769230769231,19.830065359477125
11298,13930,F9,38,29.72972972972973,2.631578947368421,21.972972972972972
11298,13930,MQ,8,37.5,0.0,21.125
11298,13930,UA,176,24.0,0.5681818181818182,25.2
11298,13931,AA,68,28.35820895522388,1.4705882352941175,13.567164179104477
11298,13931,F9,9,55.55555555555556,0.0,57.0
11298,14027,AA,68,26.153846153846157,4.411764705882353,13.276923076923078
11298,14057,AA,152,30.666666666666664,1.3157894736842104,17.241610738255034
11298,14057,AS,47,27.659574468085108,0.0,18.382978723404257
11298,14100,AA,242,31.35593220338983,2.479338842975207,18.614406779661017
11298,14100,F9,18,33.33333333333333,0.0,176.33333333333334
11298,14107,AA,364,24.431818181818183,3.296703296703297,21.008595988538683
11298,14107,F9,38,22.22222222222222,5.263157894736842,9.38888888888889
11298,14108,OH,90,16.853932584269664,1.1111111111111112,20.573033707865168
11298,14122,AA,120,17.24137931034483,3.3333333333333335,18.275862068965516
11298,14193,AA,91,21.11111111111111,1.098901098901099,17.744444444444444
11298,14193,MQ,30,6.666666666666667,0.0,4.433333333333334
11298,14193,OH,7,16.666666666666664,14.285714285714285,13.333333333333334
11298,14262,AA,60,28.8135593220339,1.6666666666666667,21.517241379310345
11298,14314,OO,60,20.0,0.0,19.233333333333334
11298,14321,AA,30,23.333333333333332,0.0,12.966666666666667
11298,14457,MQ,90,19.101123595505616,1.1111111111111112,10.415730337078651
11298,14489,AA,2,50.0,0.0,36.0
11298,14492,AA,157,16.447368421052634,3.1847133757961785,13.394736842105264
11298,14492,F9,13,7.6923076923076925,0.0,3.1538461538461537
11298,14492,NK,9,11.11111111111111,0.0,10.444444444444445
11298,14524,AA,70,30.434782608695656,1.4285714285714286,18.71014492753623
11298,14524,MQ,16,0.0,0.0,0.1875
11298,14570,AA,91,10.227272727272728,3.296703296703297,13.625
11298,14588,OO,68,13.636363636363635,2.941176470588235,10.121212121212121
11298,14635,AA,68,20.8955223880597,1.4705882352941175,13.686567164179104
11298,14674,OO,180,19.318181818181817,2.2222222222222223,14.25
11298,14679,AA,248,33.19502074688796,2.82258064516129,27.380753138075313
11298,14679,F9,17,43.75,5.88235294117647,43.9375
11298,14683,AA,277,27.340823970037455,3.6101083032490973,28.96629213483146
11298,14683,MQ,60,13.793103448275861,3.3333333333333335,8.155172413793103
11298,14683,OO,30,16.666666666666664,0.0,23.533333333333335
11298,14685,AA,66,33.87096774193548,6.0606060606060606,37.74193548387097
11298,14685,MQ,4,0.0,0.0,0.0
11298,14689,AA,30,13.793103448275861,3.3333333333333335,12.068965517241379
11298,14696,OO,90,21.34831460674157,1.1111111111111112,13.48314606741573
11298,14698,AA,27,14.814814814814813,0.0,7.407407407407407
11298,14730,AA,119,35.08771929824561,4.201680672268908,41.35964912280702
11298,14730,MQ,29,6.896551724137931,0.0,7.9655172413793105
11298,14730,OH,30,13.333333333333334,0.0,11.466666666666667
11298,14730,OO,2,0.0,0.0,0.0
11298,14747,AA,217,24.528301886792452,2.3041474654377883,19.443396226415093
11298,14747,AS,153,27.631578947368425,0.6535947712418301,17.151315789473685
11298,14747,DL,59,20.33898305084746,0.0,9.96551724137931
11298,14771,AA,220,22.685185185185187,1.8181818181818181,16.85648148148148
11298,14771,F9,17,56.25,5.88235294117647,28.0625
11298,14771,UA,65,18.461538461538463,0.0,29.784615384615385
11298,14783,MQ,277,19.494584837545126,0.0,12.306859205776174
11298,14794,OO,60,22.033898305084744,1.6666666666666667,13.051724137931034
11298,14814,MQ,30,10.0,0.0,7.366666666666666
11298,14814,OH,30,6.896551724137931,3.3333333333333335,13.482758620689655
11298,14814,OO,120,23.931623931623932,2.5,13.273504273504274
11298,14831,AA,90,23.595505617977526,1.1111111111111112,18.40449438202247
11298,14842,OO,90,15.909090909090908,2.2222222222222223,24.701149425287355
11298,14843,AA,22,9.090909090909092,0.0,8.454545454545455
11298,14843,NK,17,11.76470588235294,0.0,25.0
11298,14869,AA,180,32.20338983050847,1.6666666666666667,20.10169491525424
11298,14869,DL,120,16.666666666666664,0.0,19.633333333333333
11298,14869,F9,8,12.5,0.0,4.0
11298,14893,AA,122,28.09917355371901,0.819672131147541,17.508333333333333
11298,14908,AA,247,17.5,2.834008097165992,9.225941422594142
11298,14960,OO,60,12.280701754385964,5.0,9.859649122807017
11298,14986,AA,30,13.793103448275861,3.3333333333333335,9.89655172413793
11298,15016,AA,122,27.11864406779661,3.278688524590164,19.923728813559322
11298,15016,F9,8,25.0,0.0,5.875
11298,15016,MQ,57,8.771929824561402,0.0,5.87719298245614
11298,15016,OO,8,42.857142857142854,12.5,34.285714285714285
11298,15023,AA,2,50.0,0.0,69.5
11298,15023,MQ,28,7.142857142857142,0.0,7.25
11298,15074,OO,60,12.280701754385964,5.0,21.140350877192983
11298,15096,AA,30,34.48275862068966,3.3333333333333335,15.793103448275861
11298,15249,OH,90,21.34831460674157,1.1111111111111112,16.179775280898877
11298,15304,AA,181,23.03370786516854,1.6574585635359116,17.162921348314608
11298,15304,F9,16,25.0,0.0,5.875
11298,15304,NK,9,44.44444444444444,0.0,45.333333333333336
11298,15323,MQ,60,13.559322033898304,1.6666666666666667,6.389830508474576
11298,15370,AA,145,26.618705035971225,4.137931034482759,26.8768115942029
11298,15370,MQ,43,13.953488372093023,0.0,6.627906976744186
11298,15370,OH,30,20.689655172413794,3.3333333333333335,12.89655172413793
11298,15370,OO,29,7.142857142857142,3.4482758620689653,7.785714285714286
11298,15376,AA,178,29.82456140350877,3.932584269662921,23.251461988304094
11298,15380,AA,30,43.333333333333336,0.0,41.266666666666666
11298,15401,MQ,60,20.33898305084746,1.6666666666666667,14.59322033898305
11298,15411,MQ,90,20.224719101123593,1.1111111111111112,11.674157303370787
11298,15412,AA,92,26.666666666666668,2.1739130434782608,28.10112359550562
11298,15412,OH,58,22.807017543859647,1.7241379310344827,19.894736842105264
11298,15624,AA,98,20.833333333333336,2.0408163265306123,19.072916666666668
11298,15919,AA,84,50.617283950617285,3.571428571428571,55.77777777777778
11298,15919,MQ,158,22.29299363057325,0.6329113924050633,15.726114649681529
11298,15919,OH,31,12.903225806451612,0.0,4.32258064516129
11298,15919,OO,28,33.33333333333333,3.571428571428571,15.333333333333334
11298,16218,OO,30,21.428571428571427,6.666666666666667,8.0
11315,11292,OO,57,15.789473684210526,0.0,14.964912280701755
11336,10299,AS,30,16.666666666666664,0.0,8.066666666666666
11337,13487,OO,97,18.556701030927837,0.0,12.278350515463918
11337,13930,OO,119,22.22222222222222,1.680672268907563,20.663793103448278
11413,11292,OO,120,19.166666666666668,0.0,13.708333333333334
11413,11292,UA,60,16.666666666666664,0.0,6.683333333333334
11413,11298,AA,55,38.88888888888889,1.8181818181818181,36.24528301886792
11413,11298,OO,39,27.027027027027028,5.128205128205128,36.888888888888886
11413,14107,OO,72,18.055555555555554,0.0,10.549295774647888
11423,10397,DL,112,6.25,0.0,8.830357142857142
11423,10423,G4,8,25.0,0.0,18.5
11423,10466,G4,9,22.22222222222222,0.0,13.88888888888889
11423,10693,G4,17,5.88235294117647,0.0,1.7058823529411764
11423,10721,G4,9,11.11111111111111,0.0,1.6666666666666667
11423,11057,AA,60,10.0,0.0,4.166666666666667
11423,11057,OH,2,0.0,0.0,0.0
11423,11278,OH,50,28.000000000000004,0.0,15.551020408163266
11423,11278,YX,10,30.0,0.0,11.4
11423,11292,F9,17,23.52941176470588,0.0,19.11764705882353
11423,11292,OO,84,1.1904761904761905,0.0,0.36904761904761907
11423,11292,UA,62,27.419354838709676,0.0,16.483870967741936
11423,11292,WN,60,10.0,0.0,4.516666666666667
11423,11298,AA,68,36.36363636363637,2.941176470588235,30.46153846153846
11423,11298,MQ,30,6.666666666666667,0.0,1.8333333333333333
11423,11298,OH,21,30.0,4.761904761904762,12.578947368421053
11423,11618,G4,9,0.0,0.0,0.0
11423,12266,UA,30,6.666666666666667,0.0,1.8666666666666667
11423,12451,G4,8,0.0,0.0,0.0
11423,12889,G4,17,29.411764705882355,0.0,26.0625
11423,12889,WN,30,6.666666666666667,0.0,3.466666666666667
11423,12953,YX,22,13.636363636363635,0.0,3.409090909090909
11423,13487,DL,1,0.0,0.0,0.0
11423,13487,OO,13,15.384615384615385,0.0,10.076923076923077
11423,13930,AA,30,6.666666666666667,0.0,14.333333333333334
11423,13930,MQ,4,0.0,0.0,0.5
11423,13930,OO,73,25.0,1.36986301369863,14.375
11423,13930,UA,135,20.74074074074074,0.0,15.955555555555556
11423,13930,YX,23,0.0,0.0,0.7391304347826086
11423,14057,G4,8,0.0,0.0,0.0
11423,14082,G4,8,12.5,0.0,3.75
11423,14100,OH,32,6.25,0.0,3.3125
11423,14100,YX,28,14.814814814814813,3.571428571428571,7.444444444444445
11423,14107,OO,68,16.417910447761194,1.4705882352941175,6.522388059701493
11423,14112,G4,9,11.11111111111111,0.0,5.666666666666667
11423,14761,G4,13,7.6923076923076925,0.0,9.615384615384615
11423,14908,G4,8,25.0,0.0,8.25
11423,15016,WN,56,10.714285714285714,0.0,12.428571428571429
11433,10257,DL,30,13.333333333333334,0.0,11.433333333333334
11433,10257,OO,47,8.51063829787234,0.0,3.127659574468085
11433,10299,AS,1,100.0,0.0,76.0
11433,10299,DL,7,14.285714285714285,0.0,3.4285714285714284
11433,10333,OO,53,1.8867924528301887,0.0,0.7735849056603774
11433,10397,DL,306,8.49673202614379,0.0,5.359477124183006
11433,10397,F9,39,15.384615384615385,0.0,6.641025641025641
11433,10397,NK,81,13.580246913580247,0.0,10.3
11433,10408,OO,90,7.777777777777778,0.0,8.382022471910112
11433,10423,DL,107,7.476635514018691,0.0,4.990654205607477
11433,10423,NK,9,22.22222222222222,0.0,14.777777777777779
11433,10469,OO,85,9.411764705882353,0.0,6.458823529411765
11433,10529,DL,107,10.2803738317757,0.0,4.878504672897196
11433,10529,NK,2,50.0,0.0,300.0
11433,10577,OO,30,13.333333333333334,0.0,4.866666666666666
11433,10599,NK,1,0.0,0.0,0.0
11433,10693,DL,117,11.11111111111111,0.0,4.615384615384615
11433,10693,NK,17,5.88235294117647,0.0,2.3529411764705883
11433,10693,OO,3,33.33333333333333,0.0,48.666666666666664
11433,10693,WN,64,7.8125,0.0,3.046875
11433,10721,B6,77,27.631578947368425,1.2987012987012987,21.67105263157895
11433,10721,DL,137,29.1970802919708,0.0,20.605839416058394
11433,10721,NK,30,16.666666666666664,0.0,13.833333333333334
11433,10792,DL,30,3.3333333333333335,0.0,4.466666666666667
11433,10792,OO,24,20.833333333333336,0.0,10.666666666666666
11433,10821,DL,107,12.149532710280374,0.0,9.934579439252337
11433,10821,F9,13,15.384615384615385,0.0,38.61538461538461
11433,10821,NK,30,6.666666666666667,0.0,25.833333333333332
11433,10821,WN,68,16.176470588235293,0.0,9.338235294117647
11433,10849,DL,1,0.0,0.0,0.0
11433,10994,DL,51,15.686274509803921,0.0,14.294117647058824
11433,10994,OO,39,20.51282051282051,0.0,13.666666666666666
11433,11013,OO,30,20.0,0.0,15.8
11433,11042,OO,68,10.294117647058822,0.0,7.161764705882353
11433,11042,YX,6,0.0,0.0,0.16666666666666666
11433,11057,AA,150,10.666666666666668,0.0,21.85333333333333
11433,11057,DL,116,10.344827586206897,0.0,6.543103448275862
11433,11057,NK,17,23.52941176470588,0.0,12.529411764705882
11433,11066,DL,2,50.0,0.0,19.0
11433,11066,OO,6,16.666666666666664,0.0,5.833333333333333
11433,11066,YX,86,4.651162790697675,0.0,2.7209302325581395
11433,11193,YX,1,0.0,0.0,3.0
11433,11278,DL,142,16.901408450704224,0.0,9.050359712230216
11433,11278,MQ,2,0.0,0.0,0.0
11433,11278,OH,63,19.047619047619047,0.0,17.793650793650794
11433,11278,YX,40,12.5,0.0,14.05
11433,11292,DL,102,7.8431372549019605,0.0,5.627450980392157
11433,11292,F9,36,8.333333333333332,0.0,17.583333333333332
11433,11292,OO,1,0.0,0.0,0.0
11433,11292,UA,58,17.24137931034483,0.0,13.051724137931034
11433,11292,WN,60,10.0,0.0,6.65
11433,11298,AA,123,15.126050420168067,3.2520325203252036,8.652542372881356
11433,11298,DL,119,13.445378151260504,0.0,7.680672268907563
11433,11298,F9,13,50.0,7.6923076923076925,101.33333333333333
11433,11298,MQ,4,0.0,0.0,3.0
11433,11298,NK,30,23.333333333333332,0.0,12.793103448275861
11433,11537,OO,77,9.090909090909092,0.0,13.96103896103896
11433,11587,OO,30,6.666666666666667,0.0,18.066666666666666
11433,11618,DL,137,16.78832116788321,0.0,18.72992700729927
11433,11618,NK,60,24.137931034482758,3.3333333333333335,15.89655172413793
11433,11618,UA,36,2.7777777777777777,0.0,1.0555555555555556
11433,11618,YX,126,15.447154471544716,2.380952380952381,10.227642276422765
11433,11697,DL,106,11.320754716981133,0.0,6.415094339622642
11433,11697,NK,61,9.836065573770492,0.0,7.540983606557377
11433,11823,OO,60,13.333333333333334,0.0,8.7
11433,11977,DL,22,27.27272727272727,0.0,10.227272727272727
11433,11977,OO,2,0.0,0.0,0.0
11433,11986,OO,86,10.465116279069768,0.0,9.755813953488373
11433,11986,YX,2,0.0,0.0,2.0
11433,11995,OO,15,0.0,0.0,0.3333333333333333
11433,11996,DL,30,10.0,0.0,5.7
11433,11996,OO,22,22.727272727272727,0.0,9.5
11433,12173,DL,16,0.0,0.0,1.75
11433,12217,OO,37,5.405405405405405,0.0,6.0
11433,12264,OO,59,15.254237288135593,0.0,6.898305084745763
11433,12264,YX,20,0.0,0.0,0.0
11433,12266,DL,107,7.476635514018691,0.0,3.7663551401869158
11433,12266,NK,49,2.0408163265306123,0.0,0.8571428571428571
11433,12266,UA,25,4.0,0.0,10.24
11433,12335,OO,30,16.666666666666664,0.0,23.266666666666666
11433,12339,OO,82,7.317073170731707,0.0,4.024390243902439
11433,12451,DL,51,13.725490196078432,0.0,6.215686274509804
11433,12478,B6,50,8.0,0.0,6.62
11433,12478,DL,88,10.227272727272728,0.0,6.170454545454546
11433,12884,OO,86,11.627906976744185,0.0,5.941860465116279
11433,12889,DL,135,20.0,0.0,11.451851851851853
11433,12889,NK,87,14.942528735632186,0.0,7.574712643678161
11433,12889,WN,17,23.52941176470588,0.0,7.411764705882353
11433,12892,DL,150,16.666666666666664,0.0,10.94
11433,12892,NK,79,2.5316455696202533,0.0,1.9746835443037976
11433,12945,OO,26,7.6923076923076925,0.0,8.115384615384615
11433,12945,YX,30,13.333333333333334,0.0,6.033333333333333
11433,12953,DL,172,13.372093023255813,0.0,7.7894736842105265
11433,12953,NK,87,22.093023255813954,1.1494252873563218,19.13953488372093
11433,12953,YX,106,17.307692307692307,1.8867924528301887,19.203883495145632
11433,13029,OO,1,0.0,0.0,7.0
11433,13184,OO,116,11.206896551724139,0.0,12.163793103448276
11433,13198,DL,105,14.285714285714285,0.0,7.238095238095238
11433,13198,OO,2,50.0,0.0,10.5
11433,13204,DL,151,8.609271523178808,0.0,5.582781456953643
11433,13204,F9,22,13.636363636363635,0.0,7.318181818181818
11433,13204,NK,77,22.07792207792208,0.0,12.454545454545455
11433,13230,OO,2,50.0,0.0,32.0
11433,13232,OO,61,14.754098360655737,0.0,10.0
11433,13232,WN,89,14.606741573033707,0.0,7.943820224719101
11433,13244,OO,105,17.142857142857142,0.0,10.557692307692308
11433,13303,AA,30,10.0,0.0,4.533333333333333
11433,13303,DL,60,13.333333333333334,0.0,6.583333333333333
11433,13303,NK,30,6.666666666666667,0.0,4.733333333333333
11433,13342,DL,50,6.0,0.0,3.02
11433,13342,NK,1,0.0,0.0,0.0
11433,13342,OO,61,11.475409836065573,0.0,8.819672131147541
11433,13459,OO,30,10.0,0.0,35.10344827586207
11433,13485,DL,18,22.22222222222222,0.0,17.444444444444443
11433,13485,OO,69,13.043478260869565,0.0,5.492753623188406
11433,13487,DL,150,22.0,0.0,13.433333333333334
11433,13487,NK,2,50.0,0.0,98.0
11433,13495,DL,30,13.333333333333334,0.0,9.866666666666667
11433,13495,NK,22,18.181818181818183,0.0,22.454545454545453
11433,13577,DL,31,16.129032258064516,0.0,9.806451612903226
11433,13577,NK,11,0.0,0.0,1.7272727272727273
11433,13851,AA,1,100.0,0.0,87.0
11433,13851,DL,4,0.0,0.0,3.25
11433,13851,WN,1,0.0,0.0,10.0
11433,13871,DL,4,25.0,0.0,16.0
11433,13871,OO,105,8.571428571428571,0.0,4.276190476190476
11433,13930,DL,122,24.59016393442623,0.0,14.442622950819672
11433,13930,MQ,28,18.51851851851852,3.571428571428571,8.962962962962964
11433,13930,OO,195,15.463917525773196,0.5128205128205128,10.927835051546392
11433,13930,UA,110,23.636363636363637,0.0,15.081818181818182
11433,13930,YX,26,3.8461538461538463,0.0,9.192307692307692
11433,13931,DL,50,28.000000000000004,0.0,11.62
11433,13931,NK,1,0.0,0.0,0.0
11433,13931,OO,17,29.411764705882355,0.0,22.705882352941178
11433,14027,DL,30,6.666666666666667,0.0,3.6333333333333333
11433,14057,DL,42,9.523809523809524,0.0,5.904761904761905
11433,14100,AA,75,14.864864864864865,1.3333333333333335,39.04054054054054
11433,14100,DL,137,10.948905109489052,0.0,7.562043795620438
11433,14100,F9,1,0.0,0.0,0.0
11433,14100,NK,30,23.333333333333332,0.0,19.433333333333334
11433,14100,OH,23,4.3478260869565215,0.0,2.6956521739130435
11433,14107,AA,42,7.142857142857142,0.0,8.536585365853659
11433,14107,DL,110,15.454545454545453,0.0,10.862385321100918
11433,14107,F9,14,35.714285714285715,0.0,86.42857142857143
11433,14107,NK,17,5.88235294117647,0.0,2.3125
11433,14122,DL,1,0.0,0.0,0.0
11433,14122,OO,54,11.11111111111111,0.0,9.407407407407407
11433,14122,YX,30,6.666666666666667,0.0,4.566666666666666
11433,14150,OO,60,11.666666666666666,0.0,7.666666666666667
11433,14193,DL,13,7.6923076923076925,0.0,3.230769230769231
11433,14307,DL,17,29.411764705882355,0.0,20.941176470588236
11433,14307,OO,65,10.76923076923077,0.0,4.2615384615384615
11433,14321,DL,60,15.0,0.0,19.483333333333334
11433,14492,DL,112,7.142857142857142,0.0,4.348214285714286
11433,14492,F9,17,23.52941176470588,0.0,14.588235294117647
11433,14492,NK,1,100.0,0.0,97.0
11433,14524,DL,50,12.0,0.0,10.9
11433,14524,OO,27,7.4074074074074066,0.0,4.111111111111111
11433,14576,OO,30,6.666666666666667,0.0,3.1
11433,14635,DL,60,13.333333333333334,0.0,4.816666666666666
11433,14635,NK,19,0.0,0.0,0.8421052631578947
11433,14679,DL,102,20.792079207920793,0.9803921568627451,10.424242424242424
11433,14679,NK,17,12.5,5.88235294117647,4.866666666666666
11433,14683,DL,82,14.634146341463413,0.0,6.829268292682927
11433,14685,DL,30,0.0,0.0,0.0
11433,14685,OO,25,20.0,0.0,6.84
11433,14696,OO,60,20.0,0.0,9.083333333333334
11433,14730,OO,43,6.976744186046512,0.0,4.441860465116279
11433,14730,YX,30,0.0,0.0,0.8666666666666667
11433,14747,AS,56,12.5,0.0,5.053571428571429
11433,14747,DL,120,9.166666666666666,0.0,5.175
11433,14771,DL,115,6.086956521739131,0.0,4.591304347826087
11433,14771,UA,30,6.666666666666667,0.0,2.033333333333333
11433,14831,DL,7,0.0,0.0,1.1428571428571428
11433,14843,DL,11,18.181818181818183,0.0,8.636363636363637
11433,14843,NK,10,30.0,0.0,10.1
11433,14869,DL,121,7.43801652892562,0.0,3.2148760330578514
11433,14869,NK,2,0.0,0.0,0.0
11433,14893,DL,30,3.3333333333333335,0.0,1.4
11433,14908,DL,28,10.714285714285714,0.0,14.964285714285714
11433,14908,NK,3,0.0,0.0,0.0
11433,15016,DL,96,9.375,0.0,4.916666666666667
11433,15016,NK,1,0.0,0.0,0.0
11433,15016,OO,4,0.0,0.0,4.25
11433,15016,WN,47,6.382978723404255,0.0,9.063829787234043
11433,15096,DL,30,16.666666666666664,0.0,4.8
11433,15304,DL,102,4.901960784313726,0.0,3.0594059405940595
11433,15304,NK,47,2.127659574468085,0.0,3.382978723404255
11433,15380,DL,34,8.823529411764707,0.0,3.5294117647058822
11433,15380,OO,62,11.29032258064516,0.0,7.467741935483871
11433,15624,DL,1,0.0,0.0,4.0
11433,15919,DL,2,0.0,0.0,0.0
11447,11292,OO,51,25.49019607843137,0.0,30.03921568627451
11468,11292,OO,51,11.76470588235294,0.0,22.54901960784314
11471,13930,OO,50,12.244897959183673,2.0,10.408163265306122
11481,10397,DL,192,10.9375,0.0,6.364583333333333
11481,10423,OO,30,16.666666666666664,0.0,13.0
11481,10423,WN,21,14.285714285714285,0.0,4.238095238095238
11481,10693,WN,90,2.2222222222222223,0.0,1.3444444444444446
11481,10821,WN,4,0.0,0.0,0.0
11481,11057,MQ,1,0.0,0.0,0.0
11481,11057,OH,69,7.352941176470589,1.4492753623188406,6.294117647058823
11481,11259,WN,51,9.803921568627452,0.0,4.5
11481,11278,OH,4,0.0,25.0,0.0
11481,11278,YX,26,19.230769230769234,0.0,18.884615384615383
11481,11292,OO,4,0.0,0.0,3.25
11481,11292,WN,4,0.0,0.0,0.0
11481,11298,MQ,62,14.754098360655737,1.6129032258064515,5.868852459016393
11481,11298,OH,30,13.333333333333334,0.0,11.8
11481,12191,WN,30,3.3333333333333335,0.0,2.5
11481,13198,WN,8,25.0,0.0,28.25
11481,13232,WN,21,14.285714285714285,0.0,6.095238095238095
11481,13930,YX,30,6.666666666666667,0.0,3.8
11481,14100,OH,2,50.0,0.0,19.0
11481,15016,WN,34,11.76470588235294,0.0,6.647058823529412
11503,11292,OO,30,46.666666666666664,0.0,24.166666666666668
11503,11292,UA,60,8.333333333333332,0.0,4.033898305084746
11503,11298,AA,62,30.0,3.225806451612903,33.85
11503,13930,UA,6,33.33333333333333,0.0,16.166666666666668
11525,14869,OO,46,0.0,0.0,0.0
11537,11433,OO,77,2.5974025974025974,0.0,5.3896103896103895
11537,14112,G4,8,12.5,0.0,3.25
11537,14761,G4,9,22.22222222222222,0.0,8.555555555555555
11540,10397,DL,60,3.3333333333333335,0.0,2.9166666666666665
11540,10423,WN,86,10.465116279069768,0.0,6.3604651162790695
11540,11259,WN,146,12.32876712328767,0.0,12.551724137931034
11540,11292,F9,25,16.0,0.0,7.76
11540,11292,UA,60,21.666666666666668,0.0,12.833333333333334
11540,11292,WN,56,25.0,0.0,22.517857142857142
11540,11298,AA,121,21.73913043478261,4.958677685950414,32.6695652173913
11540,11298,MQ,67,25.37313432835821,0.0,24.70769230769231
11540,12191,WN,81,12.345679012345679,0.0,7.925925925925926
11540,12266,OO,4,25.0,0.0,90.0
11540,12889,F9,21,9.523809523809524,0.0,6.523809523809524
11540,12889,WN,81,16.049382716049383,0.0,13.061728395061728
11540,12892,OO,60,5.0,0.0,2.4
11540,12892,WN,30,13.333333333333334,0.0,15.366666666666667
11540,12954,WN,17,35.294117647058826,0.0,10.529411764705882
11540,13232,WN,30,6.666666666666667,0.0,4.733333333333333
11540,13930,MQ,27,14.814814814814813,0.0,5.037037037037037
11540,13930,OO,27,18.51851851851852,0.0,7.62962962962963
11540,13930,YX,6,16.666666666666664,0.0,10.166666666666666
11540,14107,MQ,17,11.76470588235294,0.0,6.117647058823529
11540,14107,OO,81,12.658227848101266,2.4691358024691357,14.126582278481013
11540,14107,WN,95,22.58064516129032,2.1052631578947367,13.086021505376344
11540,14679,WN,30,13.333333333333334,0.0,10.6
11540,14683,WN,73,5.47945205479452,0.0,4.397260273972603
11587,11433,OO,30,6.666666666666667,0.0,5.366666666666666
11587,13487,OO,23,4.3478260869565215,0.0,2.4347826086956523
11603,10466,G4,9,11.11111111111111,0.0,5.333333333333333
11603,11292,OO,30,13.333333333333334,0.0,7.733333333333333
11603,11292,UA,60,18.64406779661017,1.6666666666666667,13.293103448275861
11603,11292,WN,26,30.76923076923077,0.0,18.03846153846154
11603,12889,G4,8,37.5,0.0,20.5
11603,12889,WN,30,16.666666666666664,0.0,8.689655172413794
11603,12892,OO,30,33.33333333333333,0.0,22.333333333333332
11603,13230,AA,1,100.0,0.0,24.0
11603,13796,WN,30,3.3333333333333335,0.0,1.0
11603,13851,WN,1,100.0,0.0,159.0
11603,14057,OO,30,6.666666666666667,0.0,6.3
11603,14107,AA,31,19.35483870967742,0.0,17.566666666666666
11603,14679,AS,30,10.714285714285714,6.666666666666667,3.5
11603,14747,AS,60,10.0,0.0,10.516666666666667
11603,14747,OO,150,8.053691275167784,0.6666666666666667,4.054054054054054
11603,14771,OO,24,20.833333333333336,0.0,12.875
11603,14771,UA,66,17.1875,3.0303030303030303,8.890625
11603,14831,WN,17,11.76470588235294,0.0,6.0
11603,14869,OO,60,1.6666666666666667,0.0,0.7833333333333333
11603,14893,WN,30,0.0,0.0,0.5666666666666667
11612,11298,MQ,88,10.344827586206897,1.1363636363636365,9.71264367816092
11612,11298,OO,2,0.0,0.0,0.0
11612,13930,MQ,57,8.771929824561402,0.0,7.824561403508772
11612,14112,G4,8,37.5,0.0,9.25
11612,14761,G4,9,33.33333333333333,0.0,9.444444444444445
11612,15624,G4,1,0.0,0.0,0.0
11617,11057,OH,32,6.25,0.0,4.6875
11618,10299,UA,1,0.0,0.0,0.0
11618,10397,DL,258,14.728682170542637,0.0,15.643410852713178
11618,10397,F9,60,13.333333333333334,0.0,4.516666666666667
11618,10397,NK,30,6.666666666666667,0.0,9.866666666666667
11618,10397,UA,167,20.606060606060606,1.1976047904191618,15.157575757575758
11618,10397,YX,5,40.0,0.0,10.4
11618,10423,NK,18,5.555555555555555,0.0,2.8333333333333335
11618,10423,UA,139,14.492753623188406,0.7194244604316548,9.985507246376812
11618,10423,YX,3,0.0,0.0,0.0
11618,10431,G4,8,0.0,0.0,1.5
11618,10581,YX,81,12.658227848101266,2.4691358024691357,10.734177215189874
11618,10599,NK,9,33.33333333333333,0.0,35.888888888888886
11618,10693,NK,16,12.5,0.0,14.1875
11618,10693,UA,150,20.80536912751678,0.6666666666666667,18.496644295302012
11618,10693,YX,16,18.75,0.0,4.8125
11618,10721,UA,240,45.76271186440678,1.6666666666666667,37.101694915254235
11618,10721,YX,96,46.666666666666664,6.25,29.6
11618,10732,UA,30,27.586206896551722,3.3333333333333335,11.620689655172415
11618,10785,YX,90,6.741573033707865,1.1111111111111112,10.909090909090908
11618,10792,UA,6,33.33333333333333,0.0,29.333333333333332
11618,10849,UA,54,1.8518518518518516,0.0,1.1481481481481481
11618,10868,NK,9,0.0,0.0,0.0
11618,10980,NK,8,12.5,0.0,7.0
11618,10994,NK,17,23.52941176470588,0.0,17.352941176470587
11618,10994,UA,38,7.894736842105263,0.0,5.894736842105263
11618,10994,YX,48,10.638297872340425,2.083333333333333,12.446808510638299
11618,11042,UA,165,21.341463414634145,0.6060606060606061,18.384146341463413
11618,11042,YX,7,0.0,0.0,0.7142857142857143
11618,11057,AA,107,16.037735849056602,0.9345794392523363,17.18867924528302
11618,11057,NK,30,6.896551724137931,3.3333333333333335,4.896551724137931
11618,11057,UA,104,19.41747572815534,0.9615384615384616,19.980582524271846
11618,11057,YX,38,2.631578947368421,0.0,0.631578947368421
11618,11066,NK,9,50.0,11.11111111111111,47.25
11618,11066,YX,191,10.81081081081081,3.1413612565445024,7.454054054054054
11618,11193,G4,1,0.0,0.0,0.0
11618,11193,YX,23,13.043478260869565,0.0,24.47826086956522
11618,11278,YX,9,0.0,0.0,1.3333333333333333
11618,11292,UA,298,13.85135135135135,0.6711409395973155,11.60204081632653
11618,11298,AA,118,21.551724137931032,1.694915254237288,22.605263157894736
11618,11298,NK,28,21.428571428571427,0.0,20.75
11618,11298,UA,142,14.788732394366196,0.0,12.204225352112676
11618,11423,G4,9,0.0,0.0,0.0
11618,11433,DL,137,19.708029197080293,0.0,24.226277372262775
11618,11433,NK,60,10.344827586206897,3.3333333333333335,8.568965517241379
11618,11433,UA,37,16.216216216216218,0.0,10.08108108108108
11618,11433,YX,125,13.114754098360656,2.4,7.491803278688525
11618,11624,YX,30,3.3333333333333335,0.0,1.1333333333333333
11618,11697,B6,50,8.0,0.0,9.7
11618,11697,NK,93,21.839080459770116,6.451612903225806,18.160919540229884
11618,11697,UA,149,17.449664429530202,0.0,16.187919463087248
11618,11721,G4,1,0.0,0.0,0.0
11618,11986,YX,85,5.952380952380952,1.1764705882352942,5.345238095238095
11618,11995,YX,4,25.0,0.0,4.0
11618,11996,YX,86,8.235294117647058,1.1627906976744187,9.529411764705882
11618,12124,YX,30,10.0,0.0,4.533333333333333
11618,12264,UA,122,24.59016393442623,0.0,20.34426229508197
11618,12266,NK,26,11.538461538461538,0.0,11.153846153846153
11618,12266,UA,301,12.624584717607974,0.0,9.960132890365449
11618,12339,NK,30,26.666666666666668,0.0,21.0
11618,12339,YX,169,11.515151515151516,2.366863905325444,8.375757575757575
11618,12441,UA,16,14.285714285714285,12.5,17.857142857142858
11618,12451,UA,86,11.627906976744185,0.0,9.895348837209303
11618,12451,YX,1,0.0,0.0,0.0
11618,12889,NK,30,24.137931034482758,3.3333333333333335,19.275862068965516
11618,12889,UA,206,12.135922330097088,0.0,10.70873786407767
11618,12892,AS,60,26.666666666666668,0.0,17.616666666666667
11618,12892,B6,81,12.5,1.2345679012345678,11.1375
11618,12892,NK,30,24.137931034482758,3.3333333333333335,26.310344827586206
11618,12892,UA,295,26.027397260273972,1.0169491525423728,22.232876712328768
11618,13198,UA,4,0.0,0.0,0.0
11618,13198,YX,52,5.88235294117647,1.9230769230769231,13.0
11618,13204,B6,88,12.643678160919542,1.1363636363636365,16.03448275862069
11618,13204,NK,120,12.711864406779661,1.6666666666666667,18.440677966101696
11618,13204,UA,291,17.647058823529413,0.6872852233676976,12.15916955017301
11618,13244,UA,3,33.33333333333333,0.0,53.333333333333336
11618,13244,YX,53,25.0,1.8867924528301887,22.096153846153847
11618,13303,AA,107,14.150943396226415,0.9345794392523363,18.903846153846153
11618,13303,NK,30,43.333333333333336,0.0,21.266666666666666
11618,13303,UA,146,21.91780821917808,0.0,15.53103448275862
11618,13342,YX,83,14.814814814814813,2.4096385542168677,11.814814814814815
11618,13485,UA,30,27.586206896551722,3.3333333333333335,27.82758620689655
11618,13487,DL,117,17.094017094017094,0.0,23.444444444444443
11618,13487,UA,85,21.176470588235293,0.0,13.797619047619047
11618,13487,YX,1,0.0,0.0,0.0
11618,13495,NK,8,37.5,0.0,90.125
11618,13495,UA,65,16.923076923076923,0.0,11.184615384615384
11618,13495,YX,1,0.0,0.0,0.0
11618,13577,NK,53,15.384615384615385,1.8867924528301887,17.846153846153847
11618,13577,UA,4,0.0,0.0,1.75
11618,13577,YX,56,16.071428571428573,0.0,9.803571428571429
11618,13930,AA,57,26.785714285714285,1.7543859649122806,23.785714285714285
11618,13930,MQ,60,24.137931034482758,3.3333333333333335,15.431034482758621
11618,13930,UA,357,17.51412429378531,0.8403361344537815,13.01416430594901
11618,13931,UA,30,37.93103448275862,3.3333333333333335,20.275862068965516
11618,13931,YX,4,0.0,0.0,0.0
11618,14027,B6,32,18.75,0.0,7.645161290322581
11618,14027,UA,171,17.543859649122805,0.0,9.345029239766081
11618,14057,AS,30,16.666666666666664,0.0,7.533333333333333
11618,14057,UA,60,8.47457627118644,1.6666666666666667,8.186440677966102
11618,14107,AA,72,21.12676056338028,1.3888888888888888,17.642857142857142
11618,14107,UA,116,16.666666666666664,1.7241379310344827,8.513274336283185
11618,14122,NK,9,37.5,11.11111111111111,106.125
11618,14122,YX,174,15.384615384615385,2.8735632183908044,19.14792899408284
11618,14321,YX,117,13.043478260869565,1.7094017094017095,7.095652173913043
11618,14492,NK,17,25.0,5.88235294117647,12.3125
11618,14492,UA,119,18.64406779661017,0.8403361344537815,17.74576271186441
11618,14492,YX,5,0.0,0.0,3.6
11618,14524,YX,28,0.0,0.0,0.07142857142857142
11618,14570,UA,1,0.0,0.0,0.0
11618,14576,YX,56,7.4074074074074066,3.571428571428571,8.666666666666666
11618,14635,B6,22,13.636363636363635,0.0,13.954545454545455
11618,14635,UA,95,21.052631578947366,0.0,12.736842105263158
11618,14679,AS,30,10.344827586206897,3.3333333333333335,10.321428571428571
11618,14679,UA,113,14.15929203539823,0.0,10.0
11618,14683,UA,34,5.88235294117647,0.0,3.176470588235294
11618,14685,NK,30,13.333333333333334,0.0,8.9
11618,14685,UA,60,15.0,0.0,10.383333333333333
11618,14685,YX,5,0.0,0.0,1.0
11618,14696,UA,2,0.0,0.0,4.0
11618,14730,YX,63,11.475409836065573,3.1746031746031744,10.672131147540984
11618,14747,AS,116,18.421052631578945,1.7241379310344827,19.04385964912281
11618,14747,UA,111,8.108108108108109,0.0,3.4954954954954953
11618,14771,AS,56,21.428571428571427,0.0,19.857142857142858
11618,14771,UA,301,24.66216216216216,1.6611295681063125,21.93243243243243
11618,14843,B6,32,15.625,0.0,9.6875
11618,14843,F9,30,43.333333333333336,0.0,24.633333333333333
11618,14843,UA,90,23.333333333333332,0.0,22.033333333333335
11618,14869,DL,60,10.0,0.0,11.233333333333333
11618,14869,UA,30,6.666666666666667,0.0,2.2
11618,14893,UA,30,20.689655172413794,3.3333333333333335,17.75862068965517
11618,14908,UA,90,13.333333333333334,0.0,8.413793103448276
11618,14986,UA,60,18.333333333333332,0.0,16.116666666666667
11618,15016,UA,5,20.0,0.0,19.0
11618,15016,YX,101,12.244897959183673,2.9702970297029703,15.540816326530612
11618,15024,UA,5,0.0,0.0,2.0
11618,15096,YX,53,5.769230769230769,1.8867924528301887,6.711538461538462
11618,15304,B6,24,4.3478260869565215,4.166666666666666,5.173913043478261
11618,15304,UA,149,16.778523489932887,0.0,11.369127516778523
11618,15412,G4,9,0.0,0.0,2.111111111111111
11618,15624,G4,9,0.0,0.0,0.7777777777777778
11618,15919,YX,2,0.0,0.0,0.0
11624,10397,DL,120,10.833333333333334,0.0,10.391666666666667
11624,10431,G4,9,11.11111111111111,0.0,2.888888888888889
11624,11057,AA,30,20.0,0.0,28.4
11624,11057,MQ,59,6.779661016949152,0.0,3.2758620689655173
11624,11193,G4,9,0.0,0.0,0.0
11624,11278,YX,34,18.181818181818183,2.941176470588235,8.34375
11624,11298,AA,2,100.0,0.0,143.0
11624,11618,YX,30,20.0,0.0,26.0
11624,13303,MQ,90,15.555555555555555,0.0,12.955555555555556
11624,14100,AA,2,50.0,0.0,54.0
11624,14100,YX,28,17.857142857142858,0.0,5.392857142857143
11624,14112,G4,25,4.0,0.0,6.84
11624,14122,G4,1,0.0,0.0,0.0
11630,10299,AS,60,3.389830508474576,1.6666666666666667,1.7966101694915255
11630,11292,UA,24,0.0,0.0,0.25
11630,13487,DL,7,28.57142857142857,0.0,15.142857142857142
11630,13930,UA,24,12.5,0.0,7.166666666666667
11630,14747,AS,176,17.045454545454543,0.0,7.079545454545454
11630,14747,DL,60,18.333333333333332,0.0,11.866666666666667
11630,14869,DL,8,0.0,0.0,2.25
11637,10466,G4,17,23.52941176470588,0.0,9.705882352941176
11637,10693,G4,8,0.0,0.0,0.0
11637,11292,F9,17,11.76470588235294,0.0,4.0588235294117645
11637,11292,OO,86,22.093023255813954,0.0,21.767441860465116
11637,11292,UA,30,3.3333333333333335,0.0,4.0
11637,11298,MQ,90,13.48314606741573,1.1111111111111112,6.712643678160919
11637,12889,G4,9,44.44444444444444,0.0,15.444444444444445
11637,13487,DL,60,8.333333333333332,0.0,11.166666666666666
11637,13487,OO,71,21.12676056338028,0.0,9.901408450704226
11637,13930,MQ,82,22.22222222222222,1.2195121951219512,19.271604938271604
11637,13930,OO,106,16.19047619047619,0.9433962264150944,14.923809523809524
11638,10397,DL,5,0.0,0.0,0.0
11638,11292,OO,60,8.333333333333332,0.0,2.6166666666666667
11638,11292,UA,30,3.3333333333333335,0.0,1.8
11638,11292,WN,30,13.333333333333334,0.0,7.533333333333333
11638,11298,AA,120,17.094017094017094,2.5,11.192982456140351
11638,12889,G4,59,22.033898305084744,0.0,26.915254237288135
11638,12889,WN,86,22.35294117647059,1.1627906976744187,8.905882352941177
11638,12892,OO,85,5.88235294117647,0.0,3.2588235294117647
11638,13930,UA,30,36.666666666666664,0.0,16.666666666666668
11638,14057,OO,86,4.651162790697675,0.0,6.72093023255814
11638,14107,AA,38,13.513513513513514,2.631578947368421,8.81081081081081
11638,14107,OO,56,10.714285714285714,0.0,34.25454545454546
11638,14679,OO,107,15.238095238095239,1.8691588785046727,8.451923076923077
11638,14747,AS,17,23.52941176470588,0.0,11.705882352941176
11638,14747,OO,90,20.0,0.0,15.455555555555556
11638,14771,OO,118,31.35593220338983,0.0,26.33050847457627
11638,14869,OO,110,7.2727272727272725,0.0,5.3545454545454545
11641,11057,MQ,57,3.508771929824561,0.0,5.43859649122807
11648,11292,OO,59,8.47457627118644,0.0,6.372881355932203
11648,11292,UA,61,16.39344262295082,0.0,9.62295081967213
11648,11298,AA,32,21.875,0.0,44.45161290322581
11648,11298,MQ,28,17.857142857142858,0.0,14.678571428571429
11648,12889,G4,8,62.5,0.0,38.375
11648,12892,OO,18,5.555555555555555,0.0,2.0555555555555554
11648,13487,DL,49,18.367346938775512,0.0,9.857142857142858
11648,13930,AA,42,30.952380952380953,0.0,51.73170731707317
11648,13930,OO,24,41.66666666666667,0.0,21.0
11648,13930,UA,30,6.666666666666667,0.0,2.933333333333333
11648,14771,OO,36,16.666666666666664,0.0,7.388888888888889
11648,14869,DL,30,6.666666666666667,0.0,2.6666666666666665
11648,14869,OO,60,1.6666666666666667,0.0,1.0
11695,11298,OO,30,13.333333333333334,0.0,18.866666666666667
11695,14107,OO,109,17.75700934579439,1.834862385321101,18.897196261682243
11697,10158,NK,53,1.8867924528301887,0.0,1.1132075471698113
11697,10257,B6,23,4.3478260869565215,0.0,1.3043478260869565
11697,10397,DL,282,13.120567375886525,0.0,14.663120567375886
11697,10397,F9,47,10.638297872340425,0.0,8.27659574468085
11697,10397,NK,124,26.61290322580645,0.0,21.35483870967742
11697,10423,NK,30,13.333333333333334,0.0,7.266666666666667
11697,10423,WN,21,33.33333333333333,0.0,22.238095238095237
11697,10431,G4,43,9.30232558139535,0.0,25.857142857142858
11697,10529,B6,22,13.636363636363635,0.0,9.363636363636363
11697,10529,NK,8,0.0,0.0,0.0
11697,10599,NK,17,35.294117647058826,0.0,30.235294117647058
11697,10676,G4,1,0.0,0.0,0.0
11697,10693,NK,61,15.0,1.639344262295082,14.833333333333334
11697,10693,WN,99,12.121212121212121,0.0,7.01010101010101
11697,10721,B6,112,38.73873873873874,0.8928571428571428,38.747747747747745
11697,10721,DL,60,33.33333333333333,5.0,26.526315789473685
11697,10721,NK,60,13.333333333333334,0.0,7.266666666666667
11697,10732,B6,2,100.0,0.0,46.5
11697,10792,B6,29,6.896551724137931,0.0,3.0344827586206895
11697,10821,NK,90,12.222222222222221,0.0,7.911111111111111
11697,10821,WN,146,12.413793103448276,0.684931506849315,8.220689655172414
11697,10868,NK,13,0.0,0.0,0.0
11697,10980,NK,9,22.22222222222222,0.0,14.666666666666666
11697,10994,B6,18,5.555555555555555,0.0,4.888888888888889
11697,10994,NK,17,11.76470588235294,0.0,12.352941176470589
11697,11042,F9,9,11.11111111111111,0.0,32.22222222222222
11697,11042,NK,22,31.818181818181817,0.0,37.09090909090909
11697,11042,UA,25,0.0,0.0,0.0
11697,11057,AA,150,12.0,0.0,14.322147651006711
11697,11057,NK,77,18.421052631578945,1.2987012987012987,13.236842105263158
11697,11066,NK,46,19.565217391304348,0.0,10.422222222222222
11697,11066,WN,21,28.57142857142857,0.0,23.428571428571427
11697,11193,DL,30,30.0,0.0,10.7
11697,11193,F9,17,0.0,0.0,0.0
11697,11193,G4,9,0.0,0.0,1.8888888888888888
11697,11259,WN,34,8.823529411764707,0.0,5.515151515151516
11697,11278,AA,30,3.3333333333333335,0.0,3.466666666666667
11697,11278,B6,84,22.61904761904762,0.0,26.204819277108435
11697,11278,WN,30,30.0,0.0,24.033333333333335
11697,11292,UA,67,17.91044776119403,0.0,11.014925373134329
11697,11292,WN,21,19.047619047619047,0.0,10.666666666666666
11697,11298,AA,127,31.147540983606557,3.937007874015748,26.161016949152543
11697,11298,NK,77,20.77922077922078,0.0,19.346666666666668
11697,11433,DL,106,9.433962264150944,0.0,9.518867924528301
11697,11433,NK,61,18.0327868852459,0.0,13.426229508196721
11697,11618,B6,50,24.0,0.0,16.94
11697,11618,NK,93,34.065934065934066,2.1505376344086025,27.22222222222222
11697,11618,UA,148,17.56756756756757,0.0,15.033783783783784
11697,12191,WN,60,18.333333333333332,0.0,6.133333333333334
11697,12197,B6,55,9.25925925925926,1.8181818181818181,4.314814814814815
11697,12264,UA,30,6.666666666666667,0.0,2.8666666666666667
11697,12266,NK,90,25.555555555555554,0.0,16.38888888888889
11697,12266,UA,105,5.714285714285714,0.0,5.152380952380953
11697,12339,G4,8,0.0,0.0,1.75
11697,12339,NK,50,20.0,0.0,17.74
11697,12339,WN,21,28.57142857142857,0.0,13.952380952380953
11697,12391,B6,18,0.0,0.0,0.1111111111111111
11697,12478,B6,138,13.768115942028986,0.0,8.430656934306569
11697,12478,DL,120,15.833333333333332,0.0,19.858333333333334
11697,12544,G4,9,22.22222222222222,0.0,25.77777777777778
11697,12889,B6,32,25.0,0.0,9.96875
11697,12889,NK,28,14.814814814814813,3.571428571428571,8.0
11697,12892,B6,120,10.0,0.0,7.475
11697,12892,DL,30,10.0,0.0,4.8
11697,12892,NK,9,22.22222222222222,0.0,16.333333333333332
11697,12898,NK,8,37.5,0.0,40.0
11697,12945,G4,8,0.0,0.0,0.0
11697,12953,B6,104,21.153846153846153,0.0,9.388349514563107
11697,12953,DL,117,15.384615384615385,0.0,13.47008547008547
11697,12953,NK,90,17.97752808988764,1.1111111111111112,9.157303370786517
11697,13198,NK,9,11.11111111111111,0.0,3.0
11697,13198,WN,30,6.666666666666667,0.0,3.3666666666666667
11697,13204,NK,60,11.666666666666666,0.0,6.216666666666667
11697,13204,WN,60,6.666666666666667,0.0,2.933333333333333
11697,13232,WN,81,17.5,1.2345679012345678,7.025
11697,13244,G4,8,12.5,0.0,6.5
11697,13244,NK,9,44.44444444444444,0.0,42.44444444444444
11697,13487,DL,30,16.666666666666664,0.0,9.933333333333334
11697,13495,NK,76,18.666666666666668,1.3157894736842104,9.066666666666666
11697,13495,WN,21,28.57142857142857,0.0,19.904761904761905
11697,13577,NK,30,16.666666666666664,0.0,11.9
11697,13930,AA,30,10.0,0.0,7.433333333333334
11697,13930,NK,90,16.853932584269664,1.1111111111111112,17.0
11697,13930,UA,86,15.11627906976744,0.0,11.244186046511627
11697,13931,NK,22,4.545454545454546,0.0,1.8636363636363635
11697,13933,B6,10,10.0,0.0,3.6
11697,14100,AA,75,13.513513513513514,1.3333333333333335,15.256756756756756
11697,14100,B6,48,16.666666666666664,0.0,10.5625
11697,14100,F9,21,4.761904761904762,0.0,1.1428571428571428
11697,14100,NK,69,20.28985507246377,0.0,17.666666666666668
11697,14107,NK,16,6.25,0.0,1.8
11697,14122,NK,44,34.090909090909086,0.0,34.90909090909091
11697,14122,WN,30,10.0,0.0,5.233333333333333
11697,14193,NK,30,26.666666666666668,0.0,25.166666666666668
11697,14307,B6,22,31.818181818181817,0.0,23.0
11697,14492,B6,30,6.666666666666667,0.0,3.9
11697,14492,DL,30,26.666666666666668,0.0,23.466666666666665
11697,14492,NK,17,23.52941176470588,0.0,19.529411764705884
11697,14492,WN,4,50.0,0.0,8.25
11697,14524,B6,18,16.666666666666664,0.0,11.722222222222221
11697,14524,NK,17,35.294117647058826,0.0,57.11764705882353
11697,14576,NK,8,25.0,0.0,6.875
11697,14683,NK,17,31.25,5.88235294117647,19.4375
11697,14696,G4,9,0.0,0.0,0.3333333333333333
11697,14730,G4,9,0.0,0.0,1.2222222222222223
11697,14730,NK,21,14.285714285714285,0.0,5.142857142857143
11697,14747,AS,30,30.0,0.0,16.4
11697,14747,DL,30,20.689655172413794,3.3333333333333335,10.172413793103448
11697,14771,B6,60,18.333333333333332,0.0,8.566666666666666
11697,14771,UA,6,16.666666666666664,0.0,15.333333333333334
11697,14843,B6,82,14.634146341463413,0.0,7.621951219512195
11697,14843,F9,1,0.0,0.0,0.0
11697,14843,NK,17,29.411764705882355,0.0,43.529411764705884
11697,14843,WN,21,28.57142857142857,0.0,11.0
11697,14869,DL,30,26.666666666666668,0.0,43.96666666666667
11697,15016,NK,8,0.0,0.0,0.0
11697,15016,WN,38,2.631578947368421,0.0,1.394736842105263
11697,15024,NK,26,15.384615384615385,0.0,6.615384615384615
11697,15027,NK,11,9.090909090909092,0.0,4.909090909090909
11697,15070,G4,1,0.0,0.0,8.0
11697,15096,G4,8,50.0,0.0,35.625
11697,15304,NK,77,19.736842105263158,1.2987012987012987,14.693333333333333
11697,15304,WN,30,10.0,0.0,12.566666666666666
11697,15380,G4,1,0.0,0.0,0.0
11697,15412,G4,28,21.428571428571427,0.0,13.0
11711,11292,OO,30,23.333333333333332,0.0,19.833333333333332
11721,10466,G4,8,0.0,0.0,0.0
11721,10693,G4,8,0.0,0.0,1.0
11721,11618,G4,1,0.0,0.0,0.0
11721,12889,G4,9,33.33333333333333,0.0,19.88888888888889
11721,13930,OO,176,23.42857142857143,0.5681818181818182,25.914285714285715
11721,14057,G4,1,0.0,0.0,0.0
11721,14082,G4,16,0.0,0.0,0.9375
11721,14112,G4,17,17.647058823529413,0.0,11.058823529411764
11721,14761,G4,19,15.789473684210526,0.0,8.105263157894736
11721,14986,G4,4,50.0,0.0,11.5
11721,15624,G4,8,0.0,0.0,0.0
11725,13930,OO,51,9.803921568627452,0.0,9.96078431372549
11775,10397,DL,30,6.666666666666667,0.0,1.9666666666666666
11775,10466,G4,14,7.142857142857142,0.0,4.142857142857143
11775,10693,G4,9,33.33333333333333,0.0,43.333333333333336
11775,11292,F9,13,38.46153846153847,0.0,32.61538461538461
11775,11292,OO,116,14.655172413793101,0.0,11.155172413793103
11775,11292,UA,30,27.586206896551722,3.3333333333333335,11.482758620689655
11775,11298,AA,60,31.03448275862069,3.3333333333333335,35.526315789473685
11775,11298,MQ,2,0.0,0.0,0.0
11775,11298,OO,28,25.925925925925924,3.571428571428571,21.666666666666668
11775,12889,G4,9,0.0,0.0,0.0
11775,13487,DL,30,10.0,0.0,19.533333333333335
11775,13487,OO,40,20.0,0.0,11.525
11775,13930,OO,125,32.25806451612903,0.8,23.233870967741936
11775,13930,UA,30,6.666666666666667,0.0,9.466666666666667
11775,13930,YX,1,0.0,0.0,0.0
11775,14107,OO,30,13.333333333333334,0.0,6.833333333333333
11778,11298,MQ,118,12.82051282051282,0.847457627118644,10.655172413793103
11823,10397,OO,82,8.536585365853659,0.0,6.2317073170731705
11823,11298,MQ,90,17.97752808988764,1.1111111111111112,10.191011235955056
11823,11433,OO,60,6.666666666666667,0.0,4.3
11823,12889,G4,8,0.0,0.0,2.25
11823,13487,OO,30,16.666666666666664,0.0,8.6
11823,13930,OH,24,37.5,0.0,41.083333333333336
11823,13930,OO,197,24.102564102564102,1.015228426395939,17.164102564102564
11823,14082,G4,11,45.45454545454545,0.0,27.636363636363637
11823,14112,G4,9,11.11111111111111,0.0,7.333333333333333
11823,14761,G4,12,25.0,0.0,24.916666666666668
11865,11292,OO,60,8.333333333333332,0.0,12.6
11867,11298,MQ,60,11.864406779661017,1.6666666666666667,8.448275862068966
11884,10397,DL,39,10.256410256410255,0.0,3.0
11884,10466,G4,1,0.0,0.0,0.0
11884,10713,OO,30,10.0,0.0,3.3666666666666667
11884,11292,F9,12,25.0,0.0,8.583333333333334
11884,11292,OO,30,6.666666666666667,0.0,5.566666666666666
11884,11292,UA,60,21.666666666666668,0.0,13.45
11884,11292,WN,81,16.049382716049383,0.0,11.925925925925926
11884,11298,AA,60,22.033898305084744,1.6666666666666667,30.551724137931036
11884,12889,G4,8,25.0,0.0,25.625
11884,12889,WN,60,16.666666666666664,0.0,7.4
11884,12892,AS,30,0.0,0.0,0.26666666666666666
11884,12892,G4,1,0.0,0.0,0.0
11884,12892,OO,60,5.0,0.0,1.65
11884,13232,WN,17,23.52941176470588,0.0,8.764705882352942
11884,13487,DL,60,5.0,0.0,1.6833333333333333
11884,13796,WN,43,11.627906976744185,0.0,8.581395348837209
11884,13930,AA,42,26.190476190476193,0.0,19.024390243902438
11884,13930,OO,30,36.666666666666664,0.0,15.517241379310345
11884,14057,AS,58,10.344827586206897,0.0,4.0
11884,14057,OO,30,6.666666666666667,0.0,2.6666666666666665
11884,14107,AA,26,11.538461538461538,0.0,59.65384615384615
11884,14107,WN,38,5.263157894736842,0.0,3.026315789473684
11884,14679,AS,30,3.4482758620689653,3.3333333333333335,1.3448275862068966
11884,14747,AS,119,25.210084033613445,0.0,10.932773109243698
11884,14747,DL,30,3.3333333333333335,0.0,3.3333333333333335
11884,14747,OO,287,11.149825783972126,0.0,6.02787456445993
11884,14771,OO,82,15.853658536585366,0.0,8.487804878048781
11884,14831,WN,30,13.333333333333334,0.0,5.266666666666667
11884,14869,DL,81,8.641975308641975,0.0,11.024691358024691
11884,14869,OO,56,10.714285714285714,0.0,7.392857142857143
11884,14893,WN,56,14.545454545454545,1.7857142857142856,8.418181818181818
11898,12889,G4,8,12.5,0.0,15.0
11898,13487,OO,90,22.22222222222222,0.0,15.344444444444445
11905,11298,MQ,60,13.559322033898304,1.6666666666666667,12.23728813559322
11921,11292,OO,118,26.27118644067797,0.0,26.39830508474576
11921,11292,UA,62,19.35483870967742,0.0,8.112903225806452
11921,11298,MQ,88,14.942528735632186,1.1363636363636365,6.166666666666667
11921,14107,MQ,1,100.0,0.0,55.0
11921,14107,OO,67,12.121212121212121,1.4925373134328357,47.47692307692308
11921,14869,OO,53,1.8867924528301887,0.0,1.7358490566037736
11953,10397,DL,137,5.109489051094891,0.0,3.3649635036496353
11953,11057,OH,3,0.0,0.0,0.0
11953,11298,MQ,60,11.864406779661017,1.6666666666666667,11.05084745762712
11953,13303,MQ,32,6.25,0.0,4.78125
11973,10397,DL,107,10.2803738317757,0.0,5.233644859813084
11973,11057,OH,90,3.3707865168539324,1.1111111111111112,2.1235955056179776
11973,11298,MQ,90,10.112359550561797,1.1111111111111112,12.795454545454545
11977,10397,DL,30,0.0,0.0,0.7333333333333333
11977,11278,YX,2,0.0,0.0,6.5
11977,11433,DL,22,4.545454545454546,0.0,2.1363636363636362
11977,11433,OO,2,0.0,0.0,0.0
11977,13487,OO,40,45.0,0.0,20.475
11977,13930,MQ,102,16.831683168316832,0.9803921568627451,8.475247524752476
11977,13930,OO,93,22.82608695652174,1.0752688172043012,12.66304347826087
11980,10466,G4,8,0.0,0.0,1.25
11980,11298,OO,60,11.864406779661017,1.6666666666666667,17.93220338983051
11980,12889,G4,8,12.5,0.0,5.25
11982,11298,MQ,107,24.528301886792452,0.9345794392523363,15.523809523809524
11982,11298,OO,21,5.0,4.761904761904762,2.05
11986,10397,DL,111,3.6036036036036037,0.0,1.5045045045045045
11986,10423,G4,9,22.22222222222222,0.0,9.444444444444445
11986,10466,G4,16,18.75,0.0,14.4375
11986,10693,G4,17,23.52941176470588,0.0,34.705882352941174
11986,10693,WN,4,0.0,0.0,1.75
11986,10721,G4,8,12.5,0.0,5.875
11986,10821,WN,30,30.0,0.0,19.866666666666667
11986,11057,AA,86,8.13953488372093,0.0,5.476744186046512
11986,11278,OH,56,12.727272727272727,1.7857142857142856,20.363636363636363
11986,11278,YX,4,0.0,0.0,0.0
11986,11292,F9,20,30.0,0.0,59.35
11986,11292,UA,60,5.0,0.0,2.95
11986,11292,WN,34,17.647058823529413,0.0,8.411764705882353
11986,11298,AA,90,25.0,6.666666666666667,24.19047619047619
11986,11433,OO,87,8.045977011494253,0.0,9.977011494252874
11986,11433,YX,2,0.0,0.0,0.0
11986,11618,YX,85,14.285714285714285,1.1764705882352942,10.182926829268293
11986,12451,G4,9,11.11111111111111,0.0,2.2222222222222223
11986,12889,G4,17,11.76470588235294,0.0,8.294117647058824
11986,12889,WN,21,14.285714285714285,0.0,5.65
11986,12953,YX,112,9.821428571428571,0.0,4.5225225225225225
11986,13204,F9,9,0.0,0.0,0.0
11986,13232,WN,86,30.23255813953488,0.0,11.511627906976743
11986,13487,DL,50,8.0,0.0,1.9
11986,13487,OO,57,28.07017543859649,0.0,15.280701754385966
11986,13930,AA,57,25.0,1.7543859649122806,43.836363636363636
11986,13930,MQ,70,24.637681159420293,1.4285714285714286,12.333333333333334
11986,13930,OO,31,48.38709677419355,0.0,32.83870967741935
11986,13930,UA,98,27.55102040816326,0.0,17.346938775510203
11986,13930,YX,52,21.153846153846153,0.0,8.192307692307692
11986,14082,G4,13,7.6923076923076925,0.0,13.923076923076923
11986,14100,OH,55,12.727272727272727,0.0,17.363636363636363
11986,14100,YX,2,0.0,0.0,0.0
11986,14112,G4,18,16.666666666666664,0.0,16.11111111111111
11986,14761,G4,20,35.0,0.0,22.55
11986,14986,G4,8,12.5,0.0,52.625
11995,10397,DL,239,4.602510460251046,0.0,3.225941422594142
11995,11057,AA,77,9.090909090909092,0.0,5.402597402597403
11995,11057,MQ,30,3.3333333333333335,0.0,1.2
11995,11278,OH,76,18.421052631578945,0.0,37.223684210526315
11995,11278,YX,4,0.0,0.0,0.0
11995,11292,OO,30,10.0,0.0,3.466666666666667
11995,11298,AA,60,14.035087719298245,5.0,44.01754385964912
11995,11298,MQ,30,13.333333333333334,0.0,6.633333333333334
11995,11433,OO,15,0.0,0.0,0.5333333333333333
11995,11618,YX,4,25.0,0.0,37.75
11995,12953,DL,2,0.0,0.0,0.0
11995,12953,YX,162,12.578616352201259,1.8518518518518516,10.415094339622641
11995,13303,MQ,30,0.0,0.0,1.6666666666666667
11995,13930,MQ,70,11.428571428571429,0.0,10.614285714285714
11995,13930,OO,55,14.545454545454545,0.0,7.709090909090909
11995,13930,YX,2,0.0,0.0,5.5
11995,14100,OH,17,17.647058823529413,0.0,19.470588235294116
11995,14100,YX,2,0.0,0.0,0.0
11995,14112,G4,9,44.44444444444444,0.0,42.77777777777778
11996,10397,DL,238,6.302521008403361,0.0,5.194092827004219
11996,10693,WN,30,3.3333333333333335,0.0,1.8
11996,10821,WN,60,5.0,0.0,4.233333333333333
11996,11057,AA,35,5.714285714285714,0.0,1.542857142857143
11996,11057,OH,64,3.125,0.0,2.703125
11996,11278,OH,87,31.03448275862069,0.0,16.49425287356322
11996,11278,YX,3,33.33333333333333,0.0,19.333333333333332
11996,11292,UA,30,20.0,0.0,20.5
11996,11298,AA,60,22.413793103448278,3.3333333333333335,28.551724137931036
11996,11298,MQ,8,37.5,0.0,39.625
11996,11298,OH,30,13.333333333333334,0.0,18.413793103448278
11996,11433,DL,30,6.666666666666667,0.0,4.833333333333333
11996,11433,OO,22,13.636363636363635,0.0,5.681818181818182
11996,11618,YX,86,12.941176470588237,1.1627906976744187,15.011764705882353
11996,12191,WN,26,3.8461538461538463,0.0,1.5384615384615385
11996,12953,YX,78,9.090909090909092,1.282051282051282,6.428571428571429
11996,13303,MQ,32,3.125,0.0,2.5625
11996,13930,MQ,41,10.0,2.4390243902439024,6.225
11996,13930,OH,30,10.344827586206897,3.3333333333333335,5.413793103448276
11996,13930,OO,27,25.925925925925924,0.0,10.037037037037036
11996,13930,YX,30,3.3333333333333335,0.0,6.733333333333333
11996,14100,OH,76,2.631578947368421,0.0,1.0789473684210527
11996,14112,G4,9,33.33333333333333,0.0,19.666666666666668
11996,14761,G4,8,25.0,0.0,6.5
11996,14986,G4,8,0.0,0.0,0.0
12003,11292,UA,60,15.0,0.0,11.5
12003,12889,G4,9,11.11111111111111,0.0,7.666666666666667
12003,13487,OO,7,14.285714285714285,0.0,4.714285714285714
12003,14747,OO,30,16.666666666666664,0.0,7.8
12003,14869,OO,90,3.3333333333333335,0.0,4.2
12007,11298,OO,30,26.666666666666668,0.0,56.733333333333334
12012,11292,OO,90,20.0,0.0,11.811111111111112
12016,12173,UA,30,3.3333333333333335,0.0,4.620689655172414
12016,14955,UA,30,3.3333333333333335,0.0,1.1
12094,11292,OO,54,22.22222222222222,0.0,14.537037037037036
12094,11292,UA,36,5.555555555555555,0.0,5.361111111111111
12094,11292,WN,21,4.761904761904762,0.0,4.095238095238095
12119,13577,G4,9,44.44444444444444,0.0,30.444444444444443
12119,14761,G4,9,66.66666666666666,0.0,212.33333333333334
12124,10397,YX,30,10.0,0.0,6.4
12124,11057,MQ,90,4.444444444444445,0.0,2.7555555555555555
12124,11278,MQ,2,0.0,0.0,0.0
12124,11278,YX,32,6.451612903225806,3.125,5.32258064516129
12124,11618,YX,30,10.344827586206897,3.3333333333333335,11.379310344827585
12124,12953,YX,30,16.666666666666664,0.0,23.214285714285715
12124,13930,MQ,4,25.0,0.0,18.5
12124,14100,YX,2,0.0,0.0,0.0
12129,13487,OO,51,21.568627450980394,0.0,18.45098039215686
12156,11292,OO,90,24.444444444444443,0.0,21.292134831460675
12156,14869,OO,60,1.6666666666666667,0.0,1.5833333333333333
12173,10299,AS,30,24.137931034482758,3.3333333333333335,12.620689655172415
12173,10397,DL,30,13.333333333333334,0.0,14.533333333333333
12173,10721,HA,17,11.76470588235294,0.0,6.0588235294117645
12173,11292,UA,39,10.526315789473683,2.564102564102564,3.236842105263158
12173,11298,AA,30,20.689655172413794,3.3333333333333335,73.92857142857143
12173,11433,DL,17,5.88235294117647,0.0,2.9411764705882355
12173,12016,UA,30,13.333333333333334,0.0,8.8
12173,12264,UA,4,25.0,0.0,9.5
12173,12266,UA,30,3.3333333333333335,0.0,2.4
12173,12402,HA,346,5.202312138728324,0.0,2.8959537572254335
12173,12402,WN,150,4.666666666666667,0.0,3.526666666666667
12173,12478,DL,20,5.0,0.0,7.3
12173,12478,HA,30,23.333333333333332,0.0,9.3
12173,12758,HA,424,5.4245283018867925,0.0,3.115839243498818
12173,12758,WN,146,4.166666666666666,1.36986301369863,1.7569444444444444
12173,12889,HA,120,15.833333333333332,0.0,13.974789915966387
12173,12889,WN,60,5.0,0.0,2.066666666666667
12173,12892,AA,90,11.11111111111111,0.0,5.344444444444444
12173,12892,DL,90,12.222222222222221,0.0,12.404494382022472
12173,12892,HA,86,12.790697674418606,0.0,12.453488372093023
12173,12892,UA,90,5.555555555555555,0.0,4.711111111111111
12173,12892,WN,30,0.0,0.0,0.7666666666666667
12173,12954,HA,30,3.3333333333333335,0.0,1.7333333333333334
12173,12954,WN,30,6.666666666666667,0.0,4.2
12173,12982,HA,479,8.631578947368421,0.8350730688935281,4.8989473684210525
12173,12982,WN,146,4.10958904109589,0.0,3.3698630136986303
12173,13487,DL,30,6.666666666666667,0.0,7.666666666666667
12173,13796,HA,30,20.0,0.0,10.966666666666667
12173,13796,WN,30,0.0,0.0,0.7
12173,13830,HA,617,6.482982171799027,0.0,4.06807131280389
12173,13830,WN,236,2.5423728813559325,0.0,1.3093220338983051
12173,13891,AS,30,10.0,0.0,5.8
12173,13930,UA,30,6.666666666666667,0.0,10.7
12173,14057,HA,71,12.676056338028168,0.0,5.408450704225352
12173,14107,AA,32,6.25,0.0,3.53125
12173,14107,HA,30,13.333333333333334,0.0,10.433333333333334
12173,14107,WN,30,0.0,0.0,0.0
12173,14222,HA,14,14.285714285714285,0.0,7.5
12173,14679,HA,80,12.5,0.0,5.924050632911392
12173,14679,WN,60,6.666666666666667,0.0,2.8135593220338984
12173,14747,AS,60,21.666666666666668,0.0,11.666666666666666
12173,14747,DL,60,6.666666666666667,0.0,15.25
12173,14747,HA,120,31.666666666666664,0.0,19.375
12173,14771,HA,51,9.803921568627452,0.0,3.6470588235294117
12173,14771,UA,95,9.473684210526317,0.0,19.042105263157893
12173,14831,HA,30,10.0,0.0,9.466666666666667
12173,14831,WN,30,6.666666666666667,0.0,2.533333333333333
12173,14869,DL,30,10.714285714285714,6.666666666666667,10.678571428571429
12173,14869,HA,30,3.3333333333333335,0.0,1.2666666666666666
12173,14893,HA,30,40.0,0.0,23.333333333333332
12173,14893,WN,30,10.0,0.0,4.766666666666667
12177,11292,OO,30,10.0,0.0,18.166666666666668
12177,12266,OO,30,0.0,0.0,0.4666666666666667
12191,10140,WN,77,15.584415584415584,0.0,6.0
12191,10397,DL,121,5.785123966942149,0.0,1.8677685950413223
12191,10397,WN,129,9.30232558139535,0.0,4.705426356589148
12191,10423,WN,136,14.705882352941178,0.0,6.742647058823529
12191,10599,WN,38,7.894736842105263,0.0,2.763157894736842
12191,10693,WN,138,14.492753623188406,0.0,7.144927536231884
12191,10800,WN,26,19.230769230769234,0.0,8.76923076923077
12191,10821,WN,124,17.741935483870968,0.0,9.64516129032258
12191,10994,WN,8,12.5,0.0,6.875
12191,11057,WN,4,25.0,0.0,10.5
12191,11066,WN,30,10.0,0.0,4.333333333333333
12191,11109,WN,8,0.0,0.0,2.75
12191,11140,WN,77,15.584415584415584,0.0,15.012987012987013
12191,11259,WN,332,13.253012048192772,0.0,6.338368580060423
12191,11278,WN,86,22.093023255813954,0.0,12.376470588235295
12191,11292,WN,188,23.404255319148938,0.0,10.872340425531915
12191,11298,MQ,157,17.8343949044586,0.0,15.78343949044586
12191,11298,OO,29,37.03703703703704,6.896551724137931,18.962962962962962
12191,11481,WN,30,16.666666666666664,0.0,11.9
12191,11540,WN,81,13.580246913580247,0.0,5.888888888888889
12191,11697,WN,60,13.333333333333334,0.0,10.879310344827585
12191,11996,WN,26,3.8461538461538463,0.0,4.0
12191,12206,WN,112,10.714285714285714,0.0,4.883928571428571
12191,12339,WN,34,14.705882352941178,0.0,4.676470588235294
12191,12448,WN,60,18.333333333333332,0.0,7.95
12191,12451,WN,21,23.809523809523807,0.0,12.0
12191,12889,WN,155,16.7741935483871,0.0,7.529032258064516
12191,12892,WN,99,17.17171717171717,0.0,9.737373737373737
12191,12896,WN,8,25.0,0.0,12.75
12191,12953,WN,108,15.74074074074074,0.0,7.4953271028037385
12191,12954,WN,52,5.769230769230769,0.0,4.230769230769231
12191,12992,WN,4,0.0,0.0,0.0
12191,13158,WN,108,6.481481481481481,0.0,2.6481481481481484
12191,13198,WN,77,19.480519480519483,0.0,12.155844155844155
12191,13204,WN,138,10.144927536231885,0.0,6.630434782608695
12191,13232,WN,163,11.11111111111111,0.6134969325153374,7.277777777777778
12191,13244,WN,69,13.043478260869565,0.0,4.956521739130435
12191,13303,WN,25,16.0,0.0,6.36
12191,13495,WN,176,8.522727272727272,0.0,3.5056818181818183
12191,13796,WN,30,46.666666666666664,0.0,23.566666666666666
12191,13851,WN,103,12.62135922330097,0.0,6.640776699029126
12191,13871,WN,30,0.0,0.0,0.8333333333333334
12191,13891,WN,30,10.0,0.0,4.466666666666667
12191,14107,WN,150,20.80536912751678,0.6666666666666667,11.302013422818792
12191,14122,WN,26,19.230769230769234,0.0,10.192307692307692
12191,14193,WN,30,13.333333333333334,0.0,4.4
12191,14314,G4,8,25.0,0.0,8.5
12191,14492,WN,21,14.285714285714285,0.0,10.476190476190476
12191,14635,WN,4,25.0,0.0,6.25
12191,14679,WN,60,16.94915254237288,1.6666666666666667,7.898305084745763
12191,14683,WN,141,7.801418439716312,0.0,4.113475177304965
12191,14685,WN,21,9.523809523809524,0.0,1.8095238095238095
12191,14696,DL,1,0.0,0.0,1.0
12191,14730,WN,21,9.523809523809524,0.0,3.857142857142857
12191,14747,WN,30,16.666666666666664,0.0,8.3
12191,14831,WN,30,30.0,0.0,15.366666666666667
12191,14869,WN,34,2.941176470588235,0.0,2.088235294117647
12191,14893,WN,30,6.666666666666667,0.0,3.3
12191,14986,WN,30,6.666666666666667,0.0,4.833333333333333
12191,15016,WN,125,12.0,0.0,7.072
12191,15304,WN,77,9.090909090909092,0.0,6.922077922077922
12191,15370,WN,55,7.2727272727272725,0.0,6.037037037037037
12191,15376,WN,30,13.333333333333334,0.0,6.433333333333334
12191,15624,WN,21,4.761904761904762,0.0,3.5714285714285716
12197,10154,B6,32,3.125,0.0,3.0
12197,10397,DL,60,16.94915254237288,1.6666666666666667,24.983050847457626
12197,11057,OH,110,15.454545454545453,0.0,14.0
12197,11278,OH,112,30.630630630630627,0.8928571428571428,26.490909090909092
12197,11697,B6,55,18.181818181818183,0.0,12.777777777777779
12197,13204,B6,119,8.403361344537815,0.0,9.327731092436975
12197,13930,MQ,117,10.256410256410255,0.0,5.689655172413793
12197,14027,B6,113,18.91891891891892,1.7699115044247788,9.72072072072072
12197,14635,B6,59,10.16949152542373,0.0,5.47457627118644
12197,14843,B6,30,23.333333333333332,0.0,14.633333333333333
12197,15304,B6,30,3.3333333333333335,0.0,1.6333333333333333
12206,10423,WN,52,9.615384615384617,0.0,5.346153846153846
12206,11259,WN,30,6.666666666666667,0.0,2.7666666666666666
12206,11298,MQ,63,17.46031746031746,0.0,11.26984126984127
12206,11298,OH,57,17.857142857142858,1.7543859649122806,27.964285714285715
12206,12191,WN,112,10.714285714285714,0.0,4.419642857142857
12217,10397,DL,173,4.046242774566474,0.0,1.4855491329479769
12217,11057,MQ,29,20.689655172413794,0.0,15.517241379310345
12217,11057,OH,87,6.896551724137931,0.0,6.149425287356322
12217,11278,MQ,58,29.82456140350877,1.7241379310344827,18.649122807017545
12217,11278,OH,54,18.51851851851852,0.0,22.88888888888889
12217,11292,OO,60,18.333333333333332,0.0,14.116666666666667
12217,11298,AA,30,44.827586206896555,3.3333333333333335,37.93103448275862
12217,11298,MQ,95,17.02127659574468,1.0526315789473684,11.623655913978494
12217,11298,OH,31,30.0,3.225806451612903,58.793103448275865
12217,11298,OO,2,50.0,0.0,22.5
12217,11433,OO,36,5.555555555555555,0.0,5.166666666666667
12217,13930,OO,124,25.0,0.0,18.137096774193548
12223,14112,G4,13,38.46153846153847,0.0,26.076923076923077
12223,14761,G4,8,25.0,0.0,14.5
12223,15624,G4,1,0.0,0.0,0.0
12250,11278,YX,2,0.0,0.0,0.0
12250,12478,B6,30,10.0,0.0,6.533333333333333
12250,12953,YX,2,0.0,0.0,0.0
12250,14100,YX,2,0.0,0.0,1.0
12255,11292,OO,51,13.725490196078432,0.0,13.705882352941176
12264,10140,UA,30,13.333333333333334,0.0,23.333333333333332
12264,10299,UA,7,14.285714285714285,0.0,3.857142857142857
12264,10397,DL,179,14.52513966480447,0.0,12.269662921348315
12264,10397,F9,47,4.25531914893617,0.0,3.382978723404255
12264,10397,UA,89,10.112359550561797,0.0,12.820224719101123
12264,10423,UA,109,7.339449541284404,0.0,5.724770642201835
12264,10431,G4,9,0.0,0.0,0.0
12264,10529,UA,102,12.745098039215685,0.0,5.833333333333333
12264,10529,YX,5,0.0,0.0,0.0
12264,10693,UA,79,8.860759493670885,0.0,6.670886075949367
12264,10721,UA,142,42.142857142857146,1.4084507042253522,29.15
12264,10785,YX,32,15.625,0.0,32.78125
12264,10792,YX,14,35.714285714285715,0.0,18.642857142857142
12264,10849,UA,6,0.0,0.0,0.0
12264,10994,UA,17,5.88235294117647,0.0,3.5294117647058822
12264,10994,YX,33,6.0606060606060606,0.0,6.0606060606060606
12264,11042,UA,85,14.117647058823529,0.0,13.447058823529412
12264,11042,YX,12,8.333333333333332,0.0,1.5833333333333333
12264,11057,AA,2,0.0,0.0,1.0
12264,11057,OH,115,6.140350877192982,0.8695652173913043,4.333333333333333
12264,11057,YX,47,4.25531914893617,0.0,4.595744680851064
12264,11066,UA,69,8.695652173913043,0.0,4.304347826086956
12264,11066,YX,67,26.865671641791046,0.0,26.73134328358209
12264,11193,YX,50,6.0,0.0,7.04
12264,11292,UA,212,14.150943396226415,0.0,7.080568720379147
12264,11292,WN,82,17.073170731707318,0.0,10.073170731707316
12264,11298,AA,88,15.11627906976744,2.272727272727273,31.376470588235293
12264,11298,F9,21,9.523809523809524,0.0,33.38095238095238
12264,11298,UA,76,18.421052631578945,0.0,9.626666666666667
12264,11433,OO,58,6.896551724137931,0.0,3.310344827586207
12264,11433,YX,20,15.0,0.0,6.35
12264,11618,UA,122,28.688524590163933,0.0,23.565573770491802
12264,11697,UA,30,10.0,0.0,6.666666666666667
12264,12173,UA,4,0.0,0.0,0.0
12264,12266,UA,195,7.6923076923076925,0.0,3.682051282051282
12264,12339,UA,5,20.0,0.0,9.4
12264,12339,YX,84,11.904761904761903,0.0,6.571428571428571
12264,12451,UA,27,11.11111111111111,0.0,3.4074074074074074
12264,12451,YX,30,6.896551724137931,3.3333333333333335,2.6551724137931036
12264,12559,OO,30,13.333333333333334,0.0,38.13333333333333
12264,12889,F9,1,100.0,0.0,57.0
12264,12889,UA,90,7.777777777777778,0.0,5.388888888888889
12264,12892,UA,174,9.826589595375722,0.5747126436781609,5.132947976878612
12264,12953,YX,111,17.75700934579439,3.6036036036036037,9.962616822429906
12264,13204,F9,21,14.285714285714285,0.0,7.761904761904762
12264,13204,UA,150,8.666666666666668,0.0,6.342281879194631
12264,13282,OO,30,20.0,0.0,39.46666666666667
12264,13303,F9,17,17.647058823529413,0.0,6.588235294117647
12264,13303,UA,30,0.0,0.0,1.6666666666666667
12264,13487,OO,40,5.0,0.0,1.475
12264,13495,UA,45,4.444444444444445,0.0,3.4444444444444446
12264,13930,UA,203,21.182266009852217,0.0,10.0935960591133
12264,13931,UA,40,2.5,0.0,0.875
12264,13931,YX,28,7.142857142857142,0.0,3.7142857142857144
12264,14027,YX,6,0.0,0.0,0.6666666666666666
12264,14057,UA,30,16.666666666666664,0.0,9.466666666666667
12264,14100,YX,1,100.0,0.0,29.0
12264,14107,UA,57,15.789473684210526,0.0,6.894736842105263
12264,14107,WN,30,40.0,0.0,14.03448275862069
12264,14122,UA,52,11.538461538461538,0.0,6.75
12264,14122,YX,59,8.47457627118644,0.0,6.813559322033898
12264,14307,YX,24,8.333333333333332,0.0,9.375
12264,14321,YX,94,7.526881720430108,1.0638297872340425,4.67741935483871
12264,14492,UA,110,14.678899082568808,0.9090909090909091,9.477064220183486
12264,14492,YX,30,3.3333333333333335,0.0,0.9
12264,14524,YX,1,0.0,0.0,0.0
12264,14635,UA,30,13.333333333333334,0.0,13.766666666666667
12264,14679,AS,30,26.666666666666668,0.0,11.10344827586207
12264,14679,UA,89,4.49438202247191,0.0,1.7241379310344827
12264,14683,UA,51,9.803921568627452,0.0,8.705882352941176
12264,14685,YX,21,4.761904761904762,0.0,1.6666666666666667
12264,14696,YX,30,13.333333333333334,0.0,10.1
12264,14730,YX,24,0.0,0.0,0.9583333333333334
12264,14747,AS,90,7.777777777777778,0.0,3.4
12264,14747,DL,30,10.0,0.0,4.866666666666666
12264,14747,UA,59,6.779661016949152,0.0,4.694915254237288
12264,14771,UA,206,12.62135922330097,0.0,9.830097087378642
12264,14843,UA,13,23.076923076923077,0.0,5.0
12264,14869,DL,30,6.666666666666667,0.0,8.0
12264,14869,UA,30,20.0,0.0,12.666666666666666
12264,14893,UA,30,13.333333333333334,0.0,10.533333333333333
12264,15024,UA,4,0.0,0.0,0.25
12264,15096,YX,11,9.090909090909092,0.0,1.6363636363636365
12264,15304,F9,17,0.0,0.0,0.0
12264,15304,UA,105,21.904761904761905,0.0,10.838095238095239
12264,15412,G4,1,0.0,0.0,0.0
12264,15624,G4,9,33.33333333333333,0.0,30.22222222222222
12265,13577,G4,8,12.5,0.0,31.75
12265,14082,G4,9,22.22222222222222,0.0,6.222222222222222
12265,14112,G4,8,37.5,0.0,14.75
12265,14761,G4,1,0.0,0.0,0.0
12266,10140,UA,30,36.666666666666664,0.0,16.933333333333334
12266,10299,UA,24,8.333333333333332,0.0,3.1666666666666665
12266,10372,OO,30,16.666666666666664,0.0,15.333333333333334
12266,10397,DL,209,6.25,0.4784688995215311,3.201923076923077
12266,10397,F9,51,19.607843137254903,0.0,8.941176470588236
12266,10397,NK,30,3.3333333333333335,0.0,2.3333333333333335
12266,10397,UA,94,10.638297872340425,0.0,4.0212765957446805
12266,10423,UA,237,12.236286919831224,0.0,6.151898734177215
12266,10693,OO,30,10.0,0.0,6.433333333333334
12266,10693,UA,79,20.253164556962027,0.0,8.448717948717949
12266,10721,B6,32,62.5,0.0,44.8125
12266,10721,UA,126,37.6,0.7936507936507936,29.32
12266,10781,OO,6,0.0,0.0,0.0
12266,10821,NK,46,23.91304347826087,0.0,16.804347826086957
12266,10821,OO,1,0.0,0.0,1.0
12266,10821,UA,59,13.559322033898304,0.0,6.517241379310345
12266,10849,UA,6,0.0,0.0,0.16666666666666666
12266,11042,UA,60,10.0,0.0,5.9491525423728815
12266,11057,AA,128,12.598425196850393,0.78125,52.595238095238095
12266,11057,F9,17,17.647058823529413,0.0,12.058823529411764
12266,11057,UA,30,6.666666666666667,0.0,5.266666666666667
12266,11066,UA,56,12.5,0.0,8.5
12266,11109,OO,30,16.666666666666664,0.0,5.266666666666667
12266,11140,OO,58,3.4482758620689653,0.0,1.4137931034482758
12266,11193,F9,7,14.285714285714285,0.0,2.7142857142857144
12266,11193,UA,59,25.423728813559322,0.0,10.677966101694915
12266,11278,UA,202,19.306930693069308,0.0,10.757425742574258
12266,11278,YX,70,20.0,0.0,9.471428571428572
12266,11292,F9,52,21.153846153846153,0.0,8.826923076923077
12266,11292,UA,331,17.575757575757574,0.3021148036253776,8.806060606060607
12266,11298,AA,194,17.647058823529413,3.608247422680412,25.764705882352942
12266,11298,MQ,83,20.73170731707317,1.2048192771084338,13.207317073170731
12266,11298,UA,221,20.361990950226243,0.0,12.85972850678733
12266,11423,UA,30,23.333333333333332,0.0,9.766666666666667
12266,11433,DL,107,9.345794392523365,0.0,8.16822429906542
12266,11433,NK,49,10.204081632653061,0.0,4.081632653061225
12266,11433,UA,24,16.666666666666664,0.0,4.416666666666667
12266,11540,OO,4,0.0,0.0,0.5
12266,11618,NK,26,15.384615384615385,0.0,7.961538461538462
12266,11618,UA,300,18.333333333333332,0.0,14.066666666666666
12266,11697,NK,90,15.730337078651685,1.1111111111111112,13.0561797752809
12266,11697,UA,107,6.5420560747663545,0.0,4.252336448598131
12266,12173,UA,30,10.0,0.0,7.833333333333333
12266,12177,OO,30,10.0,0.0,4.266666666666667
12266,12264,UA,193,7.253886010362693,0.0,5.4974093264248705
12266,12278,OO,30,3.3333333333333335,0.0,1.0333333333333334
12266,12278,UA,22,36.36363636363637,0.0,15.954545454545455
12266,12339,UA,60,16.666666666666664,0.0,10.2
12266,12451,UA,36,8.333333333333332,0.0,6.194444444444445
12266,12478,DL,23,4.3478260869565215,0.0,5.043478260869565
12266,12889,F9,17,35.294117647058826,0.0,11.705882352941176
12266,12889,NK,59,6.779661016949152,0.0,7.135593220338983
12266,12889,UA,179,18.435754189944134,0.0,9.606741573033707
12266,12892,DL,51,9.803921568627452,0.0,4.176470588235294
12266,12892,F9,21,19.047619047619047,0.0,9.857142857142858
12266,12892,NK,60,18.333333333333332,0.0,11.11864406779661
12266,12892,OO,48,20.833333333333336,0.0,13.5625
12266,12892,UA,260,11.153846153846155,0.0,7.5115384615384615
12266,12915,OO,18,0.0,0.0,0.5555555555555556
12266,12951,OO,32,9.375,0.0,5.3125
12266,12953,DL,112,9.00900900900901,0.8928571428571428,5.081818181818182
12266,12953,NK,30,23.333333333333332,0.0,9.6
12266,12953,UA,227,15.418502202643172,0.0,8.47136563876652
12266,12992,OO,32,9.375,0.0,3.59375
12266,13158,OO,20,20.0,0.0,7.6
12266,13158,UA,54,12.962962962962962,0.0,7.648148148148148
12266,13198,UA,30,13.333333333333334,0.0,12.133333333333333
12266,13204,F9,30,20.0,0.0,33.833333333333336
12266,13204,NK,60,16.666666666666664,0.0,17.666666666666668
12266,13204,UA,181,6.077348066298343,0.0,4.889502762430939
12266,13232,F9,17,17.647058823529413,0.0,16.352941176470587
12266,13241,OO,51,9.803921568627452,0.0,7.2745098039215685
12266,13244,OO,71,7.042253521126761,0.0,6.422535211267606
12266,13244,UA,30,10.0,0.0,5.9
12266,13256,OO,6,0.0,0.0,0.16666666666666666
12266,13256,UA,30,16.666666666666664,0.0,6.533333333333333
12266,13303,AA,92,13.043478260869565,0.0,29.619565217391305
12266,13303,F9,13,15.384615384615385,0.0,65.0
12266,13303,MQ,28,32.142857142857146,0.0,16.892857142857142
12266,13303,NK,47,23.91304347826087,2.127659574468085,28.717391304347824
12266,13303,UA,96,18.75,0.0,12.104166666666666
12266,13342,OO,30,6.666666666666667,0.0,5.0
12266,13487,DL,107,11.214953271028037,0.0,11.462264150943396
12266,13487,UA,30,16.666666666666664,0.0,8.733333333333333
12266,13495,NK,43,9.30232558139535,0.0,3.0930232558139537
12266,13495,UA,237,8.016877637130802,0.0,4.345991561181434
12266,13851,OO,61,18.0327868852459,0.0,25.770491803278688
12266,13851,UA,19,0.0,0.0,0.05263157894736842
12266,13871,UA,60,20.0,0.0,7.8
12266,13891,F9,13,23.076923076923077,0.0,12.23076923076923
12266,13891,UA,30,16.666666666666664,0.0,12.6
12266,13930,AA,87,26.436781609195403,0.0,26.75862068965517
12266,13930,F9,16,18.75,0.0,61.3125
12266,13930,MQ,46,19.565217391304348,0.0,11.673913043478262
12266,13930,NK,42,2.4390243902439024,2.380952380952381,2.1951219512195124
12266,13930,UA,329,11.246200607902736,0.0,5.580547112462006
12266,13930,YX,11,18.181818181818183,0.0,19.727272727272727
12266,14027,UA,6,16.666666666666664,0.0,7.166666666666667
12266,14057,AS,30,13.333333333333334,0.0,5.8
12266,14057,UA,66,16.666666666666664,0.0,9.469696969696969
12266,14100,AA,69,14.492753623188406,0.0,13.81159420289855
12266,14100,OH,4,0.0,0.0,0.3333333333333333
12266,14100,UA,64,10.9375,0.0,7.25
12266,14107,AA,48,19.148936170212767,2.083333333333333,70.0
12266,14107,F9,21,9.523809523809524,0.0,1.95
12266,14107,UA,122,18.0327868852459,0.0,14.834710743801653
12266,14109,OO,51,15.686274509803921,0.0,13.294117647058824
12266,14122,UA,49,22.448979591836736,0.0,10.306122448979592
12266,14193,OO,30,23.333333333333332,0.0,16.433333333333334
12266,14193,UA,30,10.0,0.0,5.133333333333334
12266,14321,OO,1,100.0,0.0,23.0
12266,14492,F9,17,0.0,0.0,0.9411764705882353
12266,14492,UA,57,8.771929824561402,0.0,6.0
12266,14635,UA,36,19.444444444444446,0.0,11.583333333333334
12266,14679,UA,137,11.029411764705882,0.7299270072992701,7.610294117647059
12266,14683,OO,3,0.0,0.0,1.3333333333333333
12266,14683,UA,226,12.831858407079647,0.0,7.725663716814159
12266,14696,UA,1,0.0,0.0,7.0
12266,14696,YX,1,0.0,0.0,0.0
12266,14747,AS,81,9.876543209876543,0.0,5.925925925925926
12266,14747,UA,118,16.94915254237288,0.0,10.076271186440678
12266,14771,UA,289,10.726643598615917,0.0,6.176470588235294
12266,14814,OO,119,15.126050420168067,0.0,5.487394957983193
12266,14831,UA,29,3.4482758620689653,0.0,0.5862068965517241
12266,14843,NK,8,25.0,0.0,39.25
12266,14843,UA,60,8.333333333333332,0.0,2.95
12266,14869,DL,77,5.194805194805195,0.0,6.181818181818182
12266,14869,UA,84,13.095238095238097,0.0,4.988095238095238
12266,14877,OO,30,3.3333333333333335,0.0,1.3
12266,14893,UA,58,17.24137931034483,0.0,6.241379310344827
12266,14908,UA,90,12.222222222222221,0.0,5.377777777777778
12266,15016,UA,50,20.0,0.0,7.06
12266,15024,UA,1,0.0,0.0,0.0
12266,15304,F9,17,5.88235294117647,0.0,4.882352941176471
12266,15304,NK,28,17.857142857142858,0.0,16.178571428571427
12266,15304,UA,90,10.0,0.0,4.752808988764045
12266,15370,OO,58,12.068965517241379,0.0,8.017241379310345
12266,15370,UA,62,21.311475409836063,1.6129032258064515,12.21311475409836
12266,15376,OO,4,25.0,0.0,5.75
12266,15376,UA,7,42.857142857142854,0.0,21.285714285714285
12266,15569,OO,46,10.869565217391305,0.0,47.69565217391305
12266,15919,OO,6,0.0,0.0,2.1666666666666665
12278,10397,DL,112,8.035714285714286,0.0,5.955357142857143
12278,10466,G4,8,0.0,0.0,0.625
12278,11278,OH,2,0.0,0.0,0.0
12278,11278,YX,24,33.33333333333333,0.0,13.916666666666666
12278,11292,OO,115,13.91304347826087,0.0,8.895652173913044
12278,11292,UA,30,30.0,0.0,10.466666666666667
12278,11292,WN,60,28.333333333333332,0.0,19.05
12278,11298,MQ,50,16.3265306122449,2.0,15.395833333333334
12278,11298,OH,131,16.40625,2.2900763358778624,11.724409448818898
12278,11298,OO,28,17.857142857142858,0.0,35.07142857142857
12278,12266,OO,30,6.666666666666667,0.0,4.733333333333333
12278,12266,UA,22,4.761904761904762,4.545454545454546,1.2857142857142858
12278,12889,G4,9,66.66666666666666,0.0,33.333333333333336
12278,12889,WN,30,13.333333333333334,0.0,6.966666666666667
12278,13487,OO,56,19.642857142857142,0.0,13.053571428571429
12278,13930,OO,132,27.692307692307693,1.5151515151515151,24.16923076923077
12278,13930,UA,30,16.666666666666664,0.0,8.9
12278,14107,MQ,27,7.4074074074074066,0.0,3.925925925925926
12278,14107,OO,3,0.0,0.0,0.0
12278,14112,G4,1,0.0,0.0,0.0
12278,15016,WN,56,14.285714285714285,0.0,5.625
12280,10466,G4,17,29.411764705882355,0.0,40.23529411764706
12280,11292,OO,164,18.902439024390244,0.0,22.607361963190183
12280,11298,OO,60,13.559322033898304,1.6666666666666667,14.03448275862069
12280,12889,G4,9,22.22222222222222,0.0,19.22222222222222
12280,13796,G4,1,0.0,0.0,0.0
12280,13930,OO,30,43.333333333333336,0.0,29.821428571428573
12280,14869,DL,30,0.0,0.0,1.3666666666666667
12280,14869,OO,67,5.970149253731343,0.0,3.014925373134328
12280,14908,G4,9,55.55555555555556,0.0,171.77777777777777
12323,10397,DL,114,3.508771929824561,0.0,3.2982456140350878
12323,10721,B6,30,33.33333333333333,0.0,22.1
12323,10721,MQ,30,44.827586206896555,3.3333333333333335,29.862068965517242
12323,10721,YX,9,11.11111111111111,0.0,15.666666666666666
12323,11057,AA,158,12.101910828025478,0.6329113924050633,10.987261146496815
12323,11057,OH,62,8.064516129032258,0.0,9.629032258064516
12323,11278,OH,90,17.045454545454543,2.2222222222222223,12.431818181818182
12323,11298,AA,55,20.754716981132077,3.6363636363636362,14.20754716981132
12323,11298,MQ,5,0.0,0.0,2.6
12323,12953,YX,78,6.578947368421052,2.564102564102564,8.973684210526315
12323,13303,MQ,30,6.666666666666667,0.0,2.7
12323,13487,DL,3,33.33333333333333,0.0,23.0
12323,13930,MQ,31,9.67741935483871,0.0,5.032258064516129
12323,14100,OH,3,0.0,0.0,0.0
12335,11433,OO,30,10.0,0.0,10.233333333333333
12335,13487,OO,30,16.666666666666664,0.0,21.166666666666668
12339,10397,DL,239,2.510460251046025,0.0,1.6317991631799162
12339,10397,F9,9,22.22222222222222,0.0,7.111111111111111
12339,10397,WN,30,23.333333333333332,0.0,7.733333333333333
12339,10423,OO,30,0.0,0.0,0.1
12339,10423,WN,47,12.76595744680851,0.0,6.276595744680851
12339,10693,WN,30,13.333333333333334,0.0,5.8
12339,10721,MQ,24,39.130434782608695,4.166666666666666,25.652173913043477
12339,10721,YX,136,39.097744360902254,2.2058823529411766,24.037593984962406
12339,10821,WN,95,14.736842105263156,0.0,13.421052631578947
12339,11057,AA,140,11.428571428571429,0.0,5.503597122302159
12339,11057,NK,8,37.5,0.0,38.625
12339,11259,WN,47,10.638297872340425,0.0,7.425531914893617
12339,11278,AA,24,26.08695652173913,4.166666666666666,14.478260869565217
12339,11278,MQ,4,0.0,25.0,0.0
12339,11278,OH,4,25.0,0.0,4.75
12339,11278,YX,140,19.28571428571429,0.0,12.807142857142857
12339,11292,F9,21,33.33333333333333,0.0,18.142857142857142
12339,11292,UA,81,13.580246913580247,0.0,13.296296296296296
12339,11292,WN,111,18.01801801801802,0.0,8.288288288288289
12339,11298,AA,175,17.647058823529413,2.857142857142857,21.95294117647059
12339,11298,F9,13,38.46153846153847,0.0,27.307692307692307
12339,11298,MQ,4,25.0,0.0,8.5
12339,11298,NK,8,0.0,0.0,0.0
12339,11433,OO,82,4.878048780487805,0.0,2.451219512195122
12339,11618,NK,30,0.0,0.0,0.8333333333333334
12339,11618,YX,169,12.048192771084338,1.7751479289940828,13.234939759036145
12339,11697,G4,8,0.0,0.0,0.875
12339,11697,NK,50,22.448979591836736,2.0,37.857142857142854
12339,11697,WN,21,4.761904761904762,0.0,2.6666666666666665
12339,12191,WN,34,11.76470588235294,0.0,4.323529411764706
12339,12264,UA,5,0.0,0.0,2.2
12339,12264,YX,84,11.904761904761903,0.0,14.571428571428571
12339,12266,UA,60,6.666666666666667,0.0,4.05
12339,12478,YX,94,8.51063829787234,0.0,7.74468085106383
12339,12889,G4,1,0.0,0.0,0.0
12339,12889,NK,20,10.0,0.0,16.45
12339,12889,WN,77,19.480519480519483,0.0,8.342105263157896
12339,12892,AA,28,18.51851851851852,3.571428571428571,7.333333333333333
12339,12892,DL,27,7.4074074074074066,0.0,1.9259259259259258
12339,12892,NK,9,11.11111111111111,0.0,7.333333333333333
12339,12953,YX,218,11.926605504587156,0.0,5.9953917050691246
12339,13198,WN,30,6.666666666666667,0.0,5.233333333333333
12339,13204,F9,20,20.0,0.0,7.15
12339,13204,NK,50,4.0,0.0,5.68
12339,13204,WN,81,22.22222222222222,0.0,11.765432098765432
12339,13232,WN,60,11.666666666666666,0.0,7.0
12339,13303,AA,32,18.75,0.0,9.84375
12339,13303,MQ,20,25.0,0.0,19.8
12339,13487,DL,107,17.92452830188679,0.9345794392523363,15.40566037735849
12339,13930,AA,12,66.66666666666666,0.0,48.833333333333336
12339,13930,MQ,51,17.647058823529413,0.0,23.49019607843137
12339,13930,OO,33,25.0,3.0303030303030303,8.6875
12339,13930,UA,92,28.26086956521739,0.0,22.0
12339,13930,YX,203,9.405940594059405,0.49261083743842365,6.351485148514851
12339,14057,G4,1,0.0,0.0,0.0
12339,14082,G4,18,11.11111111111111,0.0,2.7222222222222223
12339,14100,AA,68,23.88059701492537,1.4705882352941175,12.447761194029852
12339,14100,OH,4,0.0,25.0,0.0
12339,14100,YX,30,0.0,0.0,1.3
12339,14107,AA,42,11.904761904761903,0.0,31.878048780487806
12339,14107,WN,56,19.642857142857142,0.0,9.017857142857142
12339,14112,G4,12,0.0,0.0,1.0833333333333333
12339,14492,F9,1,0.0,0.0,0.0
12339,14635,WN,30,13.333333333333334,0.0,12.448275862068966
12339,14679,WN,30,30.0,0.0,11.3
12339,14747,AS,51,25.49019607843137,0.0,8.235294117647058
12339,14761,G4,10,10.0,0.0,5.111111111111111
12339,14771,UA,34,8.823529411764707,0.0,3.7941176470588234
12339,14869,DL,30,3.3333333333333335,0.0,1.3
12339,14986,G4,10,10.0,0.0,35.5
12339,14986,WN,4,0.0,0.0,0.75
12339,15304,F9,7,0.0,0.0,1.2857142857142858
12339,15304,NK,21,0.0,0.0,1.4285714285714286
12339,15304,WN,51,21.568627450980394,0.0,16.941176470588236
12339,15624,G4,4,0.0,0.0,0.75
12343,13487,OO,56,12.5,0.0,8.375
12391,10821,WN,90,4.444444444444445,0.0,5.3
12391,11697,B6,18,27.77777777777778,0.0,11.058823529411764
12391,13204,B6,30,23.333333333333332,0.0,16.448275862068964
12391,13204,F9,31,16.129032258064516,0.0,7.870967741935484
12391,13204,WN,47,17.02127659574468,0.0,9.27659574468085
12391,13577,F9,13,0.0,0.0,0.0
12391,14027,B6,30,23.333333333333332,0.0,7.5
12391,14027,WN,56,25.0,0.0,15.321428571428571
12391,15304,F9,28,18.51851851851852,3.571428571428571,20.333333333333332
12391,15304,WN,8,37.5,0.0,27.25
12402,12173,HA,346,6.9364161849710975,0.0,3.841040462427746
12402,12173,WN,150,2.013422818791946,0.6666666666666667,2.033557046979866
12402,13830,HA,26,7.6923076923076925,0.0,2.3076923076923075
12441,10397,DL,30,31.03448275862069,3.3333333333333335,17.310344827586206
12441,11057,AA,30,23.333333333333332,0.0,75.0
12441,11292,OO,36,5.555555555555555,0.0,4.055555555555555
12441,11292,UA,114,27.192982456140353,0.0,21.04385964912281
12441,11298,AA,90,23.595505617977526,1.1111111111111112,47.88636363636363
12441,11618,UA,17,26.666666666666668,11.76470588235294,13.6
12441,12892,OO,61,14.754098360655737,0.0,8.55
12441,12892,UA,17,5.88235294117647,0.0,2.823529411764706
12441,13487,DL,1,100.0,0.0,16.0
12441,13930,AA,60,28.333333333333332,0.0,24.6
12441,13930,UA,56,19.642857142857142,0.0,13.375
12441,14747,OO,30,6.666666666666667,0.0,4.433333333333334
12441,14771,UA,25,16.0,0.0,15.083333333333334
12441,14869,DL,70,11.428571428571429,0.0,6.9
12441,14869,OO,32,9.375,0.0,4.75
12448,10397,DL,176,8.522727272727272,0.0,7.823863636363637
12448,10693,WN,30,3.3333333333333335,0.0,3.3
12448,10821,WN,26,3.8461538461538463,0.0,1.6153846153846154
12448,11057,OH,58,7.017543859649122,1.7241379310344827,3.6140350877192984
12448,11278,OH,26,3.8461538461538463,0.0,2.076923076923077
12448,11298,MQ,120,11.016949152542372,1.6666666666666667,6.793103448275862
12448,11298,OH,29,6.896551724137931,0.0,4.344827586206897
12448,11298,OO,8,25.0,0.0,12.0
12448,12191,WN,60,10.0,0.0,4.833333333333333
12451,10397,DL,295,7.118644067796611,0.0,10.27457627118644
12451,10397,F9,8,0.0,0.0,0.0
12451,10423,OO,30,6.666666666666667,0.0,7.133333333333334
12451,10693,WN,86,8.13953488372093,0.0,5.930232558139535
12451,10721,B6,48,61.702127659574465,2.083333333333333,34.829787234042556
12451,10721,YX,77,36.84210526315789,1.2987012987012987,30.736842105263158
12451,10821,WN,107,7.476635514018691,0.0,4.018691588785047
12451,10874,G4,1,0.0,0.0,0.0
12451,11057,AA,125,12.8,0.0,5.467741935483871
12451,11193,G4,9,22.22222222222222,0.0,6.888888888888889
12451,11259,WN,26,38.46153846153847,0.0,13.73076923076923
12451,11278,AA,111,25.225225225225223,0.0,20.90990990990991
12451,11278,OH,1,100.0,0.0,29.0
12451,11278,YX,4,25.0,0.0,6.0
12451,11292,UA,36,11.11111111111111,0.0,3.9166666666666665
12451,11292,WN,30,26.666666666666668,0.0,12.433333333333334
12451,11298,AA,127,14.516129032258066,2.3622047244094486,33.10569105691057
12451,11423,G4,8,0.0,0.0,0.0
12451,11433,DL,51,7.8431372549019605,0.0,3.9411764705882355
12451,11618,UA,86,9.411764705882353,1.1627906976744187,10.470588235294118
12451,11618,YX,1,100.0,0.0,38.0
12451,11986,G4,9,0.0,0.0,0.6666666666666666
12451,12191,WN,21,0.0,0.0,0.0
12451,12264,UA,27,3.7037037037037033,0.0,1.8518518518518519
12451,12264,YX,30,0.0,3.3333333333333335,0.034482758620689655
12451,12266,UA,36,2.7777777777777777,0.0,1.3333333333333333
12451,12478,B6,82,24.691358024691358,1.2195121951219512,10.444444444444445
12451,12478,DL,30,17.24137931034483,3.3333333333333335,17.310344827586206
12451,12953,DL,4,50.0,0.0,26.25
12451,12953,YX,17,17.647058823529413,0.0,8.823529411764707
12451,13230,G4,1,0.0,0.0,5.0
12451,13232,WN,30,16.666666666666664,0.0,4.8
12451,13303,AA,36,5.555555555555555,0.0,2.1944444444444446
12451,13303,MQ,78,24.358974358974358,0.0,18.358974358974358
12451,13303,YX,4,0.0,0.0,2.5
12451,13487,DL,30,6.666666666666667,0.0,2.033333333333333
12451,13930,AA,60,11.666666666666666,0.0,10.152542372881356
12451,13930,MQ,11,9.090909090909092,0.0,4.2727272727272725
12451,13930,UA,75,22.666666666666664,0.0,10.573333333333334
12451,14100,AA,70,17.142857142857142,0.0,7.742857142857143
12451,14100,F9,17,11.76470588235294,0.0,11.411764705882353
12451,14100,OH,30,10.0,0.0,6.9
12451,14107,AA,25,20.833333333333336,4.0,17.791666666666668
12451,14122,G4,8,0.0,0.0,1.625
12451,15016,WN,56,5.357142857142857,0.0,1.9285714285714286
12451,15412,G4,9,22.22222222222222,0.0,23.22222222222222
12478,10140,B6,26,42.30769230769231,0.0,22.96153846153846
12478,10154,B6,32,15.625,0.0,6.4375
12478,10154,YX,7,14.285714285714285,0.0,15.142857142857142
12478,10397,B6,90,19.101123595505616,1.1111111111111112,20.84269662921348
12478,10397,DL,216,12.962962962962962,0.0,9.018518518518519
12478,10397,F9,82,18.29268292682927,0.0,14.012195121951219
12478,10423,AA,59,18.64406779661017,0.0,26.491525423728813
12478,10423,DL,115,12.173913043478262,0.0,7.260869565217392
12478,10529,B6,30,20.0,0.0,9.333333333333334
12478,10693,B6,56,25.0,0.0,10.589285714285714
12478,10693,YX,88,13.793103448275861,1.1363636363636365,12.310344827586206
12478,10721,B6,244,32.63598326359833,2.0491803278688523,25.523012552301257
12478,10721,DL,30,30.0,0.0,24.866666666666667
12478,10721,YX,273,35.2059925093633,2.197802197802198,28.484962406015036
12478,10732,B6,32,28.125,0.0,12.9375
12478,10792,B6,120,19.327731092436977,0.8333333333333334,19.50420168067227
12478,10800,B6,30,23.333333333333332,0.0,27.0
12478,10849,B6,1,0.0,0.0,0.0
12478,10849,DL,2,0.0,0.0,0.0
12478,10994,B6,48,2.083333333333333,0.0,1.5208333333333333
12478,11042,YX,60,8.47457627118644,1.6666666666666667,5.491525423728813
12478,11057,AA,176,16.091954022988507,1.1363636363636365,24.735632183908045
12478,11057,YX,30,13.333333333333334,0.0,12.8
12478,11066,YX,150,18.243243243243242,1.3333333333333335,11.54054054054054
12478,11193,YX,60,6.779661016949152,1.6666666666666667,4.796610169491525
12478,11278,B6,54,30.18867924528302,1.8518518518518516,27.07547169811321
12478,11278,YX,208,13.658536585365855,1.4423076923076923,9.95609756097561
12478,11292,B6,32,6.25,0.0,6.53125
12478,11292,DL,87,13.793103448275861,0.0,12.976744186046512
12478,11298,AA,120,16.101694915254235,1.6666666666666667,16.4017094017094
12478,11298,DL,37,30.555555555555557,2.7027027027027026,52.916666666666664
12478,11298,F9,29,13.793103448275861,0.0,4.448275862068965
12478,11433,B6,50,18.0,0.0,10.34
12478,11433,DL,87,10.344827586206897,0.0,5.563218390804598
12478,11697,B6,139,22.463768115942027,0.7194244604316548,12.328467153284672
12478,11697,DL,120,16.666666666666664,0.0,12.598290598290598
12478,12173,DL,21,5.0,4.761904761904762,2.7
12478,12173,HA,31,20.0,3.225806451612903,38.53333333333333
12478,12250,B6,30,10.0,0.0,8.866666666666667
12478,12266,DL,23,13.043478260869565,0.0,4.217391304347826
12478,12339,YX,94,20.212765957446805,0.0,18.51063829787234
12478,12451,B6,81,25.0,1.2345679012345678,13.35
12478,12451,DL,30,20.689655172413794,3.3333333333333335,17.413793103448278
12478,12889,AA,30,10.0,0.0,2.1666666666666665
12478,12889,B6,140,15.714285714285714,0.0,12.964028776978417
12478,12889,DL,137,21.897810218978105,0.0,10.467153284671532
12478,12889,F9,30,20.0,0.0,6.866666666666666
12478,12892,AA,265,15.530303030303031,0.37735849056603776,16.931818181818183
12478,12892,B6,282,15.24822695035461,0.0,9.670212765957446
12478,12892,DL,279,19.272727272727273,1.4336917562724014,19.14909090909091
12478,12892,F9,30,20.0,0.0,51.6
12478,13204,B6,169,18.452380952380953,0.591715976331361,12.851190476190476
12478,13204,DL,150,14.666666666666666,0.0,10.46
12478,13204,F9,30,20.0,0.0,14.666666666666666
12478,13296,B6,2,50.0,0.0,85.5
12478,13303,AA,210,21.5311004784689,0.4761904761904762,17.110576923076923
12478,13303,DL,120,20.0,0.0,19.764705882352942
12478,13303,F9,29,10.344827586206897,0.0,4.310344827586207
12478,13487,DL,90,8.88888888888889,0.0,11.55056179775281
12478,13495,B6,22,13.636363636363635,0.0,6.409090909090909
12478,13495,DL,60,11.666666666666666,0.0,10.666666666666666
12478,13541,B6,32,15.625,0.0,4.90625
12478,13541,YX,7,0.0,0.0,0.0
12478,13891,B6,30,33.33333333333333,0.0,26.766666666666666
12478,13930,AA,28,7.142857142857142,0.0,5.071428571428571
12478,13930,B6,48,18.75,0.0,24.833333333333332
12478,13930,YX,89,17.24137931034483,2.247191011235955,10.827586206896552
12478,13931,YX,60,10.16949152542373,1.6666666666666667,4.11864406779661
12478,14027,B6,86,29.411764705882355,1.1627906976744187,15.058823529411764
12478,14027,DL,60,13.333333333333334,0.0,8.683333333333334
12478,14057,AS,30,10.344827586206897,3.3333333333333335,7.413793103448276
12478,14057,DL,60,15.0,0.0,11.466666666666667
12478,14107,AA,90,14.606741573033707,1.1111111111111112,19.318181818181817
12478,14107,B6,30,36.666666666666664,0.0,17.620689655172413
12478,14107,DL,77,20.77922077922078,0.0,20.272727272727273
12478,14122,B6,58,24.561403508771928,1.7241379310344827,16.07017543859649
12478,14122,YX,120,14.655172413793101,3.3333333333333335,16.28448275862069
12478,14254,B6,2,0.0,0.0,0.0
12478,14307,B6,30,23.333333333333332,0.0,14.6
12478,14321,B6,48,20.833333333333336,0.0,18.604166666666668
12478,14492,B6,54,9.433962264150944,1.8518518518518516,4.566037735849057
12478,14492,YX,143,21.98581560283688,1.3986013986013985,16.106382978723403
12478,14570,B6,2,0.0,0.0,3.0
12478,14576,B6,60,20.0,0.0,10.266666666666667
12478,14635,B6,57,8.771929824561402,0.0,6.842105263157895
12478,14635,DL,30,3.3333333333333335,0.0,2.033333333333333
12478,14679,AS,60,39.6551724137931,3.3333333333333335,23.473684210526315
12478,14679,B6,60,12.068965517241379,3.3333333333333335,7.631578947368421
12478,14679,DL,86,18.823529411764707,1.1627906976744187,9.30952380952381
12478,14683,DL,30,10.0,0.0,9.2
12478,14685,B6,24,12.5,0.0,7.958333333333333
12478,14685,YX,23,8.695652173913043,0.0,2.782608695652174
12478,14747,AS,120,19.327731092436977,0.8333333333333334,15.193277310924369
12478,14747,B6,30,17.24137931034483,3.3333333333333335,8.03448275862069
12478,14747,DL,120,12.5,0.0,10.252100840336135
12478,14771,AA,120,13.333333333333334,0.0,9.85
12478,14771,AS,90,14.772727272727273,2.2222222222222223,10.193181818181818
12478,14771,B6,176,15.909090909090908,0.0,13.215909090909092
12478,14771,DL,193,12.953367875647666,0.0,9.223958333333334
12478,14843,B6,125,28.799999999999997,0.0,16.256
12478,14843,DL,90,20.0,0.0,10.644444444444444
12478,14843,F9,30,43.333333333333336,0.0,24.3
12478,14869,B6,30,26.666666666666668,0.0,14.8
12478,14869,DL,120,12.5,0.0,8.9
12478,14893,B6,30,43.333333333333336,0.0,20.566666666666666
12478,14908,AA,30,10.0,0.0,4.566666666666666
12478,14986,B6,30,10.0,0.0,4.833333333333333
12478,15024,AA,2,0.0,0.0,0.0
12478,15096,B6,30,17.24137931034483,3.3333333333333335,9.448275862068966
12478,15304,B6,62,16.129032258064516,0.0,8.709677419354838
12478,15304,DL,90,12.222222222222221,0.0,6.955555555555556
12478,15304,F9,30,6.666666666666667,0.0,3.4
12511,11292,OO,30,40.0,0.0,59.03333333333333
12511,13930,OO,30,20.0,0.0,26.275862068965516
12519,11292,OO,51,17.647058823529413,0.0,14.372549019607844
12523,10299,AS,120,13.793103448275861,3.3333333333333335,10.344827586206897
12523,12819,AS,30,6.666666666666667,0.0,5.533333333333333
12523,14256,AS,30,10.0,0.0,9.482758620689655
12523,14747,AS,150,22.602739726027394,2.666666666666667,16.089041095890412
12523,14747,DL,30,16.666666666666664,0.0,36.03333333333333
12523,14828,AS,60,10.0,0.0,9.516666666666667
12523,15991,AS,30,3.3333333333333335,0.0,0.8620689655172413
12544,11697,G4,9,55.55555555555556,0.0,45.0
12544,14082,G4,9,0.0,0.0,0.1111111111111111
12544,14112,G4,17,29.411764705882355,0.0,10.235294117647058
12544,14761,G4,17,41.17647058823529,0.0,77.94117647058823
12559,12264,OO,30,16.666666666666664,0.0,25.5
12559,13930,OO,30,13.333333333333334,0.0,38.2
12758,11292,UA,30,6.666666666666667,0.0,9.166666666666666
12758,12173,HA,424,6.839622641509433,0.0,4.122641509433962
12758,12173,WN,146,1.3986013986013985,2.054794520547945,0.4825174825174825
12758,12889,WN,30,0.0,3.3333333333333335,0.0
12758,12892,AA,30,16.666666666666664,0.0,50.1
12758,12892,AS,30,3.3333333333333335,0.0,1.7666666666666666
12758,12892,DL,30,3.3333333333333335,0.0,2.466666666666667
12758,12892,UA,30,3.3333333333333335,0.0,1.0
12758,12982,HA,30,0.0,0.0,0.5333333333333333
12758,13830,HA,90,4.444444444444445,0.0,2.977777777777778
12758,13830,WN,30,6.666666666666667,0.0,3.566666666666667
12758,14057,AS,30,23.333333333333332,0.0,8.433333333333334
12758,14107,AA,30,3.4482758620689653,3.3333333333333335,1.0
12758,14679,AS,30,6.666666666666667,0.0,4.931034482758621
12758,14747,AS,81,16.25,1.2345679012345678,11.3375
12758,14747,DL,30,6.666666666666667,0.0,6.6
12758,14771,AS,17,17.647058823529413,0.0,10.352941176470589
12758,14771,UA,60,3.3333333333333335,0.0,4.516666666666667
12758,14831,AS,13,7.6923076923076925,0.0,3.0
12758,14893,HA,13,7.6923076923076925,0.0,3.5384615384615383
12758,14893,WN,30,6.666666666666667,0.0,6.2
12819,12523,AS,30,10.0,0.0,4.066666666666666
12819,14747,AS,120,15.254237288135593,1.6666666666666667,14.025423728813559
12819,14828,AS,30,14.285714285714285,6.666666666666667,9.607142857142858
12819,15841,AS,30,23.333333333333332,0.0,16.035714285714285
12878,13930,OO,47,14.893617021276595,0.0,27.93617021276596
12884,11278,OH,26,26.923076923076923,0.0,27.576923076923077
12884,11433,OO,86,9.30232558139535,0.0,10.720930232558139
12884,13930,MQ,61,14.754098360655737,0.0,5.262295081967213
12888,11292,OO,51,25.49019607843137,0.0,15.490196078431373
12889,10140,NK,8,37.5,0.0,34.0
12889,10140,WN,133,32.33082706766917,0.0,17.36842105263158
12889,10257,WN,17,17.647058823529413,0.0,5.9375
12889,10279,WN,30,13.333333333333334,0.0,3.3333333333333335
12889,10299,AS,8,37.5,0.0,21.875
12889,10397,DL,272,11.029411764705882,0.0,9.580882352941176
12889,10397,F9,26,26.923076923076923,0.0,31.73076923076923
12889,10397,NK,30,16.666666666666664,0.0,18.7
12889,10397,WN,61,4.918032786885246,0.0,2.4918032786885247
12889,10408,G4,13,30.76923076923077,0.0,38.84615384615385
12889,10423,DL,30,36.666666666666664,0.0,40.233333333333334
12889,10423,F9,29,10.714285714285714,3.4482758620689653,4.964285714285714
12889,10423,WN,159,20.253164556962027,0.628930817610063,14.352564102564102
12889,10431,G4,8,0.0,0.0,0.0
12889,10599,WN,30,20.0,0.0,7.233333333333333
12889,10620,G4,9,22.22222222222222,0.0,11.666666666666666
12889,10627,G4,8,12.5,0.0,12.375
12889,10666,G4,38,5.263157894736842,0.0,4.891891891891892
12889,10693,NK,29,7.142857142857142,3.4482758620689653,5.321428571428571
12889,10693,WN,143,16.901408450704224,0.6993006993006993,9.140845070422536
12889,10713,NK,21,42.857142857142854,0.0,27.904761904761905
12889,10713,OO,17,23.52941176470588,0.0,22.470588235294116
12889,10713,WN,77,27.631578947368425,1.2987012987012987,11.43421052631579
12889,10721,B6,104,35.57692307692308,0.0,25.92233009708738
12889,10721,DL,42,33.33333333333333,0.0,29.761904761904763
12889,10792,WN,30,30.0,0.0,14.344827586206897
12889,10800,NK,89,15.730337078651685,0.0,17.730337078651687
12889,10800,WN,263,22.692307692307693,1.1406844106463878,12.996153846153845
12889,10821,NK,47,25.53191489361702,0.0,34.95744680851064
12889,10821,WN,120,11.666666666666666,0.0,5.0588235294117645
12889,10849,G4,8,12.5,0.0,1.875
12889,10849,WN,47,19.148936170212767,0.0,10.02127659574468
12889,11003,G4,9,44.44444444444444,0.0,20.77777777777778
12889,11042,F9,46,10.869565217391305,0.0,4.043478260869565
12889,11042,WN,30,20.0,0.0,6.333333333333333
12889,11057,AA,165,10.303030303030303,0.0,10.73939393939394
12889,11066,NK,28,28.57142857142857,0.0,36.107142857142854
12889,11066,WN,56,21.428571428571427,0.0,19.98181818181818
12889,11109,WN,73,23.61111111111111,1.36986301369863,14.902777777777779
12889,11193,DL,30,3.3333333333333335,0.0,2.7333333333333334
12889,11193,F9,17,17.647058823529413,0.0,6.235294117647059
12889,11193,G4,8,37.5,0.0,24.5
12889,11259,WN,197,17.766497461928935,0.0,13.872448979591837
12889,11278,AA,30,26.666666666666668,0.0,29.166666666666668
12889,11278,WN,30,33.33333333333333,0.0,15.766666666666667
12889,11292,F9,114,26.31578947368421,0.0,22.62280701754386
12889,11292,UA,200,24.0,0.0,18.275
12889,11292,WN,225,29.910714285714285,0.4444444444444444,19.14798206278027
12889,11298,AA,333,11.96319018404908,2.1021021021021022,11.87037037037037
12889,11298,F9,59,22.033898305084744,0.0,26.0
12889,11298,NK,31,20.689655172413794,6.451612903225806,24.357142857142858
12889,11423,G4,17,47.05882352941176,0.0,33.294117647058826
12889,11423,WN,30,26.666666666666668,0.0,10.10344827586207
12889,11433,DL,135,17.037037037037038,0.0,31.48148148148148
12889,11433,NK,87,18.39080459770115,0.0,23.126436781609197
12889,11433,WN,17,23.52941176470588,0.0,24.764705882352942
12889,11540,F9,21,9.523809523809524,0.0,5.0
12889,11540,WN,81,22.22222222222222,0.0,10.666666666666666
12889,11603,G4,8,25.0,0.0,19.0
12889,11603,WN,30,16.666666666666664,0.0,5.7
12889,11618,NK,31,33.33333333333333,3.225806451612903,18.0
12889,11618,UA,206,20.48780487804878,0.48543689320388345,16.14851485148515
12889,11637,G4,9,44.44444444444444,0.0,25.88888888888889
12889,11638,G4,59,8.47457627118644,0.0,5.915254237288136
12889,11638,WN,86,30.58823529411765,1.1627906976744187,12.776470588235295
12889,11648,G4,8,25.0,0.0,7.25
12889,11697,B6,32,12.5,0.0,9.3125
12889,11697,NK,28,33.33333333333333,3.571428571428571,50.03703703703704
12889,11721,G4,9,44.44444444444444,0.0,51.666666666666664
12889,11775,G4,9,0.0,0.0,0.0
12889,11823,G4,8,0.0,0.0,0.0
12889,11884,G4,8,25.0,0.0,10.75
12889,11884,WN,60,21.666666666666668,0.0,9.266666666666667
12889,11898,G4,8,0.0,0.0,0.5
12889,11980,G4,8,12.5,0.0,2.5
12889,11986,G4,17,17.647058823529413,0.0,8.235294117647058
12889,11986,WN,21,19.047619047619047,0.0,9.285714285714286
12889,12003,G4,9,22.22222222222222,0.0,8.88888888888889
12889,12173,HA,120,29.166666666666668,0.0,37.81666666666667
12889,12173,WN,60,15.0,0.0,6.783333333333333
12889,12191,WN,155,16.233766233766232,0.6451612903225806,8.279220779220779
12889,12264,UA,90,5.555555555555555,0.0,2.111111111111111
12889,12266,F9,17,23.52941176470588,0.0,7.529411764705882
12889,12266,NK,59,22.033898305084744,0.0,18.135593220338983
12889,12266,UA,179,11.1731843575419,0.0,9.58659217877095
12889,12278,G4,9,66.66666666666666,0.0,36.111111111111114
12889,12278,WN,30,16.666666666666664,0.0,5.433333333333334
12889,12280,G4,9,33.33333333333333,0.0,47.55555555555556
12889,12339,G4,1,0.0,0.0,2.0
12889,12339,NK,20,15.0,0.0,4.45
12889,12339,WN,77,24.675324675324674,0.0,17.883116883116884
12889,12478,AA,30,20.0,0.0,12.266666666666667
12889,12478,B6,139,25.0,2.158273381294964,21.808823529411764
12889,12478,DL,137,16.05839416058394,0.0,8.830882352941176
12889,12478,F9,30,13.333333333333334,0.0,6.266666666666667
12889,12758,WN,30,6.666666666666667,0.0,4.166666666666667
12889,12892,AA,71,18.571428571428573,1.4084507042253522,19.257142857142856
12889,12892,DL,137,19.708029197080293,0.0,7.218978102189781
12889,12892,F9,47,17.02127659574468,0.0,10.340425531914894
12889,12892,NK,90,13.48314606741573,1.1111111111111112,10.44943820224719
12889,12892,OO,16,18.75,0.0,9.5
12889,12892,UA,116,12.173913043478262,0.8620689655172413,6.626086956521739
12889,12892,WN,214,34.112149532710276,0.0,19.037383177570092
12889,12896,WN,30,10.0,0.0,15.0
12889,12954,WN,188,19.680851063829788,0.0,8.882978723404255
12889,12982,WN,30,16.666666666666664,0.0,4.866666666666666
12889,12992,WN,30,20.689655172413794,3.3333333333333335,10.689655172413794
12889,13061,G4,9,22.22222222222222,0.0,34.0
12889,13158,WN,30,6.666666666666667,0.0,2.9
12889,13198,NK,17,5.88235294117647,0.0,2.6875
12889,13198,WN,134,25.563909774436087,0.7462686567164178,11.68939393939394
12889,13204,F9,30,26.666666666666668,0.0,17.433333333333334
12889,13204,NK,29,31.03448275862069,0.0,31.724137931034484
12889,13204,WN,60,10.0,0.0,5.05
12889,13232,G4,2,50.0,0.0,73.5
12889,13232,WN,210,16.74641148325359,0.4761904761904762,11.425837320574162
12889,13244,G4,9,11.11111111111111,0.0,3.3333333333333335
12889,13244,NK,27,0.0,0.0,0.37037037037037035
12889,13244,WN,21,0.0,0.0,1.619047619047619
12889,13256,G4,36,13.88888888888889,0.0,6.944444444444445
12889,13264,G4,14,35.714285714285715,0.0,18.571428571428573
12889,13303,AA,92,15.217391304347828,0.0,10.573033707865168
12889,13303,NK,20,36.84210526315789,5.0,17.157894736842106
12889,13342,NK,8,14.285714285714285,12.5,9.714285714285714
12889,13342,WN,86,23.25581395348837,0.0,15.329411764705883
12889,13367,G4,8,12.5,0.0,2.25
12889,13433,G4,9,11.11111111111111,0.0,3.6666666666666665
12889,13476,G4,9,22.22222222222222,0.0,98.66666666666667
12889,13486,G4,7,42.857142857142854,0.0,10.571428571428571
12889,13487,DL,163,11.65644171779141,0.0,6.633540372670807
12889,13487,WN,21,19.047619047619047,0.0,22.238095238095237
12889,13495,NK,17,31.25,5.88235294117647,19.1875
12889,13495,WN,56,10.714285714285714,0.0,3.982142857142857
12889,13796,NK,37,27.77777777777778,2.7027027027027026,18.194444444444443
12889,13796,WN,263,29.65779467680608,0.0,20.041825095057035
12889,13830,HA,30,10.0,0.0,5.533333333333333
12889,13830,WN,30,6.666666666666667,0.0,4.6
12889,13851,F9,12,16.666666666666664,0.0,4.75
12889,13851,WN,82,19.51219512195122,0.0,20.26829268292683
12889,13871,G4,1,100.0,0.0,401.0
12889,13871,WN,74,22.972972972972975,0.0,19.10810810810811
12889,13891,F9,68,13.23529411764706,0.0,8.514705882352942
12889,13891,WN,133,27.06766917293233,0.0,13.398496240601503
12889,13930,AA,165,23.31288343558282,1.2121212121212122,33.63803680981595
12889,13930,F9,17,18.75,5.88235294117647,25.125
12889,13930,NK,67,13.432835820895523,0.0,12.194029850746269
12889,13930,UA,176,21.022727272727273,0.0,14.085227272727273
12889,13930,WN,56,35.714285714285715,0.0,17.75
12889,14004,F9,8,12.5,0.0,11.0
12889,14057,AS,131,22.900763358778626,0.0,11.198473282442748
12889,14057,F9,17,35.294117647058826,0.0,22.647058823529413
12889,14057,NK,26,7.6923076923076925,0.0,6.28
12889,14057,WN,90,16.666666666666664,0.0,13.561797752808989
12889,14100,AA,106,19.81132075471698,0.0,20.38679245283019
12889,14100,NK,18,16.666666666666664,0.0,7.166666666666667
12889,14107,AA,113,12.612612612612612,1.7699115044247788,10.054545454545455
12889,14107,F9,65,26.984126984126984,3.076923076923077,27.428571428571427
12889,14107,WN,253,23.790322580645164,1.9762845849802373,15.40725806451613
12889,14108,G4,9,0.0,0.0,1.4444444444444444
12889,14122,NK,28,0.0,0.0,0.6785714285714286
12889,14122,WN,60,25.423728813559322,1.6666666666666667,12.542372881355933
12889,14252,G4,9,11.11111111111111,0.0,5.777777777777778
12889,14262,WN,34,30.303030303030305,2.941176470588235,12.93939393939394
12889,14457,G4,8,25.0,0.0,6.571428571428571
12889,14492,DL,30,3.3333333333333335,0.0,1.4
12889,14492,WN,21,33.33333333333333,0.0,32.80952380952381
12889,14512,G4,8,12.5,0.0,4.5
12889,14570,F9,17,35.294117647058826,0.0,42.705882352941174
12889,14570,NK,52,15.384615384615385,0.0,14.173076923076923
12889,14570,WN,254,18.253968253968253,0.7874015748031495,10.551587301587302
12889,14576,WN,17,11.76470588235294,0.0,6.176470588235294
12889,14679,F9,47,23.404255319148938,0.0,37.765957446808514
12889,14679,NK,70,17.391304347826086,1.4285714285714286,28.304347826086957
12889,14679,OO,167,26.666666666666668,1.1976047904191618,17.963414634146343
12889,14679,WN,326,30.65015479876161,0.9202453987730062,18.105263157894736
12889,14683,F9,29,6.896551724137931,0.0,4.724137931034483
12889,14683,NK,44,27.906976744186046,2.272727272727273,28.186046511627907
12889,14683,WN,116,19.130434782608695,0.8620689655172413,12.834782608695653
12889,14689,WN,69,36.231884057971016,0.0,23.397058823529413
12889,14696,G4,8,0.0,0.0,3.625
12889,14716,G4,33,24.242424242424242,0.0,20.939393939393938
12889,14730,NK,16,12.5,0.0,10.4375
12889,14730,WN,30,30.0,0.0,27.266666666666666
12889,14747,AS,199,18.68686868686869,0.5025125628140703,13.984848484848484
12889,14747,DL,137,13.86861313868613,0.0,9.591240875912408
12889,14747,F9,16,18.75,0.0,8.666666666666666
12889,14747,WN,89,20.224719101123593,0.0,10.056818181818182
12889,14771,AS,103,34.31372549019608,0.9708737864077669,14.823529411764707
12889,14771,F9,68,40.298507462686565,1.4705882352941175,27.46268656716418
12889,14771,UA,227,29.074889867841406,0.0,12.519823788546255
12889,14771,WN,115,52.17391304347826,0.0,22.643478260869564
12889,14783,G4,9,33.33333333333333,0.0,19.22222222222222
12889,14814,G4,9,11.11111111111111,0.0,21.11111111111111
12889,14831,F9,12,25.0,0.0,14.5
12889,14831,NK,68,17.91044776119403,1.4705882352941175,9.507462686567164
12889,14831,OO,30,20.0,0.0,15.766666666666667
12889,14831,WN,265,21.673003802281368,0.7547169811320755,12.190114068441064
12889,14869,DL,137,20.437956204379564,0.0,12.065693430656934
12889,14869,F9,48,18.75,0.0,18.583333333333332
12889,14869,NK,26,24.0,3.8461538461538463,22.92
12889,14869,WN,103,22.330097087378643,0.0,12.359223300970873
12889,14893,F9,12,41.66666666666667,0.0,25.166666666666668
12889,14893,NK,60,23.333333333333332,0.0,25.766666666666666
12889,14893,OO,60,13.333333333333334,0.0,13.666666666666666
12889,14893,WN,275,22.99270072992701,0.36363636363636365,12.83941605839416
12889,14905,G4,8,37.5,0.0,25.5
12889,14908,F9,21,19.047619047619047,0.0,16.095238095238095
12889,14908,NK,60,13.559322033898304,1.6666666666666667,5.0
12889,14908,OO,60,23.728813559322035,1.6666666666666667,15.389830508474576
12889,14908,WN,206,25.49019607843137,0.9708737864077669,13.686274509803921
12889,15016,F9,29,7.142857142857142,3.4482758620689653,8.428571428571429
12889,15016,WN,136,21.323529411764707,0.0,17.4
12889,15023,OO,30,33.33333333333333,0.0,22.833333333333332
12889,15304,NK,56,8.928571428571429,0.0,13.946428571428571
12889,15304,WN,34,26.47058823529412,0.0,20.333333333333332
12889,15370,G4,9,33.33333333333333,0.0,14.666666666666666
12889,15370,WN,56,19.642857142857142,0.0,10.472727272727273
12889,15376,F9,12,9.090909090909092,8.333333333333332,11.545454545454545
12889,15376,WN,99,30.612244897959183,1.0101010101010102,18.020408163265305
12889,15412,G4,13,23.076923076923077,0.0,32.76923076923077
12889,15919,G4,8,0.0,0.0,0.0
12891,11298,OH,90,13.48314606741573,1.1111111111111112,14.730337078651685
12892,10140,OO,136,11.76470588235294,0.0,7.4338235294117645
12892,10140,WN,30,13.333333333333334,0.0,5.133333333333334
12892,10157,OO,30,3.3333333333333335,0.0,2.3214285714285716
12892,10299,AS,23,4.3478260869565215,0.0,1.5217391304347827
12892,10372,OO,61,13.114754098360656,0.0,11.440677966101696
12892,10397,AA,30,20.0,0.0,12.0
12892,10397,DL,322,10.903426791277258,0.3105590062111801,10.84423676012461
12892,10397,F9,46,19.565217391304348,0.0,10.956521739130435
12892,10397,NK,57,8.771929824561402,0.0,14.175438596491228
12892,10423,AA,26,7.6923076923076925,0.0,9.038461538461538
12892,10423,DL,107,5.607476635514018,0.0,11.532710280373832
12892,10423,OO,55,7.2727272727272725,0.0,5.0
12892,10423,UA,26,3.8461538461538463,0.0,1.4615384615384615
12892,10423,WN,56,7.142857142857142,0.0,5.428571428571429
12892,10666,G4,8,12.5,0.0,6.25
12892,10693,AA,30,16.666666666666664,0.0,8.3
12892,10693,DL,72,5.555555555555555,0.0,3.7222222222222223
12892,10693,NK,22,9.523809523809524,4.545454545454546,4.142857142857143
12892,10693,WN,64,4.6875,0.0,2.25
12892,10713,OO,121,5.785123966942149,0.0,4.5
12892,10721,AA,60,25.0,0.0,20.95
12892,10721,B6,136,27.205882352941174,0.0,15.919117647058824
12892,10721,DL,107,30.8411214953271,0.0,23.766355140186917
12892,10721,UA,60,21.666666666666668,0.0,19.083333333333332
12892,10792,B6,2,0.0,0.0,2.5
12892,10821,NK,30,20.0,0.0,8.566666666666666
12892,10821,UA,53,13.20754716981132,0.0,13.622641509433961
12892,10821,WN,86,17.441860465116278,0.0,7.244186046511628
12892,10849,OO,16,12.5,0.0,15.4375
12892,10849,UA,30,13.333333333333334,0.0,12.166666666666666
12892,11042,UA,51,1.9607843137254901,0.0,0.3137254901960784
12892,11057,AA,186,11.29032258064516,0.0,12.575268817204302
12892,11066,AA,20,10.0,0.0,10.4
12892,11066,NK,8,0.0,0.0,0.0
12892,11193,DL,26,0.0,0.0,0.5
12892,11259,WN,103,18.446601941747574,0.0,7.970873786407767
12892,11278,AA,60,25.0,0.0,14.457627118644067
12892,11278,AS,30,10.0,0.0,9.333333333333334
12892,11278,DL,30,13.333333333333334,0.0,6.724137931034483
12892,11292,DL,90,15.555555555555555,0.0,10.11111111111111
12892,11292,F9,68,34.32835820895522,1.4705882352941175,29.791044776119403
12892,11292,OO,83,20.73170731707317,1.2048192771084338,13.170731707317072
12892,11292,UA,249,12.449799196787147,0.0,9.694779116465863
12892,11292,WN,159,23.89937106918239,0.0,15.345911949685535
12892,11298,AA,339,19.879518072289155,2.0648967551622417,16.926829268292682
12892,11298,DL,60,8.333333333333332,0.0,4.733333333333333
12892,11298,F9,30,23.333333333333332,0.0,34.46666666666667
12892,11298,NK,58,20.689655172413794,0.0,25.051724137931036
12892,11433,DL,150,12.0,0.0,12.213333333333333
12892,11433,NK,78,8.974358974358974,0.0,6.961538461538462
12892,11540,OO,60,16.666666666666664,0.0,8.4
12892,11540,WN,30,13.333333333333334,0.0,6.533333333333333
12892,11603,OO,30,3.3333333333333335,0.0,1.2333333333333334
12892,11618,AS,60,1.6666666666666667,0.0,0.6440677966101694
12892,11618,B6,81,12.5,1.2345679012345678,10.820512820512821
12892,11618,NK,30,6.896551724137931,3.3333333333333335,4.714285714285714
12892,11618,UA,296,17.006802721088434,0.6756756756756757,12.519031141868512
12892,11638,OO,86,4.651162790697675,0.0,1.6744186046511629
12892,11648,OO,18,11.11111111111111,0.0,4.444444444444445
12892,11697,B6,120,4.166666666666666,0.0,5.127118644067797
12892,11697,DL,30,10.0,0.0,4.5
12892,11697,NK,9,11.11111111111111,0.0,6.666666666666667
12892,11884,AS,30,0.0,0.0,0.26666666666666666
12892,11884,G4,1,0.0,0.0,0.0
12892,11884,OO,60,8.333333333333332,0.0,8.566666666666666
12892,12173,AA,90,12.222222222222221,0.0,8.4
12892,12173,DL,90,16.666666666666664,0.0,15.166666666666666
12892,12173,HA,86,24.418604651162788,0.0,24.813953488372093
12892,12173,UA,90,10.0,0.0,7.377777777777778
12892,12173,WN,30,3.3333333333333335,0.0,1.5666666666666667
12892,12191,WN,99,10.1010101010101,0.0,5.767676767676767
12892,12264,UA,174,8.092485549132949,0.5747126436781609,4.895348837209302
12892,12266,DL,51,5.88235294117647,0.0,10.941176470588236
12892,12266,F9,21,19.047619047619047,0.0,12.523809523809524
12892,12266,NK,60,10.0,0.0,11.833333333333334
12892,12266,OO,48,10.416666666666668,0.0,7.104166666666667
12892,12266,UA,259,6.177606177606178,0.0,4.061776061776062
12892,12339,AA,28,33.33333333333333,3.571428571428571,48.592592592592595
12892,12339,DL,27,7.4074074074074066,0.0,4.888888888888889
12892,12339,NK,9,11.11111111111111,0.0,4.333333333333333
12892,12441,OO,61,18.0327868852459,0.0,7.245901639344262
12892,12441,UA,17,0.0,0.0,0.11764705882352941
12892,12478,AA,265,18.631178707224336,0.7547169811320755,19.223076923076924
12892,12478,B6,282,15.24822695035461,0.0,8.47872340425532
12892,12478,DL,280,13.978494623655912,0.35714285714285715,10.226618705035971
12892,12478,F9,30,23.333333333333332,0.0,17.033333333333335
12892,12758,AA,30,16.666666666666664,0.0,10.166666666666666
12892,12758,AS,30,10.0,0.0,14.366666666666667
12892,12758,DL,30,13.333333333333334,0.0,7.3
12892,12758,UA,30,10.0,0.0,4.833333333333333
12892,12889,AA,72,39.436619718309856,1.3888888888888888,30.309859154929576
12892,12889,DL,137,22.62773722627737,0.0,13.934306569343066
12892,12889,F9,47,31.914893617021278,0.0,54.191489361702125
12892,12889,NK,89,13.636363636363635,1.1235955056179776,8.590909090909092
12892,12889,OO,16,6.25,0.0,4.0
12892,12889,UA,116,18.26086956521739,0.8620689655172413,12.939130434782609
12892,12889,WN,213,20.754716981132077,0.4694835680751174,13.169811320754716
12892,12982,AA,30,13.333333333333334,0.0,4.655172413793103
12892,12982,DL,30,3.3333333333333335,0.0,1.1333333333333333
12892,12982,HA,30,3.3333333333333335,0.0,3.1379310344827585
12892,12982,UA,25,12.0,0.0,6.4
12892,13198,DL,55,5.454545454545454,0.0,2.185185185185185
12892,13198,NK,28,14.285714285714285,0.0,14.814814814814815
12892,13198,WN,30,13.333333333333334,0.0,6.166666666666667
12892,13204,AA,47,12.76595744680851,0.0,5.659574468085107
12892,13204,DL,104,5.769230769230769,0.0,3.4423076923076925
12892,13204,F9,18,33.33333333333333,0.0,29.5
12892,13204,UA,56,5.357142857142857,0.0,3.8363636363636364
12892,13204,WN,30,6.666666666666667,0.0,2.533333333333333
12892,13232,WN,116,10.344827586206897,0.0,5.836206896551724
12892,13244,DL,21,28.57142857142857,0.0,20.523809523809526
12892,13303,AA,182,13.186813186813188,0.0,7.54696132596685
12892,13303,DL,30,6.666666666666667,0.0,7.6
12892,13476,OO,88,4.545454545454546,0.0,3.1136363636363638
12892,13486,OO,1,0.0,0.0,0.0
12892,13487,DL,180,10.555555555555555,0.0,9.933333333333334
12892,13495,DL,77,12.987012987012985,0.0,14.311688311688311
12892,13495,NK,19,10.526315789473683,0.0,39.31578947368421
12892,13495,WN,26,7.6923076923076925,0.0,2.423076923076923
12892,13796,WN,181,16.022099447513813,0.0,6.640883977900552
12892,13830,AA,32,15.625,0.0,6.28125
12892,13830,DL,30,20.0,0.0,11.866666666666667
12892,13830,HA,30,10.0,0.0,2.9
12892,13830,UA,30,16.666666666666664,0.0,4.866666666666666
12892,13851,OO,88,8.045977011494253,1.1363636363636365,5.436781609195402
12892,13871,OO,30,16.666666666666664,0.0,5.866666666666666
12892,13930,AA,267,22.55639097744361,0.37453183520599254,21.706766917293233
12892,13930,F9,21,33.33333333333333,0.0,15.523809523809524
12892,13930,NK,48,12.5,0.0,8.53191489361702
12892,13930,UA,278,13.66906474820144,0.0,6.003610108303249
12892,14057,AS,167,8.982035928143713,0.0,4.281437125748503
12892,14057,DL,137,5.839416058394161,0.0,3.45985401459854
12892,14057,F9,21,23.809523809523807,0.0,11.0
12892,14057,OO,47,14.893617021276595,0.0,9.0
12892,14100,AA,188,17.647058823529413,0.5319148936170213,10.39572192513369
12892,14100,F9,21,33.33333333333333,0.0,23.952380952380953
12892,14107,AA,130,16.666666666666664,3.076923076923077,27.064
12892,14107,F9,35,26.47058823529412,2.857142857142857,36.11764705882353
12892,14107,MQ,4,0.0,0.0,0.0
12892,14107,OO,239,11.76470588235294,0.41841004184100417,8.554621848739496
12892,14107,UA,3,33.33333333333333,0.0,5.666666666666667
12892,14107,WN,175,21.965317919075144,1.1428571428571428,12.236994219653178
12892,14122,AA,25,12.0,0.0,12.16
12892,14237,OO,30,10.0,0.0,5.466666666666667
12892,14252,OO,30,10.0,0.0,7.4
12892,14262,OO,30,3.3333333333333335,0.0,2.1666666666666665
12892,14487,OO,22,4.545454545454546,0.0,6.318181818181818
12892,14489,OO,30,3.3333333333333335,0.0,2.0
12892,14492,AA,26,26.923076923076923,0.0,53.65384615384615
12892,14492,DL,30,6.666666666666667,0.0,3.6666666666666665
12892,14570,OO,175,3.428571428571429,0.0,2.2114285714285713
12892,14570,WN,38,27.027027027027028,2.631578947368421,9.135135135135135
12892,14679,OO,205,9.852216748768473,0.975609756097561,10.463054187192117
12892,14679,UA,4,25.0,0.0,11.5
12892,14683,DL,55,10.909090909090908,0.0,4.090909090909091
12892,14683,NK,22,13.636363636363635,0.0,7.7272727272727275
12892,14683,OO,48,6.25,0.0,4.6875
12892,14683,WN,30,16.666666666666664,0.0,8.6
12892,14689,OO,59,13.559322033898304,0.0,12.56140350877193
12892,14698,OO,52,17.307692307692307,0.0,7.653846153846154
12892,14730,NK,9,11.11111111111111,0.0,9.88888888888889
12892,14747,AA,1,0.0,0.0,0.0
12892,14747,AS,272,7.037037037037037,0.7352941176470588,2.9444444444444446
12892,14747,DL,192,5.729166666666666,0.0,3.1875
12892,14747,F9,21,15.0,4.761904761904762,3.65
12892,14747,OO,60,13.333333333333334,0.0,12.333333333333334
12892,14747,UA,60,6.666666666666667,0.0,2.4
12892,14771,AA,46,34.78260869565217,0.0,20.543478260869566
12892,14771,DL,197,29.441624365482234,0.0,17.538071065989847
12892,14771,F9,31,48.38709677419355,0.0,30.419354838709676
12892,14771,OO,252,22.61904761904762,0.0,12.067460317460318
12892,14771,UA,271,28.782287822878228,0.0,13.793357933579335
12892,14771,WN,119,42.857142857142854,0.0,19.168067226890756
12892,14783,G4,1,0.0,0.0,0.0
12892,14794,OO,30,10.0,0.0,2.8333333333333335
12892,14831,OO,270,6.666666666666667,0.0,3.3925925925925924
12892,14831,WN,154,10.38961038961039,0.0,5.025974025974026
12892,14869,DL,197,8.629441624365482,0.0,6.375634517766497
12892,14869,F9,31,22.58064516129032,0.0,15.741935483870968
12892,14869,NK,20,10.526315789473683,5.0,3.9473684210526314
12892,14869,OO,56,8.928571428571429,0.0,10.321428571428571
12892,14869,WN,34,0.0,0.0,0.6764705882352942
12892,14893,DL,30,13.333333333333334,0.0,6.866666666666666
12892,14893,F9,8,12.5,0.0,2.375
12892,14893,OO,294,7.142857142857142,0.0,5.462585034013605
12892,14893,WN,129,14.84375,0.7751937984496124,9.09375
12892,15016,OO,22,22.727272727272727,0.0,9.5
12892,15016,WN,60,18.333333333333332,0.0,13.483333333333333
12892,15023,OO,77,5.194805194805195,0.0,2.142857142857143
12892,15041,OO,13,7.6923076923076925,0.0,7.538461538461538
12892,15304,DL,54,5.555555555555555,0.0,6.203703703703703
12892,15304,UA,30,3.3333333333333335,0.0,1.6
12892,15370,G4,1,0.0,0.0,0.0
12892,15370,OO,30,13.333333333333334,0.0,9.566666666666666
12892,15376,OO,166,13.855421686746988,0.0,9.379518072289157
12892,15376,WN,30,33.33333333333333,0.0,24.2
12892,15919,OO,30,10.0,0.0,3.533333333333333
12896,10423,WN,26,0.0,0.0,0.11538461538461539
12896,11259,WN,129,10.9375,0.7751937984496124,10.390625
12896,11292,OO,56,32.142857142857146,0.0,28.089285714285715
12896,11292,WN,21,14.285714285714285,0.0,6.523809523809524
12896,11298,AA,56,24.528301886792452,5.357142857142857,38.698113207547166
12896,11298,MQ,178,14.124293785310735,0.5617977528089888,13.514285714285714
12896,11298,OO,31,22.58064516129032,0.0,16.548387096774192
12896,12191,WN,8,25.0,0.0,12.375
12896,12889,WN,30,13.333333333333334,0.0,12.586206896551724
12896,14107,OO,26,15.384615384615385,0.0,25.192307692307693
12898,11697,NK,8,25.0,0.0,25.625
12898,13204,NK,14,0.0,0.0,0.07142857142857142
12898,13577,NK,24,4.166666666666666,0.0,1.0416666666666667
12899,11292,OO,51,13.725490196078432,0.0,17.725490196078432
12902,11292,OO,51,25.49019607843137,0.0,15.901960784313726
12915,11298,MQ,60,8.333333333333332,0.0,15.25
12915,11298,OO,30,28.57142857142857,6.666666666666667,13.392857142857142
12915,12266,OO,18,16.666666666666664,0.0,8.333333333333334
12917,13577,G4,8,0.0,0.0,0.0
12917,14082,G4,12,33.33333333333333,0.0,17.916666666666668
12917,14112,G4,9,33.33333333333333,0.0,13.0
12917,14685,G4,8,0.0,0.0,0.125
12917,14761,G4,13,23.076923076923077,0.0,13.307692307692308
12917,14986,G4,9,0.0,0.0,0.0
12917,15624,G4,12,25.0,0.0,19.0
12945,10397,DL,192,3.6458333333333335,0.0,1.7291666666666667
12945,11057,OH,151,13.90728476821192,0.0,13.827814569536423
12945,11278,YX,26,3.8461538461538463,0.0,6.461538461538462
12945,11292,OO,30,3.3333333333333335,0.0,1.6
12945,11298,MQ,60,16.94915254237288,1.6666666666666667,7.288135593220339
12945,11298,OH,60,5.0,0.0,5.125
12945,11433,OO,26,0.0,0.0,0.0
12945,11433,YX,30,10.0,0.0,5.233333333333333
12945,11697,G4,8,12.5,0.0,3.7142857142857144
12945,13930,OO,206,20.19704433497537,1.4563106796116505,15.950738916256158
12945,14082,G4,10,0.0,0.0,1.2
12945,14100,OH,30,20.689655172413794,3.3333333333333335,12.068965517241379
12945,14112,G4,11,54.54545454545454,0.0,27.09090909090909
12945,14761,G4,15,26.666666666666668,0.0,82.46666666666667
12951,10397,OO,27,3.7037037037037033,0.0,2.185185185185185
12951,11057,OH,30,6.666666666666667,0.0,7.233333333333333
12951,11298,MQ,111,12.727272727272727,0.9009009009009009,11.642201834862385
12951,11298,OH,39,47.368421052631575,2.564102564102564,31.157894736842106
12951,12266,OO,32,6.25,0.0,2.09375
12953,10154,B6,22,13.636363636363635,0.0,13.318181818181818
12953,10154,YX,16,18.75,0.0,7.5625
12953,10397,DL,422,8.530805687203792,0.0,6.319905213270142
12953,10397,F9,60,35.0,0.0,27.666666666666668
12953,10397,WN,112,16.071428571428573,0.0,17.508928571428573
12953,10397,YX,152,11.258278145695364,0.6578947368421052,11.291390728476822
12953,10431,YX,38,13.157894736842104,0.0,13.868421052631579
12953,10581,YX,32,9.375,0.0,3.125
12953,10693,DL,43,11.627906976744185,0.0,17.928571428571427
12953,10693,OO,30,20.0,0.0,18.0
12953,10693,WN,116,16.379310344827587,0.0,13.5
12953,10693,YX,112,15.315315315315313,0.8928571428571428,8.590909090909092
12953,10721,DL,68,22.388059701492537,1.4705882352941175,21.34328358208955
12953,10721,YX,566,36.19744058500914,3.356890459363958,25.142595978062158
12953,10785,YX,8,12.5,0.0,5.875
12953,10792,YX,190,11.29032258064516,2.1052631578947367,6.908602150537634
12953,10868,YX,54,16.666666666666664,0.0,12.333333333333334
12953,10990,YX,26,7.6923076923076925,0.0,2.8076923076923075
12953,10994,DL,56,16.071428571428573,0.0,18.535714285714285
12953,10994,YX,69,20.8955223880597,2.898550724637681,12.686567164179104
12953,11042,F9,13,46.15384615384615,0.0,36.46153846153846
12953,11042,YX,145,14.685314685314685,1.3793103448275863,9.132867132867133
12953,11057,AA,262,12.307692307692308,0.7633587786259541,13.323076923076924
12953,11057,F9,13,23.076923076923077,0.0,5.615384615384615
12953,11057,NK,30,17.24137931034483,3.3333333333333335,11.620689655172415
12953,11057,YX,82,7.4074074074074066,1.2195121951219512,5.111111111111111
12953,11066,DL,2,0.0,0.0,0.0
12953,11066,NK,29,3.4482758620689653,0.0,1.0689655172413792
12953,11066,YX,228,8.81057268722467,0.43859649122807015,11.348017621145374
12953,11193,DL,37,8.108108108108109,0.0,4.54054054054054
12953,11193,YX,5,20.0,0.0,13.2
12953,11259,WN,116,20.689655172413794,0.0,19.448275862068964
12953,11267,YX,1,100.0,0.0,66.0
12953,11278,YX,386,18.586387434554975,1.0362694300518136,11.489528795811518
12953,11292,DL,86,22.093023255813954,0.0,14.345238095238095
12953,11292,F9,25,36.0,0.0,49.32
12953,11292,UA,172,17.441860465116278,0.0,11.94186046511628
12953,11292,WN,116,27.82608695652174,0.8620689655172413,21.4
12953,11298,AA,366,22.067039106145252,2.185792349726776,20.4774011299435
12953,11298,DL,190,24.06417112299465,1.5789473684210527,18.918478260869566
12953,11298,F9,30,27.586206896551722,3.3333333333333335,44.51724137931034
12953,11298,NK,4,25.0,0.0,129.25
12953,11423,YX,22,28.57142857142857,4.545454545454546,14.761904761904763
12953,11433,DL,172,8.13953488372093,0.0,6.569767441860465
12953,11433,NK,87,12.790697674418606,1.1494252873563218,16.046511627906977
12953,11433,YX,106,15.238095238095239,0.9433962264150944,9.18095238095238
12953,11697,B6,104,23.076923076923077,0.0,17.567307692307693
12953,11697,DL,117,21.367521367521366,0.0,21.649122807017545
12953,11697,NK,90,15.730337078651685,1.1111111111111112,10.067415730337078
12953,11986,YX,112,12.5,0.0,13.964285714285714
12953,11995,DL,2,0.0,0.0,0.0
12953,11995,YX,162,13.20754716981132,1.8518518518518516,9.80503144654088
12953,11996,YX,78,10.38961038961039,1.282051282051282,5.116883116883117
12953,12124,YX,30,6.666666666666667,0.0,3.7333333333333334
12953,12191,WN,108,17.59259259259259,0.0,16.24074074074074
12953,12250,YX,2,0.0,0.0,0.0
12953,12264,YX,111,23.364485981308412,3.6036036036036037,14.0
12953,12266,DL,112,21.428571428571427,0.0,14.294642857142858
12953,12266,NK,30,6.666666666666667,0.0,2.1333333333333333
12953,12266,UA,227,11.013215859030836,0.0,6.929203539823009
12953,12323,YX,78,11.688311688311687,1.282051282051282,7.597402597402597
12953,12339,YX,218,14.351851851851851,0.9174311926605505,8.560185185185185
12953,12451,DL,4,50.0,0.0,37.0
12953,12451,YX,17,17.647058823529413,0.0,9.0
12953,12992,YX,26,30.76923076923077,0.0,15.73076923076923
12953,13198,DL,84,13.095238095238097,0.0,19.38095238095238
12953,13198,WN,56,19.642857142857142,0.0,13.818181818181818
12953,13204,AA,56,25.0,0.0,21.963636363636365
12953,13204,B6,108,15.887850467289718,0.9259259259259258,13.94392523364486
12953,13204,DL,147,12.925170068027212,0.0,9.761904761904763
12953,13204,F9,17,17.647058823529413,0.0,6.470588235294118
12953,13204,NK,67,10.44776119402985,0.0,10.626865671641792
12953,13232,WN,198,12.18274111675127,0.5050505050505051,10.974358974358974
12953,13244,YX,86,16.27906976744186,0.0,16.22093023255814
12953,13303,AA,284,25.08833922261484,0.35211267605633806,26.858156028368793
12953,13303,DL,146,25.34246575342466,0.0,19.479166666666668
12953,13303,F9,17,17.647058823529413,0.0,47.76470588235294
12953,13303,NK,30,23.333333333333332,0.0,39.233333333333334
12953,13342,YX,45,9.090909090909092,2.2222222222222223,4.0
12953,13485,YX,84,13.580246913580247,3.571428571428571,10.271604938271604
12953,13487,DL,146,6.164383561643835,0.0,5.589041095890411
12953,13487,YX,4,0.0,0.0,0.0
12953,13495,AA,26,11.538461538461538,0.0,6.038461538461538
12953,13495,DL,60,13.333333333333334,0.0,11.616666666666667
12953,13495,WN,26,23.076923076923077,0.0,15.115384615384615
12953,13495,YX,4,25.0,0.0,6.25
12953,13541,YX,16,6.25,0.0,2.0
12953,13577,DL,30,13.333333333333334,0.0,8.466666666666667
12953,13577,NK,33,3.0303030303030303,0.0,0.9393939393939394
12953,13851,OO,30,20.689655172413794,3.3333333333333335,11.03448275862069
12953,13851,YX,52,17.647058823529413,1.9230769230769231,26.41176470588235
12953,13871,YX,3,0.0,0.0,0.0
12953,13930,AA,266,29.69924812030075,0.0,20.402255639097746
12953,13930,DL,241,19.08713692946058,0.0,19.136929460580912
12953,13930,NK,31,9.67741935483871,0.0,12.774193548387096
12953,13930,UA,426,21.04018912529551,0.7042253521126761,15.516587677725118
12953,13930,YX,8,25.0,0.0,40.125
12953,13931,YX,147,13.793103448275861,1.3605442176870748,8.413793103448276
12953,14027,B6,48,12.5,0.0,10.4375
12953,14027,DL,116,21.73913043478261,0.8620689655172413,29.017543859649123
12953,14122,OO,29,17.24137931034483,0.0,8.0
12953,14122,YX,265,14.17624521072797,1.509433962264151,14.088122605363985
12953,14321,YX,86,12.941176470588237,1.1627906976744187,9.611764705882353
12953,14492,DL,30,0.0,3.3333333333333335,0.6206896551724138
12953,14492,F9,30,35.714285714285715,6.666666666666667,14.962962962962964
12953,14492,YX,195,18.65284974093264,1.0256410256410255,10.455958549222798
12953,14524,OO,20,20.0,0.0,10.05
12953,14524,YX,164,17.391304347826086,1.8292682926829267,14.378881987577639
12953,14574,YX,30,23.333333333333332,0.0,14.833333333333334
12953,14576,OO,26,15.384615384615385,0.0,10.0
12953,14635,DL,60,11.666666666666666,0.0,6.633333333333334
12953,14685,DL,3,66.66666666666666,0.0,12.666666666666666
12953,14685,YX,56,21.818181818181817,1.7857142857142856,20.672727272727272
12953,14696,YX,4,0.0,0.0,0.75
12953,14730,YX,97,10.416666666666668,1.0309278350515463,8.96875
12953,14986,DL,31,3.225806451612903,0.0,1.1935483870967742
12953,15016,OO,7,28.57142857142857,0.0,7.428571428571429
12953,15016,WN,112,17.117117117117118,0.8928571428571428,11.522522522522523
12953,15016,YX,85,15.476190476190476,1.1764705882352942,10.928571428571429
12953,15304,AA,52,21.153846153846153,0.0,19.98076923076923
12953,15304,B6,48,14.583333333333334,0.0,7.0
12953,15304,DL,116,19.82758620689655,0.0,22.732758620689655
12953,15370,YX,46,17.77777777777778,2.1739130434782608,12.955555555555556
12953,15380,DL,3,33.33333333333333,0.0,13.0
12953,15412,YX,34,8.823529411764707,0.0,3.3529411764705883
12953,15919,YX,76,10.666666666666668,1.3157894736842104,8.567567567567568
12954,10140,WN,17,0.0,0.0,0.5882352941176471
12954,10423,WN,43,2.3255813953488373,0.0,5.790697674418604
12954,10693,WN,30,3.3333333333333335,0.0,2.6333333333333333
12954,10821,WN,30,3.3333333333333335,0.0,3.5
12954,11259,WN,56,5.357142857142857,0.0,2.517857142857143
12954,11292,WN,86,16.27906976744186,0.0,11.895348837209303
12954,11540,WN,17,0.0,0.0,1.1176470588235294
12954,12173,HA,30,10.0,0.0,3.3333333333333335
12954,12173,WN,30,16.666666666666664,0.0,9.866666666666667
12954,12191,WN,52,5.769230769230769,0.0,2.4615384615384617
12954,12889,WN,188,21.92513368983957,0.5319148936170213,15.524064171122994
12954,13232,WN,30,3.3333333333333335,0.0,2.1
12954,13796,WN,146,7.534246575342466,0.0,3.5547945205479454
12954,13830,HA,30,6.666666666666667,0.0,3.4
12954,14107,WN,120,11.76470588235294,0.8333333333333334,12.923728813559322
12954,14570,WN,64,14.0625,0.0,9.765625
12954,14831,WN,103,9.70873786407767,0.0,4.757281553398058
12954,14869,DL,30,0.0,0.0,0.1
12954,14869,OO,60,11.666666666666666,0.0,9.583333333333334
12954,14869,WN,34,5.88235294117647,0.0,2.176470588235294
12954,14893,WN,159,9.433962264150944,0.0,5.779874213836478
12954,15016,WN,26,15.384615384615385,0.0,3.1153846153846154
12982,11292,UA,30,3.4482758620689653,3.3333333333333335,1.1724137931034482
12982,12173,HA,479,10.947368421052632,0.8350730688935281,5.307368421052631
12982,12173,WN,146,3.4246575342465753,0.0,2.3904109589041096
12982,12758,HA,30,13.333333333333334,0.0,5.566666666666666
12982,12889,WN,30,0.0,0.0,0.0
12982,12892,AA,30,6.666666666666667,0.0,5.2
12982,12892,DL,30,3.3333333333333335,0.0,1.7586206896551724
12982,12892,HA,30,33.33333333333333,0.0,17.6
12982,12892,UA,25,8.0,0.0,1.68
12982,13796,HA,30,16.666666666666664,0.0,13.4
12982,13796,WN,30,0.0,0.0,0.5172413793103449
12982,13830,HA,90,7.777777777777778,0.0,7.055555555555555
12982,13830,WN,30,3.3333333333333335,0.0,1.6333333333333333
12982,14107,AA,30,0.0,0.0,0.3333333333333333
12982,14679,AS,4,50.0,0.0,21.0
12982,14747,AS,60,16.666666666666664,0.0,10.816666666666666
12982,14747,DL,30,3.4482758620689653,3.3333333333333335,2.0344827586206895
12982,14771,AS,13,23.076923076923077,0.0,15.076923076923077
12982,14771,UA,47,6.382978723404255,0.0,2.765957446808511
12982,14831,AS,17,11.76470588235294,0.0,8.352941176470589
12982,14893,HA,17,11.76470588235294,0.0,23.41176470588235
12992,10397,DL,192,5.208333333333334,0.0,9.125
12992,11057,MQ,39,7.6923076923076925,0.0,2.717948717948718
12992,11057,OH,29,24.137931034482758,0.0,47.89655172413793
12992,11259,WN,86,13.095238095238097,2.3255813953488373,7.238095238095238
12992,11278,MQ,30,16.666666666666664,0.0,5.8
12992,11292,F9,12,16.666666666666664,0.0,15.833333333333334
12992,11292,OO,90,24.444444444444443,0.0,15.1
12992,11292,WN,30,13.333333333333334,0.0,14.733333333333333
12992,11298,AA,30,14.285714285714285,6.666666666666667,24.0
12992,11298,MQ,187,22.043010752688172,0.53475935828877,15.28494623655914
12992,11298,OH,1,0.0,0.0,0.0
12992,11298,OO,30,27.586206896551722,3.3333333333333335,31.448275862068964
12992,12191,WN,4,0.0,0.0,0.0
12992,12266,OO,33,9.090909090909092,0.0,3.3636363636363638
12992,12889,WN,30,6.666666666666667,0.0,2.933333333333333
12992,12953,YX,26,11.538461538461538,0.0,20.346153846153847
12992,13303,YX,4,0.0,0.0,1.25
12992,13930,MQ,71,11.428571428571429,1.4084507042253522,6.757142857142857
12992,13930,OO,55,32.72727272727273,0.0,16.87272727272727
12992,14869,OO,23,4.3478260869565215,0.0,4.826086956521739
12992,15016,WN,56,8.928571428571429,0.0,10.107142857142858
13029,11292,OO,145,13.10344827586207,0.0,10.506944444444445
13029,11433,OO,1,0.0,0.0,0.0
13029,13930,OO,116,16.379310344827587,0.0,11.860869565217392
13061,11298,MQ,120,16.101694915254235,1.6666666666666667,13.965811965811966
13061,12889,G4,9,33.33333333333333,0.0,42.55555555555556
13076,13930,MQ,83,19.27710843373494,0.0,9.457831325301205
13127,14747,OO,30,6.666666666666667,0.0,10.833333333333334
13127,14869,OO,30,0.0,0.0,0.2
13158,10423,OO,84,11.904761904761903,0.0,13.44047619047619
13158,10423,WN,26,7.6923076923076925,0.0,5.076923076923077
13158,11259,WN,108,9.25925925925926,0.0,5.305555555555555
13158,11292,OO,110,14.545454545454545,0.0,14.4
13158,11292,WN,21,4.761904761904762,0.0,1.7619047619047619
13158,11298,MQ,177,17.613636363636363,0.5649717514124294,10.198863636363637
13158,11298,OH,28,17.857142857142858,0.0,26.285714285714285
13158,11298,OO,64,11.11111111111111,1.5625,7.306451612903226
13158,12191,WN,108,6.481481481481481,0.0,3.6481481481481484
13158,12266,OO,20,10.0,0.0,5.2
13158,12266,UA,54,11.11111111111111,0.0,7.444444444444445
13158,12889,WN,30,16.666666666666664,0.0,7.033333333333333
13158,14107,OO,30,13.333333333333334,0.0,15.0
13184,11433,OO,116,9.482758620689655,0.0,13.474137931034482
13184,13930,OO,90,21.59090909090909,2.2222222222222223,18.579545454545453
13198,10140,WN,26,7.6923076923076925,0.0,2.769230769230769
13198,10397,DL,248,6.048387096774194,0.0,3.314516129032258
13198,10397,F9,13,46.15384615384615,0.0,20.53846153846154
13198,10397,WN,30,6.666666666666667,0.0,2.5
13198,10423,WN,69,17.391304347826086,0.0,10.666666666666666
13198,10693,WN,112,8.928571428571429,0.0,5.205357142857143
13198,10721,DL,34,55.88235294117647,0.0,42.029411764705884
13198,10721,YX,21,40.0,4.761904761904762,19.25
13198,10800,WN,17,23.52941176470588,0.0,18.11764705882353
13198,10821,WN,86,16.27906976744186,0.0,7.034883720930233
13198,11057,AA,98,18.556701030927837,1.0204081632653061,21.52577319587629
13198,11057,OH,1,0.0,0.0,12.0
13198,11066,WN,4,25.0,0.0,6.75
13198,11259,WN,155,18.181818181818183,0.6451612903225806,11.618421052631579
13198,11278,AA,20,25.0,0.0,11.05
13198,11278,MQ,2,0.0,0.0,0.0
13198,11278,OH,4,0.0,0.0,1.0
13198,11278,WN,82,23.170731707317074,0.0,19.14814814814815
13198,11278,YX,50,30.0,0.0,11.78
13198,11292,F9,17,35.294117647058826,0.0,28.0
13198,11292,OO,26,0.0,0.0,1.5
13198,11292,UA,120,20.0,0.0,12.958333333333334
13198,11292,WN,198,27.27272727272727,0.0,14.035353535353535
13198,11298,AA,158,27.450980392156865,3.1645569620253164,18.464052287581698
13198,11298,MQ,59,22.033898305084744,0.0,28.8135593220339
13198,11433,DL,105,9.523809523809524,0.0,12.423076923076923
13198,11433,OO,2,50.0,0.0,14.0
13198,11481,WN,8,12.5,0.0,4.25
13198,11618,UA,4,0.0,0.0,1.0
13198,11618,YX,52,23.076923076923077,0.0,15.294117647058824
13198,11697,NK,9,11.11111111111111,0.0,6.0
13198,11697,WN,30,13.333333333333334,0.0,6.689655172413793
13198,12191,WN,77,16.883116883116884,0.0,7.974025974025974
13198,12266,UA,30,0.0,0.0,0.7
13198,12339,WN,30,16.666666666666664,0.0,6.166666666666667
13198,12889,NK,17,11.76470588235294,0.0,9.5
13198,12889,WN,133,18.045112781954884,0.0,11.696969696969697
13198,12892,DL,55,5.454545454545454,0.0,8.072727272727272
13198,12892,NK,28,17.857142857142858,0.0,18.928571428571427
13198,12892,WN,30,33.33333333333333,0.0,15.9
13198,12953,DL,84,15.476190476190476,0.0,14.783132530120483
13198,12953,WN,56,17.857142857142858,0.0,11.035714285714286
13198,13204,NK,27,14.814814814814813,0.0,20.14814814814815
13198,13204,WN,81,13.580246913580247,0.0,6.074074074074074
13198,13232,WN,178,16.292134831460675,0.0,8.0
13198,13303,AA,30,13.333333333333334,0.0,32.0
13198,13342,WN,30,16.666666666666664,0.0,11.166666666666666
13198,13487,DL,65,32.30769230769231,0.0,18.692307692307693
13198,13487,OO,17,47.05882352941176,0.0,24.41176470588235
13198,13495,WN,21,14.285714285714285,0.0,3.4761904761904763
13198,13796,WN,34,35.294117647058826,0.0,14.727272727272727
13198,13930,AA,30,6.666666666666667,0.0,15.533333333333333
13198,13930,MQ,71,24.285714285714285,1.4084507042253522,11.17142857142857
13198,13930,OO,68,29.411764705882355,0.0,14.0
13198,13930,UA,119,20.168067226890756,0.0,10.974576271186441
13198,13930,YX,13,0.0,0.0,2.4615384615384617
13198,14057,AS,30,16.666666666666664,0.0,7.9
13198,14057,WN,8,25.0,0.0,7.125
13198,14100,AA,78,21.794871794871796,0.0,11.051282051282051
13198,14107,AA,48,19.148936170212767,2.083333333333333,9.46808510638298
13198,14107,WN,115,15.789473684210526,0.8695652173913043,13.849557522123893
13198,14193,WN,21,9.523809523809524,0.0,15.095238095238095
13198,14492,WN,4,25.0,0.0,18.25
13198,14635,WN,8,12.5,0.0,9.375
13198,14679,WN,30,13.333333333333334,0.0,8.766666666666667
13198,14683,WN,26,0.0,0.0,1.1538461538461537
13198,14747,AS,77,20.0,2.5974025974025974,9.386666666666667
13198,14747,DL,30,6.666666666666667,0.0,15.03448275862069
13198,14747,WN,4,0.0,0.0,3.0
13198,14771,OO,30,20.0,0.0,5.5
13198,14869,DL,85,8.235294117647058,0.0,6.8
13198,14893,WN,26,19.230769230769234,0.0,8.423076923076923
13198,15016,WN,90,8.88888888888889,0.0,4.466666666666667
13198,15304,WN,34,29.411764705882355,0.0,16.970588235294116
13204,10135,G4,8,25.0,0.0,13.125
13204,10158,NK,63,7.936507936507936,0.0,3.6666666666666665
13204,10257,B6,24,16.666666666666664,0.0,7.75
13204,10257,WN,38,10.526315789473683,0.0,8.473684210526315
13204,10397,DL,380,15.263157894736842,0.0,11.039473684210526
13204,10397,F9,69,17.391304347826086,0.0,10.942028985507246
13204,10397,NK,25,28.000000000000004,0.0,28.64
13204,10397,WN,90,18.88888888888889,0.0,9.5
13204,10423,DL,30,16.666666666666664,0.0,27.3
13204,10423,F9,15,26.666666666666668,0.0,11.133333333333333
13204,10423,WN,112,16.964285714285715,0.0,8.857142857142858
13204,10431,G4,9,33.33333333333333,0.0,81.66666666666667
13204,10529,B6,34,8.823529411764707,0.0,3.411764705882353
13204,10529,F9,12,16.666666666666664,0.0,12.666666666666666
13204,10529,WN,42,7.142857142857142,0.0,3.2142857142857144
13204,10599,WN,38,5.263157894736842,0.0,3.263157894736842
13204,10693,F9,13,23.076923076923077,0.0,21.46153846153846
13204,10693,NK,60,16.666666666666664,0.0,10.366666666666667
13204,10693,WN,192,15.625,0.0,7.432291666666667
13204,10721,B6,166,42.68292682926829,1.2048192771084338,27.9390243902439
13204,10721,DL,90,15.555555555555555,0.0,12.52808988764045
13204,10721,NK,32,25.0,0.0,11.25
13204,10732,B6,31,19.35483870967742,0.0,8.633333333333333
13204,10732,F9,26,11.538461538461538,0.0,4.961538461538462
13204,10792,B6,33,24.242424242424242,0.0,15.121212121212121
13204,10792,F9,20,15.0,0.0,11.7
13204,10792,WN,65,16.923076923076923,0.0,13.953846153846154
13204,10821,F9,35,17.142857142857142,0.0,4.885714285714286
13204,10821,NK,60,10.16949152542373,1.6666666666666667,5.293103448275862
13204,10821,WN,251,8.433734939759036,0.796812749003984,5.528225806451613
13204,10868,NK,8,12.5,0.0,6.0
13204,10980,NK,13,7.6923076923076925,0.0,1.9230769230769231
13204,11042,F9,76,11.842105263157894,0.0,4.776315789473684
13204,11042,UA,25,8.0,0.0,10.36
13204,11042,WN,8,0.0,0.0,0.375
13204,11057,AA,257,13.229571984435799,0.0,12.793774319066149
13204,11057,F9,31,16.129032258064516,0.0,10.580645161290322
13204,11057,NK,49,8.333333333333332,2.0408163265306123,6.458333333333333
13204,11066,F9,13,7.6923076923076925,0.0,1.9230769230769231
13204,11066,NK,68,23.52941176470588,0.0,11.867647058823529
13204,11066,WN,87,24.137931034482758,0.0,11.264367816091953
13204,11193,DL,54,16.666666666666664,0.0,13.314814814814815
13204,11193,F9,52,11.538461538461538,0.0,3.5961538461538463
13204,11259,WN,154,14.935064935064934,0.0,8.098684210526315
13204,11278,AA,150,23.333333333333332,0.0,21.366666666666667
13204,11278,B6,62,25.806451612903224,0.0,16.032258064516128
13204,11278,DL,57,19.298245614035086,0.0,21.24561403508772
13204,11278,WN,90,24.719101123595504,1.1111111111111112,11.325842696629213
13204,11292,F9,61,14.754098360655737,0.0,5.868852459016393
13204,11292,UA,124,11.29032258064516,0.0,8.290322580645162
13204,11292,WN,133,21.804511278195488,0.0,9.721804511278195
13204,11298,AA,266,21.755725190839694,1.5037593984962405,23.64864864864865
13204,11298,F9,54,12.962962962962962,0.0,6.388888888888889
13204,11298,NK,56,10.714285714285714,0.0,3.2142857142857144
13204,11433,DL,151,11.258278145695364,0.0,8.437086092715232
13204,11433,F9,22,13.636363636363635,0.0,6.045454545454546
13204,11433,NK,76,12.0,1.3157894736842104,11.213333333333333
13204,11618,B6,88,16.091954022988507,1.1363636363636365,17.24137931034483
13204,11618,NK,120,17.796610169491526,1.6666666666666667,10.213675213675213
13204,11618,UA,291,15.570934256055363,0.6872852233676976,16.588850174216027
13204,11697,NK,62,6.451612903225806,0.0,4.096774193548387
13204,11697,WN,60,11.666666666666666,0.0,6.233333333333333
13204,11986,F9,10,0.0,0.0,0.0
13204,12191,WN,138,14.492753623188406,0.0,7.5
13204,12197,B6,119,7.563025210084033,0.0,7.813559322033898
13204,12264,F9,21,19.047619047619047,0.0,6.333333333333333
13204,12264,UA,150,8.666666666666668,0.0,5.073333333333333
13204,12266,F9,29,3.4482758620689653,0.0,1.5172413793103448
13204,12266,NK,60,5.084745762711865,1.6666666666666667,3.0
13204,12266,UA,181,11.11111111111111,0.5524861878453038,6.15
13204,12339,F9,20,10.0,0.0,7.7
13204,12339,NK,50,14.000000000000002,0.0,5.32
13204,12339,WN,81,18.51851851851852,0.0,9.037037037037036
13204,12391,B6,30,16.666666666666664,0.0,8.8
13204,12391,F9,30,3.3333333333333335,0.0,0.6
13204,12391,WN,47,12.76595744680851,0.0,5.808510638297872
13204,12478,B6,166,17.575757575757574,0.6024096385542169,15.109756097560975
13204,12478,DL,150,10.666666666666668,0.0,6.295302013422819
13204,12478,F9,30,0.0,0.0,0.7
13204,12889,F9,31,6.451612903225806,0.0,5.548387096774194
13204,12889,NK,29,20.689655172413794,0.0,14.448275862068966
13204,12889,WN,61,14.754098360655737,0.0,6.295081967213115
13204,12892,AA,47,17.02127659574468,0.0,27.51063829787234
13204,12892,DL,104,10.576923076923077,0.0,9.798076923076923
13204,12892,F9,18,5.555555555555555,0.0,3.3529411764705883
13204,12892,UA,56,10.714285714285714,0.0,5.482142857142857
13204,12892,WN,30,46.666666666666664,0.0,17.433333333333334
13204,12898,NK,14,14.285714285714285,0.0,4.285714285714286
13204,12953,AA,56,21.428571428571427,0.0,14.672727272727272
13204,12953,B6,108,13.084112149532709,0.9259259259259258,12.05607476635514
13204,12953,DL,147,8.843537414965986,0.0,6.178082191780822
13204,12953,F9,16,6.25,0.0,2.1875
13204,12953,NK,67,19.402985074626866,0.0,17.761194029850746
13204,13198,NK,26,19.230769230769234,0.0,12.653846153846153
13204,13198,WN,81,25.925925925925924,0.0,13.197530864197532
13204,13230,F9,9,11.11111111111111,0.0,16.88888888888889
13204,13232,F9,16,6.25,0.0,3.625
13204,13232,WN,199,18.592964824120603,0.0,8.271356783919598
13204,13244,NK,46,21.73913043478261,0.0,14.73913043478261
13204,13244,WN,21,28.57142857142857,0.0,11.666666666666666
13204,13296,B6,30,6.666666666666667,0.0,5.433333333333334
13204,13296,WN,34,11.76470588235294,0.0,4.529411764705882
13204,13303,AA,226,17.77777777777778,0.4424778761061947,10.699551569506726
13204,13303,WN,60,11.666666666666666,0.0,8.05
13204,13303,YX,60,16.666666666666664,0.0,10.866666666666667
13204,13342,NK,10,20.0,0.0,19.0
13204,13342,WN,67,23.88059701492537,0.0,12.35820895522388
13204,13487,DL,120,9.166666666666666,0.0,13.184873949579831
13204,13495,NK,68,5.88235294117647,0.0,2.9705882352941178
13204,13495,WN,74,18.91891891891892,0.0,8.864864864864865
13204,13577,NK,26,11.538461538461538,0.0,4.769230769230769
13204,13851,WN,8,25.0,0.0,14.0
13204,13871,WN,8,0.0,0.0,1.875
13204,13930,AA,135,25.37313432835821,0.7407407407407408,18.451127819548873
13204,13930,F9,20,10.0,0.0,7.5
13204,13930,NK,67,5.970149253731343,0.0,5.104477611940299
13204,13930,UA,174,12.068965517241379,0.0,9.114942528735632
13204,13930,WN,60,15.0,0.0,11.466666666666667
13204,13931,F9,9,0.0,0.0,0.0
13204,13931,NK,23,13.043478260869565,0.0,3.3043478260869565
13204,13931,WN,30,3.3333333333333335,0.0,1.7666666666666666
13204,13933,B6,22,9.090909090909092,0.0,2.6818181818181817
13204,14027,WN,60,18.333333333333332,0.0,8.033333333333333
13204,14057,AS,30,20.0,0.0,11.6
13204,14100,AA,206,20.0,0.48543689320388345,12.121951219512194
13204,14100,F9,101,19.801980198019802,0.0,12.722772277227723
13204,14100,NK,52,11.538461538461538,0.0,6.384615384615385
13204,14100,WN,42,9.523809523809524,0.0,7.9523809523809526
13204,14107,AA,30,20.0,0.0,9.607142857142858
13204,14107,WN,60,23.333333333333332,0.0,9.483333333333333
13204,14122,F9,8,0.0,0.0,0.375
13204,14122,NK,57,14.035087719298245,0.0,8.421052631578947
13204,14122,WN,85,9.411764705882353,0.0,5.964705882352941
13204,14193,NK,26,16.0,3.8461538461538463,8.44
13204,14254,B6,30,26.666666666666668,0.0,10.366666666666667
13204,14254,F9,16,6.25,0.0,1.8125
13204,14307,B6,32,28.125,0.0,20.59375
13204,14307,WN,60,8.333333333333332,0.0,4.033333333333333
13204,14492,DL,72,6.944444444444445,0.0,3.861111111111111
13204,14492,F9,47,8.51063829787234,0.0,3.978723404255319
13204,14492,WN,55,14.545454545454545,0.0,5.963636363636364
13204,14492,YX,30,13.333333333333334,0.0,12.4
13204,14524,B6,33,21.21212121212121,0.0,10.393939393939394
13204,14524,NK,28,21.428571428571427,0.0,9.035714285714286
13204,14524,WN,21,9.523809523809524,0.0,6.523809523809524
13204,14576,NK,20,20.0,0.0,18.55
13204,14576,WN,8,0.0,0.0,0.0
13204,14635,WN,60,13.333333333333334,0.0,9.55
13204,14679,AS,30,46.666666666666664,0.0,33.0
13204,14679,WN,21,14.285714285714285,0.0,11.4
13204,14683,NK,16,6.25,0.0,16.0625
13204,14683,WN,51,15.686274509803921,0.0,6.980392156862745
13204,14730,NK,27,3.7037037037037033,0.0,1.1481481481481481
13204,14730,WN,35,5.714285714285714,0.0,4.542857142857143
13204,14747,AS,85,12.941176470588237,0.0,4.4
13204,14747,DL,60,8.333333333333332,0.0,6.4
13204,14771,AS,30,16.666666666666664,0.0,7.633333333333334
13204,14771,UA,64,18.75,0.0,9.796875
13204,14843,B6,144,18.75,0.0,11.4375
13204,14843,F9,72,22.22222222222222,0.0,12.569444444444445
13204,14843,NK,59,11.864406779661017,0.0,5.389830508474576
13204,14843,WN,150,16.0,0.0,6.1066666666666665
13204,14869,DL,110,10.0,0.0,5.073394495412844
13204,14869,NK,17,5.88235294117647,0.0,5.176470588235294
13204,14893,WN,8,0.0,0.0,2.5
13204,14986,WN,60,18.333333333333332,0.0,12.1
13204,15016,F9,13,23.076923076923077,0.0,8.384615384615385
13204,15016,WN,143,10.48951048951049,0.0,6.391608391608392
13204,15024,NK,12,8.333333333333332,0.0,2.9166666666666665
13204,15096,B6,33,18.181818181818183,0.0,9.181818181818182
13204,15096,F9,9,11.11111111111111,0.0,9.777777777777779
13204,15356,F9,23,0.0,0.0,1.0869565217391304
13204,15412,G4,9,33.33333333333333,0.0,17.0
13211,13930,OO,51,23.52941176470588,0.0,36.94117647058823
13230,10397,DL,81,7.4074074074074066,0.0,8.777777777777779
13230,10693,G4,1,100.0,0.0,19.0
13230,11057,AA,57,10.526315789473683,0.0,4.947368421052632
13230,11057,OH,3,0.0,0.0,0.0
13230,11298,AA,30,6.666666666666667,0.0,5.366666666666666
13230,11433,OO,2,50.0,0.0,36.5
13230,11603,AA,1,0.0,0.0,0.0
13230,12451,G4,1,0.0,0.0,13.0
13230,13204,F9,9,22.22222222222222,0.0,21.88888888888889
13230,13577,G4,8,12.5,0.0,4.25
13230,13930,MQ,61,8.19672131147541,0.0,8.766666666666667
13230,13930,UA,57,19.298245614035086,0.0,14.614035087719298
13230,13930,YX,11,36.36363636363637,0.0,20.272727272727273
13230,14082,G4,8,0.0,0.0,1.125
13230,14100,AA,1,0.0,0.0,0.0
13230,14112,G4,9,22.22222222222222,0.0,22.11111111111111
13230,14761,G4,17,76.47058823529412,0.0,123.76470588235294
13232,10140,WN,56,16.071428571428573,0.0,8.571428571428571
13232,10257,WN,77,14.285714285714285,0.0,6.12987012987013
13232,10397,DL,107,6.5420560747663545,0.0,3.5233644859813085
13232,10397,F9,47,17.02127659574468,0.0,6.851063829787234
13232,10397,WN,138,15.217391304347828,0.0,9.195652173913043
13232,10423,WN,104,14.423076923076922,0.0,7.980769230769231
13232,10431,G4,9,0.0,0.0,0.0
13232,10529,WN,73,10.95890410958904,0.0,5.205479452054795
13232,10599,WN,47,17.02127659574468,0.0,6.851063829787234
13232,10693,WN,159,8.176100628930817,0.0,5.433962264150943
13232,10713,WN,17,17.647058823529413,0.0,6.9411764705882355
13232,10721,WN,128,44.53125,0.0,35.6328125
13232,10792,WN,82,20.73170731707317,0.0,6.621951219512195
13232,10800,WN,30,23.333333333333332,0.0,9.733333333333333
13232,10821,F9,17,17.647058823529413,0.0,15.941176470588236
13232,10821,WN,163,14.11042944785276,0.0,9.282208588957054
13232,10849,WN,30,16.666666666666664,0.0,6.266666666666667
13232,10994,WN,34,17.647058823529413,0.0,6.264705882352941
13232,11042,WN,108,6.481481481481481,0.0,4.583333333333333
13232,11057,WN,56,21.428571428571427,0.0,9.821428571428571
13232,11066,WN,116,8.620689655172415,0.0,5.068965517241379
13232,11109,WN,30,13.333333333333334,0.0,3.3
13232,11193,WN,38,10.526315789473683,0.0,5.5
13232,11259,WN,190,19.473684210526315,0.0,10.664893617021276
13232,11278,WN,176,21.59090909090909,0.0,10.585227272727273
13232,11292,F9,9,44.44444444444444,0.0,21.77777777777778
13232,11292,WN,193,13.471502590673575,0.0,8.61139896373057
13232,11298,F9,30,20.0,0.0,17.466666666666665
13232,11433,OO,61,11.475409836065573,0.0,8.59016393442623
13232,11433,WN,89,13.48314606741573,0.0,6.820224719101123
13232,11481,WN,21,14.285714285714285,0.0,5.428571428571429
13232,11540,WN,30,16.666666666666664,0.0,8.166666666666666
13232,11697,WN,81,23.456790123456788,0.0,8.45679012345679
13232,11884,WN,17,0.0,0.0,1.5294117647058822
13232,11986,WN,86,18.6046511627907,0.0,9.19767441860465
13232,12191,WN,161,10.559006211180124,0.0,5.695652173913044
13232,12266,F9,17,11.76470588235294,0.0,14.411764705882353
13232,12339,WN,60,18.333333333333332,0.0,9.65
13232,12451,WN,30,10.0,0.0,5.933333333333334
13232,12889,G4,2,50.0,0.0,90.5
13232,12889,WN,211,16.113744075829384,0.0,7.360576923076923
13232,12892,WN,116,24.137931034482758,0.0,12.78448275862069
13232,12953,WN,198,19.897959183673468,1.0101010101010102,9.25257731958763
13232,12954,WN,30,16.666666666666664,0.0,7.9
13232,13198,WN,177,14.689265536723164,0.0,7.03954802259887
13232,13204,F9,16,0.0,0.0,1.25
13232,13204,WN,197,14.213197969543149,0.0,7.551020408163265
13232,13244,WN,56,14.285714285714285,0.0,6.945454545454545
13232,13296,WN,56,12.5,0.0,7.553571428571429
13232,13303,WN,25,16.0,0.0,15.875
13232,13487,OO,90,11.11111111111111,0.0,8.522222222222222
13232,13487,WN,142,24.647887323943664,0.0,10.753521126760564
13232,13495,WN,81,20.98765432098765,0.0,10.555555555555555
13232,13577,WN,30,23.333333333333332,0.0,9.5
13232,13796,WN,34,23.52941176470588,0.0,8.117647058823529
13232,13851,WN,47,21.27659574468085,0.0,11.72340425531915
13232,13871,WN,119,12.605042016806722,0.0,6.949579831932773
13232,13891,WN,30,23.333333333333332,0.0,10.833333333333334
13232,13931,WN,56,17.857142857142858,0.0,10.303571428571429
13232,14057,WN,82,17.073170731707318,0.0,9.679012345679013
13232,14100,F9,17,23.52941176470588,0.0,21.529411764705884
13232,14100,WN,142,16.901408450704224,0.0,8.288732394366198
13232,14107,F9,8,0.0,0.0,4.125
13232,14107,WN,197,9.743589743589745,1.015228426395939,6.109375
13232,14122,WN,112,12.5,0.0,5.883928571428571
13232,14193,WN,4,25.0,0.0,23.5
13232,14307,WN,86,6.976744186046512,0.0,5.6395348837209305
13232,14321,WN,30,6.666666666666667,0.0,5.433333333333334
13232,14492,WN,90,10.0,0.0,5.888888888888889
13232,14524,WN,34,11.76470588235294,0.0,7.5588235294117645
13232,14570,WN,21,4.761904761904762,0.0,3.5714285714285716
13232,14576,WN,30,20.0,0.0,7.533333333333333
13232,14635,WN,69,11.594202898550725,0.0,7.333333333333333
13232,14679,WN,86,24.418604651162788,0.0,12.305882352941177
13232,14683,WN,56,12.5,0.0,6.696428571428571
13232,14685,WN,25,20.0,0.0,15.44
13232,14730,WN,86,12.790697674418606,0.0,5.406976744186046
13232,14747,WN,86,20.930232558139537,0.0,9.162790697674419
13232,14771,WN,30,20.0,0.0,13.266666666666667
13232,14831,WN,52,28.846153846153843,0.0,12.153846153846153
13232,14869,WN,56,23.214285714285715,0.0,8.0
13232,14893,WN,78,17.94871794871795,0.0,7.435897435897436
13232,14986,WN,30,23.333333333333332,0.0,10.733333333333333
13232,15016,WN,151,7.28476821192053,0.0,3.4304635761589406
13232,15304,F9,13,0.0,0.0,1.8461538461538463
13232,15304,WN,98,14.285714285714285,0.0,5.846938775510204
13232,15370,WN,30,16.666666666666664,0.0,6.733333333333333
13232,15376,WN,21,4.761904761904762,0.0,6.476190476190476
13232,15412,G4,9,44.44444444444444,0.0,20.88888888888889
13241,12266,OO,51,7.8431372549019605,0.0,5.509803921568627
13244,10397,DL,269,5.204460966542751,0.0,4.026022304832714
13244,10423,OO,30,0.0,0.0,0.3
13244,10693,WN,30,16.666666666666664,0.0,4.5
13244,10721,YX,30,6.666666666666667,0.0,9.133333333333333
13244,10821,WN,21,28.57142857142857,0.0,15.619047619047619
13244,11057,AA,126,6.349206349206349,0.0,2.4047619047619047
13244,11057,OH,2,0.0,0.0,0.0
13244,11259,WN,38,13.157894736842104,0.0,8.710526315789474
13244,11278,OH,60,21.666666666666668,0.0,13.101694915254237
13244,11278,YX,55,21.818181818181817,0.0,13.727272727272727
13244,11292,F9,12,25.0,0.0,17.0
13244,11292,UA,60,25.0,0.0,14.816666666666666
13244,11292,WN,30,16.666666666666664,0.0,8.6
13244,11298,AA,148,13.698630136986301,1.3513513513513513,11.698630136986301
13244,11298,MQ,41,25.0,2.4390243902439024,24.55
13244,11298,OH,28,17.857142857142858,0.0,52.714285714285715
13244,11433,OO,105,8.571428571428571,0.0,7.352380952380952
13244,11618,UA,3,33.33333333333333,0.0,8.0
13244,11618,YX,53,22.641509433962266,0.0,15.415094339622641
13244,11697,G4,8,12.5,0.0,6.5
13244,11697,NK,9,33.33333333333333,0.0,32.333333333333336
13244,12191,WN,69,10.144927536231885,0.0,3.869565217391304
13244,12266,OO,70,7.142857142857142,0.0,4.071428571428571
13244,12266,UA,30,3.3333333333333335,0.0,1.3666666666666667
13244,12889,G4,9,22.22222222222222,0.0,5.222222222222222
13244,12889,NK,27,7.4074074074074066,0.0,3.5555555555555554
13244,12889,WN,21,28.57142857142857,0.0,13.095238095238095
13244,12892,DL,21,9.523809523809524,0.0,5.190476190476191
13244,12953,YX,86,16.27906976744186,0.0,17.470588235294116
13244,13204,NK,46,13.043478260869565,0.0,10.23913043478261
13244,13204,WN,21,14.285714285714285,0.0,8.285714285714286
13244,13232,WN,56,7.142857142857142,0.0,4.714285714285714
13244,13303,AA,32,6.25,0.0,2.96875
13244,13487,OO,81,11.11111111111111,0.0,8.135802469135802
13244,13930,AA,2,100.0,0.0,60.0
13244,13930,MQ,69,7.246376811594203,0.0,7.188405797101449
13244,13930,OO,59,13.559322033898304,0.0,7.0508474576271185
13244,13930,UA,30,20.0,0.0,35.6
13244,13930,YX,27,25.925925925925924,0.0,9.666666666666666
13244,14100,OH,46,8.695652173913043,0.0,3.0652173913043477
13244,14100,YX,24,16.666666666666664,0.0,4.875
13244,14107,AA,20,15.789473684210526,5.0,14.842105263157896
13244,14107,WN,17,11.76470588235294,0.0,4.0
13244,14869,DL,30,3.3333333333333335,0.0,4.133333333333334
13244,15412,G4,8,25.0,0.0,14.875
13256,10423,OO,86,6.976744186046512,0.0,10.406976744186046
13256,11298,AA,119,30.434782608695656,3.361344537815126,29.710526315789473
13256,11298,MQ,14,35.714285714285715,0.0,13.785714285714286
13256,11298,OO,55,9.25925925925926,1.8181818181818181,5.425925925925926
13256,12266,OO,5,0.0,0.0,0.0
13256,12266,UA,30,13.333333333333334,0.0,6.033333333333333
13256,12889,G4,36,19.444444444444446,0.0,14.166666666666666
13264,11292,UA,60,15.0,0.0,20.95
13264,12889,G4,14,57.14285714285714,0.0,46.857142857142854
13264,14107,OO,56,7.142857142857142,0.0,6.125
13264,14747,OO,90,1.1111111111111112,0.0,0.6111111111111112
13264,14771,OO,29,44.827586206896555,0.0,20.689655172413794
13264,14771,UA,60,15.0,0.0,5.983333333333333
13264,14869,OO,60,6.666666666666667,0.0,2.716666666666667
13277,10397,OO,60,6.666666666666667,0.0,3.15
13277,11278,OH,26,24.0,3.8461538461538463,13.12
13277,11298,MQ,85,23.809523809523807,1.1764705882352942,16.548780487804876
13277,11298,OH,5,20.0,0.0,29.8
13282,12264,OO,30,16.666666666666664,0.0,39.96666666666667
13282,13930,OO,30,26.666666666666668,0.0,61.63333333333333
13290,11298,OO,90,11.363636363636363,2.2222222222222223,16.310344827586206
13290,13930,OO,30,6.666666666666667,0.0,10.066666666666666
13296,10821,WN,146,9.58904109589041,0.0,5.815068493150685
13296,11057,OH,88,6.896551724137931,1.1363636363636365,3.395348837209302
13296,11278,OH,88,27.906976744186046,2.272727272727273,20.186046511627907
13296,12478,B6,3,66.66666666666666,0.0,84.66666666666667
13296,13204,B6,30,23.333333333333332,0.0,37.53333333333333
13296,13204,WN,34,11.76470588235294,0.0,15.606060606060606
13296,13232,WN,56,1.7857142857142856,0.0,1.0357142857142858
13296,13930,MQ,86,19.767441860465116,0.0,14.686046511627907
13296,15304,WN,4,25.0,0.0,11.75
13303,10158,NK,14,21.428571428571427,0.0,15.5
13303,10397,AA,89,26.96629213483146,0.0,21.573033707865168
13303,10397,DL,219,18.72146118721461,0.0,20.78082191780822
13303,10397,F9,58,18.96551724137931,0.0,12.689655172413794
13303,10397,MQ,30,33.33333333333333,0.0,18.366666666666667
13303,10397,NK,20,25.0,0.0,28.3
13303,10397,YX,3,33.33333333333333,0.0,8.0
13303,10423,AA,84,20.481927710843372,1.1904761904761905,14.289156626506024
13303,10423,F9,12,33.33333333333333,0.0,16.5
13303,10423,MQ,8,25.0,0.0,14.375
13303,10423,WN,21,9.523809523809524,0.0,8.904761904761905
13303,10431,MQ,30,40.0,0.0,22.266666666666666
13303,10529,AA,30,23.333333333333332,0.0,12.5
13303,10599,MQ,53,3.7735849056603774,0.0,1.679245283018868
13303,10693,AA,84,25.0,0.0,15.083333333333334
13303,10693,MQ,28,7.142857142857142,0.0,10.5
13303,10693,NK,20,30.0,0.0,44.65
13303,10693,WN,56,12.5,0.0,12.285714285714286
13303,10721,AA,148,36.486486486486484,0.0,25.114864864864863
13303,10721,B6,4,75.0,0.0,50.0
13303,10721,DL,60,30.0,0.0,20.862068965517242
13303,10721,NK,12,16.666666666666664,0.0,22.583333333333332
13303,10821,AA,32,25.0,0.0,6.84375
13303,10821,F9,21,23.809523809523807,0.0,14.952380952380953
13303,10821,NK,8,25.0,0.0,25.875
13303,10821,WN,94,12.76595744680851,0.0,9.096774193548388
13303,10994,AA,34,24.242424242424242,2.941176470588235,10.909090909090908
13303,10994,MQ,28,3.571428571428571,0.0,1.0
13303,11042,AA,30,6.896551724137931,3.3333333333333335,3.0344827586206895
13303,11042,F9,16,25.0,0.0,27.5625
13303,11057,AA,241,15.899581589958158,0.8298755186721992,12.466386554621849
13303,11057,F9,17,5.88235294117647,0.0,1.411764705882353
13303,11057,NK,21,19.047619047619047,0.0,9.904761904761905
13303,11066,MQ,60,26.666666666666668,0.0,16.95
13303,11193,MQ,60,23.333333333333332,0.0,13.166666666666666
13303,11259,WN,30,20.0,0.0,4.966666666666667
13303,11278,AA,292,21.379310344827587,0.684931506849315,12.855172413793104
13303,11278,DL,30,10.0,0.0,5.433333333333334
13303,11278,YX,4,25.0,0.0,31.5
13303,11292,AA,60,26.666666666666668,0.0,12.916666666666666
13303,11292,F9,21,4.761904761904762,0.0,1.3333333333333333
13303,11292,UA,60,16.666666666666664,0.0,18.066666666666666
13303,11292,WN,17,47.05882352941176,0.0,32.1764705882353
13303,11298,AA,358,23.410404624277454,3.35195530726257,18.27906976744186
13303,11298,F9,16,37.5,0.0,51.1875
13303,11298,NK,30,24.137931034482758,3.3333333333333335,15.413793103448276
13303,11433,AA,30,10.0,0.0,5.266666666666667
13303,11433,DL,60,10.0,0.0,4.966666666666667
13303,11433,NK,30,36.666666666666664,0.0,36.53333333333333
13303,11618,AA,106,24.761904761904763,0.9433962264150944,18.201923076923077
13303,11618,NK,30,20.0,0.0,18.466666666666665
13303,11618,UA,146,25.34246575342466,0.0,25.02758620689655
13303,11624,MQ,90,12.222222222222221,0.0,7.910112359550562
13303,11953,MQ,32,18.75,0.0,10.0625
13303,11995,MQ,30,33.33333333333333,0.0,19.333333333333332
13303,11996,MQ,32,6.25,0.0,2.78125
13303,12191,WN,25,32.0,0.0,29.64
13303,12264,F9,17,11.76470588235294,0.0,2.8823529411764706
13303,12264,UA,30,3.3333333333333335,0.0,2.7
13303,12266,AA,92,29.347826086956523,0.0,24.97826086956522
13303,12266,F9,13,7.6923076923076925,0.0,4.153846153846154
13303,12266,MQ,28,3.571428571428571,0.0,1.3571428571428572
13303,12266,NK,47,27.659574468085108,0.0,27.48936170212766
13303,12266,UA,96,11.458333333333332,0.0,17.291666666666668
13303,12323,MQ,30,10.0,0.0,5.5
13303,12339,AA,33,33.33333333333333,0.0,21.666666666666668
13303,12339,MQ,20,15.0,0.0,17.8
13303,12451,AA,36,41.66666666666667,0.0,18.36111111111111
13303,12451,MQ,78,16.666666666666664,0.0,12.256410256410257
13303,12451,YX,4,0.0,0.0,0.0
13303,12478,AA,211,16.666666666666664,0.47393364928909953,15.16826923076923
13303,12478,DL,120,14.166666666666666,0.0,10.983333333333333
13303,12478,F9,29,0.0,0.0,0.2413793103448276
13303,12889,AA,92,30.434782608695656,0.0,24.83695652173913
13303,12889,NK,22,50.0,0.0,30.545454545454547
13303,12892,AA,182,25.82417582417583,0.0,30.54945054945055
13303,12892,DL,30,13.333333333333334,0.0,4.566666666666666
13303,12953,AA,284,19.78798586572438,0.35211267605633806,13.861209964412812
13303,12953,DL,146,18.493150684931507,0.0,14.979166666666666
13303,12953,F9,17,17.647058823529413,0.0,49.76470588235294
13303,12953,NK,29,31.03448275862069,0.0,13.413793103448276
13303,12992,YX,4,0.0,0.0,0.0
13303,13198,AA,30,20.0,0.0,16.033333333333335
13303,13204,AA,227,25.221238938053098,0.4405286343612335,17.199115044247787
13303,13204,WN,60,13.333333333333334,0.0,7.183333333333334
13303,13204,YX,60,15.0,0.0,8.566666666666666
13303,13232,WN,25,16.0,0.0,10.36
13303,13244,AA,32,31.25,0.0,11.09375
13303,13487,AA,30,30.0,0.0,19.5
13303,13487,DL,61,13.114754098360656,0.0,15.442622950819672
13303,13495,AA,35,20.0,0.0,17.0
13303,13495,MQ,54,18.51851851851852,0.0,11.203703703703704
13303,13495,NK,17,47.05882352941176,0.0,25.11764705882353
13303,13495,YX,4,25.0,0.0,10.75
13303,13851,MQ,3,0.0,0.0,5.333333333333333
13303,13851,YX,4,25.0,0.0,26.0
13303,13930,AA,237,30.801687763713083,0.0,21.0635593220339
13303,13930,NK,30,0.0,0.0,0.9642857142857143
13303,13930,UA,48,31.25,0.0,19.0625
13303,13931,AA,30,10.0,0.0,6.666666666666667
13303,14100,AA,180,23.595505617977526,1.1111111111111112,15.99438202247191
13303,14100,F9,13,7.6923076923076925,0.0,9.384615384615385
13303,14100,NK,23,21.73913043478261,0.0,10.826086956521738
13303,14107,AA,100,23.0,0.0,10.13265306122449
13303,14122,AA,30,16.666666666666664,0.0,15.433333333333334
13303,14193,MQ,87,16.091954022988507,0.0,10.022988505747126
13303,14492,AA,121,21.487603305785125,0.0,13.958677685950413
13303,14492,DL,30,26.666666666666668,0.0,25.7
13303,14492,F9,9,33.33333333333333,0.0,28.22222222222222
13303,14492,MQ,20,5.0,0.0,2.8
13303,14524,AA,30,13.333333333333334,0.0,30.433333333333334
13303,14679,AA,30,56.666666666666664,0.0,27.586206896551722
13303,14683,AA,30,20.0,0.0,10.333333333333334
13303,14685,AA,2,50.0,0.0,10.5
13303,14685,MQ,28,7.142857142857142,0.0,5.464285714285714
13303,14730,AA,30,26.666666666666668,0.0,13.9
13303,14730,MQ,2,0.0,0.0,0.0
13303,14747,AA,30,30.0,0.0,15.9
13303,14747,AS,30,26.666666666666668,0.0,12.733333333333333
13303,14747,DL,30,50.0,0.0,55.06666666666667
13303,14771,AA,61,18.0327868852459,0.0,7.770491803278689
13303,14771,UA,30,30.0,0.0,28.3
13303,14843,AA,142,24.647887323943664,0.0,21.408450704225352
13303,14843,F9,25,4.0,0.0,3.4
13303,14843,NK,1,0.0,0.0,11.0
13303,14869,DL,30,20.0,0.0,12.266666666666667
13303,15016,AA,30,30.0,0.0,23.9
13303,15016,WN,38,34.21052631578947,0.0,20.789473684210527
13303,15024,AA,51,19.607843137254903,0.0,13.627450980392156
13303,15027,AA,31,9.67741935483871,0.0,8.6
13303,15249,AA,3,33.33333333333333,0.0,12.0
13303,15249,MQ,89,8.98876404494382,0.0,6.831460674157303
13303,15304,AA,179,18.53932584269663,0.5586592178770949,12.0561797752809
13303,15304,MQ,19,31.57894736842105,0.0,26.105263157894736
13303,15304,YX,4,25.0,0.0,6.75
13303,15412,MQ,30,6.666666666666667,0.0,4.068965517241379
13303,15919,YX,4,25.0,0.0,8.25
13342,10397,DL,187,4.81283422459893,0.0,2.4759358288770055
13342,10423,WN,26,15.384615384615385,0.0,4.3076923076923075
13342,10599,DL,1,0.0,0.0,0.0
13342,10599,WN,1,0.0,0.0,0.0
13342,10693,WN,77,5.194805194805195,0.0,2.220779220779221
13342,10721,B6,22,50.0,0.0,24.136363636363637
13342,10721,YX,56,54.54545454545454,1.7857142857142856,32.43636363636364
13342,10821,WN,77,10.38961038961039,0.0,7.415584415584416
13342,11042,WN,1,0.0,0.0,0.0
13342,11057,AA,60,16.666666666666664,0.0,27.216666666666665
13342,11057,OH,29,10.344827586206897,0.0,15.655172413793103
13342,11259,WN,35,20.0,0.0,13.294117647058824
13342,11278,OH,56,16.071428571428573,0.0,14.035714285714286
13342,11278,WN,56,17.857142857142858,0.0,11.517857142857142
13342,11292,F9,11,27.27272727272727,0.0,10.272727272727273
13342,11292,OO,30,6.666666666666667,0.0,4.866666666666666
13342,11292,UA,81,23.456790123456788,0.0,12.925925925925926
13342,11292,WN,105,14.423076923076922,0.9523809523809524,6.548076923076923
13342,11298,AA,86,16.666666666666664,2.3255813953488373,17.85542168674699
13342,11298,OH,4,0.0,0.0,0.0
13342,11433,DL,50,8.0,0.0,2.52
13342,11433,NK,1,0.0,0.0,0.0
13342,11433,OO,61,8.19672131147541,0.0,5.442622950819672
13342,11618,YX,83,23.75,3.614457831325301,18.225
13342,12266,OO,30,0.0,0.0,0.1
13342,12889,NK,8,14.285714285714285,12.5,2.4285714285714284
13342,12889,WN,85,20.0,0.0,7.435294117647059
13342,12953,YX,46,10.869565217391305,0.0,12.826086956521738
13342,13198,WN,30,10.0,0.0,3.6666666666666665
13342,13204,NK,11,0.0,0.0,0.45454545454545453
13342,13204,WN,68,14.705882352941178,0.0,6.985074626865671
13342,13487,DL,104,23.076923076923077,0.0,12.653846153846153
13342,13487,OO,25,20.0,0.0,6.0
13342,13930,OO,394,25.831202046035806,0.7614213197969544,21.676923076923078
13342,14100,OH,39,23.076923076923077,0.0,14.102564102564102
13342,14100,YX,2,0.0,0.0,5.0
13342,14107,AA,30,6.666666666666667,0.0,2.6333333333333333
13342,14107,WN,68,16.417910447761194,1.4705882352941175,10.303030303030303
13342,14747,AS,60,15.254237288135593,1.6666666666666667,6.1525423728813555
13342,14869,DL,29,17.24137931034483,0.0,13.793103448275861
13342,15016,WN,60,5.0,0.0,1.6833333333333333
13342,15304,WN,30,0.0,0.0,1.0666666666666667
13360,10135,G4,9,0.0,0.0,0.3333333333333333
13360,10397,DL,120,10.0,0.0,11.05
13360,11057,OH,97,5.154639175257731,0.0,6.896907216494846
13360,11193,G4,9,0.0,0.0,0.0
13367,11057,OH,60,8.333333333333332,0.0,26.55
13367,11292,OO,30,13.333333333333334,0.0,15.4
13367,11298,MQ,88,10.344827586206897,1.1363636363636365,7.32183908045977
13367,11298,OH,2,50.0,0.0,35.5
13367,12889,G4,8,0.0,0.0,1.75
13367,13930,MQ,73,10.95890410958904,0.0,8.287671232876713
13367,13930,OO,91,19.78021978021978,0.0,14.989010989010989
13377,11298,MQ,90,13.48314606741573,1.1111111111111112,43.73033707865169
13422,10397,DL,77,14.285714285714285,0.0,8.064935064935066
13422,10397,OO,1,0.0,0.0,12.0
13422,11298,MQ,30,31.03448275862069,3.3333333333333335,24.620689655172413
13422,11298,OH,60,13.559322033898304,1.6666666666666667,17.64406779661017
13433,10466,G4,9,0.0,0.0,0.4444444444444444
13433,11292,OO,131,17.557251908396946,0.0,14.244274809160306
13433,12889,G4,9,33.33333333333333,0.0,7.777777777777778
13433,13487,OO,105,14.285714285714285,0.0,5.066666666666666
13459,11433,OO,30,20.0,0.0,17.466666666666665
13459,13487,OO,30,23.333333333333332,0.0,26.233333333333334
13459,13930,MQ,62,16.129032258064516,0.0,26.548387096774192
13476,11292,OO,60,8.333333333333332,0.0,6.466666666666667
13476,11298,AA,30,20.689655172413794,3.3333333333333335,57.785714285714285
13476,12889,G4,9,22.22222222222222,0.0,98.44444444444444
13476,12892,OO,88,9.090909090909092,0.0,13.295454545454545
13476,14107,AA,4,0.0,0.0,0.3333333333333333
13476,14107,MQ,30,10.0,0.0,5.7
13476,14107,OO,57,18.181818181818183,3.508771929824561,10.8
13476,14679,OO,60,18.96551724137931,3.3333333333333335,7.0
13476,14771,OO,53,13.20754716981132,0.0,5.169811320754717
13485,10397,DL,82,7.317073170731707,0.0,10.048780487804878
13485,10599,OH,1,0.0,0.0,0.0
13485,10599,OO,1,0.0,0.0,0.0
13485,11057,AA,30,6.666666666666667,0.0,7.1
13485,11057,OH,58,8.620689655172415,0.0,13.620689655172415
13485,11278,MQ,2,0.0,0.0,0.0
13485,11278,OH,54,7.4074074074074066,0.0,4.796296296296297
13485,11278,YX,26,23.076923076923077,0.0,11.5
13485,11292,F9,16,31.25,0.0,20.3125
13485,11292,OO,22,27.27272727272727,0.0,12.818181818181818
13485,11292,UA,58,13.793103448275861,0.0,11.10344827586207
13485,11298,AA,90,44.827586206896555,3.3333333333333335,93.6896551724138
13485,11433,DL,18,16.666666666666664,0.0,11.222222222222221
13485,11433,OO,68,7.352941176470589,0.0,8.455882352941176
13485,11618,UA,30,0.0,3.3333333333333335,0.2413793103448276
13485,12953,YX,84,10.975609756097562,2.380952380952381,5.525
13485,13487,DL,31,3.225806451612903,0.0,6.483870967741935
13485,13487,OO,89,24.719101123595504,0.0,10.0
13485,13930,MQ,103,18.446601941747574,0.0,8.627450980392156
13485,13930,OO,91,16.483516483516482,0.0,11.945054945054945
13485,13930,UA,131,21.374045801526716,0.0,16.022900763358777
13485,13930,YX,8,0.0,0.0,2.25
13485,14100,OH,39,12.82051282051282,0.0,10.717948717948717
13485,14107,AA,30,16.666666666666664,0.0,9.266666666666667
13486,10466,G4,6,16.666666666666664,0.0,4.166666666666667
13486,11292,OO,48,22.916666666666664,0.0,29.958333333333332
13486,11292,UA,49,18.367346938775512,0.0,16.20408163265306
13486,11298,AA,24,29.166666666666668,0.0,56.791666666666664
13486,12889,G4,7,28.57142857142857,0.0,36.57142857142857
13486,12892,OO,1,0.0,0.0,0.0
13486,13487,DL,39,12.82051282051282,0.0,6.230769230769231
13486,13930,MQ,49,20.408163265306122,0.0,8.708333333333334
13486,13930,OO,23,27.27272727272727,4.3478260869565215,10.954545454545455
13486,13930,UA,1,0.0,0.0,0.0
13486,14747,AS,25,28.000000000000004,0.0,8.4
13486,14771,OO,13,0.0,0.0,0.6153846153846154
13486,14869,DL,25,4.0,0.0,7.8
13486,14869,OO,49,0.0,0.0,0.40816326530612246
13487,10140,DL,30,6.666666666666667,0.0,2.7333333333333334
13487,10141,OO,60,5.0,0.0,2.033333333333333
13487,10299,AS,1,0.0,0.0,0.0
13487,10299,DL,67,14.925373134328357,0.0,18.238805970149254
13487,10397,DL,265,9.811320754716983,0.0,7.988679245283019
13487,10397,F9,13,23.076923076923077,0.0,13.615384615384615
13487,10397,NK,23,8.695652173913043,0.0,3.869565217391304
13487,10408,OO,90,14.444444444444443,0.0,6.411111111111111
13487,10409,OO,30,0.0,0.0,0.0
13487,10423,DL,77,11.688311688311687,0.0,9.181818181818182
13487,10423,OO,30,3.3333333333333335,0.0,1.7
13487,10423,WN,26,30.76923076923077,0.0,8.461538461538462
13487,10529,DL,77,19.480519480519483,0.0,9.64935064935065
13487,10620,DL,30,13.333333333333334,0.0,3.8333333333333335
13487,10627,DL,18,11.11111111111111,0.0,9.11111111111111
13487,10627,OO,106,11.320754716981133,0.0,6.009433962264151
13487,10631,OO,60,8.333333333333332,0.0,4.183333333333334
13487,10693,DL,107,8.411214953271028,0.0,5.953271028037383
13487,10693,WN,34,11.76470588235294,0.0,3.6176470588235294
13487,10713,DL,60,11.666666666666666,0.0,5.0
13487,10721,DL,177,29.37853107344633,0.0,18.994318181818183
13487,10739,OO,53,13.20754716981132,0.0,8.79245283018868
13487,10792,DL,7,14.285714285714285,0.0,3.0
13487,10821,DL,77,9.090909090909092,0.0,4.142857142857143
13487,10821,WN,52,21.153846153846153,0.0,13.461538461538462
13487,10849,DL,67,10.44776119402985,0.0,5.3283582089552235
13487,10994,DL,31,16.129032258064516,0.0,5.806451612903226
13487,11003,OO,58,20.689655172413794,0.0,13.327586206896552
13487,11013,OO,30,20.0,0.0,7.866666666666666
13487,11042,DL,84,7.142857142857142,0.0,4.928571428571429
13487,11042,OO,2,0.0,0.0,5.5
13487,11057,AA,98,15.306122448979592,0.0,9.193877551020408
13487,11057,DL,107,6.5420560747663545,0.0,3.121495327102804
13487,11066,DL,59,23.728813559322035,0.0,24.52542372881356
13487,11066,OO,38,10.526315789473683,0.0,10.868421052631579
13487,11109,DL,7,14.285714285714285,0.0,2.857142857142857
13487,11193,DL,107,11.214953271028037,0.0,4.158878504672897
13487,11259,WN,8,25.0,0.0,12.625
13487,11278,AA,24,41.66666666666667,0.0,28.25
13487,11278,DL,141,13.47517730496454,0.0,6.877697841726619
13487,11278,OH,45,13.333333333333334,0.0,5.666666666666667
13487,11278,YX,6,0.0,0.0,0.6
13487,11292,DL,150,18.0,0.0,9.026845637583893
13487,11292,F9,47,19.148936170212767,0.0,16.53191489361702
13487,11292,OO,38,5.263157894736842,0.0,11.68421052631579
13487,11292,UA,129,18.75,0.7751937984496124,13.6796875
13487,11292,WN,163,20.245398773006134,0.0,11.441717791411042
13487,11298,AA,120,20.51282051282051,2.5,23.54310344827586
13487,11298,DL,119,14.285714285714285,0.0,7.88135593220339
13487,11298,F9,17,35.294117647058826,0.0,36.25
13487,11337,OO,98,13.26530612244898,0.0,7.744897959183674
13487,11423,DL,1,0.0,0.0,0.0
13487,11423,OO,13,15.384615384615385,0.0,15.692307692307692
13487,11433,DL,151,14.56953642384106,0.0,10.125827814569536
13487,11433,NK,3,33.33333333333333,0.0,12.333333333333334
13487,11587,OO,23,8.695652173913043,0.0,4.086956521739131
13487,11618,DL,117,21.367521367521366,0.0,13.017241379310345
13487,11618,UA,85,20.0,0.0,30.258823529411764
13487,11618,YX,1,0.0,0.0,
13487,11630,DL,7,14.285714285714285,0.0,6.285714285714286
13487,11637,DL,60,5.0,0.0,2.35
13487,11637,OO,71,8.450704225352112,0.0,3.2714285714285714
13487,11648,DL,48,12.5,0.0,7.5
13487,11697,DL,30,3.3333333333333335,0.0,3.1333333333333333
13487,11775,DL,30,13.333333333333334,0.0,10.366666666666667
13487,11775,OO,40,17.5,0.0,10.7
13487,11823,OO,30,6.666666666666667,0.0,2.966666666666667
13487,11884,DL,60,6.666666666666667,0.0,2.683333333333333
13487,11898,OO,90,23.333333333333332,0.0,17.488888888888887
13487,11977,OO,39,20.51282051282051,0.0,15.794871794871796
13487,11986,DL,50,14.000000000000002,0.0,6.9
13487,11986,OO,57,19.298245614035086,0.0,10.421052631578947
13487,12003,OO,6,0.0,0.0,0.8333333333333334
13487,12129,OO,51,17.647058823529413,0.0,17.764705882352942
13487,12173,DL,30,6.666666666666667,0.0,3.1666666666666665
13487,12264,OO,39,5.128205128205128,0.0,3.2051282051282053
13487,12266,DL,107,13.084112149532709,0.0,8.934579439252337
13487,12266,UA,30,0.0,0.0,0.16666666666666666
13487,12278,OO,56,12.5,0.0,20.163636363636364
13487,12323,DL,3,33.33333333333333,0.0,18.333333333333332
13487,12335,OO,30,16.666666666666664,0.0,12.866666666666667
13487,12339,DL,107,7.476635514018691,0.0,4.990654205607477
13487,12343,OO,56,8.928571428571429,0.0,5.625
13487,12441,DL,1,0.0,0.0,0.0
13487,12451,DL,30,6.666666666666667,0.0,2.4
13487,12478,DL,90,8.88888888888889,0.0,4.965909090909091
13487,12889,DL,162,6.172839506172839,0.0,3.484472049689441
13487,12889,WN,21,9.523809523809524,0.0,4.142857142857143
13487,12892,DL,180,7.222222222222221,0.0,4.072625698324022
13487,12953,DL,146,16.43835616438356,0.0,7.659722222222222
13487,12953,YX,4,0.0,0.0,0.25
13487,13198,DL,65,9.230769230769232,0.0,4.446153846153846
13487,13198,OO,17,29.411764705882355,0.0,23.647058823529413
13487,13204,DL,120,15.833333333333332,0.0,12.825
13487,13232,OO,90,11.11111111111111,0.0,7.222222222222222
13487,13232,WN,142,21.27659574468085,0.7042253521126761,10.829787234042554
13487,13244,OO,81,19.753086419753085,0.0,11.753086419753087
13487,13303,AA,30,3.3333333333333335,0.0,1.1
13487,13303,DL,60,11.666666666666666,0.0,6.423728813559322
13487,13342,DL,103,11.650485436893204,0.0,6.320388349514563
13487,13342,OO,26,23.076923076923077,0.0,12.038461538461538
13487,13433,OO,106,12.264150943396226,0.0,8.915094339622641
13487,13459,OO,30,23.333333333333332,0.0,21.1
13487,13485,DL,31,9.67741935483871,0.0,3.193548387096774
13487,13485,OO,89,11.235955056179774,0.0,5.146067415730337
13487,13486,DL,39,5.128205128205128,0.0,2.3333333333333335
13487,13495,DL,30,13.333333333333334,0.0,6.733333333333333
13487,13851,OO,30,36.666666666666664,0.0,17.766666666666666
13487,13871,OO,93,20.43010752688172,0.0,10.35483870967742
13487,13930,AA,27,51.85185185185185,0.0,46.18518518518518
13487,13930,DL,162,22.22222222222222,0.0,12.228395061728396
13487,13930,MQ,27,29.629629629629626,0.0,13.518518518518519
13487,13930,OH,28,46.42857142857143,0.0,30.392857142857142
13487,13930,OO,40,15.0,0.0,16.875
13487,13930,UA,219,27.522935779816514,0.45662100456621,17.80275229357798
13487,13930,YX,33,15.151515151515152,0.0,7.9393939393939394
13487,14057,DL,127,4.724409448818897,0.0,1.7007874015748032
13487,14100,AA,55,23.636363636363637,0.0,41.18181818181818
13487,14100,DL,107,13.084112149532709,0.0,8.36448598130841
13487,14107,AA,50,10.204081632653061,2.0,5.041666666666667
13487,14107,DL,151,13.90728476821192,0.0,7.389261744966443
13487,14107,WN,30,6.666666666666667,0.0,5.0
13487,14122,DL,48,12.5,0.0,9.604166666666666
13487,14122,OO,26,7.6923076923076925,0.0,4.230769230769231
13487,14252,DL,30,16.666666666666664,0.0,12.766666666666667
13487,14307,DL,7,14.285714285714285,0.0,3.4285714285714284
13487,14321,DL,30,0.0,0.0,0.4666666666666667
13487,14457,OO,18,0.0,0.0,0.2222222222222222
13487,14492,DL,107,12.149532710280374,0.0,6.775700934579439
13487,14520,OO,60,5.0,0.0,5.283333333333333
13487,14524,DL,1,0.0,0.0,0.0
13487,14524,OO,20,40.0,0.0,19.9
13487,14570,DL,7,14.285714285714285,0.0,8.428571428571429
13487,14633,OO,49,2.0408163265306123,0.0,1.7551020408163265
13487,14635,DL,55,16.363636363636363,0.0,9.072727272727272
13487,14679,DL,107,19.81132075471698,0.9345794392523363,8.733333333333333
13487,14683,DL,77,28.57142857142857,0.0,15.907894736842104
13487,14685,DL,30,6.666666666666667,0.0,1.4666666666666666
13487,14696,OO,30,16.666666666666664,0.0,11.733333333333333
13487,14730,OO,63,9.523809523809524,0.0,5.317460317460317
13487,14747,AS,116,13.157894736842104,1.7241379310344827,12.394736842105264
13487,14747,DL,148,4.054054054054054,0.0,1.6418918918918919
13487,14771,DL,127,11.811023622047244,0.0,9.031496062992126
13487,14771,OO,1,0.0,0.0,10.0
13487,14771,UA,29,6.896551724137931,0.0,2.4482758620689653
13487,14831,DL,52,23.076923076923077,0.0,13.153846153846153
13487,14869,DL,120,11.666666666666666,0.0,4.866666666666666
13487,14893,DL,55,7.2727272727272725,0.0,2.4727272727272727
13487,14908,DL,51,29.411764705882355,0.0,16.58823529411765
13487,14986,DL,1,0.0,0.0,0.0
13487,15016,DL,90,7.777777777777778,0.0,8.4
13487,15016,OO,24,12.5,0.0,7.541666666666667
13487,15016,WN,56,30.357142857142854,0.0,13.053571428571429
13487,15304,DL,72,13.88888888888889,0.0,6.472222222222222
13487,15380,DL,1,0.0,0.0,0.0
13487,15624,DL,9,0.0,0.0,1.4444444444444444
13487,16869,OO,86,8.13953488372093,0.0,5.1976744186046515
13495,10397,DL,249,2.0080321285140563,0.0,2.3453815261044175
13495,10397,F9,16,37.5,0.0,33.9375
13495,10397,NK,9,33.33333333333333,0.0,19.666666666666668
13495,10397,WN,30,13.333333333333334,0.0,6.0
13495,10423,OO,60,8.333333333333332,0.0,10.35593220338983
13495,10423,WN,117,11.965811965811966,0.0,5.461538461538462
13495,10693,NK,17,11.76470588235294,0.0,7.235294117647059
13495,10693,WN,103,3.8834951456310676,0.0,2.1067961165048543
13495,10721,B6,30,70.0,0.0,51.46666666666667
13495,10721,DL,30,68.96551724137932,3.3333333333333335,54.6551724137931
13495,10792,WN,1,0.0,0.0,0.0
13495,10821,NK,21,23.809523809523807,0.0,14.095238095238095
13495,10821,WN,75,10.666666666666668,0.0,5.093333333333334
13495,11057,AA,97,11.34020618556701,0.0,16.61855670103093
13495,11057,NK,9,0.0,0.0,0.1111111111111111
13495,11057,OH,1,0.0,0.0,0.0
13495,11259,WN,179,11.235955056179774,0.5586592178770949,7.286516853932584
13495,11278,AA,30,33.33333333333333,0.0,18.333333333333332
13495,11278,OH,26,38.46153846153847,0.0,67.0
13495,11278,WN,56,28.57142857142857,0.0,14.125
13495,11278,YX,30,10.0,0.0,5.733333333333333
13495,11292,UA,82,13.414634146341465,0.0,6.902439024390244
13495,11292,WN,73,23.28767123287671,0.0,15.794520547945206
13495,11298,AA,181,23.163841807909606,2.209944751381215,30.988636363636363
13495,11298,MQ,32,22.58064516129032,3.125,8.67741935483871
13495,11298,NK,17,11.76470588235294,0.0,6.117647058823529
13495,11298,OH,4,0.0,0.0,0.0
13495,11433,DL,30,6.666666666666667,0.0,6.9
13495,11433,NK,21,33.33333333333333,0.0,50.476190476190474
13495,11618,NK,8,37.5,0.0,42.5
13495,11618,UA,65,10.76923076923077,0.0,9.375
13495,11618,YX,1,0.0,0.0,0.0
13495,11697,NK,76,16.0,1.3157894736842104,6.053333333333334
13495,11697,WN,21,4.761904761904762,0.0,3.6
13495,12191,WN,176,14.204545454545455,0.0,8.142045454545455
13495,12264,UA,45,2.2222222222222223,0.0,0.6
13495,12266,NK,43,9.30232558139535,0.0,2.046511627906977
13495,12266,UA,237,8.936170212765958,0.8438818565400843,3.25531914893617
13495,12478,B6,22,4.545454545454546,0.0,4.2727272727272725
13495,12478,DL,60,11.666666666666666,0.0,11.466666666666667
13495,12889,NK,17,17.647058823529413,0.0,5.588235294117647
13495,12889,WN,56,21.428571428571427,0.0,8.678571428571429
13495,12892,DL,77,9.090909090909092,0.0,9.571428571428571
13495,12892,NK,18,22.22222222222222,0.0,18.944444444444443
13495,12892,WN,26,23.076923076923077,0.0,21.692307692307693
13495,12953,AA,26,19.230769230769234,0.0,10.076923076923077
13495,12953,DL,60,11.666666666666666,0.0,9.266666666666667
13495,12953,WN,26,11.538461538461538,0.0,5.461538461538462
13495,12953,YX,4,25.0,0.0,12.75
13495,13198,WN,21,4.761904761904762,0.0,3.761904761904762
13495,13204,NK,68,11.76470588235294,0.0,13.279411764705882
13495,13204,WN,74,9.45945945945946,0.0,4.205479452054795
13495,13232,WN,81,13.580246913580247,0.0,5.375
13495,13303,AA,35,11.428571428571429,0.0,8.342857142857143
13495,13303,MQ,54,22.22222222222222,0.0,12.056603773584905
13495,13303,NK,17,41.17647058823529,0.0,22.176470588235293
13495,13303,YX,4,25.0,0.0,13.25
13495,13487,DL,30,23.333333333333332,0.0,45.833333333333336
13495,13796,WN,1,0.0,0.0,0.0
13495,13930,MQ,30,3.4482758620689653,3.3333333333333335,4.413793103448276
13495,13930,NK,17,0.0,0.0,0.8823529411764706
13495,13930,UA,65,6.153846153846154,0.0,11.6
13495,13930,YX,30,13.333333333333334,0.0,5.344827586206897
13495,14100,AA,37,16.216216216216218,0.0,8.594594594594595
13495,14100,F9,13,30.76923076923077,0.0,24.76923076923077
13495,14100,OH,36,8.333333333333332,0.0,3.5833333333333335
13495,14100,YX,2,0.0,0.0,0.0
13495,14107,WN,31,19.35483870967742,0.0,8.633333333333333
13495,14492,NK,8,12.5,0.0,13.375
13495,14492,WN,4,0.0,0.0,3.0
13495,14679,WN,26,30.76923076923077,0.0,23.807692307692307
13495,14683,WN,21,14.285714285714285,0.0,5.619047619047619
13495,14747,AS,47,21.73913043478261,2.127659574468085,10.782608695652174
13495,14747,DL,1,0.0,0.0,0.0
13495,14771,AA,1,100.0,0.0,106.0
13495,14771,UA,35,8.571428571428571,0.0,3.2
13495,14869,DL,30,0.0,0.0,0.4
13495,15016,WN,47,10.638297872340425,0.0,6.382978723404255
13495,15304,NK,16,26.666666666666668,6.25,7.6
13495,15304,WN,47,6.382978723404255,0.0,2.574468085106383
13502,11292,UA,90,30.0,0.0,19.42222222222222
13502,11292,WN,21,19.047619047619047,0.0,11.047619047619047
13502,11298,AA,32,21.875,0.0,47.46875
13502,11298,MQ,24,20.833333333333336,0.0,19.833333333333332
13502,13930,OO,7,28.57142857142857,0.0,42.57142857142857
13541,10721,B6,18,11.11111111111111,0.0,11.444444444444445
13541,11278,B6,10,40.0,0.0,10.333333333333334
13541,11278,YX,6,16.666666666666664,0.0,5.666666666666667
13541,12478,B6,32,12.5,0.0,14.375
13541,12478,YX,7,28.57142857142857,0.0,158.71428571428572
13541,12953,YX,16,6.666666666666667,6.25,6.4
13541,14100,YX,2,0.0,0.0,1.0
13577,10135,G4,17,17.647058823529413,0.0,11.117647058823529
13577,10158,NK,29,13.793103448275861,0.0,7.517241379310345
13577,10257,G4,9,11.11111111111111,0.0,1.6666666666666667
13577,10397,DL,116,6.896551724137931,0.0,6.724137931034483
13577,10529,NK,22,0.0,0.0,0.5909090909090909
13577,10693,WN,51,3.9215686274509802,0.0,2.7450980392156863
13577,10721,NK,50,27.659574468085108,6.0,29.19148936170213
13577,10721,YX,9,0.0,0.0,2.6666666666666665
13577,10821,WN,94,12.76595744680851,0.0,9.042553191489361
13577,10874,G4,8,12.5,0.0,2.5
13577,11042,NK,13,7.6923076923076925,0.0,2.3076923076923075
13577,11057,AA,164,13.414634146341465,0.0,12.109756097560975
13577,11057,OH,49,10.204081632653061,0.0,10.755102040816327
13577,11193,G4,8,25.0,0.0,25.75
13577,11259,WN,4,0.0,0.0,0.0
13577,11278,OH,56,20.0,1.7857142857142856,20.727272727272727
13577,11278,YX,4,50.0,0.0,13.0
13577,11292,OO,4,0.0,0.0,1.0
13577,11292,WN,4,0.0,0.0,2.25
13577,11298,AA,29,25.925925925925924,6.896551724137931,14.423076923076923
13577,11298,MQ,1,0.0,0.0,0.0
13577,11298,OH,27,3.7037037037037033,0.0,1.4
13577,11433,DL,31,12.903225806451612,0.0,5.419354838709677
13577,11433,NK,11,0.0,0.0,0.0
13577,11618,NK,53,10.0,5.660377358490567,6.5
13577,11618,UA,4,0.0,0.0,5.25
13577,11618,YX,56,20.0,1.7857142857142856,24.40740740740741
13577,11697,NK,30,10.0,0.0,9.4
13577,12119,G4,9,55.55555555555556,0.0,35.111111111111114
13577,12265,G4,8,25.0,0.0,36.375
13577,12391,F9,13,15.384615384615385,0.0,21.692307692307693
13577,12898,NK,24,4.166666666666666,0.0,1.1666666666666667
13577,12917,G4,8,0.0,0.0,0.0
13577,12953,DL,30,10.0,0.0,4.8
13577,12953,NK,33,3.0303030303030303,0.0,1.1818181818181819
13577,13204,NK,26,15.384615384615385,0.0,12.884615384615385
13577,13230,G4,8,25.0,0.0,9.875
13577,13232,WN,30,3.3333333333333335,0.0,2.5
13577,13930,MQ,2,0.0,0.0,0.0
13577,13930,OO,29,34.48275862068966,0.0,18.689655172413794
13577,13930,UA,1,0.0,0.0,0.0
13577,14100,F9,21,42.857142857142854,0.0,52.095238095238095
13577,14100,NK,2,0.0,0.0,0.0
13577,14122,G4,17,5.88235294117647,0.0,14.294117647058824
13577,14122,NK,28,11.538461538461538,7.142857142857142,16.384615384615383
13577,14122,WN,8,12.5,0.0,5.75
13577,14576,NK,1,0.0,0.0,0.0
13577,15016,WN,8,12.5,0.0,3.5
13577,15070,G4,9,11.11111111111111,0.0,5.222222222222222
13577,15096,G4,8,12.5,0.0,5.375
13577,15356,F9,8,0.0,0.0,0.0
13795,11057,OH,30,0.0,0.0,0.16666666666666666
13796,10140,WN,30,6.666666666666667,0.0,3.533333333333333
13796,10423,WN,30,13.333333333333334,0.0,4.0
13796,10666,G4,13,7.6923076923076925,0.0,5.846153846153846
13796,10713,WN,52,19.230769230769234,0.0,9.557692307692308
13796,10800,WN,254,11.811023622047244,0.0,4.972332015810276
13796,11259,WN,34,17.647058823529413,0.0,10.0
13796,11292,WN,137,28.467153284671532,0.0,14.102189781021897
13796,11603,WN,30,13.333333333333334,0.0,4.533333333333333
13796,11884,WN,43,16.27906976744186,0.0,8.651162790697674
13796,12173,HA,30,16.666666666666664,0.0,10.166666666666666
13796,12173,WN,30,10.0,0.0,3.966666666666667
13796,12191,WN,30,10.0,0.0,4.066666666666666
13796,12280,G4,1,0.0,0.0,0.0
13796,12889,NK,37,8.333333333333332,2.7027027027027026,5.0
13796,12889,WN,263,21.455938697318008,0.7604562737642585,13.555555555555555
13796,12892,WN,181,16.022099447513813,0.0,6.966850828729282
13796,12954,WN,146,17.123287671232877,0.0,8.520547945205479
13796,12982,HA,30,10.0,0.0,2.9310344827586206
13796,12982,WN,30,23.333333333333332,0.0,14.833333333333334
13796,13198,WN,34,8.823529411764707,0.0,3.3333333333333335
13796,13232,WN,34,8.823529411764707,0.0,3.676470588235294
13796,13495,WN,1,0.0,0.0,0.0
13796,13830,HA,30,6.666666666666667,0.0,2.3
13796,13830,WN,30,13.333333333333334,0.0,5.0
13796,13891,WN,133,12.781954887218044,0.0,9.218045112781954
13796,14057,WN,99,13.131313131313133,0.0,7.292929292929293
13796,14107,WN,134,20.149253731343283,0.0,17.40909090909091
13796,14262,WN,17,29.411764705882355,0.0,9.235294117647058
13796,14679,NK,17,5.88235294117647,0.0,2.0
13796,14679,WN,258,30.078125,0.7751937984496124,16.27734375
13796,14689,WN,21,0.0,0.0,1.8571428571428572
13796,14747,AS,46,13.043478260869565,0.0,4.782608695652174
13796,14747,WN,120,30.0,0.0,15.375
13796,14869,OO,90,4.444444444444445,0.0,2.477777777777778
13796,14869,WN,56,14.285714285714285,0.0,10.660714285714286
13796,14908,WN,193,17.36842105263158,1.5544041450777202,7.863157894736842
13830,11292,UA,30,10.0,0.0,4.533333333333333
13830,11298,AA,30,16.666666666666664,0.0,22.8
13830,12173,HA,617,8.427876823338735,0.0,4.651539708265802
13830,12173,WN,236,2.11864406779661,0.0,0.9788135593220338
13830,12402,HA,26,3.8461538461538463,0.0,1.6923076923076923
13830,12758,HA,90,12.222222222222221,0.0,6.0
13830,12758,WN,30,6.666666666666667,0.0,3.6333333333333333
13830,12889,HA,30,20.0,0.0,6.133333333333334
13830,12889,WN,30,0.0,0.0,0.3333333333333333
13830,12892,AA,32,12.5,0.0,12.40625
13830,12892,DL,30,34.48275862068966,3.3333333333333335,17.413793103448278
13830,12892,HA,30,16.666666666666664,0.0,7.9
13830,12892,UA,30,3.3333333333333335,0.0,0.5
13830,12954,HA,30,10.0,0.0,2.7666666666666666
13830,12982,HA,90,11.11111111111111,0.0,5.622222222222222
13830,12982,WN,30,10.0,0.0,7.6
13830,13796,HA,30,13.333333333333334,0.0,5.6
13830,13796,WN,30,0.0,0.0,0.16666666666666666
13830,13930,UA,4,0.0,0.0,0.0
13830,14057,AS,60,13.333333333333334,0.0,8.183333333333334
13830,14107,AA,30,0.0,0.0,0.0
13830,14107,WN,30,0.0,0.0,0.3
13830,14679,AS,60,8.47457627118644,1.6666666666666667,5.068965517241379
13830,14747,AS,81,20.98765432098765,0.0,13.185185185185185
13830,14747,DL,30,0.0,0.0,0.0
13830,14747,HA,30,20.0,0.0,9.533333333333333
13830,14771,HA,30,3.3333333333333335,0.0,4.466666666666667
13830,14771,UA,90,4.444444444444445,0.0,1.6222222222222222
13830,14831,HA,30,16.666666666666664,0.0,6.366666666666666
13830,14893,HA,30,10.0,0.0,5.333333333333333
13851,10397,DL,138,3.6231884057971016,0.0,9.043478260869565
13851,10397,WN,1,0.0,0.0,0.0
13851,10423,WN,30,0.0,0.0,0.5666666666666667
13851,10599,MQ,1,0.0,0.0,0.0
13851,10693,WN,34,17.647058823529413,0.0,4.9411764705882355
13851,11057,AA,52,1.9607843137254901,1.9230769230769231,2.588235294117647
13851,11057,OH,28,22.22222222222222,3.571428571428571,16.814814814814813
13851,11278,OH,30,26.666666666666668,0.0,24.833333333333332
13851,11278,WN,26,34.61538461538461,0.0,17.26923076923077
13851,11292,F9,36,22.22222222222222,0.0,14.36111111111111
13851,11292,OO,132,18.181818181818183,0.0,9.803030303030303
13851,11292,UA,5,0.0,0.0,2.2
13851,11292,WN,106,27.358490566037734,0.0,14.235849056603774
13851,11298,AA,145,18.30985915492958,2.0689655172413794,26.183098591549296
13851,11298,MQ,71,15.942028985507244,2.8169014084507045,17.043478260869566
13851,11298,OH,30,27.586206896551722,3.3333333333333335,27.93103448275862
13851,11298,OO,31,0.0,3.225806451612903,1.2333333333333334
13851,11433,AA,1,0.0,0.0,0.0
13851,11433,DL,3,0.0,0.0,0.0
13851,11433,WN,1,0.0,0.0,0.0
13851,11603,WN,1,0.0,0.0,0.0
13851,12191,WN,103,15.53398058252427,0.0,5.893203883495145
13851,12266,OO,61,4.918032786885246,0.0,2.442622950819672
13851,12266,UA,19,0.0,0.0,1.0526315789473684
13851,12889,F9,12,25.0,0.0,11.916666666666666
13851,12889,WN,82,19.51219512195122,0.0,11.036585365853659
13851,12892,OO,88,18.39080459770115,1.1363636363636365,15.540229885057471
13851,12953,OO,30,3.3333333333333335,0.0,2.8333333333333335
13851,12953,YX,52,15.384615384615385,0.0,35.745098039215684
13851,13204,WN,8,0.0,0.0,0.0
13851,13232,WN,47,10.638297872340425,0.0,9.27659574468085
13851,13303,MQ,3,33.33333333333333,0.0,23.333333333333332
13851,13303,YX,4,50.0,0.0,83.5
13851,13487,DL,1,0.0,0.0,0.0
13851,13487,OO,30,3.3333333333333335,0.0,1.5862068965517242
13851,13930,MQ,1,0.0,0.0,6.0
13851,13930,OO,216,19.626168224299064,0.9259259259259258,13.149532710280374
13851,14107,OO,68,17.647058823529413,0.0,26.36764705882353
13851,14107,WN,56,7.142857142857142,0.0,4.571428571428571
13851,14683,WN,17,29.411764705882355,0.0,7.882352941176471
13851,14747,AS,30,16.666666666666664,0.0,7.266666666666667
13851,14869,OO,60,3.3333333333333335,0.0,4.366666666666666
13851,15016,WN,56,7.142857142857142,0.0,2.25
13871,10397,DL,137,5.109489051094891,0.0,7.9489051094890515
13871,10466,G4,8,12.5,0.0,5.25
13871,10693,WN,30,23.333333333333332,0.0,9.733333333333333
13871,11057,AA,88,12.5,0.0,8.943181818181818
13871,11259,WN,34,8.823529411764707,0.0,12.970588235294118
13871,11278,WN,26,15.384615384615385,0.0,13.346153846153847
13871,11278,YX,26,20.0,3.8461538461538463,9.6
13871,11292,F9,17,17.647058823529413,0.0,18.235294117647058
13871,11292,OO,26,0.0,0.0,0.2692307692307692
13871,11292,UA,120,17.5,0.0,8.3
13871,11292,WN,120,30.0,0.0,19.8
13871,11298,AA,67,21.53846153846154,2.9850746268656714,15.8125
13871,11298,MQ,53,11.320754716981133,0.0,8.18867924528302
13871,11433,DL,4,25.0,0.0,10.75
13871,11433,OO,105,3.8095238095238098,0.0,1.9047619047619047
13871,12191,WN,30,10.0,0.0,5.9
13871,12266,UA,60,11.666666666666666,0.0,4.983333333333333
13871,12889,G4,1,100.0,0.0,381.0
13871,12889,WN,74,18.91891891891892,0.0,14.68918918918919
13871,12892,OO,30,16.666666666666664,0.0,6.333333333333333
13871,12953,YX,4,25.0,0.0,6.75
13871,13204,WN,8,12.5,0.0,3.25
13871,13232,WN,120,15.126050420168067,0.8333333333333334,7.915966386554622
13871,13487,OO,93,11.827956989247312,0.0,5.56989247311828
13871,13930,AA,42,26.82926829268293,2.380952380952381,16.804878048780488
13871,13930,MQ,59,13.793103448275861,1.694915254237288,7.793103448275862
13871,13930,OO,24,8.333333333333332,0.0,3.125
13871,13930,UA,120,22.88135593220339,1.6666666666666667,13.85593220338983
13871,13930,YX,2,0.0,0.0,0.0
13871,14100,AA,4,75.0,0.0,60.0
13871,14100,OH,56,18.181818181818183,1.7857142857142856,13.381818181818181
13871,14107,MQ,56,12.5,0.0,7.214285714285714
13871,14107,WN,82,8.75,2.4390243902439024,4.775
13871,14747,AS,60,8.333333333333332,0.0,12.266666666666667
13871,14771,OO,5,0.0,0.0,0.0
13871,14771,UA,25,4.0,0.0,1.0
13871,14869,OO,60,5.0,0.0,1.6166666666666667
13871,15016,WN,78,2.564102564102564,0.0,0.7435897435897436
13871,15624,G4,1,0.0,0.0,5.0
13873,10299,AS,30,13.333333333333334,0.0,5.0
13891,10397,DL,77,2.5974025974025974,0.0,2.4935064935064934
13891,10423,WN,26,7.6923076923076925,0.0,5.038461538461538
13891,10693,WN,30,10.0,0.0,3.3333333333333335
13891,10821,WN,30,20.0,0.0,14.466666666666667
13891,11057,AA,30,6.666666666666667,0.0,15.866666666666667
13891,11259,WN,34,17.647058823529413,0.0,10.764705882352942
13891,11292,F9,48,27.083333333333332,0.0,16.708333333333332
13891,11292,UA,82,12.195121951219512,0.0,4.7317073170731705
13891,11292,WN,107,20.5607476635514,0.0,18.953271028037385
13891,11298,AA,159,21.428571428571427,3.1446540880503147,17.34640522875817
13891,11298,F9,24,37.5,0.0,26.458333333333332
13891,12173,AS,30,13.333333333333334,0.0,13.666666666666666
13891,12191,WN,30,3.3333333333333335,0.0,1.1666666666666667
13891,12266,F9,13,23.076923076923077,0.0,7.230769230769231
13891,12266,UA,30,13.333333333333334,0.0,22.433333333333334
13891,12478,B6,30,26.666666666666668,0.0,45.7
13891,12889,F9,68,22.058823529411764,0.0,24.647058823529413
13891,12889,WN,133,24.06015037593985,0.0,17.8796992481203
13891,13232,WN,30,3.3333333333333335,0.0,1.9333333333333333
13891,13796,WN,133,9.022556390977442,0.0,6.909774436090226
13891,13930,UA,30,13.333333333333334,0.0,10.758620689655173
13891,14057,AS,18,11.11111111111111,0.0,2.7222222222222223
13891,14057,F9,13,7.6923076923076925,0.0,2.769230769230769
13891,14057,OO,30,6.666666666666667,0.0,4.433333333333334
13891,14107,AA,72,13.043478260869565,4.166666666666666,15.289855072463768
13891,14107,OO,26,12.0,3.8461538461538463,6.68
13891,14107,WN,129,15.625,0.7751937984496124,11.1328125
13891,14747,AS,105,16.346153846153847,0.9523809523809524,8.375
13891,14747,DL,8,12.5,0.0,1.875
13891,14747,F9,18,16.666666666666664,0.0,7.611111111111111
13891,14747,OO,82,4.878048780487805,0.0,9.716049382716049
13891,14771,F9,17,52.94117647058824,0.0,38.529411764705884
13891,14771,OO,1,100.0,0.0,94.0
13891,14771,UA,90,31.11111111111111,0.0,15.544444444444444
13891,14831,WN,107,14.018691588785046,0.0,11.63551401869159
13891,14869,DL,83,6.024096385542169,0.0,11.795180722891565
13891,14869,OO,27,18.51851851851852,0.0,36.96296296296296
13891,14893,WN,177,6.779661016949152,0.0,4.468926553672317
13930,10135,OO,30,16.666666666666664,0.0,12.833333333333334
13930,10140,AA,19,26.31578947368421,0.0,23.105263157894736
13930,10140,MQ,39,23.076923076923077,0.0,10.64102564102564
13930,10140,OO,1,0.0,0.0,0.0
13930,10140,UA,59,33.89830508474576,0.0,14.033898305084746
13930,10257,MQ,85,11.76470588235294,0.0,8.376470588235295
13930,10257,OO,18,5.555555555555555,0.0,4.352941176470588
13930,10257,UA,90,23.333333333333332,0.0,12.488888888888889
13930,10268,MQ,52,19.230769230769234,0.0,6.423076923076923
13930,10299,AA,30,23.333333333333332,0.0,9.133333333333333
13930,10299,AS,17,29.411764705882355,0.0,16.58823529411765
13930,10299,UA,54,20.37037037037037,0.0,8.351851851851851
13930,10372,OO,90,17.77777777777778,0.0,15.11111111111111
13930,10397,AA,47,12.76595744680851,0.0,8.48936170212766
13930,10397,DL,222,6.306306306306306,0.0,3.9279279279279278
13930,10397,F9,60,28.333333333333332,0.0,45.18333333333333
13930,10397,MQ,1,0.0,0.0,0.0
13930,10397,NK,2,0.0,0.0,0.5
13930,10397,OO,28,35.714285714285715,0.0,38.785714285714285
13930,10397,UA,146,10.95890410958904,0.0,9.075862068965517
13930,10397,YX,37,16.216216216216218,0.0,7.594594594594595
13930,10408,MQ,86,13.953488372093023,0.0,7.616279069767442
13930,10408,OO,44,13.953488372093023,2.272727272727273,8.511627906976743
13930,10423,AA,99,28.57142857142857,1.0101010101010102,24.142857142857142
13930,10423,F9,8,0.0,0.0,0.0
13930,10423,UA,121,15.702479338842975,0.0,9.661157024793388
13930,10423,WN,30,13.333333333333334,0.0,7.3
13930,10431,MQ,53,13.20754716981132,0.0,6.528301886792453
13930,10431,OO,71,21.12676056338028,0.0,11.732394366197184
13930,10434,MQ,53,13.20754716981132,0.0,6.547169811320755
13930,10434,OO,4,0.0,0.0,1.75
13930,10469,MQ,86,12.941176470588237,1.1627906976744187,8.764705882352942
13930,10529,AA,43,30.23255813953488,0.0,37.04651162790697
13930,10529,MQ,42,7.142857142857142,0.0,4.761904761904762
13930,10529,OO,24,16.666666666666664,0.0,9.041666666666666
13930,10529,UA,71,16.901408450704224,0.0,15.04225352112676
13930,10529,YX,26,3.8461538461538463,0.0,7.6923076923076925
13930,10581,AA,30,26.666666666666668,0.0,55.93333333333333
13930,10581,MQ,30,13.333333333333334,0.0,10.7
13930,10581,YX,48,4.166666666666666,0.0,3.8541666666666665
13930,10599,MQ,50,12.0,0.0,5.1
13930,10599,OO,5,40.0,0.0,22.0
13930,10599,YX,66,4.545454545454546,0.0,2.378787878787879
13930,10620,MQ,60,15.0,0.0,16.203389830508474
13930,10620,OO,30,13.333333333333334,0.0,9.724137931034482
13930,10627,MQ,30,10.0,0.0,3.2666666666666666
13930,10685,MQ,60,15.0,0.0,6.733333333333333
13930,10693,AA,71,28.169014084507044,0.0,37.66197183098591
13930,10693,F9,16,26.666666666666668,6.25,17.4
13930,10693,MQ,18,11.11111111111111,0.0,4.555555555555555
13930,10693,OO,106,30.18867924528302,0.0,17.943396226415093
13930,10693,UA,120,12.5,0.0,9.875
13930,10693,WN,30,13.333333333333334,0.0,5.366666666666666
13930,10693,YX,36,8.333333333333332,0.0,5.166666666666667
13930,10713,AA,30,16.666666666666664,0.0,11.233333333333333
13930,10713,OO,24,12.5,0.0,10.708333333333334
13930,10713,UA,36,13.88888888888889,0.0,11.055555555555555
13930,10721,AA,230,44.73684210526316,0.8695652173913043,28.63716814159292
13930,10721,B6,48,29.166666666666668,0.0,17.833333333333332
13930,10721,DL,107,36.79245283018868,0.9345794392523363,40.490566037735846
13930,10721,MQ,30,3.3333333333333335,0.0,1.7
13930,10721,UA,241,52.916666666666664,0.4149377593360996,47.11715481171548
13930,10721,YX,4,75.0,0.0,43.0
13930,10785,MQ,53,16.9811320754717,0.0,7.962264150943396
13930,10785,OO,9,22.22222222222222,0.0,10.222222222222221
13930,10785,UA,60,23.333333333333332,0.0,14.75
13930,10792,AA,61,27.86885245901639,0.0,29.24590163934426
13930,10792,MQ,29,25.0,3.4482758620689653,12.142857142857142
13930,10792,UA,89,16.853932584269664,0.0,8.382022471910112
13930,10821,F9,17,35.294117647058826,0.0,9.411764705882353
13930,10821,MQ,87,18.39080459770115,0.0,8.770114942528735
13930,10821,NK,8,0.0,0.0,0.375
13930,10821,UA,106,18.867924528301888,0.0,11.70754716981132
13930,10821,WN,30,20.0,0.0,14.533333333333333
13930,10849,AA,57,19.298245614035086,0.0,14.964912280701755
13930,10849,OO,16,25.0,0.0,15.6
13930,10849,UA,60,18.333333333333332,0.0,12.3
13930,10868,OO,29,13.793103448275861,0.0,15.931034482758621
13930,10874,OO,116,19.82758620689655,0.0,14.560344827586206
13930,10980,OO,59,22.033898305084744,0.0,26.050847457627118
13930,10990,OO,87,32.18390804597701,0.0,16.488372093023255
13930,10994,AA,11,27.27272727272727,0.0,67.0
13930,10994,MQ,19,10.526315789473683,0.0,7.947368421052632
13930,10994,UA,57,22.807017543859647,0.0,13.631578947368421
13930,10994,YX,58,8.620689655172415,0.0,6.0
13930,11003,MQ,128,14.960629921259844,0.78125,7.850393700787402
13930,11003,OO,52,21.568627450980394,1.9230769230769231,11.745098039215685
13930,11003,UA,37,29.72972972972973,0.0,18.243243243243242
13930,11013,OO,28,17.857142857142858,0.0,11.642857142857142
13930,11042,AA,45,44.44444444444444,0.0,45.31111111111111
13930,11042,MQ,28,7.4074074074074066,3.571428571428571,3.4444444444444446
13930,11042,OO,99,23.232323232323232,0.0,15.919191919191919
13930,11042,UA,230,20.434782608695652,0.0,11.939130434782609
13930,11042,YX,1,0.0,0.0,0.0
13930,11057,AA,236,20.0,0.423728813559322,10.795744680851064
13930,11057,F9,12,16.666666666666664,0.0,33.833333333333336
13930,11057,UA,86,20.930232558139537,0.0,14.686046511627907
13930,11057,YX,4,25.0,0.0,19.5
13930,11066,AA,29,41.37931034482759,0.0,35.827586206896555
13930,11066,MQ,78,20.51282051282051,0.0,8.846153846153847
13930,11066,OH,28,29.629629629629626,3.571428571428571,22.444444444444443
13930,11066,OO,48,33.33333333333333,0.0,19.958333333333332
13930,11066,UA,120,22.5,0.0,13.816666666666666
13930,11066,YX,108,18.51851851851852,0.0,9.916666666666666
13930,11067,MQ,68,14.705882352941178,0.0,7.897058823529412
13930,11076,OO,80,18.75,0.0,33.16
13930,11109,OO,60,15.254237288135593,1.6666666666666667,5.491525423728813
13930,11109,UA,30,10.0,0.0,10.133333333333333
13930,11111,MQ,96,18.947368421052634,1.0416666666666665,8.052631578947368
13930,11111,OO,12,8.333333333333332,0.0,6.75
13930,11146,OO,90,25.555555555555554,0.0,16.181818181818183
13930,11193,AA,21,38.095238095238095,0.0,29.61904761904762
13930,11193,MQ,62,17.741935483870968,0.0,9.612903225806452
13930,11193,OO,92,28.08988764044944,3.260869565217391,15.932584269662922
13930,11193,UA,120,24.166666666666668,0.0,13.925
13930,11193,YX,109,5.5045871559633035,0.0,2.7522935779816513
13930,11203,MQ,85,20.0,0.0,9.411764705882353
13930,11259,WN,73,16.666666666666664,1.36986301369863,12.642857142857142
13930,11267,MQ,28,17.857142857142858,0.0,6.0
13930,11267,OH,79,32.05128205128205,1.2658227848101267,26.76923076923077
13930,11267,UA,7,0.0,0.0,1.7142857142857142
13930,11267,YX,5,0.0,0.0,0.0
13930,11278,AA,240,39.075630252100844,0.8333333333333334,35.609243697478995
13930,11278,UA,336,27.54491017964072,0.5952380952380952,16.015015015015017
13930,11288,OO,51,13.725490196078432,0.0,8.627450980392156
13930,11292,AA,147,29.25170068027211,0.0,19.5578231292517
13930,11292,F9,46,17.391304347826086,0.0,41.369565217391305
13930,11292,UA,326,17.53846153846154,0.3067484662576687,11.15170278637771
13930,11292,WN,86,11.627906976744185,0.0,7.813953488372093
13930,11298,AA,312,23.202614379084967,1.9230769230769231,23.00662251655629
13930,11298,F9,39,28.947368421052634,2.564102564102564,30.736842105263158
13930,11298,MQ,8,12.5,0.0,12.375
13930,11298,UA,176,19.428571428571427,0.5681818181818182,13.793103448275861
13930,11337,OO,119,31.35593220338983,0.8403361344537815,18.905982905982906
13930,11423,AA,30,30.0,0.0,42.233333333333334
13930,11423,MQ,4,0.0,0.0,0.0
13930,11423,OO,73,19.444444444444446,1.36986301369863,11.055555555555555
13930,11423,UA,135,16.296296296296298,0.0,14.674074074074074
13930,11423,YX,22,18.181818181818183,0.0,8.136363636363637
13930,11433,DL,122,16.39344262295082,0.0,17.229508196721312
13930,11433,MQ,28,14.814814814814813,3.571428571428571,9.037037037037036
13930,11433,OO,196,26.53061224489796,0.0,14.959183673469388
13930,11433,UA,109,20.18348623853211,0.0,12.688073394495413
13930,11433,YX,27,3.7037037037037033,0.0,9.703703703703704
13930,11471,OO,50,14.285714285714285,2.0,8.229166666666666
13930,11481,YX,30,3.3333333333333335,0.0,2.7666666666666666
13930,11503,UA,6,50.0,0.0,40.0
13930,11540,MQ,28,21.428571428571427,0.0,13.964285714285714
13930,11540,OO,26,23.076923076923077,0.0,8.346153846153847
13930,11540,YX,6,16.666666666666664,0.0,24.333333333333332
13930,11612,MQ,57,5.263157894736842,0.0,4.5964912280701755
13930,11618,AA,57,50.0,1.7543859649122806,35.910714285714285
13930,11618,MQ,60,22.413793103448278,3.3333333333333335,14.879310344827585
13930,11618,UA,356,24.71590909090909,1.1235955056179776,23.877492877492877
13930,11630,UA,24,20.833333333333336,0.0,10.041666666666666
13930,11637,MQ,82,6.172839506172839,1.2195121951219512,3.382716049382716
13930,11637,OO,105,27.61904761904762,0.0,18.563106796116504
13930,11638,UA,30,43.333333333333336,0.0,16.733333333333334
13930,11648,AA,42,26.190476190476193,0.0,17.095238095238095
13930,11648,OO,23,30.434782608695656,0.0,21.956521739130434
13930,11648,UA,30,0.0,0.0,0.0
13930,11697,AA,30,20.0,0.0,7.133333333333334
13930,11697,NK,90,20.224719101123593,1.1111111111111112,9.55056179775281
13930,11697,UA,86,13.953488372093023,0.0,8.19047619047619
13930,11721,OO,176,22.413793103448278,1.1363636363636365,20.17241379310345
13930,11725,OO,51,9.803921568627452,0.0,10.137254901960784
13930,11775,OO,125,25.203252032520325,1.6,25.048780487804876
13930,11775,UA,30,53.333333333333336,0.0,25.566666666666666
13930,11775,YX,1,0.0,0.0,0.0
13930,11823,OH,24,37.5,0.0,28.208333333333332
13930,11823,OO,197,27.55102040816326,0.5076142131979695,15.01530612244898
13930,11884,AA,42,19.047619047619047,0.0,17.333333333333332
13930,11884,OO,30,23.333333333333332,0.0,16.966666666666665
13930,11977,MQ,102,15.841584158415841,0.9803921568627451,7.88
13930,11977,OO,92,18.681318681318682,1.0869565217391304,15.45054945054945
13930,11986,AA,57,26.785714285714285,1.7543859649122806,30.803571428571427
13930,11986,MQ,70,11.594202898550725,1.4285714285714286,5.260869565217392
13930,11986,OO,31,32.25806451612903,0.0,23.387096774193548
13930,11986,UA,99,24.242424242424242,0.0,19.575757575757574
13930,11986,YX,52,5.769230769230769,0.0,5.230769230769231
13930,11995,MQ,70,5.714285714285714,0.0,4.4
13930,11995,OO,54,11.11111111111111,0.0,6.12962962962963
13930,11995,YX,2,0.0,0.0,0.0
13930,11996,MQ,41,7.5,2.4390243902439024,6.65
13930,11996,OH,30,33.33333333333333,0.0,56.43333333333333
13930,11996,OO,27,18.51851851851852,0.0,6.518518518518518
13930,11996,YX,30,23.333333333333332,0.0,11.533333333333333
13930,12124,MQ,4,25.0,0.0,17.5
13930,12173,UA,30,30.0,0.0,31.866666666666667
13930,12197,MQ,117,11.11111111111111,0.0,5.0256410256410255
13930,12217,OO,123,19.51219512195122,0.0,10.926829268292684
13930,12264,UA,201,17.91044776119403,0.0,10.99502487562189
13930,12266,AA,87,26.436781609195403,0.0,23.25287356321839
13930,12266,F9,17,17.647058823529413,0.0,55.294117647058826
13930,12266,MQ,46,13.043478260869565,0.0,5.956521739130435
13930,12266,NK,42,4.878048780487805,2.380952380952381,2.3902439024390243
13930,12266,UA,328,14.939024390243901,0.0,9.670731707317072
13930,12266,YX,12,8.333333333333332,0.0,16.666666666666668
13930,12278,OO,132,25.190839694656486,0.7575757575757576,23.284615384615385
13930,12278,UA,30,26.666666666666668,0.0,12.933333333333334
13930,12280,OO,30,27.586206896551722,3.3333333333333335,15.206896551724139
13930,12323,MQ,31,6.451612903225806,0.0,4.387096774193548
13930,12339,AA,12,41.66666666666667,0.0,40.75
13930,12339,MQ,51,23.52941176470588,0.0,9.03921568627451
13930,12339,OO,33,9.67741935483871,6.0606060606060606,4.193548387096774
13930,12339,UA,92,22.82608695652174,0.0,13.271739130434783
13930,12339,YX,201,13.5,0.4975124378109453,7.385
13930,12441,AA,60,28.333333333333332,0.0,52.63333333333333
13930,12441,UA,55,30.909090909090907,0.0,22.490909090909092
13930,12451,AA,60,35.0,0.0,26.283333333333335
13930,12451,MQ,11,0.0,0.0,0.09090909090909091
13930,12451,UA,75,17.333333333333336,0.0,14.053333333333333
13930,12478,AA,28,21.428571428571427,0.0,33.57142857142857
13930,12478,B6,49,8.16326530612245,0.0,15.46938775510204
13930,12478,YX,90,27.77777777777778,0.0,23.033333333333335
13930,12511,OO,30,16.666666666666664,0.0,10.89655172413793
13930,12559,OO,30,23.333333333333332,0.0,15.366666666666667
13930,12878,OO,47,27.659574468085108,0.0,13.553191489361701
13930,12884,MQ,61,14.754098360655737,0.0,5.786885245901639
13930,12889,AA,166,30.48780487804878,1.2048192771084338,22.791411042944784
13930,12889,F9,16,40.0,6.25,63.666666666666664
13930,12889,NK,67,8.955223880597014,0.0,3.5074626865671643
13930,12889,UA,176,15.909090909090908,0.0,8.462857142857143
13930,12889,WN,56,16.071428571428573,0.0,10.089285714285714
13930,12892,AA,267,26.037735849056602,0.7490636704119851,20.38867924528302
13930,12892,F9,21,14.285714285714285,0.0,7.571428571428571
13930,12892,NK,49,12.244897959183673,0.0,10.53061224489796
13930,12892,UA,279,13.261648745519713,0.0,11.942652329749103
13930,12945,OO,206,17.073170731707318,0.48543689320388345,14.180487804878048
13930,12953,AA,266,30.075187969924812,0.0,23.071698113207546
13930,12953,DL,241,18.672199170124482,0.0,15.974683544303797
13930,12953,NK,31,16.129032258064516,0.0,9.533333333333333
13930,12953,UA,426,21.749408983451538,0.7042253521126761,16.43230403800475
13930,12953,YX,8,62.5,0.0,39.57142857142857
13930,12992,MQ,71,12.857142857142856,1.4084507042253522,5.828571428571428
13930,12992,OO,55,23.636363636363637,0.0,9.690909090909091
13930,13029,OO,116,15.65217391304348,0.8620689655172413,10.964912280701755
13930,13076,MQ,83,19.27710843373494,0.0,9.19277108433735
13930,13184,OO,90,20.224719101123593,1.1111111111111112,12.910112359550562
13930,13198,AA,30,43.333333333333336,0.0,25.766666666666666
13930,13198,MQ,71,10.0,1.4084507042253522,5.814285714285714
13930,13198,OO,68,14.705882352941178,0.0,8.25
13930,13198,UA,119,21.84873949579832,0.0,14.134453781512605
13930,13198,YX,13,0.0,0.0,0.15384615384615385
13930,13204,AA,134,18.796992481203006,0.7462686567164178,10.428571428571429
13930,13204,F9,20,10.0,0.0,5.25
13930,13204,NK,67,10.44776119402985,0.0,6.850746268656716
13930,13204,UA,173,14.450867052023122,0.0,7.994219653179191
13930,13204,WN,60,6.666666666666667,0.0,2.5833333333333335
13930,13211,OO,51,21.568627450980394,0.0,8.877551020408163
13930,13230,MQ,61,13.114754098360656,0.0,6.704918032786885
13930,13230,UA,57,19.298245614035086,0.0,14.859649122807017
13930,13230,YX,11,27.27272727272727,0.0,15.727272727272727
13930,13244,AA,1,100.0,0.0,33.0
13930,13244,MQ,70,12.857142857142856,0.0,6.714285714285714
13930,13244,OO,58,10.344827586206897,0.0,4.741379310344827
13930,13244,UA,30,13.333333333333334,0.0,9.1
13930,13244,YX,27,11.538461538461538,3.7037037037037033,3.6923076923076925
13930,13282,OO,30,36.666666666666664,0.0,37.607142857142854
13930,13290,OO,30,33.33333333333333,0.0,18.766666666666666
13930,13296,MQ,86,22.093023255813954,0.0,11.825581395348838
13930,13303,AA,235,17.4468085106383,0.0,11.8
13930,13303,NK,30,16.666666666666664,0.0,21.3
13930,13303,UA,48,14.583333333333334,0.0,14.0625
13930,13342,OO,394,26.666666666666668,1.015228426395939,19.746153846153845
13930,13367,MQ,73,12.32876712328767,0.0,8.534246575342467
13930,13367,OO,90,18.88888888888889,0.0,9.333333333333334
13930,13459,MQ,62,19.35483870967742,0.0,34.516129032258064
13930,13485,MQ,103,17.475728155339805,0.0,8.048543689320388
13930,13485,OO,92,27.173913043478258,0.0,13.847826086956522
13930,13485,UA,133,27.06766917293233,0.0,16.804511278195488
13930,13485,YX,8,0.0,0.0,0.0
13930,13486,MQ,49,14.285714285714285,0.0,9.959183673469388
13930,13486,OO,23,9.090909090909092,4.3478260869565215,5.681818181818182
13930,13486,UA,1,0.0,0.0,0.0
13930,13487,AA,27,48.148148148148145,0.0,35.370370370370374
13930,13487,DL,162,25.465838509316768,0.6172839506172839,15.043478260869565
13930,13487,MQ,26,30.76923076923077,0.0,15.615384615384615
13930,13487,OH,28,29.629629629629626,3.571428571428571,17.25925925925926
13930,13487,OO,42,35.714285714285715,0.0,36.595238095238095
13930,13487,UA,219,29.22374429223744,0.0,19.420091324200914
13930,13487,YX,32,15.625,0.0,10.03125
13930,13495,MQ,30,3.4482758620689653,3.3333333333333335,2.6206896551724137
13930,13495,NK,17,0.0,0.0,0.23529411764705882
13930,13495,UA,65,13.846153846153847,0.0,8.815384615384616
13930,13495,YX,30,20.0,0.0,7.9
13930,13502,OO,7,28.57142857142857,0.0,11.285714285714286
13930,13577,MQ,2,0.0,0.0,5.0
13930,13577,OO,29,24.137931034482758,0.0,20.620689655172413
13930,13577,UA,1,0.0,0.0,0.0
13930,13830,UA,4,50.0,0.0,18.25
13930,13851,OO,216,21.962616822429908,0.9259259259259258,16.397196261682243
13930,13871,AA,42,52.38095238095239,0.0,39.166666666666664
13930,13871,MQ,59,13.793103448275861,1.694915254237288,6.241379310344827
13930,13871,OO,24,12.5,0.0,4.083333333333333
13930,13871,UA,120,21.666666666666668,0.0,11.15
13930,13871,YX,2,0.0,0.0,0.0
13930,13891,UA,30,40.0,0.0,19.866666666666667
13930,13931,MQ,3,0.0,0.0,0.0
13930,13931,UA,60,23.333333333333332,0.0,16.583333333333332
13930,13931,YX,80,16.25,0.0,12.4625
13930,14027,AA,42,38.095238095238095,0.0,36.404761904761905
13930,14027,UA,6,16.666666666666664,0.0,16.166666666666668
13930,14057,AA,87,16.091954022988507,0.0,10.689655172413794
13930,14057,AS,47,14.893617021276595,0.0,14.361702127659575
13930,14057,UA,123,13.821138211382115,0.0,9.666666666666666
13930,14100,AA,250,26.400000000000002,0.0,25.44
13930,14100,F9,16,18.75,0.0,5.6875
13930,14100,UA,146,21.91780821917808,0.0,15.356164383561644
13930,14107,AA,244,24.066390041493776,1.2295081967213115,27.23949579831933
13930,14107,F9,17,25.0,5.88235294117647,25.266666666666666
13930,14107,UA,144,16.783216783216783,0.6944444444444444,9.326241134751774
13930,14107,WN,30,56.666666666666664,0.0,36.733333333333334
13930,14108,MQ,84,16.867469879518072,1.1904761904761905,6.674698795180723
13930,14108,OO,96,25.0,0.0,15.541666666666666
13930,14122,AA,2,50.0,0.0,93.5
13930,14122,MQ,25,20.0,0.0,7.96
13930,14122,OO,25,32.0,0.0,25.08
13930,14122,UA,121,14.049586776859504,0.0,9.553719008264462
13930,14122,YX,172,11.695906432748536,0.5813953488372093,6.953216374269005
13930,14150,OO,38,18.91891891891892,2.631578947368421,9.35135135135135
13930,14193,UA,30,10.0,0.0,20.266666666666666
13930,14262,UA,6,0.0,0.0,0.0
13930,14307,AA,35,57.14285714285714,0.0,60.2
13930,14307,OO,59,29.310344827586203,1.694915254237288,15.086206896551724
13930,14307,UA,30,26.666666666666668,0.0,10.8
13930,14321,OO,45,26.666666666666668,0.0,12.955555555555556
13930,14321,UA,60,15.0,0.0,10.25
13930,14321,YX,60,21.666666666666668,0.0,9.533333333333333
13930,14457,MQ,42,19.51219512195122,2.380952380952381,10.268292682926829
13930,14457,OO,3,33.33333333333333,0.0,14.666666666666666
13930,14457,UA,29,6.896551724137931,0.0,10.931034482758621
13930,14492,AA,60,33.33333333333333,0.0,17.966666666666665
13930,14492,F9,13,7.6923076923076925,0.0,2.0
13930,14492,MQ,1,0.0,0.0,0.0
13930,14492,UA,113,13.274336283185843,0.0,8.929203539823009
13930,14492,YX,79,16.455696202531644,0.0,14.721518987341772
13930,14520,OO,35,14.705882352941178,2.857142857142857,5.235294117647059
13930,14524,MQ,28,10.714285714285714,0.0,3.392857142857143
13930,14524,OO,91,22.22222222222222,1.098901098901099,19.266666666666666
13930,14524,UA,28,39.285714285714285,0.0,20.821428571428573
13930,14524,YX,34,11.76470588235294,0.0,4.382352941176471
13930,14570,UA,30,33.33333333333333,0.0,21.2
13930,14574,OO,87,20.689655172413794,0.0,10.270588235294118
13930,14574,YX,30,16.666666666666664,0.0,10.266666666666667
13930,14576,MQ,64,12.698412698412698,1.5625,10.619047619047619
13930,14576,OO,22,18.181818181818183,0.0,7.590909090909091
13930,14576,UA,59,32.20338983050847,0.0,19.52542372881356
13930,14576,YX,56,12.5,0.0,7.75
13930,14633,MQ,30,3.4482758620689653,3.3333333333333335,1.2142857142857142
13930,14633,OO,42,40.476190476190474,0.0,25.714285714285715
13930,14635,AA,57,10.526315789473683,0.0,9.321428571428571
13930,14635,NK,19,0.0,0.0,2.3157894736842106
13930,14635,UA,93,8.60215053763441,0.0,4.0
13930,14679,AA,122,19.672131147540984,0.0,15.791666666666666
13930,14679,F9,6,0.0,0.0,1.1666666666666667
13930,14679,UA,142,24.647887323943664,0.0,19.285714285714285
13930,14683,AA,44,40.909090909090914,0.0,29.886363636363637
13930,14683,OO,2,0.0,0.0,0.0
13930,14683,UA,77,15.584415584415584,0.0,10.116883116883116
13930,14683,YX,28,7.4074074074074066,3.571428571428571,4.037037037037037
13930,14685,AA,29,28.57142857142857,3.4482758620689653,16.464285714285715
13930,14685,OO,29,13.793103448275861,0.0,8.96551724137931
13930,14685,UA,60,23.333333333333332,0.0,21.75
13930,14685,YX,1,100.0,0.0,17.0
13930,14696,OO,203,21.890547263681594,0.9852216748768473,16.930348258706466
13930,14696,UA,3,0.0,0.0,3.3333333333333335
13930,14711,OO,49,22.448979591836736,0.0,13.040816326530612
13930,14711,YX,4,50.0,0.0,41.75
13930,14730,MQ,72,11.267605633802818,1.3888888888888888,4.971830985915493
13930,14730,OO,39,12.82051282051282,0.0,8.615384615384615
13930,14730,YX,111,10.81081081081081,0.0,7.5675675675675675
13930,14747,AA,116,14.655172413793101,0.0,9.344827586206897
13930,14747,AS,179,19.2090395480226,1.1173184357541899,14.778409090909092
13930,14747,DL,72,13.88888888888889,0.0,8.458333333333334
13930,14747,UA,142,13.380281690140844,0.0,9.908450704225352
13930,14771,AA,174,23.563218390804597,0.0,17.17816091954023
13930,14771,UA,316,21.835443037974684,0.0,17.746835443037973
13930,14783,MQ,103,14.563106796116504,0.0,8.446601941747574
13930,14783,OO,58,25.862068965517242,0.0,16.655172413793103
13930,14831,UA,30,10.0,0.0,7.5
13930,14843,AA,2,0.0,0.0,3.5
13930,14843,NK,19,26.31578947368421,0.0,9.31578947368421
13930,14843,UA,30,20.0,0.0,17.166666666666668
13930,14869,AA,72,26.38888888888889,0.0,22.291666666666668
13930,14869,DL,86,18.6046511627907,0.0,12.627906976744185
13930,14869,UA,86,18.823529411764707,1.1627906976744187,9.364705882352942
13930,14877,OO,30,30.0,0.0,19.366666666666667
13930,14893,AA,30,16.666666666666664,0.0,8.533333333333333
13930,14893,UA,87,21.839080459770116,0.0,19.0
13930,14908,AA,104,22.115384615384613,0.0,11.451923076923077
13930,14908,UA,86,23.25581395348837,0.0,12.6
13930,14952,MQ,30,6.896551724137931,3.3333333333333335,2.413793103448276
13930,14952,OO,27,33.33333333333333,0.0,28.22222222222222
13930,14986,UA,30,16.666666666666664,0.0,10.1
13930,15016,AA,60,25.0,0.0,13.516666666666667
13930,15016,MQ,27,7.4074074074074066,0.0,2.888888888888889
13930,15016,OO,85,12.048192771084338,2.3529411764705883,10.325301204819278
13930,15016,UA,65,16.923076923076923,0.0,11.646153846153846
13930,15016,YX,3,33.33333333333333,0.0,41.0
13930,15041,OO,6,50.0,0.0,21.333333333333332
13930,15048,OO,30,10.0,0.0,6.137931034482759
13930,15096,AA,31,38.70967741935484,0.0,37.096774193548384
13930,15096,MQ,68,10.44776119402985,1.4705882352941175,7.298507462686567
13930,15096,OO,5,0.0,0.0,3.2
13930,15096,UA,60,26.666666666666668,0.0,13.216666666666667
13930,15096,YX,26,3.8461538461538463,0.0,4.0
13930,15304,AA,72,20.833333333333336,0.0,9.777777777777779
13930,15304,F9,9,22.22222222222222,0.0,39.22222222222222
13930,15304,NK,30,10.0,0.0,8.266666666666667
13930,15304,UA,94,18.085106382978726,0.0,11.202127659574469
13930,15370,MQ,70,15.942028985507244,1.4285714285714286,7.956521739130435
13930,15370,OH,2,0.0,0.0,0.0
13930,15370,OO,88,12.643678160919542,1.1363636363636365,14.436781609195402
13930,15370,YX,2,0.0,0.0,0.0
13930,15376,AA,30,16.666666666666664,0.0,18.366666666666667
13930,15376,OO,1,0.0,0.0,0.0
13930,15376,UA,29,13.793103448275861,0.0,14.655172413793103
13930,15380,OH,2,0.0,0.0,5.0
13930,15380,OO,126,28.799999999999997,0.7936507936507936,29.2
13930,15380,UA,55,23.636363636363637,0.0,13.2
13930,15380,YX,30,6.666666666666667,0.0,3.1333333333333333
13930,15412,MQ,29,20.689655172413794,0.0,10.137931034482758
13930,15412,OH,56,21.818181818181817,1.7857142857142856,29.6
13930,15412,OO,50,24.489795918367346,2.0,11.16326530612245
13930,15412,UA,33,24.242424242424242,0.0,27.78787878787879
13930,15412,YX,23,0.0,0.0,0.9130434782608695
13930,15624,AA,6,50.0,0.0,45.0
13930,15919,MQ,119,18.487394957983195,0.0,9.974789915966387
13930,15919,YX,1,0.0,0.0,0.0
13931,10397,DL,236,6.779661016949152,0.0,5.783898305084746
13931,10397,F9,17,23.52941176470588,0.0,19.58823529411765
13931,10693,WN,34,2.941176470588235,0.0,3.176470588235294
13931,10721,B6,30,20.0,0.0,7.166666666666667
13931,10721,YX,34,15.151515151515152,2.941176470588235,36.696969696969695
13931,10821,WN,137,8.75912408759124,0.0,5.810218978102189
13931,11057,AA,150,12.666666666666668,0.0,9.466666666666667
13931,11057,OH,64,12.5,0.0,10.90625
13931,11259,WN,8,0.0,0.0,0.25
13931,11278,OH,87,18.39080459770115,0.0,16.022988505747126
13931,11278,YX,2,100.0,0.0,48.5
13931,11292,UA,30,6.666666666666667,0.0,2.2
13931,11292,WN,30,16.666666666666664,0.0,10.833333333333334
13931,11298,AA,68,25.37313432835821,1.4705882352941175,23.850746268656717
13931,11298,F9,9,55.55555555555556,0.0,52.888888888888886
13931,11433,DL,50,18.0,0.0,19.62
13931,11433,NK,1,0.0,0.0,0.0
13931,11433,OO,17,23.52941176470588,0.0,16.764705882352942
13931,11618,UA,30,0.0,3.3333333333333335,0.2413793103448276
13931,11618,YX,4,25.0,0.0,24.75
13931,11697,NK,23,17.391304347826086,0.0,11.217391304347826
13931,12264,UA,41,2.4390243902439024,0.0,1.6829268292682926
13931,12264,YX,28,3.571428571428571,0.0,1.5714285714285714
13931,12478,YX,60,8.47457627118644,1.6666666666666667,5.745762711864407
13931,12953,YX,147,19.17808219178082,0.6802721088435374,16.513698630136986
13931,13204,F9,9,22.22222222222222,0.0,7.666666666666667
13931,13204,NK,23,17.391304347826086,0.0,3.782608695652174
13931,13204,WN,30,6.666666666666667,0.0,6.166666666666667
13931,13232,WN,56,20.0,1.7857142857142856,9.745454545454546
13931,13303,AA,30,6.666666666666667,0.0,1.6333333333333333
13931,13930,MQ,4,25.0,0.0,6.25
13931,13930,UA,60,20.0,0.0,9.11864406779661
13931,13930,YX,79,18.9873417721519,0.0,7.756410256410256
13931,14100,OH,102,10.784313725490197,0.0,8.235294117647058
13931,15016,WN,4,0.0,0.0,0.0
13933,11697,B6,10,30.0,0.0,23.0
13933,13204,B6,22,9.090909090909092,0.0,32.68181818181818
13964,11292,OO,30,10.0,0.0,4.896551724137931
13964,14771,OO,30,6.666666666666667,0.0,23.066666666666666
13970,10299,AS,30,6.666666666666667,0.0,2.066666666666667
14004,11292,F9,9,11.11111111111111,0.0,8.666666666666666
14004,12889,F9,8,25.0,0.0,18.625
14004,14107,F9,7,42.857142857142854,0.0,126.28571428571429
14025,14761,G4,9,11.11111111111111,0.0,4.444444444444445
14027,10158,NK,44,15.909090909090908,0.0,7.636363636363637
14027,10397,DL,273,12.454212454212454,0.0,6.135531135531136
14027,10397,F9,9,55.55555555555556,0.0,20.333333333333332
14027,10431,G4,17,17.647058823529413,0.0,11.588235294117647
14027,10529,B6,22,4.545454545454546,0.0,1.2727272727272727
14027,10693,WN,30,23.333333333333332,0.0,10.533333333333333
14027,10721,B6,62,61.29032258064516,0.0,47.725806451612904
14027,10721,DL,30,43.333333333333336,0.0,64.5
14027,10821,WN,90,8.88888888888889,0.0,13.166666666666666
14027,11057,AA,100,13.0,0.0,7.68
14027,11278,AA,56,34.54545454545455,1.7857142857142856,33.69090909090909
14027,11278,B6,40,37.5,0.0,28.975
14027,11298,AA,68,33.84615384615385,4.411764705882353,32.55384615384615
14027,11433,DL,30,6.666666666666667,0.0,3.7
14027,11618,B6,32,16.129032258064516,3.125,9.838709677419354
14027,11618,UA,171,16.374269005847953,0.0,17.023668639053255
14027,12197,B6,113,12.5,0.8849557522123894,7.126126126126126
14027,12264,YX,6,33.33333333333333,0.0,21.5
14027,12266,UA,6,33.33333333333333,0.0,16.333333333333332
14027,12391,B6,30,6.666666666666667,0.0,4.066666666666666
14027,12391,WN,56,14.285714285714285,0.0,6.357142857142857
14027,12478,B6,88,6.896551724137931,1.1363636363636365,5.873563218390805
14027,12478,DL,60,25.0,0.0,16.35
14027,12953,B6,48,12.5,0.0,5.375
14027,12953,DL,116,13.91304347826087,0.8620689655172413,9.982608695652173
14027,13204,WN,60,8.333333333333332,0.0,4.4
14027,13930,AA,42,23.809523809523807,0.0,23.047619047619047
14027,13930,UA,6,33.33333333333333,0.0,17.333333333333332
14027,14100,AA,85,12.941176470588237,0.0,7.035294117647059
14027,14100,F9,1,0.0,0.0,0.0
14027,14122,G4,9,22.22222222222222,0.0,23.333333333333332
14027,14307,B6,18,5.555555555555555,0.0,23.0
14057,10299,AS,90,12.222222222222221,0.0,4.811111111111111
14057,10397,AS,30,36.666666666666664,0.0,13.3
14057,10397,DL,115,4.3478260869565215,0.0,1.9130434782608696
14057,10408,G4,9,11.11111111111111,0.0,10.88888888888889
14057,10423,AS,50,10.0,0.0,5.62
14057,10693,AS,30,30.0,0.0,14.466666666666667
14057,10713,AS,60,10.0,0.0,5.05
14057,10713,OO,30,16.666666666666664,0.0,5.066666666666666
14057,10721,AS,47,25.53191489361702,0.0,9.808510638297872
14057,10721,B6,2,50.0,0.0,34.5
14057,10800,AS,81,13.580246913580247,0.0,8.345679012345679
14057,10821,WN,30,20.0,0.0,11.266666666666667
14057,10849,OO,30,10.0,0.0,8.366666666666667
14057,11057,AA,30,10.0,0.0,5.133333333333334
14057,11193,G4,9,33.33333333333333,0.0,12.555555555555555
14057,11259,WN,30,23.333333333333332,0.0,16.133333333333333
14057,11278,AS,30,16.666666666666664,0.0,5.866666666666666
14057,11292,AS,47,25.53191489361702,0.0,15.085106382978724
14057,11292,F9,31,35.483870967741936,0.0,18.451612903225808
14057,11292,UA,171,12.352941176470589,0.5847953216374269,10.888235294117647
14057,11292,WN,146,29.45205479452055,0.0,13.50344827586207
14057,11298,AA,152,18.0,1.3157894736842104,20.506666666666668
14057,11298,AS,46,17.391304347826086,0.0,9.6
14057,11423,G4,8,0.0,0.0,0.0
14057,11433,DL,42,14.285714285714285,0.0,7.357142857142857
14057,11603,OO,30,13.333333333333334,0.0,10.6
14057,11618,AS,30,30.0,0.0,19.833333333333332
14057,11618,UA,60,10.16949152542373,1.6666666666666667,10.830508474576272
14057,11638,OO,86,9.30232558139535,0.0,6.255813953488372
14057,11721,G4,1,0.0,0.0,0.0
14057,11884,AS,58,12.068965517241379,0.0,4.068965517241379
14057,11884,OO,30,20.0,0.0,6.7
14057,12173,HA,71,46.478873239436616,0.0,27.6056338028169
14057,12264,UA,30,3.3333333333333335,0.0,7.033333333333333
14057,12266,AS,30,10.0,0.0,4.666666666666667
14057,12266,UA,66,6.0606060606060606,0.0,5.2727272727272725
14057,12339,G4,1,0.0,0.0,0.0
14057,12478,AS,30,36.666666666666664,0.0,16.0
14057,12478,DL,60,13.333333333333334,0.0,6.677966101694915
14057,12758,AS,30,10.0,0.0,6.3
14057,12889,AS,132,20.454545454545457,0.0,10.590909090909092
14057,12889,F9,17,29.411764705882355,0.0,9.647058823529411
14057,12889,NK,26,15.384615384615385,0.0,13.44
14057,12889,WN,90,20.0,0.0,13.898876404494382
14057,12892,AS,167,6.58682634730539,0.0,4.586826347305389
14057,12892,DL,137,4.37956204379562,0.0,1.9635036496350364
14057,12892,F9,21,23.809523809523807,0.0,17.142857142857142
14057,12892,OO,47,14.893617021276595,0.0,9.319148936170214
14057,13198,AS,30,26.666666666666668,0.0,14.233333333333333
14057,13198,WN,8,0.0,0.0,3.375
14057,13204,AS,30,16.666666666666664,0.0,6.733333333333333
14057,13232,WN,82,8.536585365853659,0.0,3.817073170731707
14057,13487,DL,127,5.511811023622047,0.0,3.2598425196850394
14057,13796,WN,99,29.292929292929294,0.0,11.636363636363637
14057,13830,AS,60,6.666666666666667,0.0,3.4833333333333334
14057,13891,AS,17,0.0,0.0,0.47058823529411764
14057,13891,F9,13,23.076923076923077,0.0,27.46153846153846
14057,13891,OO,30,20.0,0.0,9.166666666666666
14057,13930,AA,87,22.988505747126435,0.0,41.26744186046512
14057,13930,AS,46,26.08695652173913,0.0,9.304347826086957
14057,13930,UA,122,24.59016393442623,0.0,10.239669421487603
14057,14100,AA,2,0.0,0.0,0.0
14057,14107,AA,68,16.666666666666664,2.941176470588235,20.045454545454547
14057,14107,AS,80,17.5,0.0,13.775
14057,14107,F9,12,33.33333333333333,0.0,37.54545454545455
14057,14107,WN,94,22.58064516129032,1.0638297872340425,12.48913043478261
14057,14262,OO,30,36.666666666666664,0.0,17.366666666666667
14057,14314,G4,9,0.0,0.0,1.4444444444444444
14057,14679,AS,130,13.178294573643413,0.7692307692307693,7.209302325581396
14057,14747,AS,90,21.11111111111111,0.0,9.177777777777777
14057,14747,DL,30,13.333333333333334,0.0,5.766666666666667
14057,14747,OO,343,15.451895043731778,0.0,6.839650145772595
14057,14771,AS,84,9.523809523809524,0.0,6.464285714285714
14057,14771,OO,79,13.924050632911392,0.0,6.1645569620253164
14057,14771,UA,166,27.710843373493976,0.0,14.662650602409638
14057,14831,OO,47,14.893617021276595,0.0,6.574468085106383
14057,14831,WN,103,23.52941176470588,0.9708737864077669,13.333333333333334
14057,14869,DL,137,6.569343065693431,0.0,4.197080291970803
14057,14869,F9,9,33.33333333333333,0.0,30.555555555555557
14057,14869,OO,30,6.666666666666667,0.0,3.6
14057,14893,OO,52,15.384615384615385,0.0,8.807692307692308
14057,14893,WN,112,15.178571428571427,0.0,7.25
14057,14908,AS,147,4.761904761904762,0.0,2.9183673469387754
14057,15016,WN,8,37.5,0.0,11.625
14057,15023,OO,60,10.0,0.0,5.0344827586206895
14082,10135,G4,9,44.44444444444444,0.0,20.555555555555557
14082,10257,G4,8,12.5,0.0,4.25
14082,10408,G4,8,12.5,0.0,8.75
14082,10431,G4,17,11.76470588235294,0.0,2.3529411764705883
14082,10676,G4,8,12.5,0.0,7.25
14082,10693,G4,9,11.11111111111111,0.0,4.333333333333333
14082,10874,G4,8,12.5,0.0,2.875
14082,11003,G4,9,0.0,0.0,2.5555555555555554
14082,11193,G4,12,8.333333333333332,0.0,4.75
14082,11423,G4,8,25.0,0.0,7.125
14082,11721,G4,16,12.5,0.0,4.8125
14082,11823,G4,11,18.181818181818183,0.0,6.363636363636363
14082,11986,G4,13,23.076923076923077,0.0,16.76923076923077
14082,12265,G4,9,11.11111111111111,0.0,5.222222222222222
14082,12339,G4,18,16.666666666666664,0.0,8.833333333333334
14082,12544,G4,9,0.0,0.0,1.4444444444444444
14082,12917,G4,12,25.0,0.0,12.5
14082,12945,G4,10,0.0,0.0,0.0
14082,13230,G4,8,0.0,0.0,0.0
14082,14108,G4,9,0.0,0.0,0.5555555555555556
14082,14122,G4,8,25.0,0.0,5.125
14082,14259,G4,13,0.0,0.0,0.0
14082,14307,G4,8,25.0,0.0,17.75
14082,14512,G4,13,0.0,0.0,0.7692307692307693
14082,14696,G4,10,20.0,0.0,13.9
14082,14730,G4,9,0.0,0.0,0.0
14082,14783,G4,1,0.0,0.0,0.0
14082,15070,G4,9,0.0,0.0,0.0
14082,15412,G4,15,13.333333333333334,0.0,6.333333333333333
14100,10154,YX,2,0.0,0.0,0.5
14100,10397,AA,62,21.311475409836063,1.6129032258064515,8.557377049180328
14100,10397,DL,239,8.368200836820083,0.0,4.179916317991632
14100,10397,F9,58,27.586206896551722,0.0,17.396551724137932
14100,10397,NK,18,11.76470588235294,5.555555555555555,6.0
14100,10397,OH,44,2.272727272727273,0.0,1.3181818181818181
14100,10397,YX,15,0.0,0.0,0.06666666666666667
14100,10423,AA,100,27.0,0.0,34.88
14100,10423,F9,12,0.0,0.0,1.1666666666666667
14100,10529,AA,79,29.11392405063291,0.0,20.923076923076923
14100,10529,OH,31,20.0,3.225806451612903,14.966666666666667
14100,10529,YX,4,0.0,0.0,1.0
14100,10581,AA,42,26.190476190476193,0.0,12.404761904761905
14100,10581,OH,72,7.042253521126761,1.3888888888888888,5.014084507042254
14100,10599,OH,52,13.461538461538462,0.0,9.01923076923077
14100,10693,AA,128,19.53125,0.0,9.952755905511811
14100,10693,F9,17,41.17647058823529,0.0,30.235294117647058
14100,10693,NK,9,0.0,0.0,1.0
14100,10693,WN,77,12.987012987012985,0.0,7.3896103896103895
14100,10693,YX,5,0.0,0.0,0.0
14100,10721,AA,215,41.70616113744076,1.8604651162790697,25.601895734597157
14100,10721,B6,104,40.19607843137255,1.9230769230769231,32.22549019607843
14100,10721,F9,8,12.5,0.0,8.75
14100,10721,YX,100,35.41666666666667,4.0,26.791666666666668
14100,10785,AA,46,34.78260869565217,0.0,32.95652173913044
14100,10785,OH,26,11.538461538461538,0.0,11.076923076923077
14100,10785,YX,4,0.0,0.0,2.5
14100,10792,AA,7,57.14285714285714,0.0,20.857142857142858
14100,10792,OH,8,12.5,0.0,5.25
14100,10994,AA,99,18.181818181818183,0.0,11.16161616161616
14100,10994,F9,9,0.0,0.0,0.2222222222222222
14100,10994,OH,2,0.0,0.0,2.5
14100,11042,AA,60,21.666666666666668,0.0,18.05
14100,11042,F9,9,0.0,0.0,1.0
14100,11042,OH,44,4.651162790697675,2.272727272727273,16.86046511627907
14100,11042,YX,2,0.0,0.0,6.0
14100,11057,AA,235,9.401709401709402,0.425531914893617,6.521367521367521
14100,11057,F9,47,21.27659574468085,0.0,22.617021276595743
14100,11057,NK,9,0.0,0.0,2.5555555555555554
14100,11066,AA,74,17.80821917808219,1.3513513513513513,12.89041095890411
14100,11066,OH,21,9.523809523809524,0.0,8.571428571428571
14100,11066,YX,30,16.666666666666664,0.0,10.833333333333334
14100,11193,AA,24,12.5,0.0,9.625
14100,11193,OH,40,12.5,0.0,11.4
14100,11259,WN,26,3.8461538461538463,0.0,2.1666666666666665
14100,11267,OH,30,16.666666666666664,0.0,15.166666666666666
14100,11278,OH,58,15.517241379310345,0.0,6.137931034482759
14100,11278,YX,30,20.0,0.0,8.9
14100,11292,AA,86,17.441860465116278,0.0,9.744186046511627
14100,11292,F9,17,29.411764705882355,0.0,46.705882352941174
14100,11292,UA,90,7.865168539325842,1.1111111111111112,6.98876404494382
14100,11292,WN,90,20.0,0.0,12.067415730337078
14100,11298,AA,240,18.72340425531915,2.083333333333333,11.71551724137931
14100,11298,F9,18,22.22222222222222,0.0,15.833333333333334
14100,11423,OH,32,15.625,0.0,11.28125
14100,11423,YX,28,3.571428571428571,0.0,0.7857142857142857
14100,11433,AA,76,14.666666666666666,1.3157894736842104,10.066666666666666
14100,11433,DL,137,9.48905109489051,0.0,6.569343065693431
14100,11433,F9,1,0.0,0.0,0.0
14100,11433,NK,31,10.0,3.225806451612903,18.1
14100,11433,OH,22,13.636363636363635,0.0,5.090909090909091
14100,11481,OH,2,50.0,0.0,29.5
14100,11624,AA,2,50.0,0.0,96.0
14100,11624,YX,28,3.571428571428571,0.0,0.9285714285714286
14100,11697,AA,75,17.56756756756757,1.3333333333333335,11.405405405405405
14100,11697,B6,48,22.916666666666664,0.0,33.08510638297872
14100,11697,F9,21,4.761904761904762,0.0,2.0
14100,11697,NK,69,13.043478260869565,0.0,7.104477611940299
14100,11986,OH,56,20.37037037037037,3.571428571428571,15.38888888888889
14100,11986,YX,2,0.0,0.0,0.0
14100,11995,OH,17,11.76470588235294,0.0,20.294117647058822
14100,11995,YX,2,0.0,0.0,0.0
14100,11996,OH,76,10.526315789473683,0.0,6.5131578947368425
14100,12124,YX,2,0.0,0.0,0.0
14100,12250,YX,2,0.0,0.0,0.0
14100,12264,YX,1,0.0,0.0,9.0
14100,12266,AA,69,30.434782608695656,0.0,26.318840579710145
14100,12266,OH,4,0.0,0.0,0.0
14100,12266,UA,64,7.8125,0.0,2.90625
14100,12323,OH,2,50.0,0.0,14.5
14100,12339,AA,67,19.696969696969695,1.4925373134328357,9.772727272727273
14100,12339,OH,3,33.33333333333333,0.0,131.66666666666666
14100,12339,YX,30,3.4482758620689653,3.3333333333333335,2.6551724137931036
14100,12451,AA,70,24.285714285714285,0.0,19.714285714285715
14100,12451,F9,17,5.88235294117647,0.0,8.588235294117647
14100,12451,OH,30,6.666666666666667,0.0,4.166666666666667
14100,12889,AA,105,20.952380952380953,0.0,11.504761904761905
14100,12889,F9,1,0.0,0.0,13.0
14100,12889,NK,19,26.31578947368421,0.0,10.0
14100,12892,AA,190,11.64021164021164,0.5263157894736842,6.227513227513228
14100,12892,F9,21,23.809523809523807,0.0,16.238095238095237
14100,12945,OH,30,3.3333333333333335,0.0,2.433333333333333
14100,13198,AA,78,19.230769230769234,0.0,13.564102564102564
14100,13204,AA,206,25.853658536585368,0.48543689320388345,16.902439024390244
14100,13204,F9,103,12.62135922330097,0.0,21.233009708737864
14100,13204,NK,52,15.384615384615385,0.0,11.173076923076923
14100,13204,WN,42,11.904761904761903,0.0,3.6904761904761907
14100,13230,AA,1,0.0,0.0,0.0
14100,13232,F9,17,11.76470588235294,0.0,4.9411764705882355
14100,13232,WN,142,16.19718309859155,0.0,8.105633802816902
14100,13244,OH,46,13.043478260869565,0.0,8.565217391304348
14100,13244,YX,24,8.333333333333332,0.0,4.375
14100,13303,AA,181,18.435754189944134,1.1049723756906076,10.02247191011236
14100,13303,F9,13,38.46153846153847,0.0,17.153846153846153
14100,13303,NK,23,17.391304347826086,0.0,9.347826086956522
14100,13342,OH,39,10.256410256410255,0.0,11.205128205128204
14100,13342,YX,2,0.0,0.0,0.0
14100,13485,OH,40,0.0,0.0,1.0
14100,13487,AA,55,29.09090909090909,0.0,19.545454545454547
14100,13487,DL,107,12.149532710280374,0.0,24.33644859813084
14100,13495,AA,37,24.324324324324326,0.0,13.108108108108109
14100,13495,F9,13,30.76923076923077,0.0,26.0
14100,13495,OH,36,11.11111111111111,0.0,4.5
14100,13495,YX,2,0.0,0.0,0.0
14100,13541,YX,2,0.0,0.0,7.5
14100,13577,F9,21,23.809523809523807,0.0,31.523809523809526
14100,13577,NK,2,0.0,0.0,8.0
14100,13871,AA,3,66.66666666666666,0.0,41.0
14100,13871,OH,57,17.543859649122805,0.0,16.140350877192983
14100,13930,AA,250,23.200000000000003,0.0,16.12449799196787
14100,13930,F9,16,25.0,0.0,36.9375
14100,13930,UA,146,21.379310344827587,0.684931506849315,12.034965034965035
14100,13931,OH,101,18.81188118811881,0.0,11.287128712871286
14100,14027,AA,85,11.76470588235294,0.0,5.364705882352941
14100,14027,F9,1,0.0,0.0,0.0
14100,14057,AA,2,50.0,0.0,15.0
14100,14107,AA,160,14.012738853503185,1.875,8.909090909090908
14100,14122,AA,63,25.396825396825395,0.0,12.968253968253968
14100,14122,F9,17,35.294117647058826,0.0,26.058823529411764
14100,14122,OH,42,14.285714285714285,0.0,10.0
14100,14193,AA,28,14.285714285714285,0.0,11.107142857142858
14100,14193,OH,4,0.0,0.0,0.5
14100,14307,AA,84,22.89156626506024,1.1904761904761905,13.710843373493976
14100,14321,AA,102,15.686274509803921,0.0,9.088235294117647
14100,14492,AA,160,19.375,0.0,13.83125
14100,14492,F9,47,12.76595744680851,0.0,6.595744680851064
14100,14635,AA,56,17.857142857142858,0.0,15.821428571428571
14100,14635,F9,17,5.88235294117647,0.0,4.411764705882353
14100,14679,AA,90,15.555555555555555,0.0,9.873563218390805
14100,14683,AA,29,34.48275862068966,0.0,30.82758620689655
14100,14685,AA,36,8.333333333333332,0.0,8.333333333333334
14100,14685,F9,9,11.11111111111111,0.0,1.7777777777777777
14100,14685,OH,50,16.3265306122449,2.0,31.285714285714285
14100,14730,OH,35,11.428571428571429,0.0,8.794117647058824
14100,14730,YX,31,10.0,3.225806451612903,7.1
14100,14747,AA,62,19.35483870967742,0.0,11.548387096774194
14100,14747,AS,60,20.0,0.0,11.733333333333333
14100,14771,AA,115,13.043478260869565,0.0,9.008771929824562
14100,14771,UA,52,11.538461538461538,0.0,8.288461538461538
14100,14843,AA,1,100.0,0.0,103.0
14100,14843,F9,52,40.38461538461539,0.0,17.470588235294116
14100,14843,NK,11,27.27272727272727,0.0,7.636363636363637
14100,14869,AA,1,0.0,0.0,0.0
14100,14869,DL,47,14.893617021276595,0.0,7.8936170212765955
14100,14986,YX,2,0.0,0.0,0.0
14100,15016,AA,76,23.684210526315788,0.0,13.828947368421053
14100,15016,WN,56,17.857142857142858,0.0,10.732142857142858
14100,15096,OH,24,13.043478260869565,4.166666666666666,8.0
14100,15304,AA,112,21.62162162162162,0.8928571428571428,16.98198198198198
14100,15304,F9,56,8.928571428571429,0.0,8.196428571428571
14100,15304,WN,4,0.0,0.0,0.0
14100,15380,OH,2,0.0,0.0,0.0
14100,15412,OH,30,27.586206896551722,3.3333333333333335,12.379310344827585
14100,15919,OH,31,22.58064516129032,0.0,36.12903225806452
14107,10140,AA,71,11.428571428571429,1.4084507042253522,9.657142857142857
14107,10140,MQ,1,0.0,0.0,0.0
14107,10140,OO,26,11.538461538461538,0.0,6.6923076923076925
14107,10140,WN,138,16.176470588235293,1.4492753623188406,7.595588235294118
14107,10299,AS,30,0.0,0.0,0.0
14107,10397,AA,42,16.666666666666664,0.0,9.880952380952381
14107,10397,DL,177,12.429378531073446,0.0,18.096045197740114
14107,10397,F9,13,30.76923076923077,0.0,46.69230769230769
14107,10397,WN,60,16.666666666666664,0.0,8.616666666666667
14107,10423,AA,85,13.095238095238097,1.1764705882352942,15.476190476190476
14107,10423,F9,17,5.88235294117647,0.0,1.1176470588235294
14107,10423,MQ,1,0.0,0.0,0.0
14107,10423,WN,133,14.285714285714285,0.0,10.789473684210526
14107,10561,AA,50,16.666666666666664,4.0,25.0
14107,10561,MQ,3,0.0,0.0,4.0
14107,10561,OO,15,0.0,0.0,0.3333333333333333
14107,10599,WN,17,11.76470588235294,0.0,10.470588235294118
14107,10693,AA,30,24.137931034482758,3.3333333333333335,15.89655172413793
14107,10693,WN,140,12.23021582733813,0.7142857142857143,10.906474820143885
14107,10713,AA,28,28.57142857142857,0.0,20.107142857142858
14107,10713,OO,45,17.77777777777778,0.0,29.31111111111111
14107,10713,WN,56,16.363636363636363,1.7857142857142856,7.472727272727273
14107,10721,AA,102,30.693069306930692,0.9803921568627451,27.475247524752476
14107,10721,DL,30,16.666666666666664,0.0,36.56666666666667
14107,10792,WN,21,9.523809523809524,0.0,4.333333333333333
14107,10800,MQ,48,8.51063829787234,2.083333333333333,4.434782608695652
14107,10800,OO,16,18.75,0.0,13.066666666666666
14107,10800,WN,172,19.526627218934912,1.744186046511628,12.437869822485206
14107,10821,WN,103,15.53398058252427,0.0,10.728155339805825
14107,11003,MQ,46,8.695652173913043,0.0,6.304347826086956
14107,11003,OO,10,11.11111111111111,10.0,4.888888888888889
14107,11041,MQ,60,10.16949152542373,1.6666666666666667,4.491525423728813
14107,11042,F9,25,12.0,0.0,15.16
14107,11042,WN,21,57.14285714285714,0.0,37.42857142857143
14107,11057,AA,218,9.216589861751153,0.45871559633027525,10.67741935483871
14107,11066,AA,42,12.195121951219512,2.380952380952381,11.536585365853659
14107,11066,WN,31,40.0,3.225806451612903,17.033333333333335
14107,11109,WN,77,19.736842105263158,1.2987012987012987,12.533333333333333
14107,11193,AA,30,10.0,0.0,3.4
14107,11193,F9,8,0.0,0.0,0.0
14107,11259,WN,204,13.861386138613863,0.9803921568627451,8.61
14107,11278,AA,90,20.224719101123593,1.1111111111111112,9.51685393258427
14107,11292,AA,76,22.666666666666664,1.3157894736842104,16.053333333333335
14107,11292,F9,113,24.778761061946902,0.0,13.946902654867257
14107,11292,MQ,9,0.0,0.0,2.4444444444444446
14107,11292,UA,177,20.454545454545457,0.5649717514124294,24.130681818181817
14107,11292,WN,287,22.105263157894736,0.6968641114982579,17.10600706713781
14107,11298,AA,361,15.85014409221902,3.8781163434903045,11.323699421965317
14107,11298,F9,37,22.22222222222222,2.7027027027027026,13.416666666666666
14107,11413,OO,71,16.901408450704224,0.0,15.380281690140846
14107,11423,OO,68,14.925373134328357,1.4705882352941175,6.82089552238806
14107,11433,AA,42,21.428571428571427,0.0,8.452380952380953
14107,11433,DL,110,10.909090909090908,0.0,18.554545454545455
14107,11433,F9,14,35.714285714285715,0.0,88.28571428571429
14107,11433,NK,17,17.647058823529413,0.0,65.70588235294117
14107,11540,MQ,17,17.647058823529413,0.0,5.9411764705882355
14107,11540,OO,81,18.9873417721519,2.4691358024691357,12.341772151898734
14107,11540,WN,95,18.085106382978726,1.0526315789473684,12.75531914893617
14107,11603,AA,31,22.58064516129032,0.0,31.096774193548388
14107,11618,AA,72,21.12676056338028,1.3888888888888888,17.37142857142857
14107,11618,UA,116,20.869565217391305,0.8620689655172413,27.68141592920354
14107,11638,AA,38,18.91891891891892,2.631578947368421,10.64864864864865
14107,11638,OO,56,21.428571428571427,0.0,21.660714285714285
14107,11695,OO,109,20.5607476635514,1.834862385321101,30.14018691588785
14107,11697,NK,16,25.0,0.0,38.875
14107,11775,OO,30,6.666666666666667,0.0,2.433333333333333
14107,11884,AA,26,15.384615384615385,0.0,9.923076923076923
14107,11884,WN,38,18.91891891891892,2.631578947368421,9.945945945945946
14107,11921,MQ,1,0.0,0.0,0.0
14107,11921,OO,67,13.636363636363635,1.4925373134328357,6.515151515151516
14107,12173,AA,32,9.375,0.0,5.65625
14107,12173,HA,30,13.333333333333334,0.0,7.833333333333333
14107,12173,WN,30,13.333333333333334,0.0,4.1
14107,12191,WN,150,15.333333333333332,0.0,12.28
14107,12264,UA,57,12.280701754385964,0.0,10.912280701754385
14107,12264,WN,30,26.666666666666668,0.0,8.966666666666667
14107,12266,AA,48,23.404255319148938,2.083333333333333,15.042553191489361
14107,12266,F9,21,9.523809523809524,0.0,2.238095238095238
14107,12266,UA,122,11.475409836065573,0.0,25.65289256198347
14107,12278,MQ,28,10.714285714285714,0.0,8.928571428571429
14107,12278,OO,2,50.0,0.0,26.5
14107,12339,AA,42,16.666666666666664,0.0,5.880952380952381
14107,12339,WN,56,25.0,0.0,16.821428571428573
14107,12451,AA,25,12.5,4.0,4.791666666666667
14107,12478,AA,90,13.48314606741573,1.1111111111111112,12.034090909090908
14107,12478,B6,30,23.333333333333332,0.0,16.366666666666667
14107,12478,DL,77,11.688311688311687,0.0,18.973684210526315
14107,12758,AA,30,10.0,0.0,6.233333333333333
14107,12889,AA,114,21.428571428571427,1.7543859649122806,11.107142857142858
14107,12889,F9,65,14.285714285714285,3.076923076923077,12.492063492063492
14107,12889,WN,251,16.194331983805668,1.593625498007968,10.012145748987853
14107,12892,AA,129,19.2,3.10077519379845,11.176
14107,12892,F9,35,14.285714285714285,0.0,17.514285714285716
14107,12892,MQ,4,0.0,0.0,1.75
14107,12892,OO,239,5.88235294117647,0.41841004184100417,5.882352941176471
14107,12892,UA,3,0.0,0.0,0.6666666666666666
14107,12892,WN,173,23.699421965317917,0.0,12.034682080924856
14107,12896,OO,26,34.61538461538461,0.0,58.65384615384615
14107,12954,WN,120,6.779661016949152,1.6666666666666667,5.508474576271187
14107,12982,AA,30,16.666666666666664,0.0,8.333333333333334
14107,13158,OO,30,26.666666666666668,0.0,20.933333333333334
14107,13198,AA,48,10.638297872340425,2.083333333333333,8.382978723404255
14107,13198,WN,115,21.238938053097346,1.7391304347826086,14.070796460176991
14107,13204,AA,30,16.666666666666664,0.0,8.448275862068966
14107,13204,WN,62,8.19672131147541,1.6129032258064515,3.459016393442623
14107,13232,F9,8,25.0,0.0,13.125
14107,13232,WN,196,15.463917525773196,1.0204081632653061,9.81958762886598
14107,13244,AA,19,11.11111111111111,5.263157894736842,4.388888888888889
14107,13244,WN,17,5.88235294117647,0.0,7.176470588235294
14107,13264,OO,56,7.142857142857142,0.0,5.25
14107,13303,AA,99,11.11111111111111,0.0,5.8979591836734695
14107,13342,AA,30,16.666666666666664,0.0,8.7
14107,13342,WN,69,22.058823529411764,1.4492753623188406,20.764705882352942
14107,13476,AA,3,33.33333333333333,0.0,11.0
14107,13476,MQ,31,10.0,3.225806451612903,4.8
14107,13476,OO,57,21.818181818181817,3.508771929824561,10.25925925925926
14107,13485,AA,30,10.0,0.0,19.833333333333332
14107,13487,AA,49,14.583333333333334,2.0408163265306123,9.829787234042554
14107,13487,DL,150,12.0,0.0,17.166666666666668
14107,13487,WN,30,17.24137931034483,3.3333333333333335,13.535714285714286
14107,13495,WN,31,20.0,3.225806451612903,17.6
14107,13796,WN,134,17.91044776119403,0.0,17.104477611940297
14107,13830,AA,30,10.0,0.0,3.7
14107,13830,WN,30,10.0,0.0,4.833333333333333
14107,13851,OO,68,20.588235294117645,0.0,15.220588235294118
14107,13851,WN,56,10.909090909090908,1.7857142857142856,9.254545454545454
14107,13871,MQ,56,17.857142857142858,0.0,7.928571428571429
14107,13871,WN,82,23.456790123456788,1.2195121951219512,18.641975308641975
14107,13891,AA,72,17.142857142857142,2.7777777777777777,9.528571428571428
14107,13891,OO,26,8.0,3.8461538461538463,4.92
14107,13891,WN,129,28.68217054263566,0.0,20.968992248062015
14107,13930,AA,244,20.33195020746888,1.2295081967213115,18.095833333333335
14107,13930,F9,17,25.0,5.88235294117647,24.0625
14107,13930,UA,145,18.055555555555554,0.6896551724137931,12.75
14107,13930,WN,30,33.33333333333333,0.0,30.333333333333332
14107,14004,F9,7,14.285714285714285,0.0,4.333333333333333
14107,14057,AA,68,21.21212121212121,2.941176470588235,18.636363636363637
14107,14057,AS,81,16.049382716049383,0.0,11.567901234567902
14107,14057,F9,13,7.6923076923076925,0.0,15.692307692307692
14107,14057,WN,94,24.731182795698924,1.0638297872340425,16.516129032258064
14107,14100,AA,159,10.828025477707007,1.257861635220126,5.25
14107,14122,AA,30,23.333333333333332,0.0,22.233333333333334
14107,14122,WN,30,0.0,3.3333333333333335,2.0
14107,14252,OO,43,16.27906976744186,0.0,21.88372093023256
14107,14262,AA,55,18.867924528301888,3.6363636363636362,13.132075471698114
14107,14262,OO,39,25.64102564102564,0.0,14.282051282051283
14107,14314,OO,17,23.52941176470588,0.0,74.82352941176471
14107,14489,MQ,60,16.666666666666664,0.0,12.3
14107,14492,AA,30,30.0,0.0,17.233333333333334
14107,14492,WN,21,19.047619047619047,0.0,17.047619047619047
14107,14570,AA,95,15.217391304347828,3.1578947368421053,13.521739130434783
14107,14570,MQ,1,0.0,0.0,11.0
14107,14570,WN,73,22.22222222222222,1.36986301369863,10.194444444444445
14107,14674,OO,30,13.793103448275861,3.3333333333333335,7.689655172413793
14107,14679,AA,116,22.807017543859647,1.7241379310344827,22.42105263157895
14107,14679,AS,89,11.363636363636363,1.1235955056179776,7.840909090909091
14107,14679,F9,41,26.82926829268293,0.0,46.707317073170735
14107,14679,WN,253,23.481781376518217,2.371541501976284,16.752032520325205
14107,14683,AA,72,15.492957746478872,1.3888888888888888,8.76056338028169
14107,14683,WN,99,18.367346938775512,1.0101010101010102,11.693877551020408
14107,14689,AA,58,17.543859649122805,1.7241379310344827,14.578947368421053
14107,14689,MQ,28,22.22222222222222,3.571428571428571,9.925925925925926
14107,14689,WN,4,0.0,0.0,0.75
14107,14698,AA,57,10.714285714285714,1.7543859649122806,29.25
14107,14698,OO,26,24.0,3.8461538461538463,13.0
14107,14716,G4,9,55.55555555555556,0.0,155.44444444444446
14107,14730,WN,30,23.333333333333332,0.0,8.766666666666667
14107,14747,AS,198,16.161616161616163,0.0,13.83838383838384
14107,14747,DL,145,7.586206896551724,0.0,12.075862068965517
14107,14747,F9,17,5.88235294117647,0.0,7.0
14107,14747,MQ,40,7.5,0.0,3.875
14107,14747,OO,58,12.280701754385964,1.7241379310344827,14.482142857142858
14107,14747,WN,86,34.523809523809526,2.3255813953488373,17.36144578313253
14107,14771,AA,102,22.22222222222222,2.941176470588235,19.8989898989899
14107,14771,F9,16,43.75,0.0,25.5
14107,14771,OO,22,22.727272727272727,0.0,7.409090909090909
14107,14771,UA,111,15.454545454545453,0.9009009009009009,13.381818181818181
14107,14771,WN,91,29.67032967032967,0.0,16.01098901098901
14107,14794,OO,43,16.27906976744186,0.0,7.348837209302325
14107,14831,AA,38,10.81081081081081,2.631578947368421,7.594594594594595
14107,14831,MQ,28,3.571428571428571,0.0,1.2857142857142858
14107,14831,OO,2,0.0,0.0,7.5
14107,14831,WN,133,11.450381679389313,1.5037593984962405,10.854961832061068
14107,14869,AA,2,0.0,0.0,0.0
14107,14869,DL,137,8.75912408759124,0.0,14.10948905109489
14107,14869,F9,44,20.930232558139537,2.272727272727273,18.27906976744186
14107,14869,MQ,24,8.333333333333332,0.0,5.0
14107,14869,OO,60,13.559322033898304,1.6666666666666667,13.677966101694915
14107,14869,WN,146,16.43835616438356,0.0,12.36986301369863
14107,14893,AA,74,15.068493150684931,1.3513513513513513,15.315068493150685
14107,14893,MQ,20,21.052631578947366,5.0,7.947368421052632
14107,14893,WN,147,13.793103448275861,1.3605442176870748,6.758620689655173
14107,14908,AA,120,21.008403361344538,0.8333333333333334,11.436974789915967
14107,14908,F9,25,0.0,0.0,0.2
14107,14908,WN,206,23.52941176470588,0.9708737864077669,11.05911330049261
14107,15016,AA,35,20.588235294117645,2.857142857142857,17.0
14107,15016,OO,8,12.5,0.0,5.375
14107,15016,WN,116,16.52173913043478,0.8620689655172413,8.547826086956523
14107,15023,MQ,26,0.0,3.8461538461538463,2.84
14107,15023,OO,30,23.333333333333332,0.0,19.133333333333333
14107,15304,AA,30,20.0,0.0,8.366666666666667
14107,15304,WN,30,13.333333333333334,0.0,16.366666666666667
14107,15370,MQ,35,17.142857142857142,0.0,21.34285714285714
14107,15370,OO,7,28.57142857142857,0.0,30.142857142857142
14107,15370,WN,43,18.6046511627907,0.0,15.418604651162791
14107,15376,AA,8,12.5,0.0,5.25
14107,15376,MQ,41,9.75609756097561,0.0,5.536585365853658
14107,15376,OO,168,18.902439024390244,2.380952380952381,11.804878048780488
14107,15412,G4,8,50.0,0.0,26.0
14107,15919,MQ,60,11.666666666666666,0.0,6.116666666666666
14107,16218,MQ,2,50.0,0.0,15.0
14107,16218,OO,87,13.953488372093023,1.1494252873563218,10.047058823529412
14108,10466,G4,13,15.384615384615385,0.0,16.692307692307693
14108,10693,G4,9,0.0,0.0,0.4444444444444444
14108,11057,OH,60,18.333333333333332,0.0,15.2
14108,11292,G4,9,0.0,0.0,1.1111111111111112
14108,11292,OO,30,10.0,0.0,5.266666666666667
14108,11298,OH,90,15.555555555555555,0.0,13.03370786516854
14108,12889,G4,9,22.22222222222222,0.0,4.333333333333333
14108,13930,MQ,84,8.433734939759036,1.1904761904761905,3.7349397590361444
14108,13930,OO,95,29.47368421052631,0.0,23.2
14108,14082,G4,9,11.11111111111111,0.0,2.4444444444444446
14108,14112,G4,8,0.0,0.0,3.25
14108,14761,G4,9,11.11111111111111,0.0,4.555555555555555
14109,12266,OO,51,7.8431372549019605,0.0,6.313725490196078
14112,10135,G4,17,17.647058823529413,0.0,16.529411764705884
14112,10257,G4,9,0.0,0.0,1.4444444444444444
14112,10408,G4,9,0.0,0.0,2.888888888888889
14112,10431,G4,35,17.142857142857142,0.0,10.257142857142858
14112,10581,G4,17,0.0,0.0,0.0
14112,10676,G4,13,46.15384615384615,0.0,26.615384615384617
14112,10685,G4,9,11.11111111111111,0.0,7.666666666666667
14112,10874,G4,9,44.44444444444444,0.0,14.222222222222221
14112,10980,G4,8,62.5,0.0,17.125
14112,11003,G4,8,0.0,0.0,0.375
14112,11109,G4,9,0.0,0.0,0.0
14112,11193,G4,26,23.076923076923077,0.0,11.153846153846153
14112,11267,G4,9,11.11111111111111,0.0,3.2222222222222223
14112,11423,G4,9,0.0,0.0,1.3333333333333333
14112,11537,G4,8,0.0,0.0,0.75
14112,11612,G4,8,12.5,0.0,4.75
14112,11624,G4,25,4.0,0.0,2.3333333333333335
14112,11721,G4,17,17.647058823529413,0.0,9.294117647058824
14112,11823,G4,9,11.11111111111111,0.0,4.0
14112,11986,G4,18,16.666666666666664,0.0,29.666666666666668
14112,11995,G4,9,22.22222222222222,0.0,35.111111111111114
14112,11996,G4,9,22.22222222222222,0.0,11.88888888888889
14112,12223,G4,13,23.076923076923077,0.0,10.615384615384615
14112,12265,G4,8,25.0,0.0,8.25
14112,12278,G4,1,0.0,0.0,2.0
14112,12339,G4,12,0.0,0.0,0.16666666666666666
14112,12544,G4,17,35.294117647058826,0.0,10.0
14112,12917,G4,9,11.11111111111111,0.0,2.111111111111111
14112,12945,G4,11,54.54545454545454,0.0,23.636363636363637
14112,13230,G4,9,22.22222222222222,0.0,19.11111111111111
14112,14108,G4,8,0.0,0.0,1.625
14112,14122,G4,9,33.33333333333333,0.0,42.44444444444444
14112,14512,G4,9,11.11111111111111,0.0,4.444444444444445
14112,14524,G4,1,0.0,0.0,3.0
14112,14574,G4,8,25.0,0.0,15.375
14112,14696,G4,9,0.0,0.0,0.0
14112,14730,G4,10,20.0,0.0,6.5
14112,14783,G4,13,15.384615384615385,0.0,17.923076923076923
14112,15070,G4,8,0.0,0.0,1.75
14112,15096,G4,9,0.0,0.0,0.7777777777777778
14112,15295,G4,8,12.5,0.0,7.5
14112,15412,G4,39,17.94871794871795,0.0,15.307692307692308
14113,14869,OO,30,6.666666666666667,0.0,3.7666666666666666
14120,11292,OO,51,22.448979591836736,3.9215686274509802,27.959183673469386
14122,10397,DL,209,4.784688995215311,0.0,4.77511961722488
14122,10397,WN,26,0.0,0.0,0.2692307692307692
14122,10423,WN,26,19.230769230769234,0.0,7.3076923076923075
14122,10693,G4,8,12.5,0.0,3.25
14122,10693,WN,86,12.790697674418606,0.0,5.313953488372093
14122,10721,B6,96,31.57894736842105,1.0416666666666665,18.51578947368421
14122,10721,YX,101,33.33333333333333,4.9504950495049505,18.1875
14122,10821,WN,86,6.976744186046512,0.0,7.186046511627907
14122,11057,AA,146,10.273972602739725,0.0,12.41095890410959
14122,11259,WN,30,0.0,0.0,1.0333333333333334
14122,11278,AA,24,12.5,0.0,5.166666666666667
14122,11278,OH,29,10.344827586206897,0.0,8.655172413793103
14122,11278,YX,65,10.76923076923077,0.0,8.123076923076923
14122,11292,UA,90,8.88888888888889,0.0,4.677777777777778
14122,11292,WN,77,19.480519480519483,0.0,10.532467532467532
14122,11298,AA,120,19.82758620689655,3.3333333333333335,27.982758620689655
14122,11433,DL,1,0.0,0.0,0.0
14122,11433,OO,55,5.454545454545454,0.0,3.581818181818182
14122,11433,YX,30,6.666666666666667,0.0,4.1
14122,11618,NK,8,14.285714285714285,12.5,15.285714285714286
14122,11618,YX,175,8.771929824561402,2.2857142857142856,6.535294117647059
14122,11624,G4,1,0.0,0.0,0.0
14122,11697,NK,43,18.6046511627907,0.0,20.953488372093023
14122,11697,WN,30,13.333333333333334,0.0,4.766666666666667
14122,12191,WN,26,3.8461538461538463,0.0,2.3846153846153846
14122,12264,UA,52,5.769230769230769,0.0,2.7115384615384617
14122,12264,YX,59,10.16949152542373,0.0,4.898305084745763
14122,12266,UA,49,8.16326530612245,0.0,3.938775510204082
14122,12451,G4,8,12.5,0.0,3.625
14122,12478,B6,58,21.052631578947366,1.7241379310344827,15.157894736842104
14122,12478,YX,120,10.833333333333334,0.0,9.285714285714286
14122,12889,NK,28,14.285714285714285,0.0,5.535714285714286
14122,12889,WN,60,20.0,0.0,10.35
14122,12892,AA,25,20.0,0.0,72.16
14122,12953,OO,29,17.857142857142858,3.4482758620689653,13.714285714285714
14122,12953,YX,265,13.461538461538462,1.8867924528301887,9.665384615384616
14122,13204,F9,9,0.0,0.0,0.2222222222222222
14122,13204,NK,57,19.298245614035086,0.0,14.140350877192983
14122,13204,WN,85,16.470588235294116,0.0,8.352941176470589
14122,13232,WN,112,13.392857142857142,0.0,5.669642857142857
14122,13303,AA,30,6.666666666666667,0.0,11.0
14122,13487,DL,48,6.25,0.0,6.833333333333333
14122,13487,OO,26,11.538461538461538,0.0,6.769230769230769
14122,13577,G4,17,11.76470588235294,0.0,19.11764705882353
14122,13577,NK,28,7.4074074074074066,3.571428571428571,7.851851851851852
14122,13577,WN,8,0.0,0.0,1.875
14122,13930,AA,5,20.0,0.0,30.8
14122,13930,MQ,25,24.0,0.0,11.16
14122,13930,OO,25,56.00000000000001,0.0,47.24
14122,13930,UA,120,15.0,0.0,10.658333333333333
14122,13930,YX,170,13.017751479289942,0.5882352941176471,8.106508875739644
14122,14027,G4,9,11.11111111111111,0.0,17.88888888888889
14122,14082,G4,8,0.0,0.0,0.25
14122,14100,AA,63,19.047619047619047,0.0,14.0
14122,14100,F9,17,41.17647058823529,0.0,37.411764705882355
14122,14100,OH,42,28.57142857142857,0.0,40.214285714285715
14122,14107,AA,30,10.0,0.0,8.266666666666667
14122,14107,WN,30,30.0,0.0,9.862068965517242
14122,14112,G4,9,22.22222222222222,0.0,63.55555555555556
14122,14492,YX,60,15.0,0.0,10.633333333333333
14122,14635,WN,30,6.666666666666667,0.0,3.4482758620689653
14122,14685,G4,9,0.0,0.0,1.1111111111111112
14122,14747,AS,52,15.384615384615385,0.0,6.423076923076923
14122,14761,G4,8,50.0,0.0,29.75
14122,14771,UA,51,5.88235294117647,0.0,2.5686274509803924
14122,14869,DL,30,16.666666666666664,0.0,5.233333333333333
14122,14986,G4,8,50.0,0.0,14.75
14122,14986,WN,4,0.0,0.0,0.0
14122,15016,WN,34,8.823529411764707,0.0,4.029411764705882
14122,15304,NK,8,0.0,0.0,0.0
14122,15304,WN,55,3.6363636363636362,0.0,3.6363636363636362
14122,15624,G4,9,0.0,0.0,0.0
14150,11433,OO,60,6.666666666666667,0.0,5.983333333333333
14150,13930,OO,38,27.027027027027028,2.631578947368421,18.486486486486488
14193,10397,DL,222,2.2522522522522523,0.0,1.0495495495495495
14193,10693,WN,82,9.75609756097561,0.0,6.195121951219512
14193,11057,AA,70,8.571428571428571,0.0,3.5428571428571427
14193,11057,MQ,1,0.0,0.0,0.0
14193,11057,OH,66,10.606060606060606,0.0,52.46969696969697
14193,11259,WN,34,5.88235294117647,0.0,3.088235294117647
14193,11278,MQ,3,0.0,0.0,2.6666666666666665
14193,11278,OH,67,19.696969696969695,1.4925373134328357,61.53030303030303
14193,11278,YX,20,25.0,0.0,14.15
14193,11292,F9,18,50.0,0.0,28.22222222222222
14193,11292,UA,9,44.44444444444444,0.0,21.666666666666668
14193,11292,WN,8,12.5,0.0,5.375
14193,11298,AA,91,20.0,1.098901098901099,42.51685393258427
14193,11298,MQ,30,13.333333333333334,0.0,17.7
14193,11298,OH,7,16.666666666666664,14.285714285714285,10.5
14193,11433,DL,13,0.0,0.0,0.23076923076923078
14193,11697,NK,30,26.666666666666668,0.0,20.5
14193,12191,WN,30,13.333333333333334,0.0,8.6
14193,12266,OO,30,23.333333333333332,0.0,13.233333333333333
14193,12266,UA,30,0.0,0.0,0.16666666666666666
14193,13198,WN,21,23.809523809523807,0.0,5.809523809523809
14193,13204,NK,26,12.0,3.8461538461538463,4.16
14193,13232,WN,4,0.0,0.0,0.0
14193,13303,MQ,87,11.494252873563218,0.0,7.597701149425287
14193,13930,UA,30,20.0,0.0,20.866666666666667
14193,14100,AA,28,14.285714285714285,0.0,9.5
14193,14100,OH,4,0.0,0.0,0.0
14193,15016,WN,30,6.666666666666667,0.0,16.466666666666665
14222,12173,HA,14,7.142857142857142,0.0,4.714285714285714
14231,10721,B6,30,3.3333333333333335,0.0,1.0333333333333334
14237,11292,OO,30,10.0,0.0,18.448275862068964
14237,12892,OO,30,13.333333333333334,0.0,9.066666666666666
14252,10466,G4,8,12.5,0.0,11.0
14252,11292,OO,30,6.666666666666667,0.0,3.0
14252,11292,UA,30,10.0,0.0,3.433333333333333
14252,12889,G4,9,44.44444444444444,0.0,150.77777777777777
14252,12892,OO,30,3.3333333333333335,0.0,2.466666666666667
14252,13487,DL,30,13.333333333333334,0.0,29.1
14252,14107,OO,43,6.976744186046512,0.0,12.046511627906977
14252,14747,AS,30,20.0,0.0,8.0
14252,14747,OO,137,10.218978102189782,0.0,6.62043795620438
14252,14771,OO,49,6.122448979591836,0.0,4.816326530612245
14252,14869,DL,30,3.3333333333333335,0.0,1.1666666666666667
14252,14869,OO,62,1.6129032258064515,0.0,1.096774193548387
14254,12478,B6,2,0.0,0.0,0.0
14254,13204,B6,30,0.0,0.0,0.0
14254,13204,F9,16,0.0,0.0,1.3125
14256,12523,AS,30,32.142857142857146,6.666666666666667,18.14814814814815
14256,15841,AS,30,10.344827586206897,3.3333333333333335,8.758620689655173
14259,14082,G4,13,7.6923076923076925,0.0,2.076923076923077
14259,14761,G4,8,25.0,0.0,25.25
14262,11292,F9,12,16.666666666666664,0.0,19.833333333333332
14262,11292,OO,36,11.11111111111111,0.0,2.3333333333333335
14262,11292,UA,60,16.666666666666664,0.0,12.016666666666667
14262,11292,WN,30,23.333333333333332,0.0,17.5
14262,11298,AA,60,22.033898305084744,1.6666666666666667,30.74576271186441
14262,12889,WN,34,14.705882352941178,0.0,7.911764705882353
14262,12892,OO,30,10.0,0.0,4.133333333333334
14262,13796,WN,17,11.76470588235294,0.0,5.117647058823529
14262,13930,UA,6,0.0,0.0,0.0
14262,14057,OO,30,0.0,0.0,0.9333333333333333
14262,14107,AA,55,18.867924528301888,3.6363636363636362,9.18867924528302
14262,14107,OO,39,23.076923076923077,0.0,24.307692307692307
14262,14747,AS,30,0.0,3.3333333333333335,0.6551724137931034
14262,14747,OO,60,8.333333333333332,0.0,4.733333333333333
14262,14771,F9,8,37.5,0.0,23.75
14262,14771,OO,177,28.24858757062147,0.0,13.847457627118644
14262,14771,UA,6,0.0,0.0,0.0
14262,14869,OO,85,3.5294117647058822,0.0,3.2
14262,14893,WN,30,30.0,0.0,18.433333333333334
14307,10397,DL,82,7.317073170731707,0.0,3.7804878048780486
14307,10693,WN,30,0.0,0.0,0.2
14307,10821,WN,172,10.465116279069768,0.0,6.8604651162790695
14307,11057,AA,99,10.204081632653061,1.0101010101010102,6.571428571428571
14307,11057,OH,30,10.0,0.0,5.0
14307,11278,AA,60,15.0,0.0,8.783333333333333
14307,11278,OH,100,29.591836734693878,2.0,17.670103092783506
14307,11278,WN,56,14.285714285714285,0.0,7.017857142857143
14307,11278,YX,6,0.0,0.0,3.6666666666666665
14307,11292,WN,30,16.666666666666664,0.0,7.8
14307,11433,DL,17,29.411764705882355,0.0,18.88235294117647
14307,11433,OO,65,16.923076923076923,0.0,7.390625
14307,11697,B6,22,40.909090909090914,0.0,40.333333333333336
14307,12264,YX,24,17.391304347826086,4.166666666666666,10.043478260869565
14307,12478,B6,30,3.3333333333333335,0.0,3.3
14307,13204,B6,32,12.5,0.0,6.59375
14307,13204,WN,60,15.0,0.0,6.45
14307,13232,WN,86,5.813953488372093,0.0,4.395348837209302
14307,13487,DL,8,12.5,0.0,2.125
14307,13930,AA,35,20.0,0.0,24.0
14307,13930,OO,59,43.103448275862064,1.694915254237288,23.724137931034484
14307,13930,UA,30,16.666666666666664,0.0,6.689655172413793
14307,14027,B6,18,38.88888888888889,0.0,33.611111111111114
14307,14082,G4,8,75.0,0.0,40.5
14307,14100,AA,83,20.73170731707317,1.2048192771084338,39.68292682926829
14307,14100,YX,1,0.0,0.0,0.0
14307,14843,B6,23,4.3478260869565215,0.0,1.1363636363636365
14307,15304,B6,22,4.545454545454546,0.0,3.3636363636363638
14307,15304,WN,30,13.333333333333334,0.0,4.133333333333334
14314,10423,G4,8,0.0,0.0,1.125
14314,10466,G4,47,2.127659574468085,0.0,1.1702127659574468
14314,10693,G4,9,0.0,0.0,0.2222222222222222
14314,11298,OO,60,18.64406779661017,1.6666666666666667,15.203389830508474
14314,12191,G4,8,12.5,0.0,5.25
14314,14057,G4,9,0.0,0.0,0.1111111111111111
14314,14107,OO,17,29.411764705882355,0.0,33.588235294117645
14314,14679,G4,1,0.0,0.0,0.0
14314,14908,G4,25,8.0,0.0,4.52
14321,10397,DL,61,9.836065573770492,0.0,12.754098360655737
14321,10693,WN,30,10.0,0.0,7.366666666666666
14321,10821,WN,121,9.090909090909092,0.0,7.595041322314049
14321,11057,AA,51,9.803921568627452,0.0,11.1
14321,11057,OH,30,6.666666666666667,0.0,41.266666666666666
14321,11278,AA,85,20.0,0.0,19.705882352941178
14321,11278,OH,31,38.70967741935484,0.0,34.333333333333336
14321,11292,UA,30,20.0,0.0,18.862068965517242
14321,11298,AA,30,3.3333333333333335,0.0,3.033333333333333
14321,11433,DL,60,15.0,0.0,20.033333333333335
14321,11618,YX,116,14.15929203539823,2.586206896551724,10.56637168141593
14321,12264,YX,94,16.129032258064516,1.0638297872340425,10.021505376344086
14321,12266,OO,1,0.0,0.0,0.0
14321,12478,B6,49,10.204081632653061,0.0,14.653061224489797
14321,12953,YX,86,11.76470588235294,1.1627906976744187,12.976470588235294
14321,13232,WN,30,6.666666666666667,0.0,6.266666666666667
14321,13487,DL,30,0.0,0.0,0.3333333333333333
14321,13930,OO,45,35.55555555555556,0.0,15.733333333333333
14321,13930,UA,60,20.33898305084746,1.6666666666666667,18.396551724137932
14321,13930,YX,60,13.559322033898304,1.6666666666666667,10.275862068965518
14321,14100,AA,101,15.841584158415841,0.0,8.138613861386139
14321,14100,OH,1,0.0,0.0,0.0
14457,10397,DL,1,0.0,0.0,0.0
14457,10466,G4,13,23.076923076923077,0.0,9.076923076923077
14457,11057,MQ,30,10.0,0.0,6.866666666666666
14457,11292,OO,197,18.781725888324875,0.0,12.49746192893401
14457,11292,UA,65,13.846153846153847,0.0,7.4
14457,11298,MQ,90,13.48314606741573,1.1111111111111112,11.067415730337078
14457,12889,G4,8,37.5,0.0,30.0
14457,13487,OO,18,5.555555555555555,0.0,3.611111111111111
14457,13930,MQ,42,19.51219512195122,2.380952380952381,12.878048780487806
14457,13930,OO,2,50.0,0.0,25.5
14457,13930,UA,30,10.0,0.0,7.7
14487,11292,OO,22,18.181818181818183,0.0,4.863636363636363
14487,12892,OO,22,4.545454545454546,0.0,4.2272727272727275
14487,14747,OO,22,9.090909090909092,0.0,4.363636363636363
14487,14771,OO,63,22.22222222222222,0.0,18.761904761904763
14489,11292,UA,60,20.0,0.0,13.203389830508474
14489,11298,AA,2,50.0,0.0,30.5
14489,12892,OO,30,10.0,0.0,4.8
14489,14107,MQ,60,10.0,0.0,8.016666666666667
14489,14679,OO,60,6.779661016949152,1.6666666666666667,8.067796610169491
14489,14747,AS,60,11.666666666666666,0.0,8.533333333333333
14489,14747,OO,150,16.10738255033557,0.6666666666666667,5.275167785234899
14489,14771,OO,53,35.84905660377358,0.0,16.20754716981132
14489,14771,UA,60,18.333333333333332,0.0,7.8
14489,14869,OO,60,6.666666666666667,0.0,5.283333333333333
14492,10397,DL,325,3.6923076923076925,0.0,4.984615384615385
14492,10397,F9,46,10.869565217391305,0.0,5.043478260869565
14492,10397,WN,30,3.3333333333333335,0.0,1.8666666666666667
14492,10423,WN,30,10.0,0.0,11.6
14492,10693,WN,103,13.592233009708737,0.0,8.135922330097088
14492,10693,YX,80,12.5,0.0,11.6875
14492,10721,B6,106,34.285714285714285,0.9433962264150944,23.571428571428573
14492,10721,DL,132,33.07692307692307,1.5151515151515151,32.48461538461538
14492,10721,F9,17,29.411764705882355,0.0,23.352941176470587
14492,10721,YX,1,100.0,0.0,166.0
14492,10792,F9,8,25.0,0.0,7.5
14492,10821,WN,141,7.801418439716312,0.0,4.207142857142857
14492,11042,F9,22,22.727272727272727,0.0,13.272727272727273
14492,11057,AA,245,14.285714285714285,0.0,14.387755102040817
14492,11259,WN,35,17.142857142857142,0.0,13.285714285714286
14492,11278,AA,50,30.612244897959183,2.0,23.897959183673468
14492,11278,OH,116,34.78260869565217,0.8620689655172413,31.817391304347826
14492,11278,YX,6,16.666666666666664,0.0,8.0
14492,11292,F9,17,52.94117647058824,0.0,32.705882352941174
14492,11292,UA,60,10.0,0.0,5.616666666666666
14492,11292,WN,56,19.642857142857142,0.0,13.875
14492,11298,AA,157,15.131578947368421,3.1847133757961785,22.57894736842105
14492,11298,F9,13,53.84615384615385,0.0,20.692307692307693
14492,11298,NK,9,22.22222222222222,0.0,11.25
14492,11433,DL,112,6.25,0.0,3.3660714285714284
14492,11433,F9,17,5.88235294117647,0.0,6.117647058823529
14492,11433,NK,1,100.0,0.0,104.0
14492,11618,NK,17,35.294117647058826,0.0,25.705882352941178
14492,11618,UA,119,16.101694915254235,0.8403361344537815,13.521367521367521
14492,11618,YX,5,25.0,20.0,25.25
14492,11697,B6,30,10.0,0.0,2.6666666666666665
14492,11697,DL,30,23.333333333333332,0.0,10.066666666666666
14492,11697,NK,17,12.5,5.88235294117647,3.6875
14492,11697,WN,4,0.0,0.0,11.25
14492,12191,WN,21,4.761904761904762,0.0,1.1428571428571428
14492,12264,UA,109,6.481481481481481,0.9174311926605505,5.953703703703703
14492,12264,YX,30,10.0,0.0,7.966666666666667
14492,12266,F9,17,11.76470588235294,0.0,15.058823529411764
14492,12266,UA,57,5.263157894736842,0.0,2.1578947368421053
14492,12339,F9,1,0.0,0.0,4.0
14492,12478,B6,54,26.41509433962264,1.8518518518518516,15.88679245283019
14492,12478,YX,143,15.492957746478872,0.6993006993006993,17.316901408450704
14492,12889,DL,30,0.0,0.0,0.06666666666666667
14492,12889,WN,21,52.38095238095239,0.0,21.238095238095237
14492,12892,AA,26,11.538461538461538,0.0,8.576923076923077
14492,12892,DL,30,3.3333333333333335,0.0,1.9333333333333333
14492,12953,DL,30,6.896551724137931,3.3333333333333335,2.3793103448275863
14492,12953,F9,30,27.586206896551722,3.3333333333333335,12.310344827586206
14492,12953,YX,195,23.83419689119171,1.0256410256410255,22.129533678756477
14492,13198,WN,4,0.0,0.0,6.75
14492,13204,DL,72,6.944444444444445,0.0,3.486111111111111
14492,13204,F9,47,15.217391304347828,2.127659574468085,7.608695652173913
14492,13204,WN,55,9.090909090909092,0.0,4.381818181818182
14492,13204,YX,30,23.333333333333332,0.0,7.366666666666666
14492,13232,WN,90,11.11111111111111,0.0,7.288888888888889
14492,13303,AA,121,19.00826446280992,0.0,18.866666666666667
14492,13303,DL,30,6.666666666666667,0.0,3.3333333333333335
14492,13303,F9,9,11.11111111111111,0.0,22.0
14492,13303,MQ,20,25.0,0.0,12.5
14492,13487,DL,107,10.2803738317757,0.0,11.429906542056075
14492,13495,NK,8,12.5,0.0,26.625
14492,13495,WN,4,50.0,0.0,12.75
14492,13930,AA,60,11.666666666666666,0.0,26.166666666666668
14492,13930,F9,13,7.6923076923076925,0.0,1.6153846153846154
14492,13930,MQ,1,0.0,0.0,0.0
14492,13930,UA,113,19.469026548672566,0.0,26.84070796460177
14492,13930,YX,79,20.253164556962027,0.0,7.848101265822785
14492,14100,AA,160,21.875,0.0,27.66875
14492,14100,F9,47,21.73913043478261,2.127659574468085,12.0
14492,14107,AA,30,0.0,0.0,1.1
14492,14107,WN,21,0.0,0.0,4.0476190476190474
14492,14122,YX,60,15.254237288135593,1.6666666666666667,10.169491525423728
14492,14747,AS,47,8.51063829787234,0.0,4.222222222222222
14492,14747,DL,30,3.3333333333333335,0.0,0.7
14492,14771,UA,77,9.090909090909092,0.0,4.987012987012987
14492,14843,B6,18,33.33333333333333,0.0,8.444444444444445
14492,14869,DL,30,16.666666666666664,0.0,16.433333333333334
14492,15016,WN,52,5.769230769230769,0.0,7.3076923076923075
14492,15096,F9,9,33.33333333333333,0.0,15.555555555555555
14492,15304,DL,47,6.382978723404255,0.0,3.0851063829787235
14492,15304,F9,21,0.0,0.0,0.0
14492,15304,WN,21,4.761904761904762,0.0,3.0
14512,10466,G4,13,7.6923076923076925,0.0,9.23076923076923
14512,10693,G4,8,12.5,0.0,7.375
14512,12889,G4,8,37.5,0.0,17.875
14512,14082,G4,13,15.384615384615385,0.0,4.769230769230769
14512,14112,G4,9,44.44444444444444,0.0,11.666666666666666
14512,14761,G4,9,11.11111111111111,0.0,4.444444444444445
14520,13487,OO,60,5.0,0.0,3.816666666666667
14520,13930,OO,35,8.571428571428571,0.0,5.771428571428571
14524,10397,DL,209,5.263157894736842,0.0,2.6698564593301435
14524,10693,G4,8,0.0,0.0,1.0
14524,10693,WN,30,30.0,0.0,13.6
14524,10721,B6,78,24.675324675324674,1.282051282051282,15.051948051948052
14524,10721,YX,86,34.523809523809526,2.3255813953488373,22.273809523809526
14524,10821,WN,60,18.333333333333332,0.0,14.533333333333333
14524,11057,AA,131,10.687022900763358,0.0,9.351145038167939
14524,11057,OH,59,6.779661016949152,0.0,3.8135593220338984
14524,11057,OO,7,0.0,0.0,2.142857142857143
14524,11292,UA,30,10.0,0.0,18.9
14524,11292,WN,30,23.333333333333332,0.0,9.7
14524,11298,AA,70,30.434782608695656,1.4285714285714286,14.028985507246377
14524,11298,MQ,16,6.25,0.0,4.733333333333333
14524,11433,DL,50,8.0,0.0,6.7
14524,11433,OO,27,3.7037037037037033,0.0,2.7777777777777777
14524,11618,YX,33,33.33333333333333,0.0,27.060606060606062
14524,11697,B6,19,0.0,0.0,0.21052631578947367
14524,11697,NK,17,58.82352941176471,0.0,63.76470588235294
14524,12264,YX,1,0.0,0.0,0.0
14524,12953,OO,20,40.0,0.0,27.9
14524,12953,YX,164,19.753086419753085,1.2195121951219512,16.666666666666668
14524,13204,B6,32,6.25,0.0,3.71875
14524,13204,NK,27,18.51851851851852,0.0,15.11111111111111
14524,13204,WN,21,9.523809523809524,0.0,2.619047619047619
14524,13232,WN,34,8.823529411764707,0.0,4.705882352941177
14524,13303,AA,30,31.03448275862069,3.3333333333333335,32.793103448275865
14524,13487,DL,1,0.0,0.0,0.0
14524,13487,OO,20,0.0,0.0,0.75
14524,13930,MQ,28,10.714285714285714,0.0,3.857142857142857
14524,13930,OO,91,23.333333333333332,1.098901098901099,21.822222222222223
14524,13930,UA,29,6.896551724137931,0.0,2.206896551724138
14524,13930,YX,29,10.344827586206897,0.0,3.9310344827586206
14524,14112,G4,1,100.0,0.0,24.0
14534,11292,OO,60,1.6666666666666667,0.0,1.2203389830508475
14543,11292,OO,60,15.0,0.0,22.05
14570,10397,DL,21,4.761904761904762,0.0,9.0
14570,10423,WN,17,0.0,0.0,0.23529411764705882
14570,10800,WN,47,12.76595744680851,0.0,8.27659574468085
14570,11259,WN,8,0.0,0.0,3.625
14570,11292,F9,14,14.285714285714285,0.0,5.928571428571429
14570,11292,OO,5,0.0,0.0,0.2
14570,11292,UA,135,13.333333333333334,0.0,11.866666666666667
14570,11292,WN,94,14.893617021276595,0.0,7.752688172043011
14570,11298,AA,91,11.363636363636363,3.296703296703297,6.597701149425287
14570,11618,UA,1,0.0,0.0,0.0
14570,12478,B6,2,100.0,0.0,39.0
14570,12889,F9,17,58.82352941176471,0.0,47.8235294117647
14570,12889,NK,52,11.538461538461538,0.0,10.23076923076923
14570,12889,WN,254,20.55335968379447,0.39370078740157477,12.845238095238095
14570,12892,OO,176,5.113636363636364,0.0,2.25
14570,12892,WN,38,7.894736842105263,0.0,5.552631578947368
14570,12954,WN,64,11.29032258064516,3.125,4.483870967741935
14570,13232,WN,21,4.761904761904762,0.0,3.8095238095238093
14570,13487,DL,8,12.5,0.0,32.625
14570,13930,UA,30,13.333333333333334,0.0,12.666666666666666
14570,14107,AA,95,10.869565217391305,3.1578947368421053,8.45054945054945
14570,14107,MQ,1,0.0,0.0,14.0
14570,14107,WN,73,13.88888888888889,1.36986301369863,16.535211267605632
14570,14679,NK,1,0.0,0.0,10.0
14570,14679,WN,77,19.480519480519483,0.0,13.293333333333333
14570,14747,AS,69,14.925373134328357,2.898550724637681,12.104477611940299
14570,14771,OO,58,27.586206896551722,0.0,10.241379310344827
14570,14771,UA,62,26.229508196721312,1.6129032258064515,14.934426229508198
14570,14831,WN,17,23.52941176470588,0.0,14.352941176470589
14570,14869,DL,60,1.6666666666666667,0.0,1.3666666666666667
14570,14869,OO,47,8.51063829787234,0.0,3.3191489361702127
14574,10397,DL,30,10.0,0.0,14.466666666666667
14574,12953,YX,30,27.586206896551722,3.3333333333333335,22.75
14574,13930,OO,87,23.25581395348837,1.1494252873563218,21.88372093023256
14574,13930,YX,30,16.666666666666664,0.0,22.9
14574,14112,G4,8,25.0,0.0,11.375
14574,14761,G4,9,55.55555555555556,0.0,42.77777777777778
14574,14986,G4,8,0.0,0.0,0.0
14576,10397,DL,82,7.317073170731707,0.0,3.4146341463414633
14576,10821,WN,90,8.88888888888889,0.0,7.988888888888889
14576,11057,AA,59,12.068965517241379,1.694915254237288,9.517241379310345
14576,11057,OH,30,6.666666666666667,0.0,1.8333333333333333
14576,11278,MQ,26,19.230769230769234,0.0,10.038461538461538
14576,11278,OH,52,25.0,0.0,19.21153846153846
14576,11278,YX,8,25.0,0.0,9.25
14576,11433,OO,30,10.0,0.0,8.6
14576,11618,YX,52,16.0,3.8461538461538463,13.3
14576,11697,NK,8,12.5,0.0,7.0
14576,12264,YX,1,0.0,0.0,0.0
14576,12478,B6,60,6.666666666666667,0.0,6.610169491525424
14576,12889,WN,17,17.647058823529413,0.0,7.294117647058823
14576,12953,OO,26,7.6923076923076925,0.0,6.538461538461538
14576,13204,NK,21,19.047619047619047,0.0,21.1
14576,13204,WN,8,12.5,0.0,11.0
14576,13232,WN,30,10.0,0.0,6.866666666666666
14576,13577,NK,1,0.0,0.0,0.0
14576,13930,MQ,64,25.396825396825395,1.5625,11.920634920634921
14576,13930,OO,22,4.545454545454546,0.0,3.1818181818181817
14576,13930,UA,59,28.8135593220339,0.0,18.74576271186441
14576,13930,YX,61,9.836065573770492,0.0,7.311475409836065
14576,15304,WN,4,0.0,0.0,0.0
14588,11298,OO,68,13.432835820895523,1.4705882352941175,19.119402985074625
14633,13487,OO,48,16.666666666666664,0.0,7.458333333333333
14633,13930,MQ,30,10.344827586206897,3.3333333333333335,6.862068965517241
14633,13930,OO,42,14.285714285714285,0.0,17.238095238095237
14635,10158,NK,31,6.451612903225806,0.0,8.96774193548387
14635,10397,DL,192,5.729166666666666,0.0,2.15625
14635,10397,F9,8,37.5,0.0,48.5
14635,10529,B6,2,0.0,0.0,0.0
14635,10693,WN,34,5.88235294117647,0.0,8.323529411764707
14635,10721,B6,79,31.645569620253166,0.0,36.55696202531646
14635,10721,DL,30,30.0,0.0,23.866666666666667
14635,10821,WN,90,6.666666666666667,0.0,3.7555555555555555
14635,11042,F9,34,5.88235294117647,0.0,14.558823529411764
14635,11057,AA,111,7.207207207207207,0.0,4.252252252252252
14635,11066,WN,30,23.333333333333332,0.0,16.766666666666666
14635,11193,DL,30,3.4482758620689653,3.3333333333333335,8.275862068965518
14635,11193,F9,16,12.5,0.0,4.8125
14635,11278,AA,30,20.0,0.0,11.2
14635,11292,UA,36,8.571428571428571,2.7777777777777777,6.371428571428571
14635,11298,AA,68,13.432835820895523,1.4705882352941175,24.333333333333332
14635,11433,DL,60,13.333333333333334,0.0,4.423728813559322
14635,11433,NK,19,15.789473684210526,0.0,19.473684210526315
14635,11618,B6,22,22.727272727272727,0.0,26.681818181818183
14635,11618,UA,95,13.684210526315791,0.0,12.105263157894736
14635,12191,WN,4,0.0,0.0,0.0
14635,12197,B6,59,8.47457627118644,0.0,6.271186440677966
14635,12264,UA,30,16.666666666666664,0.0,11.4
14635,12266,UA,36,25.0,0.0,13.11111111111111
14635,12339,WN,30,30.0,0.0,21.966666666666665
14635,12478,B6,57,14.035087719298245,0.0,11.0
14635,12478,DL,30,3.3333333333333335,0.0,2.033333333333333
14635,12953,DL,60,10.0,0.0,8.1
14635,13198,WN,8,25.0,0.0,5.0
14635,13204,WN,60,8.333333333333332,0.0,2.716666666666667
14635,13232,WN,69,8.695652173913043,0.0,6.6521739130434785
14635,13487,DL,56,3.571428571428571,0.0,1.6964285714285714
14635,13930,AA,57,8.771929824561402,0.0,37.67857142857143
14635,13930,NK,19,5.263157894736842,0.0,1.4210526315789473
14635,13930,UA,92,8.695652173913043,0.0,5.195652173913044
14635,14100,AA,56,25.0,0.0,39.05357142857143
14635,14100,F9,17,11.76470588235294,0.0,5.647058823529412
14635,14122,WN,30,0.0,0.0,0.9
14635,15016,WN,60,8.333333333333332,0.0,4.516666666666667
14674,11292,OO,120,21.666666666666668,0.0,14.716666666666667
14674,11298,OO,180,16.477272727272727,2.2222222222222223,11.965714285714286
14674,14107,OO,30,24.137931034482758,3.3333333333333335,13.10344827586207
14679,10140,WN,60,13.559322033898304,1.6666666666666667,9.322033898305085
14679,10299,AS,1,0.0,0.0,0.0
14679,10397,AS,30,3.3333333333333335,0.0,2.2
14679,10397,DL,187,12.299465240641712,0.0,10.850267379679144
14679,10423,F9,13,16.666666666666664,7.6923076923076925,8.75
14679,10423,OO,60,10.16949152542373,1.6666666666666667,9.491525423728813
14679,10423,WN,103,14.563106796116504,0.0,9.872549019607844
14679,10693,WN,77,12.987012987012985,0.0,8.324675324675324
14679,10713,AS,30,17.24137931034483,3.3333333333333335,6.0344827586206895
14679,10713,OO,30,3.3333333333333335,0.0,1.8
14679,10713,WN,26,11.538461538461538,0.0,10.76923076923077
14679,10721,AS,47,28.26086956521739,2.127659574468085,31.666666666666668
14679,10721,B6,58,24.561403508771928,1.7241379310344827,32.68421052631579
14679,10721,DL,30,30.0,0.0,48.93333333333333
14679,10821,WN,82,9.876543209876543,1.2195121951219512,5.962962962962963
14679,11057,AA,119,11.864406779661017,0.8403361344537815,38.55084745762712
14679,11259,WN,116,16.52173913043478,0.8620689655172413,9.061946902654867
14679,11278,AS,30,41.37931034482759,3.3333333333333335,27.620689655172413
14679,11292,F9,56,14.285714285714285,0.0,10.928571428571429
14679,11292,UA,171,15.384615384615385,1.1695906432748537,9.660714285714286
14679,11292,WN,184,30.05464480874317,0.5434782608695652,20.852459016393443
14679,11298,AA,248,18.181818181818183,2.4193548387096775,14.873949579831933
14679,11298,F9,17,37.5,5.88235294117647,86.875
14679,11433,DL,102,10.891089108910892,0.9803921568627451,6.8316831683168315
14679,11433,NK,17,31.25,5.88235294117647,22.125
14679,11540,WN,30,16.666666666666664,0.0,7.333333333333333
14679,11603,AS,30,25.0,6.666666666666667,8.607142857142858
14679,11618,AS,30,24.137931034482758,3.3333333333333335,17.714285714285715
14679,11618,UA,113,11.711711711711711,1.7699115044247788,8.522935779816514
14679,11638,OO,107,20.0,1.8691588785046727,12.0
14679,11884,AS,30,6.896551724137931,3.3333333333333335,4.137931034482759
14679,12173,HA,81,37.03703703703704,0.0,25.580246913580247
14679,12173,WN,60,10.16949152542373,1.6666666666666667,7.915254237288136
14679,12191,WN,60,10.0,0.0,3.8
14679,12264,AS,30,6.666666666666667,0.0,4.310344827586207
14679,12264,UA,89,4.545454545454546,1.1235955056179776,4.034090909090909
14679,12266,UA,137,11.76470588235294,0.7299270072992701,11.161764705882353
14679,12339,WN,30,23.333333333333332,0.0,21.3
14679,12478,AS,60,6.896551724137931,3.3333333333333335,2.807017543859649
14679,12478,B6,60,13.793103448275861,3.3333333333333335,23.12280701754386
14679,12478,DL,86,10.588235294117647,1.1627906976744187,14.541176470588235
14679,12758,AS,30,10.0,0.0,5.666666666666667
14679,12889,F9,47,27.659574468085108,0.0,36.8936170212766
14679,12889,NK,70,13.432835820895523,4.285714285714286,12.611940298507463
14679,12889,OO,167,20.98765432098765,2.9940119760479043,15.481481481481481
14679,12889,WN,326,21.91358024691358,0.6134969325153374,16.96604938271605
14679,12892,OO,205,10.83743842364532,0.975609756097561,7.275862068965517
14679,12892,UA,4,0.0,0.0,0.0
14679,12982,AS,4,50.0,0.0,16.5
14679,13198,WN,30,26.666666666666668,0.0,18.5
14679,13204,AS,30,30.0,0.0,20.333333333333332
14679,13204,WN,21,14.285714285714285,0.0,17.714285714285715
14679,13232,WN,86,26.744186046511626,0.0,17.08139534883721
14679,13303,AA,30,6.666666666666667,0.0,41.46666666666667
14679,13476,OO,60,15.254237288135593,1.6666666666666667,7.47457627118644
14679,13487,DL,107,10.377358490566039,0.9345794392523363,8.320754716981131
14679,13495,WN,26,30.76923076923077,0.0,22.307692307692307
14679,13796,NK,17,0.0,0.0,0.0
14679,13796,WN,257,27.84313725490196,0.7782101167315175,16.67450980392157
14679,13830,AS,60,10.16949152542373,1.6666666666666667,7.322033898305085
14679,13930,AA,122,18.852459016393443,0.0,14.844262295081966
14679,13930,F9,5,40.0,0.0,20.0
14679,13930,UA,142,14.893617021276595,0.7042253521126761,10.539007092198581
14679,14057,AS,130,12.4031007751938,0.7692307692307693,8.472868217054264
14679,14100,AA,90,13.333333333333334,0.0,23.444444444444443
14679,14107,AA,116,16.666666666666664,1.7241379310344827,33.95575221238938
14679,14107,AS,89,14.942528735632186,2.247191011235955,7.758620689655173
14679,14107,F9,41,17.073170731707318,0.0,38.7
14679,14107,WN,254,22.950819672131146,3.937007874015748,13.975409836065573
14679,14314,G4,1,0.0,0.0,0.0
14679,14489,OO,60,20.689655172413794,3.3333333333333335,7.517241379310345
14679,14570,NK,1,0.0,0.0,2.0
14679,14570,WN,77,26.31578947368421,1.2987012987012987,17.25
14679,14683,WN,56,16.363636363636363,1.7857142857142856,12.381818181818181
14679,14698,OO,28,10.714285714285714,0.0,17.107142857142858
14679,14747,AS,251,18.62348178137652,1.593625498007968,14.259109311740891
14679,14747,DL,137,8.088235294117647,0.7299270072992701,16.360294117647058
14679,14771,AS,28,51.85185185185185,3.571428571428571,24.48148148148148
14679,14771,F9,10,20.0,0.0,3.7
14679,14771,OO,180,15.254237288135593,1.6666666666666667,6.988700564971752
14679,14771,UA,230,20.88888888888889,2.1739130434782608,15.475555555555555
14679,14771,WN,133,47.32824427480916,1.5037593984962405,27.03053435114504
14679,14831,OO,77,17.105263157894736,1.2987012987012987,8.43421052631579
14679,14831,WN,321,20.569620253164558,1.557632398753894,14.066666666666666
14679,14869,DL,137,14.814814814814813,1.4598540145985401,6.688888888888889
14679,14869,F9,13,15.384615384615385,0.0,8.076923076923077
14679,14869,WN,30,6.666666666666667,0.0,10.8
14679,14893,OO,90,14.772727272727273,2.2222222222222223,7.875
14679,14893,WN,326,19.753086419753085,0.6134969325153374,12.058823529411764
14679,15016,WN,34,14.705882352941178,0.0,4.617647058823529
14679,15023,OO,81,20.51282051282051,3.7037037037037033,13.243589743589743
14679,15304,AS,30,13.793103448275861,3.3333333333333335,4.0
14679,15304,WN,4,0.0,0.0,0.0
14679,15376,WN,47,19.565217391304348,2.127659574468085,22.282608695652176
14683,10397,DL,217,4.147465437788019,0.0,1.7096774193548387
14683,10397,F9,13,23.076923076923077,0.0,40.46153846153846
14683,10397,WN,30,6.666666666666667,0.0,1.9333333333333333
14683,10693,WN,73,8.21917808219178,0.0,3.5753424657534247
14683,10721,DL,30,76.66666666666667,0.0,57.8
14683,10821,WN,69,10.144927536231885,0.0,4.826086956521739
14683,11057,AA,120,10.0,0.0,6.975
14683,11259,WN,219,11.981566820276496,0.91324200913242,5.889400921658986
14683,11278,AA,30,3.3333333333333335,0.0,11.033333333333333
14683,11292,F9,26,7.6923076923076925,0.0,11.846153846153847
14683,11292,UA,90,16.853932584269664,1.1111111111111112,7.568181818181818
14683,11292,WN,103,19.41747572815534,0.0,13.407766990291263
14683,11298,AA,277,16.10486891385768,3.6101083032490973,20.471910112359552
14683,11298,MQ,60,20.689655172413794,3.3333333333333335,18.120689655172413
14683,11298,OO,30,16.666666666666664,0.0,22.933333333333334
14683,11433,DL,82,7.317073170731707,0.0,3.8658536585365852
14683,11540,WN,73,19.17808219178082,0.0,10.10958904109589
14683,11618,UA,34,14.705882352941178,0.0,21.4375
14683,11697,NK,17,25.0,5.88235294117647,15.5625
14683,12191,WN,141,17.02127659574468,0.0,9.46808510638298
14683,12264,UA,51,5.88235294117647,0.0,9.96078431372549
14683,12266,OO,3,0.0,0.0,0.0
14683,12266,UA,226,17.25663716814159,0.0,7.154867256637168
14683,12478,DL,30,10.0,0.0,8.793103448275861
14683,12889,F9,29,17.24137931034483,0.0,8.137931034482758
14683,12889,NK,44,34.883720930232556,2.272727272727273,40.44186046511628
14683,12889,WN,116,17.24137931034483,0.0,9.336206896551724
14683,12892,DL,55,9.090909090909092,0.0,11.381818181818181
14683,12892,NK,22,18.181818181818183,0.0,9.772727272727273
14683,12892,OO,48,12.5,0.0,5.25
14683,12892,WN,30,6.666666666666667,0.0,4.1
14683,13198,WN,26,7.6923076923076925,0.0,4.1923076923076925
14683,13204,NK,16,12.5,0.0,41.25
14683,13204,WN,51,11.76470588235294,0.0,6.8431372549019605
14683,13232,WN,56,14.285714285714285,0.0,7.303571428571429
14683,13303,AA,30,3.3333333333333335,0.0,2.357142857142857
14683,13487,DL,77,18.181818181818183,0.0,20.026315789473685
14683,13495,WN,21,14.285714285714285,0.0,3.0476190476190474
14683,13851,WN,17,17.647058823529413,0.0,7.117647058823529
14683,13930,AA,44,34.090909090909086,0.0,25.795454545454547
14683,13930,OO,2,0.0,0.0,0.0
14683,13930,UA,77,11.688311688311687,0.0,7.376623376623376
14683,13930,YX,28,14.814814814814813,3.571428571428571,8.37037037037037
14683,14100,AA,29,13.793103448275861,0.0,13.172413793103448
14683,14107,AA,72,15.492957746478872,1.3888888888888888,30.97142857142857
14683,14107,WN,99,15.306122448979592,1.0101010101010102,8.153061224489797
14683,14679,WN,56,17.857142857142858,0.0,14.036363636363637
14683,14747,AS,47,6.382978723404255,0.0,6.297872340425532
14683,14771,OO,9,0.0,0.0,3.111111111111111
14683,14771,UA,26,7.6923076923076925,0.0,3.4615384615384617
14683,14843,NK,9,0.0,0.0,1.4444444444444444
14683,14869,DL,77,23.684210526315788,1.2987012987012987,13.763157894736842
14683,15016,WN,47,6.382978723404255,0.0,2.4893617021276597
14683,15304,WN,30,3.3333333333333335,0.0,5.933333333333334
14685,10397,DL,219,5.0228310502283104,0.0,1.6484018264840183
14685,10693,WN,60,6.666666666666667,0.0,3.2333333333333334
14685,10721,B6,52,49.01960784313725,1.9230769230769231,37.07843137254902
14685,10721,DL,8,75.0,0.0,38.0
14685,10721,YX,31,58.06451612903226,0.0,37.516129032258064
14685,10821,WN,90,18.88888888888889,0.0,11.122222222222222
14685,10874,G4,12,16.666666666666664,0.0,5.166666666666667
14685,11057,AA,103,21.568627450980394,0.9708737864077669,11.705882352941176
14685,11057,OH,121,5.785123966942149,0.0,4.603305785123967
14685,11193,G4,18,5.555555555555555,0.0,2.0555555555555554
14685,11259,WN,30,13.333333333333334,0.0,6.793103448275862
14685,11278,MQ,28,34.61538461538461,7.142857142857142,24.192307692307693
14685,11278,OH,62,12.903225806451612,0.0,6.145161290322581
14685,11292,UA,30,53.333333333333336,0.0,26.6
14685,11298,AA,66,25.806451612903224,6.0606060606060606,42.935483870967744
14685,11298,MQ,4,25.0,0.0,9.5
14685,11433,DL,30,0.0,0.0,0.5333333333333333
14685,11433,OO,25,20.0,0.0,7.88
14685,11618,NK,30,17.24137931034483,3.3333333333333335,15.03448275862069
14685,11618,UA,60,16.666666666666664,0.0,17.35
14685,11618,YX,5,0.0,0.0,2.2
14685,12191,WN,21,28.57142857142857,0.0,13.761904761904763
14685,12264,YX,21,0.0,0.0,0.09523809523809523
14685,12478,B6,24,12.5,0.0,7.333333333333333
14685,12478,YX,23,13.043478260869565,0.0,8.217391304347826
14685,12917,G4,8,0.0,0.0,0.25
14685,12953,DL,3,0.0,0.0,0.0
14685,12953,YX,56,7.2727272727272725,1.7857142857142856,22.363636363636363
14685,13232,WN,25,0.0,0.0,0.32
14685,13303,AA,3,33.33333333333333,0.0,5.333333333333333
14685,13303,MQ,27,3.7037037037037033,0.0,5.2592592592592595
14685,13487,DL,30,6.666666666666667,0.0,3.8666666666666667
14685,13930,AA,30,17.24137931034483,3.3333333333333335,14.241379310344827
14685,13930,OO,29,6.896551724137931,0.0,6.448275862068965
14685,13930,UA,60,23.333333333333332,0.0,17.75
14685,13930,YX,1,0.0,0.0,0.0
14685,14100,AA,36,8.333333333333332,0.0,7.583333333333333
14685,14100,F9,9,22.22222222222222,0.0,11.0
14685,14100,OH,50,12.244897959183673,2.0,31.755102040816325
14685,14122,G4,9,0.0,0.0,1.2222222222222223
14685,15016,WN,4,25.0,0.0,21.75
14689,10397,DL,30,20.0,0.0,14.733333333333333
14689,11292,UA,82,12.195121951219512,0.0,5.878048780487805
14689,11292,WN,17,41.17647058823529,0.0,18.58823529411765
14689,11298,AA,30,20.689655172413794,3.3333333333333335,16.413793103448278
14689,12889,WN,69,23.18840579710145,0.0,19.82608695652174
14689,12892,OO,59,15.254237288135593,0.0,13.661016949152541
14689,13796,WN,21,4.761904761904762,0.0,2.761904761904762
14689,14107,AA,57,10.714285714285714,1.7543859649122806,25.0
14689,14107,MQ,29,14.285714285714285,3.4482758620689653,5.107142857142857
14689,14107,WN,4,0.0,0.0,0.0
14689,14747,AS,26,19.230769230769234,0.0,10.192307692307692
14689,14771,OO,14,28.57142857142857,0.0,13.285714285714286
14689,14771,UA,118,22.22222222222222,0.847457627118644,11.752136752136753
14689,14869,DL,25,16.0,0.0,9.36
14689,14869,OO,60,3.3333333333333335,0.0,3.716666666666667
14689,14893,WN,30,30.0,0.0,24.033333333333335
14696,10397,DL,1,0.0,0.0,0.0
14696,10397,OO,80,11.25,0.0,7.4875
14696,10466,G4,10,0.0,0.0,1.3
14696,11057,OH,90,4.444444444444445,0.0,4.155555555555556
14696,11278,YX,5,40.0,0.0,20.0
14696,11298,OO,90,15.730337078651685,1.1111111111111112,11.195402298850574
14696,11433,OO,60,10.0,0.0,19.55
14696,11618,UA,2,0.0,0.0,6.0
14696,11697,G4,9,22.22222222222222,0.0,7.333333333333333
14696,12191,DL,1,0.0,0.0,0.0
14696,12264,YX,30,3.3333333333333335,0.0,6.633333333333334
14696,12266,UA,1,0.0,0.0,0.0
14696,12266,YX,1,100.0,0.0,123.0
14696,12889,G4,8,37.5,0.0,31.75
14696,12953,YX,4,0.0,0.0,0.0
14696,13487,OO,30,10.0,0.0,12.733333333333333
14696,13930,OO,203,26.732673267326735,0.49261083743842365,19.698019801980198
14696,13930,UA,3,100.0,0.0,28.0
14696,14082,G4,10,20.0,0.0,11.3
14696,14112,G4,9,0.0,0.0,0.8888888888888888
14696,14761,G4,13,15.384615384615385,0.0,15.153846153846153
14696,15412,G4,1,0.0,0.0,0.0
14698,11292,OO,27,18.51851851851852,0.0,6.62962962962963
14698,11292,UA,28,11.11111111111111,3.571428571428571,18.925925925925927
14698,11298,AA,27,25.925925925925924,0.0,62.851851851851855
14698,12892,OO,52,15.384615384615385,0.0,11.807692307692308
14698,14107,AA,57,21.428571428571427,1.7543859649122806,67.44642857142857
14698,14107,OO,26,36.0,3.8461538461538463,83.08
14698,14679,OO,28,17.857142857142858,0.0,22.555555555555557
14698,14747,AS,28,7.4074074074074066,3.571428571428571,3.6296296296296298
14698,14771,OO,85,36.470588235294116,0.0,15.694117647058823
14709,10299,AS,44,6.8181818181818175,0.0,1.6590909090909092
14711,13930,OO,49,26.53061224489796,0.0,19.520833333333332
14711,13930,YX,4,25.0,0.0,36.5
14716,12889,G4,33,42.42424242424242,0.0,59.484848484848484
14716,14107,G4,9,55.55555555555556,0.0,51.22222222222222
14730,10397,DL,222,1.3513513513513513,0.0,1.6936936936936937
14730,10693,WN,26,8.0,3.8461538461538463,2.92
14730,10721,MQ,30,63.33333333333333,0.0,38.0
14730,10721,YX,30,60.71428571428571,6.666666666666667,49.370370370370374
14730,10821,WN,77,12.987012987012985,0.0,10.64935064935065
14730,11057,AA,58,14.035087719298245,1.7241379310344827,55.75438596491228
14730,11057,OH,101,13.861386138613863,0.0,28.821782178217823
14730,11259,WN,26,3.8461538461538463,0.0,2.04
14730,11278,OH,56,21.818181818181817,1.7857142857142856,9.709090909090909
14730,11278,YX,34,11.76470588235294,0.0,6.470588235294118
14730,11292,UA,60,10.0,0.0,6.233333333333333
14730,11292,WN,30,3.3333333333333335,0.0,1.7
14730,11298,AA,118,25.0,5.084745762711865,29.375
14730,11298,MQ,30,20.0,0.0,15.6
14730,11298,OH,30,16.666666666666664,0.0,46.7
14730,11298,OO,2,50.0,0.0,26.0
14730,11433,OO,43,4.651162790697675,0.0,2.3488372093023258
14730,11433,YX,30,10.0,0.0,5.466666666666667
14730,11618,YX,63,8.064516129032258,1.5873015873015872,6.032258064516129
14730,11697,G4,9,0.0,0.0,0.7777777777777778
14730,11697,NK,21,4.761904761904762,0.0,13.952380952380953
14730,12191,WN,21,9.523809523809524,0.0,6.380952380952381
14730,12264,YX,24,0.0,0.0,0.125
14730,12889,NK,16,31.25,0.0,27.375
14730,12889,WN,30,10.0,0.0,6.241379310344827
14730,12892,NK,9,11.11111111111111,0.0,12.666666666666666
14730,12953,YX,98,7.216494845360824,1.0204081632653061,5.092783505154639
14730,13204,NK,27,3.7037037037037033,0.0,1.4444444444444444
14730,13204,WN,35,2.857142857142857,0.0,2.7714285714285714
14730,13232,WN,86,5.813953488372093,0.0,2.104651162790698
14730,13303,AA,30,20.0,0.0,23.2
14730,13303,MQ,2,0.0,0.0,0.0
14730,13487,OO,63,6.349206349206349,0.0,3.111111111111111
14730,13930,MQ,72,12.676056338028168,1.3888888888888888,7.126760563380282
14730,13930,OO,39,15.384615384615385,0.0,10.974358974358974
14730,13930,YX,111,7.207207207207207,0.0,8.495495495495495
14730,14082,G4,9,0.0,0.0,0.0
14730,14100,OH,35,14.285714285714285,0.0,9.82857142857143
14730,14100,YX,31,6.451612903225806,0.0,2.3870967741935485
14730,14107,WN,30,26.666666666666668,0.0,16.24137931034483
14730,14112,G4,10,20.0,0.0,7.6
14730,14761,G4,9,33.33333333333333,0.0,30.77777777777778
14730,15304,WN,30,6.666666666666667,0.0,3.0
14730,15624,G4,16,12.5,0.0,6.25
14747,10140,AS,51,27.450980392156865,0.0,10.137254901960784
14747,10299,AS,463,10.38961038961039,0.21598272138228944,6.246753246753247
14747,10299,DL,150,12.666666666666668,0.0,16.466666666666665
14747,10299,HA,11,45.45454545454545,0.0,15.818181818181818
14747,10397,AS,80,5.0,0.0,3.775
14747,10397,DL,204,11.76470588235294,0.0,16.622549019607842
14747,10423,AS,81,17.28395061728395,0.0,5.814814814814815
14747,10423,DL,86,12.941176470588237,1.1627906976744187,11.776470588235295
14747,10666,OO,120,15.0,0.0,6.591666666666667
14747,10693,AS,72,18.055555555555554,0.0,10.48611111111111
14747,10693,DL,32,28.125,0.0,14.8125
14747,10693,WN,30,26.666666666666668,0.0,14.466666666666667
14747,10713,AS,60,16.666666666666664,0.0,8.25
14747,10713,OO,274,13.138686131386862,0.0,6.171532846715328
14747,10721,AS,120,35.0,0.0,20.891666666666666
14747,10721,B6,32,34.375,0.0,17.5625
14747,10721,DL,77,28.57142857142857,0.0,23.285714285714285
14747,10800,AS,127,7.199999999999999,1.574803149606299,3.008
14747,10821,AS,60,20.0,0.0,8.6
14747,10821,WN,30,16.666666666666664,0.0,6.133333333333334
14747,10849,AS,47,27.659574468085108,0.0,17.48936170212766
14747,10849,OO,90,4.444444444444445,0.0,1.988888888888889
14747,10994,AS,30,23.333333333333332,0.0,15.633333333333333
14747,11042,AS,47,27.659574468085108,0.0,13.148936170212766
14747,11057,AA,120,15.0,0.0,17.352941176470587
14747,11066,AA,1,0.0,0.0,0.0
14747,11066,AS,47,25.53191489361702,0.0,10.851063829787234
14747,11066,DL,1,0.0,0.0,0.0
14747,11066,UA,1,0.0,0.0,3.0
14747,11066,WN,1,0.0,0.0,0.0
14747,11193,AS,30,13.333333333333334,0.0,6.866666666666666
14747,11193,DL,30,3.3333333333333335,0.0,3.1666666666666665
14747,11259,WN,30,33.33333333333333,0.0,19.566666666666666
14747,11278,AS,60,38.333333333333336,0.0,17.677966101694917
14747,11278,DL,30,30.0,0.0,33.666666666666664
14747,11292,AS,146,24.65753424657534,0.0,10.856164383561644
14747,11292,DL,90,25.555555555555554,0.0,14.71111111111111
14747,11292,F9,30,30.0,0.0,14.9
14747,11292,UA,171,9.941520467836257,0.0,4.635294117647059
14747,11292,WN,137,38.68613138686132,0.0,20.669117647058822
14747,11298,AA,217,17.92452830188679,2.3041474654377883,16.89099526066351
14747,11298,AS,154,19.607843137254903,0.6493506493506493,8.348684210526315
14747,11298,DL,59,22.033898305084744,0.0,10.152542372881356
14747,11433,AS,56,16.071428571428573,0.0,6.428571428571429
14747,11433,DL,120,15.833333333333332,0.0,13.55
14747,11603,AS,60,15.0,0.0,8.233333333333333
14747,11603,OO,150,14.000000000000002,0.0,7.26
14747,11618,AS,116,12.931034482758621,0.0,5.017241379310345
14747,11618,UA,111,12.612612612612612,0.0,16.28828828828829
14747,11630,AS,175,12.571428571428573,0.0,5.325714285714286
14747,11630,DL,60,11.666666666666666,0.0,10.116666666666667
14747,11638,AS,17,17.647058823529413,0.0,7.529411764705882
14747,11638,OO,90,12.222222222222221,0.0,7.611111111111111
14747,11697,AS,30,10.0,0.0,2.4482758620689653
14747,11697,DL,30,6.666666666666667,0.0,2.433333333333333
14747,11884,AS,119,23.52941176470588,0.0,10.478991596638656
14747,11884,DL,30,23.333333333333332,0.0,23.066666666666666
14747,11884,OO,313,13.461538461538462,0.3194888178913738,6.618589743589744
14747,12003,OO,30,16.666666666666664,0.0,11.7
14747,12173,AS,60,23.333333333333332,0.0,11.683333333333334
14747,12173,DL,60,16.666666666666664,0.0,5.066666666666666
14747,12173,HA,120,31.092436974789916,0.8333333333333334,26.73949579831933
14747,12191,WN,30,6.666666666666667,0.0,7.3
14747,12264,AS,90,13.333333333333334,0.0,5.266666666666667
14747,12264,DL,30,26.666666666666668,0.0,12.0
14747,12264,UA,59,3.389830508474576,0.0,2.586206896551724
14747,12266,AS,80,15.0,0.0,6.7
14747,12266,UA,118,7.627118644067797,0.0,5.254237288135593
14747,12339,AS,51,29.411764705882355,0.0,11.490196078431373
14747,12441,OO,30,6.666666666666667,0.0,2.433333333333333
14747,12478,AS,120,37.5,0.0,16.327731092436974
14747,12478,B6,30,3.4482758620689653,3.3333333333333335,1.206896551724138
14747,12478,DL,120,14.166666666666666,0.0,9.109243697478991
14747,12523,AS,150,13.60544217687075,2.0,9.80952380952381
14747,12523,DL,30,10.0,0.0,7.133333333333334
14747,12758,AS,81,24.691358024691358,0.0,10.234567901234568
14747,12758,DL,30,10.0,0.0,4.066666666666666
14747,12819,AS,120,15.0,0.0,9.466101694915254
14747,12889,AS,198,26.262626262626267,0.0,14.624365482233502
14747,12889,DL,137,11.678832116788321,0.0,4.781021897810219
14747,12889,F9,16,37.5,0.0,108.125
14747,12889,WN,89,38.20224719101123,0.0,15.112359550561798
14747,12892,AA,1,0.0,0.0,0.0
14747,12892,AS,271,12.639405204460965,0.7380073800738007,5.680297397769516
14747,12892,DL,192,7.8125,0.0,4.890625
14747,12892,F9,21,33.33333333333333,0.0,20.285714285714285
14747,12892,OO,60,11.666666666666666,0.0,23.383333333333333
14747,12892,UA,60,8.333333333333332,0.0,9.6
14747,12982,AS,60,23.333333333333332,0.0,13.389830508474576
14747,12982,DL,30,16.666666666666664,0.0,11.566666666666666
14747,13127,OO,30,3.3333333333333335,0.0,1.4333333333333333
14747,13198,AS,77,21.052631578947366,1.2987012987012987,15.173333333333334
14747,13198,DL,30,40.0,0.0,22.733333333333334
14747,13198,WN,4,50.0,0.0,18.5
14747,13204,AS,85,17.647058823529413,0.0,6.435294117647059
14747,13204,DL,60,21.666666666666668,0.0,10.683333333333334
14747,13232,WN,86,30.23255813953488,0.0,14.174418604651162
14747,13264,OO,90,3.3333333333333335,0.0,1.1666666666666667
14747,13303,AA,30,16.666666666666664,0.0,12.333333333333334
14747,13303,AS,30,10.0,0.0,5.6
14747,13303,DL,30,30.0,0.0,13.310344827586206
14747,13342,AS,60,20.0,0.0,7.316666666666666
14747,13486,AS,25,0.0,0.0,0.88
14747,13487,AS,116,26.08695652173913,0.8620689655172413,17.17391304347826
14747,13487,DL,148,4.72972972972973,0.0,2.925675675675676
14747,13495,AS,46,8.88888888888889,2.1739130434782608,2.727272727272727
14747,13495,DL,1,0.0,0.0,0.0
14747,13796,AS,46,21.73913043478261,0.0,6.173913043478261
14747,13796,WN,120,31.666666666666664,0.0,15.266666666666667
14747,13830,AS,81,19.753086419753085,0.0,9.88888888888889
14747,13830,DL,30,16.666666666666664,0.0,5.0
14747,13830,HA,30,20.0,0.0,8.433333333333334
14747,13851,AS,30,10.0,0.0,6.033333333333333
14747,13871,AS,60,18.333333333333332,0.0,9.25
14747,13891,AS,105,11.428571428571429,0.0,6.0095238095238095
14747,13891,DL,8,0.0,0.0,1.0
14747,13891,F9,18,5.555555555555555,0.0,5.0
14747,13891,OO,82,7.317073170731707,0.0,4.426829268292683
14747,13930,AA,117,24.786324786324787,0.0,9.247863247863247
14747,13930,AS,179,21.787709497206702,0.0,9.92134831460674
14747,13930,DL,72,18.055555555555554,0.0,16.944444444444443
14747,13930,UA,141,15.602836879432624,0.0,10.170212765957446
14747,14057,AS,90,16.666666666666664,0.0,7.9222222222222225
14747,14057,DL,30,30.0,0.0,11.133333333333333
14747,14057,OO,313,14.376996805111823,0.0,6.779552715654952
14747,14100,AA,61,21.311475409836063,0.0,25.25
14747,14100,AS,60,18.333333333333332,0.0,8.533333333333333
14747,14107,AS,199,16.08040201005025,0.0,7.469387755102041
14747,14107,DL,145,11.03448275862069,0.0,8.605633802816902
14747,14107,F9,17,6.666666666666667,11.76470588235294,1.8666666666666667
14747,14107,MQ,40,12.5,0.0,5.923076923076923
14747,14107,OO,58,15.789473684210526,1.7241379310344827,16.859649122807017
14747,14107,WN,86,24.705882352941178,1.1627906976744187,14.880952380952381
14747,14122,AS,52,15.384615384615385,0.0,7.980769230769231
14747,14252,AS,30,6.666666666666667,0.0,3.1666666666666665
14747,14252,OO,137,15.328467153284672,0.0,7.0
14747,14262,AS,30,6.666666666666667,0.0,2.5
14747,14262,OO,60,13.333333333333334,0.0,9.233333333333333
14747,14487,OO,22,18.181818181818183,0.0,9.0
14747,14489,AS,60,13.333333333333334,0.0,9.383333333333333
14747,14489,OO,150,14.000000000000002,0.0,5.473333333333334
14747,14492,AS,47,27.659574468085108,0.0,10.425531914893616
14747,14492,DL,30,20.0,0.0,6.566666666666666
14747,14570,AS,68,19.696969696969695,2.941176470588235,11.954545454545455
14747,14679,AS,250,23.26530612244898,2.0,10.25925925925926
14747,14679,DL,137,8.823529411764707,0.7299270072992701,8.328358208955224
14747,14683,AS,47,6.382978723404255,0.0,2.617021276595745
14747,14689,AS,26,15.384615384615385,0.0,9.846153846153847
14747,14698,AS,28,7.4074074074074066,3.571428571428571,5.185185185185185
14747,14771,AS,255,33.067729083665334,1.5686274509803921,16.932270916334662
14747,14771,DL,60,18.333333333333332,0.0,16.733333333333334
14747,14771,OO,99,24.242424242424242,0.0,10.636363636363637
14747,14771,UA,170,15.294117647058824,0.0,7.9411764705882355
14747,14828,AS,30,20.0,0.0,9.3
14747,14831,AS,164,17.073170731707318,0.0,10.134146341463415
14747,14831,OO,113,7.079646017699115,0.0,4.884955752212389
14747,14831,WN,90,28.888888888888886,0.0,11.38888888888889
14747,14869,AS,132,14.50381679389313,0.7575757575757576,5.9541984732824424
14747,14869,DL,193,7.253886010362693,0.0,5.041450777202073
14747,14869,F9,13,30.76923076923077,0.0,17.53846153846154
14747,14869,OO,60,11.666666666666666,0.0,5.9
14747,14893,AS,94,14.893617021276595,0.0,5.787234042553192
14747,14893,OO,197,10.152284263959391,0.0,7.238578680203045
14747,14893,WN,107,27.358490566037734,0.9345794392523363,11.40566037735849
14747,14908,AS,214,10.849056603773585,0.9345794392523363,4.731132075471698
14747,14908,DL,86,16.27906976744186,0.0,9.55813953488372
14747,14908,OO,30,6.666666666666667,0.0,2.7
14747,15016,AS,77,20.77922077922078,0.0,7.883116883116883
14747,15016,WN,21,47.61904761904761,0.0,18.333333333333332
14747,15023,AS,60,13.333333333333334,0.0,5.762711864406779
14747,15304,AS,47,14.893617021276595,0.0,6.804347826086956
14747,15304,DL,30,10.0,0.0,8.666666666666666
14747,15376,AS,30,3.3333333333333335,0.0,2.033333333333333
14747,15376,OO,60,18.333333333333332,0.0,12.116666666666667
14761,10135,G4,39,10.256410256410255,0.0,4.256410256410256
14761,10408,G4,12,33.33333333333333,0.0,8.75
14761,10431,G4,39,15.384615384615385,0.0,11.435897435897436
14761,10581,G4,14,21.428571428571427,0.0,17.285714285714285
14761,10676,G4,8,37.5,0.0,30.25
14761,10685,G4,8,0.0,0.0,1.25
14761,10693,G4,9,33.33333333333333,0.0,9.88888888888889
14761,10868,G4,8,25.0,0.0,24.75
14761,10874,G4,8,12.5,0.0,10.625
14761,10980,G4,9,44.44444444444444,0.0,56.77777777777778
14761,11003,G4,9,0.0,0.0,1.0
14761,11027,G4,8,12.5,0.0,7.125
14761,11193,G4,24,29.166666666666668,0.0,8.958333333333334
14761,11423,G4,13,0.0,0.0,0.7692307692307693
14761,11537,G4,9,11.11111111111111,0.0,4.333333333333333
14761,11612,G4,9,0.0,0.0,1.6666666666666667
14761,11721,G4,19,15.789473684210526,0.0,17.42105263157895
14761,11823,G4,12,25.0,0.0,22.0
14761,11986,G4,20,30.0,0.0,18.7
14761,11996,G4,8,0.0,0.0,0.75
14761,12119,G4,9,44.44444444444444,0.0,21.555555555555557
14761,12223,G4,8,12.5,0.0,2.5
14761,12265,G4,1,0.0,0.0,0.0
14761,12339,G4,10,10.0,0.0,4.9
14761,12544,G4,17,47.05882352941176,0.0,41.1764705882353
14761,12917,G4,13,15.384615384615385,0.0,5.615384615384615
14761,12945,G4,15,13.333333333333334,0.0,17.133333333333333
14761,13230,G4,17,35.294117647058826,0.0,96.0
14761,14025,G4,9,11.11111111111111,0.0,5.111111111111111
14761,14108,G4,9,0.0,0.0,1.5555555555555556
14761,14122,G4,8,25.0,0.0,25.875
14761,14259,G4,8,25.0,0.0,24.125
14761,14512,G4,9,11.11111111111111,0.0,5.666666666666667
14761,14574,G4,9,44.44444444444444,0.0,40.888888888888886
14761,14696,G4,13,7.6923076923076925,0.0,3.230769230769231
14761,14730,G4,9,11.11111111111111,0.0,8.666666666666666
14761,14783,G4,13,7.6923076923076925,0.0,2.4615384615384617
14761,15070,G4,1,0.0,0.0,3.0
14761,15096,G4,1,0.0,0.0,0.0
14761,15323,G4,8,62.5,0.0,16.0
14761,15370,G4,9,11.11111111111111,0.0,12.555555555555555
14761,15412,G4,47,10.638297872340425,0.0,7.702127659574468
14761,15919,G4,9,11.11111111111111,0.0,1.6666666666666667
14771,10140,OO,33,9.090909090909092,0.0,4.03030303030303
14771,10140,UA,26,11.538461538461538,0.0,2.6923076923076925
14771,10157,OO,97,17.525773195876287,0.0,33.265957446808514
14771,10299,AS,31,3.225806451612903,0.0,0.8387096774193549
14771,10299,UA,24,0.0,0.0,0.375
14771,10372,OO,24,8.333333333333332,0.0,5.217391304347826
14771,10397,DL,205,13.170731707317074,0.0,9.248780487804877
14771,10397,F9,21,33.33333333333333,0.0,16.38095238095238
14771,10397,UA,51,9.803921568627452,0.0,4.1568627450980395
14771,10423,AS,47,4.25531914893617,0.0,1.9787234042553192
14771,10423,DL,30,33.33333333333333,0.0,15.733333333333333
14771,10423,OO,1,0.0,0.0,0.0
14771,10423,UA,119,9.243697478991598,0.0,7.34453781512605
14771,10423,WN,30,43.333333333333336,0.0,15.7
14771,10561,OO,53,22.641509433962266,0.0,9.716981132075471
14771,10617,OO,17,5.88235294117647,0.0,5.882352941176471
14771,10693,UA,62,11.29032258064516,0.0,5.096774193548387
14771,10693,WN,30,63.33333333333333,0.0,27.466666666666665
14771,10713,OO,83,25.301204819277107,0.0,16.03614457831325
14771,10713,UA,30,6.666666666666667,0.0,3.1
14771,10721,AS,30,20.0,0.0,20.133333333333333
14771,10721,B6,134,22.388059701492537,0.0,17.686567164179106
14771,10721,DL,77,35.064935064935064,0.0,27.142857142857142
14771,10721,UA,167,30.538922155688624,0.0,25.04191616766467
14771,10800,OO,122,10.655737704918032,0.0,4.180327868852459
14771,10800,UA,104,6.730769230769231,0.0,4.0673076923076925
14771,10821,UA,57,17.543859649122805,0.0,7.160714285714286
14771,10821,WN,30,40.0,0.0,16.466666666666665
14771,10849,UA,30,23.333333333333332,0.0,11.966666666666667
14771,11042,UA,57,3.508771929824561,0.0,2.6666666666666665
14771,11057,AA,136,18.38235294117647,0.0,18.76865671641791
14771,11066,UA,33,9.090909090909092,0.0,4.181818181818182
14771,11278,AS,30,13.333333333333334,0.0,8.0
14771,11278,UA,60,20.0,0.0,9.275862068965518
14771,11292,F9,47,23.404255319148938,0.0,14.46808510638298
14771,11292,UA,270,17.77777777777778,0.0,10.218518518518518
14771,11292,WN,133,43.609022556390975,0.0,24.06015037593985
14771,11298,AA,220,15.277777777777779,1.8181818181818181,16.176744186046513
14771,11298,F9,17,56.25,5.88235294117647,26.125
14771,11298,UA,66,9.090909090909092,0.0,2.8923076923076922
14771,11433,DL,115,17.391304347826086,0.0,12.4
14771,11433,UA,30,10.0,0.0,4.466666666666667
14771,11603,OO,24,8.333333333333332,0.0,2.5
14771,11603,UA,66,19.696969696969695,0.0,18.5
14771,11618,AS,56,1.7857142857142856,0.0,1.5357142857142858
14771,11618,UA,301,26.755852842809364,0.6644518272425249,22.607382550335572
14771,11638,OO,119,13.445378151260504,0.0,16.42016806722689
14771,11648,OO,36,16.666666666666664,0.0,6.055555555555555
14771,11697,B6,60,15.0,0.0,5.1525423728813555
14771,11697,UA,7,0.0,0.0,1.4285714285714286
14771,11884,OO,83,19.27710843373494,0.0,8.987951807228916
14771,12173,HA,51,9.803921568627452,0.0,4.627450980392157
14771,12173,UA,96,14.583333333333334,0.0,9.0625
14771,12264,UA,206,18.932038834951456,0.0,9.233009708737864
14771,12266,UA,289,7.612456747404845,0.0,3.5951557093425603
14771,12339,UA,34,20.588235294117645,0.0,11.264705882352942
14771,12441,UA,25,16.0,0.0,5.36
14771,12478,AA,120,8.333333333333332,0.0,5.697478991596639
14771,12478,AS,90,31.818181818181817,2.2222222222222223,12.517241379310345
14771,12478,B6,176,7.386363636363637,0.0,4.022857142857143
14771,12478,DL,193,13.989637305699482,0.0,8.858638743455497
14771,12758,AS,17,17.647058823529413,0.0,9.529411764705882
14771,12758,UA,60,15.0,0.0,10.583333333333334
14771,12889,AS,103,20.588235294117645,0.9708737864077669,11.931372549019608
14771,12889,F9,68,26.865671641791046,1.4705882352941175,50.582089552238806
14771,12889,UA,226,17.25663716814159,0.0,9.442477876106194
14771,12889,WN,115,30.434782608695656,0.0,19.043478260869566
14771,12892,AA,46,17.391304347826086,0.0,31.26086956521739
14771,12892,DL,197,21.82741116751269,0.0,18.284263959390863
14771,12892,F9,31,41.935483870967744,0.0,23.838709677419356
14771,12892,OO,252,16.666666666666664,0.0,7.186507936507937
14771,12892,UA,271,14.814814814814813,0.36900369003690037,6.985185185185185
14771,12892,WN,119,42.3728813559322,0.8403361344537815,25.059322033898304
14771,12982,AS,13,0.0,0.0,0.46153846153846156
14771,12982,UA,47,6.382978723404255,0.0,4.659574468085107
14771,13198,OO,30,23.333333333333332,0.0,10.4
14771,13204,AS,30,3.3333333333333335,0.0,1.4827586206896552
14771,13204,UA,64,6.25,0.0,2.5714285714285716
14771,13232,WN,30,33.33333333333333,0.0,14.9
14771,13264,OO,29,6.896551724137931,0.0,2.0344827586206895
14771,13264,UA,60,3.3333333333333335,0.0,2.033333333333333
14771,13303,AA,61,14.754098360655737,0.0,12.557377049180328
14771,13303,UA,30,36.666666666666664,0.0,13.0
14771,13476,OO,53,20.754716981132077,0.0,48.528301886792455
14771,13486,OO,13,15.384615384615385,0.0,5.230769230769231
14771,13487,DL,127,15.748031496062993,0.0,9.11023622047244
14771,13487,OO,1,100.0,0.0,19.0
14771,13487,UA,29,20.689655172413794,0.0,6.206896551724138
14771,13495,AA,1,0.0,0.0,0.0
14771,13495,UA,35,5.714285714285714,0.0,2.2285714285714286
14771,13830,HA,30,3.3333333333333335,0.0,2.566666666666667
14771,13830,UA,90,5.555555555555555,0.0,2.066666666666667
14771,13871,OO,6,33.33333333333333,0.0,17.333333333333332
14771,13871,UA,24,12.5,0.0,11.208333333333334
14771,13891,F9,17,64.70588235294117,0.0,78.88235294117646
14771,13891,OO,1,0.0,0.0,4.0
14771,13891,UA,90,15.555555555555555,0.0,5.411111111111111
14771,13930,AA,173,22.54335260115607,0.0,21.572254335260116
14771,13930,UA,313,12.140575079872203,0.0,6.641025641025641
14771,13964,OO,30,6.666666666666667,0.0,4.133333333333334
14771,14057,AS,84,8.333333333333332,0.0,7.9523809523809526
14771,14057,OO,78,24.358974358974358,0.0,10.025641025641026
14771,14057,UA,166,9.63855421686747,0.0,7.879518072289157
14771,14100,AA,114,11.403508771929824,0.0,12.780701754385966
14771,14100,UA,52,11.538461538461538,0.0,7.115384615384615
14771,14107,AA,102,15.0,1.9607843137254901,12.373737373737374
14771,14107,F9,16,50.0,0.0,29.5
14771,14107,OO,22,13.636363636363635,0.0,3.8181818181818183
14771,14107,UA,111,15.454545454545453,0.9009009009009009,11.02803738317757
14771,14107,WN,91,35.55555555555556,1.098901098901099,15.566666666666666
14771,14122,UA,51,9.803921568627452,0.0,4.333333333333333
14771,14252,OO,50,18.0,0.0,16.38
14771,14262,F9,8,0.0,0.0,3.375
14771,14262,OO,177,14.124293785310735,0.0,7.519774011299435
14771,14262,UA,6,0.0,0.0,0.0
14771,14487,OO,62,20.967741935483872,0.0,13.274193548387096
14771,14489,OO,53,18.867924528301888,0.0,9.264150943396226
14771,14489,UA,60,11.666666666666666,0.0,3.7333333333333334
14771,14492,UA,77,5.194805194805195,0.0,3.4545454545454546
14771,14570,OO,58,3.4482758620689653,0.0,1.2413793103448276
14771,14570,UA,62,11.475409836065573,1.6129032258064515,6.721311475409836
14771,14679,AS,29,20.689655172413794,0.0,4.896551724137931
14771,14679,F9,10,20.0,0.0,7.1
14771,14679,OO,180,23.863636363636363,2.2222222222222223,11.977272727272727
14771,14679,UA,230,14.537444933920703,1.3043478260869565,8.608888888888888
14771,14679,WN,133,48.484848484848484,0.7518796992481203,26.47328244274809
14771,14683,OO,10,10.0,0.0,3.9
14771,14683,UA,25,16.0,0.0,8.28
14771,14689,OO,14,7.142857142857142,0.0,5.461538461538462
14771,14689,UA,118,14.529914529914532,0.847457627118644,7.316239316239316
14771,14698,OO,85,21.176470588235293,0.0,9.75294117647059
14771,14747,AS,254,26.693227091633464,1.1811023622047243,13.424
14771,14747,DL,60,13.333333333333334,0.0,10.7
14771,14747,OO,99,18.181818181818183,0.0,7.111111111111111
14771,14747,UA,172,20.348837209302324,0.0,6.662790697674419
14771,14869,DL,137,12.408759124087592,0.0,7.45985401459854
14771,14869,F9,17,11.76470588235294,0.0,21.470588235294116
14771,14869,OO,44,4.545454545454546,0.0,3.0681818181818183
14771,14869,UA,52,19.230769230769234,0.0,9.673076923076923
14771,14893,OO,119,19.327731092436977,0.0,14.084033613445378
14771,14908,F9,9,66.66666666666666,0.0,37.333333333333336
14771,14908,OO,338,10.946745562130179,0.0,4.866863905325443
14771,14908,UA,89,8.98876404494382,0.0,5.662921348314606
14771,15016,OO,6,33.33333333333333,0.0,8.833333333333334
14771,15016,UA,24,8.333333333333332,0.0,2.1666666666666665
14771,15016,WN,30,43.333333333333336,0.0,17.133333333333333
14771,15041,OO,13,0.0,0.0,0.15384615384615385
14771,15304,UA,30,6.666666666666667,0.0,3.5
14771,15376,OO,48,8.333333333333332,0.0,3.8541666666666665
14771,15376,UA,12,50.0,0.0,20.0
14783,10397,DL,66,15.151515151515152,0.0,10.075757575757576
14783,10397,OO,21,14.285714285714285,0.0,11.523809523809524
14783,10466,G4,11,0.0,0.0,1.0
14783,11057,MQ,30,0.0,0.0,1.6333333333333333
14783,11057,OH,69,11.594202898550725,0.0,8.08695652173913
14783,11292,OO,120,19.166666666666668,0.0,13.508333333333333
14783,11298,MQ,277,23.18840579710145,0.36101083032490977,13.956204379562044
14783,12889,G4,9,22.22222222222222,0.0,15.666666666666666
14783,12892,G4,1,0.0,0.0,0.0
14783,13930,MQ,103,13.592233009708737,0.0,10.262135922330097
14783,13930,OO,57,35.08771929824561,0.0,20.45614035087719
14783,14082,G4,1,0.0,0.0,0.0
14783,14112,G4,13,38.46153846153847,0.0,27.53846153846154
14783,14761,G4,13,38.46153846153847,0.0,13.384615384615385
14783,15624,G4,8,12.5,0.0,3.0
14794,11292,OO,90,15.555555555555555,0.0,9.183908045977011
14794,11298,OO,60,10.16949152542373,1.6666666666666667,4.448275862068965
14794,12892,OO,30,13.333333333333334,0.0,3.033333333333333
14794,14107,OO,43,13.953488372093023,0.0,7.534883720930233
14794,14869,OO,146,6.8493150684931505,0.0,5.267123287671233
14812,11292,OO,60,15.0,0.0,33.25423728813559
14814,10397,OO,132,6.870229007633588,0.7575757575757576,6.553846153846154
14814,11057,OH,56,9.090909090909092,1.7857142857142856,26.418181818181818
14814,11057,OO,30,6.666666666666667,0.0,2.8333333333333335
14814,11292,OO,30,16.666666666666664,0.0,4.133333333333334
14814,11298,MQ,30,10.0,0.0,10.2
14814,11298,OH,30,10.344827586206897,3.3333333333333335,17.586206896551722
14814,11298,OO,120,23.076923076923077,2.5,31.854700854700855
14814,12266,OO,119,18.487394957983195,0.0,11.201680672268907
14814,12889,G4,9,22.22222222222222,0.0,118.11111111111111
14828,12523,AS,60,8.47457627118644,1.6666666666666667,3.8983050847457625
14828,12819,AS,30,10.0,0.0,13.03448275862069
14828,14747,AS,30,33.33333333333333,0.0,14.8
14831,10397,DL,77,1.2987012987012987,0.0,1.0129870129870129
14831,10423,WN,95,15.789473684210526,0.0,8.010526315789473
14831,10693,WN,30,3.3333333333333335,0.0,6.033333333333333
14831,10713,OO,30,23.333333333333332,0.0,12.033333333333333
14831,10713,WN,30,0.0,0.0,0.5172413793103449
14831,10800,WN,202,12.935323383084576,0.49504950495049505,6.27
14831,10821,WN,30,16.666666666666664,0.0,5.8
14831,11259,WN,47,6.382978723404255,0.0,6.088888888888889
14831,11292,F9,17,23.52941176470588,0.0,11.705882352941176
14831,11292,UA,110,11.926605504587156,0.9090909090909091,6.908256880733945
14831,11292,WN,137,22.62773722627737,0.0,11.897810218978103
14831,11298,AA,90,13.48314606741573,1.1111111111111112,9.886363636363637
14831,11433,DL,7,14.285714285714285,0.0,8.428571428571429
14831,11603,WN,17,0.0,0.0,0.0
14831,11884,WN,30,23.333333333333332,0.0,10.9
14831,12173,HA,30,6.666666666666667,0.0,4.433333333333334
14831,12173,WN,30,16.666666666666664,0.0,6.0
14831,12191,WN,30,0.0,0.0,0.0
14831,12266,UA,29,0.0,0.0,0.6896551724137931
14831,12758,AS,13,0.0,0.0,0.5384615384615384
14831,12889,F9,12,41.66666666666667,0.0,22.75
14831,12889,NK,68,19.402985074626866,1.4705882352941175,12.363636363636363
14831,12889,OO,30,23.333333333333332,0.0,25.366666666666667
14831,12889,WN,265,17.490494296577946,0.7547169811320755,13.316793893129772
14831,12892,OO,270,4.444444444444445,0.0,3.345724907063197
14831,12892,WN,154,20.915032679738562,0.6493506493506493,8.790849673202615
14831,12954,WN,103,17.475728155339805,0.0,7.592233009708738
14831,12982,AS,17,11.76470588235294,0.0,13.647058823529411
14831,13232,WN,52,13.461538461538462,0.0,4.615384615384615
14831,13487,DL,52,1.9230769230769231,0.0,1.0769230769230769
14831,13830,HA,30,6.666666666666667,0.0,6.166666666666667
14831,13891,WN,107,14.953271028037381,0.0,6.320754716981132
14831,13930,UA,30,6.666666666666667,0.0,2.1333333333333333
14831,14057,OO,47,14.893617021276595,0.0,4.808510638297872
14831,14057,WN,103,17.475728155339805,0.0,10.588235294117647
14831,14107,AA,38,5.405405405405405,2.631578947368421,5.621621621621622
14831,14107,MQ,28,3.7037037037037033,3.571428571428571,0.8888888888888888
14831,14107,OO,2,0.0,0.0,3.5
14831,14107,WN,133,19.696969696969695,0.7518796992481203,11.946969696969697
14831,14570,WN,17,0.0,0.0,0.29411764705882354
14831,14679,OO,77,15.789473684210526,1.2987012987012987,10.789473684210526
14831,14679,WN,321,22.857142857142858,1.8691588785046727,13.682539682539682
14831,14747,AS,164,20.121951219512198,0.0,10.902439024390244
14831,14747,OO,113,12.389380530973451,0.0,7.300884955752212
14831,14747,WN,90,16.666666666666664,0.0,7.322222222222222
14831,14869,DL,60,13.333333333333334,0.0,9.55
14831,14869,OO,77,3.896103896103896,0.0,4.766233766233766
14831,14869,WN,21,4.761904761904762,0.0,5.190476190476191
14831,14908,WN,215,16.431924882629108,0.9302325581395349,7.413145539906103
14842,11298,OO,90,20.689655172413794,3.3333333333333335,19.471264367816094
14843,10397,DL,106,9.433962264150944,0.0,13.00943396226415
14843,10397,F9,21,33.33333333333333,0.0,16.428571428571427
14843,10397,NK,1,0.0,0.0,0.0
14843,10529,B6,52,38.46153846153847,0.0,36.69230769230769
14843,10529,F9,2,50.0,0.0,25.0
14843,10721,B6,54,25.925925925925924,0.0,14.333333333333334
14843,10721,DL,30,23.333333333333332,0.0,14.066666666666666
14843,10821,F9,1,0.0,0.0,0.0
14843,10821,NK,9,22.22222222222222,0.0,11.11111111111111
14843,10821,WN,60,16.666666666666664,0.0,5.716666666666667
14843,11057,AA,32,12.5,0.0,3.0625
14843,11278,B6,30,23.333333333333332,0.0,9.793103448275861
14843,11292,UA,9,11.11111111111111,0.0,5.0
14843,11298,AA,22,13.636363636363635,0.0,12.045454545454545
14843,11298,NK,17,11.76470588235294,0.0,20.764705882352942
14843,11433,DL,11,9.090909090909092,0.0,3.5454545454545454
14843,11433,NK,9,11.11111111111111,0.0,8.5
14843,11618,B6,31,38.70967741935484,0.0,21.903225806451612
14843,11618,F9,30,20.0,0.0,10.1
14843,11618,UA,90,23.333333333333332,0.0,30.56179775280899
14843,11697,B6,82,18.29268292682927,0.0,8.876543209876543
14843,11697,F9,1,0.0,0.0,0.0
14843,11697,NK,17,35.294117647058826,0.0,45.1875
14843,11697,WN,21,23.809523809523807,0.0,7.761904761904762
14843,12197,B6,30,23.333333333333332,0.0,15.066666666666666
14843,12264,UA,13,0.0,0.0,0.8461538461538461
14843,12266,NK,8,12.5,0.0,35.375
14843,12266,UA,60,5.0,0.0,2.2333333333333334
14843,12478,B6,128,21.875,0.0,15.171875
14843,12478,DL,90,6.666666666666667,0.0,4.4
14843,12478,F9,30,20.0,0.0,8.7
14843,13204,B6,145,19.310344827586206,0.0,13.586206896551724
14843,13204,F9,73,16.43835616438356,0.0,14.219178082191782
14843,13204,NK,60,15.0,0.0,4.65
14843,13204,WN,150,10.666666666666668,0.0,5.953333333333333
14843,13303,AA,142,22.535211267605636,0.0,27.549295774647888
14843,13303,F9,25,20.0,0.0,12.56
14843,13303,NK,1,100.0,0.0,46.0
14843,13930,AA,2,100.0,0.0,30.0
14843,13930,NK,19,0.0,0.0,0.6111111111111112
14843,13930,UA,30,40.0,0.0,19.333333333333332
14843,14100,AA,2,0.0,0.0,0.0
14843,14100,F9,52,44.230769230769226,0.0,24.807692307692307
14843,14100,NK,11,18.181818181818183,0.0,5.7272727272727275
14843,14307,B6,22,27.27272727272727,0.0,19.545454545454547
14843,14492,B6,18,33.33333333333333,0.0,10.88888888888889
14843,14683,NK,9,0.0,0.0,0.0
14843,15024,B6,22,45.45454545454545,0.0,21.454545454545453
14843,15027,B6,2,0.0,0.0,4.0
14843,15304,B6,32,3.125,0.0,3.90625
14843,15304,F9,21,4.761904761904762,0.0,2.4
14843,15304,WN,30,16.666666666666664,0.0,15.066666666666666
14869,10140,OO,90,2.2222222222222223,0.0,1.5333333333333334
14869,10299,AS,1,0.0,0.0,0.0
14869,10299,DL,7,0.0,0.0,0.0
14869,10397,DL,241,8.71369294605809,0.0,6.282157676348548
14869,10423,DL,90,12.222222222222221,0.0,6.8
14869,10423,OO,13,30.76923076923077,0.0,17.692307692307693
14869,10423,WN,30,3.3333333333333335,0.0,2.966666666666667
14869,10620,DL,30,10.0,0.0,4.133333333333334
14869,10620,OO,60,0.0,0.0,0.8166666666666667
14869,10693,DL,74,9.45945945945946,0.0,6.743243243243243
14869,10693,WN,30,13.333333333333334,0.0,4.733333333333333
14869,10713,DL,114,13.157894736842104,0.0,9.298245614035087
14869,10713,OO,36,11.11111111111111,0.0,4.694444444444445
14869,10721,B6,2,0.0,0.0,0.0
14869,10721,DL,90,22.22222222222222,0.0,16.42222222222222
14869,10779,OO,30,6.666666666666667,0.0,4.733333333333333
14869,10800,DL,30,6.666666666666667,0.0,4.866666666666666
14869,10800,OO,83,10.843373493975903,0.0,6.698795180722891
14869,10800,WN,17,17.647058823529413,0.0,15.176470588235293
14869,10821,DL,30,0.0,0.0,1.8333333333333333
14869,10821,WN,30,30.0,0.0,11.233333333333333
14869,10849,DL,52,5.769230769230769,0.0,5.576923076923077
14869,10849,OO,38,5.263157894736842,0.0,1.868421052631579
14869,10918,OO,53,3.7735849056603774,0.0,3.0377358490566038
14869,11042,DL,30,13.333333333333334,0.0,7.517241379310345
14869,11057,AA,31,9.67741935483871,0.0,5.935483870967742
14869,11057,DL,30,23.333333333333332,0.0,7.7
14869,11066,DL,30,13.333333333333334,0.0,6.266666666666667
14869,11109,OO,60,3.3333333333333335,0.0,1.35
14869,11193,DL,55,7.2727272727272725,0.0,3.7454545454545456
14869,11259,WN,34,20.588235294117645,0.0,23.0
14869,11278,DL,30,13.333333333333334,0.0,7.482758620689655
14869,11292,DL,138,15.942028985507244,0.0,9.773722627737227
14869,11292,F9,77,26.31578947368421,1.2987012987012987,27.11842105263158
14869,11292,OO,138,10.144927536231885,0.0,7.5
14869,11292,UA,93,23.655913978494624,0.0,11.731182795698924
14869,11292,WN,198,23.737373737373737,0.0,12.82741116751269
14869,11298,AA,180,23.163841807909606,1.6666666666666667,33.988571428571426
14869,11298,DL,120,11.666666666666666,0.0,8.277310924369749
14869,11298,F9,8,12.5,0.0,4.875
14869,11433,DL,120,10.0,0.0,9.208333333333334
14869,11433,NK,2,0.0,0.0,0.0
14869,11525,OO,46,2.1739130434782608,0.0,1.4782608695652173
14869,11603,OO,60,1.6666666666666667,0.0,2.683333333333333
14869,11618,DL,60,16.666666666666664,0.0,10.633333333333333
14869,11618,UA,30,20.0,0.0,22.766666666666666
14869,11630,DL,7,0.0,0.0,0.14285714285714285
14869,11638,OO,110,6.363636363636363,0.0,4.890909090909091
14869,11648,DL,30,3.3333333333333335,0.0,3.8
14869,11648,OO,60,3.3333333333333335,0.0,2.433333333333333
14869,11697,DL,30,30.0,0.0,16.133333333333333
14869,11884,DL,81,16.049382716049383,0.0,24.28395061728395
14869,11884,OO,56,8.928571428571429,0.0,8.214285714285714
14869,11921,OO,53,3.7735849056603774,0.0,1.9622641509433962
14869,12003,OO,90,6.666666666666667,0.0,5.7444444444444445
14869,12156,OO,60,1.6666666666666667,0.0,1.2666666666666666
14869,12173,DL,30,32.142857142857146,6.666666666666667,7.357142857142857
14869,12173,HA,30,10.0,0.0,2.2
14869,12191,WN,34,0.0,0.0,0.5588235294117647
14869,12264,DL,30,13.333333333333334,0.0,16.533333333333335
14869,12264,UA,30,6.666666666666667,0.0,5.266666666666667
14869,12266,DL,77,10.38961038961039,0.0,17.194805194805195
14869,12266,UA,84,7.142857142857142,0.0,5.523809523809524
14869,12280,DL,30,23.333333333333332,0.0,11.933333333333334
14869,12280,OO,67,2.9850746268656714,0.0,1.3880597014925373
14869,12339,DL,30,6.666666666666667,0.0,7.233333333333333
14869,12441,DL,70,8.571428571428571,0.0,5.314285714285714
14869,12441,OO,32,3.125,0.0,0.6875
14869,12478,B6,30,13.333333333333334,0.0,6.2
14869,12478,DL,120,7.5,0.0,2.73109243697479
14869,12889,DL,137,20.437956204379564,0.0,9.445255474452555
14869,12889,F9,48,25.0,0.0,39.083333333333336
14869,12889,NK,26,36.0,3.8461538461538463,28.36
14869,12889,WN,103,22.54901960784314,0.9708737864077669,11.480392156862745
14869,12892,DL,197,13.705583756345177,0.0,8.086294416243655
14869,12892,F9,31,20.0,3.225806451612903,20.366666666666667
14869,12892,NK,20,10.526315789473683,5.0,3.736842105263158
14869,12892,OO,56,12.5,0.0,8.482142857142858
14869,12892,WN,34,29.411764705882355,0.0,13.323529411764707
14869,12954,DL,30,0.0,0.0,0.6
14869,12954,OO,60,1.6666666666666667,0.0,1.2166666666666666
14869,12954,WN,34,5.88235294117647,0.0,3.323529411764706
14869,12992,OO,23,4.3478260869565215,0.0,2.347826086956522
14869,13127,OO,30,0.0,0.0,0.1
14869,13198,DL,85,7.0588235294117645,0.0,6.819277108433735
14869,13204,DL,110,11.818181818181818,0.0,5.418181818181818
14869,13204,NK,17,11.76470588235294,0.0,6.764705882352941
14869,13232,WN,56,10.714285714285714,0.0,4.5
14869,13244,DL,30,16.666666666666664,0.0,6.966666666666667
14869,13264,OO,60,3.3333333333333335,0.0,1.4
14869,13303,DL,30,6.666666666666667,0.0,2.1
14869,13342,DL,29,17.24137931034483,0.0,13.379310344827585
14869,13486,DL,25,28.000000000000004,0.0,30.4
14869,13486,OO,49,4.081632653061225,0.0,1.5714285714285714
14869,13487,DL,120,17.5,0.0,6.591666666666667
14869,13495,DL,30,10.0,0.0,3.3
14869,13796,OO,90,3.3333333333333335,0.0,0.8222222222222222
14869,13796,WN,56,3.571428571428571,0.0,4.535714285714286
14869,13851,OO,60,1.6666666666666667,0.0,1.4166666666666667
14869,13871,OO,60,5.0,0.0,3.1333333333333333
14869,13891,DL,83,9.63855421686747,0.0,6.433734939759036
14869,13891,OO,27,7.4074074074074066,0.0,3.814814814814815
14869,13930,AA,72,27.77777777777778,0.0,15.944444444444445
14869,13930,DL,86,13.953488372093023,0.0,8.290697674418604
14869,13930,OO,1,0.0,0.0,0.0
14869,13930,UA,85,15.476190476190476,1.1764705882352942,9.047619047619047
14869,14057,DL,137,5.839416058394161,0.0,4.54014598540146
14869,14057,F9,9,55.55555555555556,0.0,22.22222222222222
14869,14057,OO,30,0.0,0.0,0.16666666666666666
14869,14100,AA,2,0.0,0.0,0.0
14869,14100,DL,47,10.638297872340425,0.0,5.8936170212765955
14869,14107,AA,2,0.0,0.0,0.0
14869,14107,DL,137,5.839416058394161,0.0,5.0588235294117645
14869,14107,F9,44,20.454545454545457,0.0,19.11627906976744
14869,14107,MQ,24,8.333333333333332,0.0,3.782608695652174
14869,14107,OO,60,8.47457627118644,1.6666666666666667,14.084745762711865
14869,14107,WN,146,17.80821917808219,0.0,10.486301369863014
14869,14113,OO,30,6.666666666666667,0.0,3.2666666666666666
14869,14122,DL,30,26.666666666666668,0.0,9.333333333333334
14869,14252,DL,30,10.0,0.0,4.633333333333334
14869,14252,OO,62,3.225806451612903,0.0,1.9838709677419355
14869,14262,OO,85,3.5294117647058822,0.0,1.6705882352941177
14869,14489,OO,60,0.0,0.0,0.21666666666666667
14869,14492,DL,30,16.666666666666664,0.0,11.633333333333333
14869,14570,DL,60,1.6666666666666667,0.0,1.35
14869,14570,OO,47,4.25531914893617,0.0,1.9361702127659575
14869,14679,DL,137,10.37037037037037,1.4598540145985401,4.544776119402985
14869,14679,F9,13,0.0,0.0,0.07692307692307693
14869,14679,WN,30,20.0,0.0,22.6
14869,14683,DL,77,15.789473684210526,1.2987012987012987,7.065789473684211
14869,14689,DL,25,20.0,0.0,11.76
14869,14689,OO,60,3.3333333333333335,0.0,1.2542372881355932
14869,14747,AS,132,19.083969465648856,0.7575757575757576,8.916030534351146
14869,14747,DL,193,14.507772020725387,0.0,8.549222797927461
14869,14747,F9,13,30.76923076923077,0.0,17.384615384615383
14869,14747,OO,60,23.333333333333332,0.0,17.796610169491526
14869,14771,DL,137,18.97810218978102,0.0,7.883211678832117
14869,14771,F9,17,52.94117647058824,0.0,56.294117647058826
14869,14771,OO,44,13.636363636363635,0.0,10.431818181818182
14869,14771,UA,52,15.384615384615385,0.0,10.5
14869,14794,OO,146,4.10958904109589,0.0,3.56551724137931
14869,14831,DL,60,20.0,0.0,16.316666666666666
14869,14831,OO,77,5.194805194805195,0.0,5.753246753246753
14869,14831,WN,21,0.0,4.761904761904762,0.7
14869,14893,DL,137,9.48905109489051,0.0,6.131386861313868
14869,14893,WN,43,9.30232558139535,0.0,5.162790697674419
14869,14908,DL,146,17.123287671232877,0.0,23.04794520547945
14869,15016,DL,82,22.22222222222222,1.2195121951219512,11.975308641975309
14869,15041,OO,90,2.2222222222222223,0.0,1.2
14869,15304,DL,30,0.0,0.0,0.6
14869,15370,OO,37,8.108108108108109,0.0,5.783783783783784
14869,15376,OO,90,8.88888888888889,0.0,3.2333333333333334
14869,15389,OO,60,0.0,0.0,0.4
14869,15897,OO,31,6.451612903225806,0.0,2.0
14869,15919,OO,30,20.0,0.0,6.533333333333333
14877,11292,OO,30,3.3333333333333335,0.0,4.433333333333334
14877,12266,OO,30,10.0,0.0,13.2
14877,13930,OO,30,6.666666666666667,0.0,16.166666666666668
14893,10397,DL,77,1.3157894736842104,1.2987012987012987,4.0
14893,10423,WN,34,2.941176470588235,0.0,1.911764705882353
14893,10693,WN,30,3.3333333333333335,0.0,2.689655172413793
14893,10713,WN,73,13.698630136986301,0.0,7.465753424657534
14893,10721,B6,2,0.0,0.0,6.0
14893,10800,WN,228,14.473684210526317,0.0,7.951754385964913
14893,10821,WN,30,33.33333333333333,0.0,12.766666666666667
14893,11057,AA,60,6.666666666666667,0.0,3.966666666666667
14893,11259,WN,51,21.568627450980394,0.0,8.470588235294118
14893,11292,F9,17,29.411764705882355,0.0,13.235294117647058
14893,11292,UA,168,12.5,0.0,6.755952380952381
14893,11292,WN,159,23.270440251572328,0.0,11.101910828025478
14893,11298,AA,122,15.702479338842975,0.819672131147541,18.445378151260503
14893,11433,DL,30,6.666666666666667,0.0,2.2666666666666666
14893,11603,WN,30,10.0,0.0,4.866666666666666
14893,11618,UA,30,20.689655172413794,3.3333333333333335,10.03448275862069
14893,11884,WN,56,17.857142857142858,0.0,6.928571428571429
14893,12173,HA,30,43.333333333333336,0.0,23.633333333333333
14893,12173,WN,30,6.666666666666667,0.0,3.7333333333333334
14893,12191,WN,30,6.666666666666667,0.0,2.2666666666666666
14893,12264,UA,30,0.0,0.0,1.3666666666666667
14893,12266,UA,58,3.4482758620689653,0.0,16.189655172413794
14893,12478,B6,30,13.333333333333334,0.0,10.366666666666667
14893,12758,HA,13,7.6923076923076925,0.0,7.0
14893,12758,WN,30,13.333333333333334,0.0,10.066666666666666
14893,12889,F9,12,33.33333333333333,0.0,36.25
14893,12889,NK,60,8.333333333333332,0.0,3.6166666666666667
14893,12889,OO,60,10.0,0.0,9.716666666666667
14893,12889,WN,275,21.323529411764707,1.090909090909091,14.172794117647058
14893,12892,DL,29,10.344827586206897,0.0,2.7241379310344827
14893,12892,F9,8,37.5,0.0,27.25
14893,12892,OO,294,7.482993197278912,0.0,6.210884353741497
14893,12892,WN,129,20.3125,0.7751937984496124,10.140625
14893,12954,WN,159,9.433962264150944,0.0,5.459119496855346
14893,12982,HA,18,29.411764705882355,5.555555555555555,29.470588235294116
14893,13198,WN,26,11.538461538461538,0.0,9.26923076923077
14893,13204,WN,8,0.0,0.0,1.25
14893,13232,WN,78,16.666666666666664,0.0,9.756410256410257
14893,13487,DL,55,3.6363636363636362,0.0,1.8909090909090909
14893,13830,HA,30,6.666666666666667,0.0,3.1666666666666665
14893,13891,WN,177,10.734463276836157,0.0,6.52542372881356
14893,13930,AA,30,20.0,0.0,8.379310344827585
14893,13930,UA,87,17.24137931034483,0.0,9.310344827586206
14893,14057,OO,52,11.538461538461538,0.0,5.5576923076923075
14893,14057,WN,112,18.75,0.0,13.044642857142858
14893,14107,AA,74,12.32876712328767,1.3513513513513513,29.319444444444443
14893,14107,MQ,20,36.84210526315789,5.0,27.263157894736842
14893,14107,WN,147,10.416666666666668,2.0408163265306123,5.979020979020979
14893,14262,WN,30,3.3333333333333335,0.0,3.466666666666667
14893,14679,OO,90,20.454545454545457,2.2222222222222223,15.045454545454545
14893,14679,WN,326,19.753086419753085,0.6134969325153374,13.591331269349846
14893,14689,WN,30,6.666666666666667,0.0,2.533333333333333
14893,14747,AS,94,31.914893617021278,0.0,12.53191489361702
14893,14747,OO,197,15.228426395939088,0.0,7.634517766497462
14893,14747,WN,107,21.49532710280374,0.0,9.392523364485982
14893,14771,OO,118,34.74576271186441,0.0,19.627118644067796
14893,14869,DL,137,8.75912408759124,0.0,5.204379562043796
14893,14869,WN,43,23.25581395348837,0.0,12.44186046511628
14893,14908,WN,206,12.135922330097088,0.0,6.553398058252427
14893,15016,WN,30,20.0,0.0,7.8
14893,15376,WN,8,0.0,0.0,0.75
14905,12889,G4,8,50.0,0.0,21.25
14908,10397,DL,103,13.592233009708737,0.0,18.235294117647058
14908,10423,WN,30,23.333333333333332,0.0,12.066666666666666
14908,10693,WN,30,23.333333333333332,0.0,10.4
14908,10713,G4,12,8.333333333333332,0.0,4.083333333333333
14908,11057,AA,30,0.0,0.0,0.23333333333333334
14908,11109,G4,1,0.0,0.0,0.0
14908,11259,WN,30,43.333333333333336,0.0,19.6
14908,11292,F9,29,20.689655172413794,0.0,14.10344827586207
14908,11292,UA,151,7.9470198675496695,0.0,3.556291390728477
14908,11292,WN,133,20.30075187969925,0.0,14.781954887218046
14908,11298,AA,247,14.166666666666666,2.834008097165992,15.89873417721519
14908,11423,G4,8,25.0,0.0,18.875
14908,11433,DL,28,14.285714285714285,0.0,11.25
14908,11433,NK,3,0.0,0.0,4.666666666666667
14908,11618,UA,90,15.555555555555555,0.0,13.965909090909092
14908,12266,UA,90,7.777777777777778,0.0,1.9555555555555555
14908,12280,G4,9,55.55555555555556,0.0,170.77777777777777
14908,12478,AA,30,16.666666666666664,0.0,10.933333333333334
14908,12889,F9,21,42.857142857142854,0.0,26.666666666666668
14908,12889,NK,60,8.47457627118644,1.6666666666666667,4.322033898305085
14908,12889,OO,60,23.728813559322035,1.6666666666666667,17.338983050847457
14908,12889,WN,206,23.78640776699029,0.0,16.368932038834952
14908,13487,DL,51,15.686274509803921,0.0,6.686274509803922
14908,13796,WN,193,8.854166666666668,0.5181347150259068,4.916666666666667
14908,13930,AA,104,19.230769230769234,0.0,12.990291262135923
14908,13930,UA,86,17.441860465116278,0.0,11.670588235294117
14908,14057,AS,147,5.442176870748299,0.0,4.156462585034014
14908,14107,AA,120,16.80672268907563,0.8333333333333334,13.830508474576272
14908,14107,F9,25,4.0,0.0,7.916666666666667
14908,14107,WN,206,11.0,2.912621359223301,6.291457286432161
14908,14314,G4,25,16.0,0.0,9.4
14908,14747,AS,214,8.49056603773585,0.9345794392523363,3.443396226415094
14908,14747,DL,86,18.6046511627907,0.0,8.581395348837209
14908,14747,OO,30,6.666666666666667,0.0,3.103448275862069
14908,14771,F9,9,33.33333333333333,0.0,24.666666666666668
14908,14771,OO,338,17.45562130177515,0.0,8.183431952662723
14908,14771,UA,89,28.40909090909091,1.1235955056179776,16.011363636363637
14908,14831,WN,215,12.558139534883722,0.0,7.116279069767442
14908,14869,DL,146,15.753424657534246,0.0,18.73972602739726
14908,14893,WN,206,16.666666666666664,0.9708737864077669,8.299019607843137
14908,15023,OO,60,21.666666666666668,0.0,23.1864406779661
14952,13930,MQ,30,6.896551724137931,3.3333333333333335,2.8620689655172415
14952,13930,OO,27,25.925925925925924,0.0,35.18518518518518
14955,12016,UA,30,3.3333333333333335,0.0,0.7333333333333333
14960,11298,OO,60,14.035087719298245,5.0,16.31578947368421
14986,10135,G4,8,12.5,0.0,21.125
14986,10397,DL,162,3.7037037037037033,0.0,2.623456790123457
14986,10431,G4,8,12.5,0.0,12.5
14986,10676,G4,9,0.0,0.0,0.0
14986,10693,WN,30,13.333333333333334,0.0,4.9
14986,10721,G4,9,0.0,0.0,0.0
14986,10821,WN,90,8.88888888888889,0.0,4.688888888888889
14986,10874,G4,9,0.0,0.0,0.0
14986,11057,AA,69,8.695652173913043,0.0,9.46376811594203
14986,11057,OH,30,10.0,0.0,12.2
14986,11066,WN,4,25.0,0.0,8.5
14986,11193,G4,17,11.76470588235294,0.0,5.176470588235294
14986,11278,AA,30,33.33333333333333,0.0,14.266666666666667
14986,11298,AA,30,20.689655172413794,3.3333333333333335,10.241379310344827
14986,11618,UA,60,3.3333333333333335,0.0,1.15
14986,11721,G4,4,25.0,0.0,7.0
14986,11986,G4,8,0.0,0.0,0.25
14986,11996,G4,8,0.0,0.0,0.0
14986,12191,WN,30,0.0,0.0,0.2
14986,12339,G4,10,10.0,0.0,10.4
14986,12339,WN,4,25.0,0.0,31.0
14986,12478,B6,30,10.0,0.0,4.9655172413793105
14986,12917,G4,9,0.0,0.0,0.0
14986,12953,DL,31,9.67741935483871,0.0,7.32258064516129
14986,13204,WN,60,6.666666666666667,0.0,4.7
14986,13232,WN,30,6.666666666666667,0.0,2.3333333333333335
14986,13487,DL,1,0.0,0.0,0.0
14986,13930,UA,30,26.666666666666668,0.0,38.1
14986,14100,YX,2,0.0,0.0,0.0
14986,14122,G4,8,37.5,0.0,17.375
14986,14122,WN,4,0.0,0.0,0.0
14986,14574,G4,8,0.0,0.0,0.0
14986,15016,WN,8,0.0,0.0,0.625
14986,15412,G4,9,0.0,0.0,0.0
15016,10397,DL,209,3.349282296650718,0.0,1.4784688995215312
15016,10397,F9,13,23.076923076923077,0.0,20.692307692307693
15016,10397,WN,95,6.315789473684211,0.0,3.336842105263158
15016,10423,WN,73,10.95890410958904,0.0,6.821917808219178
15016,10693,WN,108,6.481481481481481,0.0,3.364485981308411
15016,10721,MQ,32,12.5,0.0,6.5625
15016,10721,WN,86,38.372093023255815,0.0,29.430232558139537
15016,10721,YX,24,21.73913043478261,4.166666666666666,14.956521739130435
15016,10800,WN,30,36.666666666666664,0.0,13.666666666666666
15016,10821,WN,116,20.689655172413794,0.0,12.241379310344827
15016,10994,WN,17,5.88235294117647,0.0,2.588235294117647
15016,11042,WN,69,10.144927536231885,0.0,6.130434782608695
15016,11057,AA,125,9.67741935483871,0.8,20.669354838709676
15016,11057,WN,30,16.666666666666664,0.0,11.4
15016,11066,WN,56,5.357142857142857,0.0,1.5714285714285714
15016,11259,WN,172,21.511627906976745,0.0,11.134502923976608
15016,11278,AA,56,25.454545454545453,1.7857142857142856,30.054545454545455
15016,11278,MQ,19,21.052631578947366,0.0,10.263157894736842
15016,11278,OH,6,16.666666666666664,0.0,43.0
15016,11278,WN,116,20.689655172413794,0.0,9.612068965517242
15016,11278,YX,20,40.0,0.0,16.25
15016,11292,F9,30,16.666666666666664,0.0,8.8
15016,11292,OO,30,6.666666666666667,0.0,3.033333333333333
15016,11292,UA,90,25.555555555555554,0.0,13.112359550561798
15016,11292,WN,176,23.863636363636363,0.0,12.278409090909092
15016,11298,AA,121,25.64102564102564,3.3057851239669422,22.102564102564102
15016,11298,F9,8,62.5,0.0,21.75
15016,11298,MQ,56,16.071428571428573,0.0,9.857142857142858
15016,11298,OO,8,37.5,0.0,15.375
15016,11423,WN,56,10.714285714285714,0.0,6.327272727272727
15016,11433,DL,96,2.083333333333333,0.0,1.1145833333333333
15016,11433,NK,1,0.0,0.0,0.0
15016,11433,OO,4,25.0,0.0,5.25
15016,11433,WN,47,12.76595744680851,0.0,8.25531914893617
15016,11481,WN,34,8.823529411764707,0.0,4.575757575757576
15016,11618,UA,5,40.0,0.0,76.8
15016,11618,YX,101,14.285714285714285,2.9702970297029703,9.887755102040817
15016,11697,NK,8,0.0,0.0,0.0
15016,11697,WN,38,15.789473684210526,0.0,12.631578947368421
15016,12191,WN,125,14.516129032258066,0.8,5.225806451612903
15016,12266,UA,51,5.88235294117647,0.0,7.529411764705882
15016,12278,WN,56,19.642857142857142,0.0,9.25
15016,12451,WN,56,19.642857142857142,0.0,7.517857142857143
15016,12889,F9,29,14.285714285714285,3.4482758620689653,10.481481481481481
15016,12889,WN,136,21.323529411764707,0.0,10.88888888888889
15016,12892,OO,22,13.636363636363635,0.0,11.045454545454545
15016,12892,WN,60,13.333333333333334,0.0,5.866666666666666
15016,12953,OO,7,28.57142857142857,0.0,8.5
15016,12953,WN,112,17.117117117117118,0.8928571428571428,7.372727272727273
15016,12953,YX,85,8.235294117647058,0.0,8.178571428571429
15016,12954,WN,26,30.76923076923077,0.0,16.807692307692307
15016,12992,WN,56,16.071428571428573,0.0,18.232142857142858
15016,13198,WN,90,15.555555555555555,0.0,10.811111111111112
15016,13204,F9,13,23.076923076923077,0.0,6.3076923076923075
15016,13204,WN,142,14.084507042253522,0.0,9.73943661971831
15016,13232,WN,151,16.55629139072848,0.0,7.145695364238411
15016,13303,AA,30,6.666666666666667,0.0,2.033333333333333
15016,13303,WN,38,18.421052631578945,0.0,7.333333333333333
15016,13342,WN,60,13.333333333333334,0.0,7.75
15016,13487,DL,90,11.11111111111111,0.0,13.766666666666667
15016,13487,OO,24,37.5,0.0,19.125
15016,13487,WN,56,23.214285714285715,0.0,17.714285714285715
15016,13495,WN,47,6.382978723404255,0.0,3.382978723404255
15016,13577,WN,8,12.5,0.0,1.875
15016,13851,WN,56,19.642857142857142,0.0,10.696428571428571
15016,13871,WN,78,17.94871794871795,0.0,9.423076923076923
15016,13930,AA,60,11.666666666666666,0.0,10.233333333333333
15016,13930,MQ,27,11.11111111111111,0.0,13.407407407407407
15016,13930,OO,85,21.686746987951807,2.3529411764705883,17.204819277108435
15016,13930,UA,65,24.615384615384617,0.0,12.923076923076923
15016,13930,YX,2,50.0,0.0,63.0
15016,13931,WN,4,0.0,0.0,0.5
15016,14057,WN,8,12.5,0.0,5.0
15016,14100,AA,76,15.789473684210526,0.0,31.67105263157895
15016,14100,WN,56,21.428571428571427,0.0,10.892857142857142
15016,14107,AA,35,8.823529411764707,2.857142857142857,8.818181818181818
15016,14107,OO,8,0.0,0.0,1.0
15016,14107,WN,117,27.586206896551722,0.8547008547008548,14.947826086956521
15016,14122,WN,34,8.823529411764707,0.0,13.147058823529411
15016,14193,WN,30,13.333333333333334,0.0,3.2666666666666666
15016,14492,WN,52,15.384615384615385,0.0,5.730769230769231
15016,14635,WN,60,13.333333333333334,0.0,7.9
15016,14679,WN,34,20.588235294117645,0.0,14.696969696969697
15016,14683,WN,47,12.76595744680851,0.0,4.340425531914893
15016,14685,WN,4,25.0,0.0,19.75
15016,14747,AS,77,14.285714285714285,0.0,4.207792207792208
15016,14747,WN,21,28.57142857142857,0.0,8.761904761904763
15016,14771,OO,6,33.33333333333333,0.0,11.833333333333334
15016,14771,UA,24,12.5,0.0,9.75
15016,14771,WN,30,23.333333333333332,0.0,7.866666666666666
15016,14869,DL,82,8.641975308641975,1.2195121951219512,6.938271604938271
15016,14893,WN,30,3.3333333333333335,0.0,3.1666666666666665
15016,14986,WN,8,0.0,0.0,0.25
15016,15304,WN,90,15.555555555555555,0.0,6.833333333333333
15016,15370,WN,56,10.714285714285714,0.0,7.017857142857143
15016,15624,WN,8,0.0,0.0,0.125
15023,10800,OO,30,10.0,0.0,5.366666666666666
15023,11298,AA,2,50.0,0.0,102.0
15023,11298,MQ,28,10.714285714285714,0.0,11.0
15023,12889,OO,30,16.666666666666664,0.0,9.933333333333334
15023,12892,OO,77,20.77922077922078,0.0,15.688311688311689
15023,14057,OO,60,5.0,0.0,2.933333333333333
15023,14107,MQ,26,0.0,3.8461538461538463,1.5416666666666667
15023,14107,OO,30,33.33333333333333,0.0,69.1
15023,14679,OO,81,27.848101265822784,2.4691358024691357,21.379746835443036
15023,14747,AS,60,26.666666666666668,0.0,13.933333333333334
15023,14908,OO,60,21.666666666666668,0.0,19.366666666666667
15024,10397,DL,34,5.88235294117647,0.0,33.8235294117647
15024,11057,AA,5,20.0,0.0,3.8
15024,11618,UA,5,0.0,0.0,0.0
15024,11697,NK,26,3.8461538461538463,0.0,1.6923076923076923
15024,12264,UA,4,25.0,0.0,5.0
15024,12266,UA,1,0.0,0.0,0.0
15024,12478,AA,2,0.0,0.0,0.0
15024,13204,NK,12,8.333333333333332,0.0,6.416666666666667
15024,13303,AA,51,19.607843137254903,0.0,11.44
15024,14843,B6,22,31.818181818181817,0.0,14.5
15027,11697,NK,11,36.36363636363637,0.0,10.454545454545455
15027,13303,AA,31,19.35483870967742,0.0,61.758620689655174
15027,14843,B6,2,0.0,0.0,6.0
15041,11292,OO,60,11.666666666666666,0.0,9.4
15041,12892,OO,13,23.076923076923077,0.0,10.384615384615385
15041,13930,OO,6,33.33333333333333,0.0,30.666666666666668
15041,14771,OO,14,21.428571428571427,0.0,10.214285714285714
15041,14869,OO,90,3.3333333333333335,0.0,6.3
15048,11292,OO,30,30.0,0.0,21.9
15048,13930,OO,30,10.0,0.0,14.233333333333333
15070,11697,G4,1,0.0,0.0,0.0
15070,13577,G4,9,33.33333333333333,0.0,27.0
15070,14082,G4,9,33.33333333333333,0.0,19.333333333333332
15070,14112,G4,8,12.5,0.0,7.75
15070,14761,G4,1,0.0,0.0,0.0
15074,11298,OO,60,12.068965517241379,3.3333333333333335,8.105263157894736
15096,10397,DL,82,8.536585365853659,0.0,4.646341463414634
15096,10397,F9,9,11.11111111111111,0.0,3.6666666666666665
15096,10693,G4,8,12.5,0.0,21.75
15096,10721,B6,24,0.0,0.0,0.375
15096,11057,AA,94,8.51063829787234,0.0,8.22340425531915
15096,11057,OH,3,0.0,0.0,3.3333333333333335
15096,11278,AA,30,50.0,0.0,40.166666666666664
15096,11278,OH,53,9.433962264150944,0.0,9.584905660377359
15096,11278,YX,3,0.0,0.0,0.0
15096,11292,UA,54,16.666666666666664,0.0,14.296296296296296
15096,11298,AA,30,10.344827586206897,3.3333333333333335,3.5
15096,11433,DL,30,0.0,0.0,0.2
15096,11618,YX,54,20.754716981132077,1.8518518518518516,15.788461538461538
15096,11697,G4,8,50.0,0.0,41.625
15096,12264,YX,10,0.0,0.0,0.0
15096,12478,B6,30,10.344827586206897,3.3333333333333335,2.3448275862068964
15096,13204,B6,32,9.375,0.0,21.40625
15096,13204,F9,8,37.5,0.0,10.0
15096,13577,G4,8,25.0,0.0,16.375
15096,13930,AA,31,16.129032258064516,0.0,20.193548387096776
15096,13930,MQ,68,17.91044776119403,1.4705882352941175,13.26865671641791
15096,13930,OO,5,0.0,0.0,3.8
15096,13930,UA,60,23.333333333333332,0.0,13.517241379310345
15096,13930,YX,25,8.0,0.0,21.88
15096,14100,OH,23,13.043478260869565,0.0,24.91304347826087
15096,14112,G4,9,55.55555555555556,0.0,24.77777777777778
15096,14492,F9,9,22.22222222222222,0.0,11.88888888888889
15096,14761,G4,1,0.0,0.0,0.0
15249,10397,DL,145,8.96551724137931,0.0,8.627586206896552
15249,10397,OO,1,100.0,0.0,31.0
15249,11278,OH,30,30.0,0.0,15.566666666666666
15249,11298,OH,90,17.045454545454543,2.2222222222222223,15.465909090909092
15249,13303,AA,3,33.33333333333333,0.0,17.0
15249,13303,MQ,89,13.48314606741573,0.0,11.797752808988765
15295,14112,G4,8,37.5,0.0,31.25
15304,10158,NK,48,8.333333333333332,0.0,16.208333333333332
15304,10257,WN,4,25.0,0.0,5.0
15304,10397,DL,296,12.837837837837837,0.0,8.391891891891891
15304,10397,F9,64,7.8125,0.0,4.015625
15304,10397,NK,21,0.0,0.0,0.6666666666666666
15304,10397,WN,51,7.8431372549019605,0.0,10.843137254901961
15304,10423,DL,30,16.666666666666664,0.0,13.766666666666667
15304,10423,WN,78,11.538461538461538,0.0,7.9743589743589745
15304,10529,B6,22,13.636363636363635,0.0,7.454545454545454
15304,10529,WN,30,3.3333333333333335,0.0,8.6
15304,10599,WN,34,14.705882352941178,0.0,5.0
15304,10693,MQ,56,10.714285714285714,0.0,5.892857142857143
15304,10693,WN,133,11.278195488721805,0.0,5.2105263157894735
15304,10721,B6,108,32.71028037383177,0.9259259259259258,24.33644859813084
15304,10721,DL,80,32.91139240506329,1.25,20.734177215189874
15304,10721,F9,11,9.090909090909092,0.0,3.090909090909091
15304,10792,F9,9,11.11111111111111,0.0,2.3333333333333335
15304,10792,WN,56,3.571428571428571,0.0,1.9821428571428572
15304,10821,F9,13,23.076923076923077,0.0,15.153846153846153
15304,10821,NK,16,0.0,0.0,0.0
15304,10821,WN,171,10.526315789473683,0.0,7.39766081871345
15304,11042,F9,60,5.0,0.0,8.8
15304,11057,AA,235,11.063829787234042,0.0,12.27659574468085
15304,11057,F9,17,5.88235294117647,0.0,1.2352941176470589
15304,11057,NK,13,7.6923076923076925,0.0,1.3076923076923077
15304,11066,WN,62,9.67741935483871,0.0,4.17741935483871
15304,11193,DL,30,13.333333333333334,0.0,13.433333333333334
15304,11193,F9,21,19.047619047619047,0.0,15.476190476190476
15304,11259,WN,90,15.555555555555555,0.0,9.853932584269662
15304,11278,AA,116,27.586206896551722,0.0,18.869565217391305
15304,11278,WN,56,16.071428571428573,0.0,9.418181818181818
15304,11292,F9,36,19.444444444444446,0.0,12.63888888888889
15304,11292,UA,90,12.222222222222221,0.0,11.71111111111111
15304,11292,WN,86,12.790697674418606,0.0,9.046511627906977
15304,11298,AA,181,19.662921348314608,1.6574585635359116,23.5
15304,11298,F9,16,25.0,0.0,20.75
15304,11298,NK,9,44.44444444444444,0.0,42.22222222222222
15304,11433,DL,102,6.862745098039216,0.0,6.421568627450981
15304,11433,NK,47,6.382978723404255,0.0,6.531914893617022
15304,11618,B6,24,37.5,0.0,23.375
15304,11618,UA,149,18.120805369127517,0.0,18.675675675675677
15304,11697,NK,77,18.666666666666668,2.5974025974025974,11.573333333333334
15304,11697,WN,30,10.0,0.0,10.066666666666666
15304,12191,WN,77,12.987012987012985,0.0,11.766233766233766
15304,12197,B6,30,20.0,0.0,16.766666666666666
15304,12264,F9,17,0.0,0.0,0.0
15304,12264,UA,106,7.547169811320755,0.0,6.547169811320755
15304,12266,F9,17,5.88235294117647,0.0,2.588235294117647
15304,12266,NK,28,7.142857142857142,0.0,5.0
15304,12266,UA,90,4.444444444444445,0.0,3.533333333333333
15304,12339,F9,7,0.0,0.0,0.0
15304,12339,NK,21,0.0,0.0,0.42857142857142855
15304,12339,WN,51,13.725490196078432,0.0,9.509803921568627
15304,12391,F9,28,11.11111111111111,3.571428571428571,18.814814814814813
15304,12391,WN,8,12.5,0.0,3.75
15304,12478,B6,62,3.278688524590164,1.6129032258064515,3.081967213114754
15304,12478,DL,90,5.555555555555555,0.0,3.9213483146067416
15304,12478,F9,30,6.666666666666667,0.0,1.5666666666666667
15304,12889,NK,55,23.636363636363637,0.0,21.12727272727273
15304,12889,WN,34,14.705882352941178,0.0,7.852941176470588
15304,12892,DL,54,9.25925925925926,0.0,8.25925925925926
15304,12892,UA,30,6.666666666666667,0.0,6.2
15304,12953,AA,52,13.461538461538462,0.0,21.173076923076923
15304,12953,B6,48,14.583333333333334,0.0,7.729166666666667
15304,12953,DL,116,8.620689655172415,0.0,12.217391304347826
15304,13198,WN,34,8.823529411764707,0.0,5.588235294117647
15304,13232,F9,13,7.6923076923076925,0.0,38.92307692307692
15304,13232,WN,98,15.306122448979592,0.0,7.938775510204081
15304,13296,WN,4,0.0,0.0,0.0
15304,13303,AA,178,12.994350282485875,0.5617977528089888,12.728813559322035
15304,13303,MQ,19,31.57894736842105,0.0,20.210526315789473
15304,13303,YX,4,25.0,0.0,6.75
15304,13342,WN,30,13.333333333333334,0.0,6.1
15304,13487,DL,72,11.11111111111111,0.0,6.638888888888889
15304,13495,NK,16,31.25,0.0,20.0625
15304,13495,WN,47,8.51063829787234,0.0,6.297872340425532
15304,13930,AA,72,15.277777777777779,0.0,18.35211267605634
15304,13930,F9,9,0.0,0.0,0.0
15304,13930,NK,30,3.3333333333333335,0.0,1.6
15304,13930,UA,94,10.638297872340425,0.0,7.914893617021277
15304,14100,AA,112,8.108108108108109,0.8928571428571428,12.63963963963964
15304,14100,F9,55,12.727272727272727,0.0,9.272727272727273
15304,14100,WN,4,0.0,0.0,0.0
15304,14107,AA,30,10.0,0.0,6.821428571428571
15304,14107,WN,30,6.666666666666667,0.0,5.066666666666666
15304,14122,NK,8,0.0,0.0,0.0
15304,14122,WN,55,16.363636363636363,0.0,8.563636363636364
15304,14307,B6,22,4.545454545454546,0.0,1.5
15304,14307,WN,30,20.0,0.0,7.3
15304,14492,DL,47,6.382978723404255,0.0,1.7446808510638299
15304,14492,F9,21,9.523809523809524,0.0,7.666666666666667
15304,14492,WN,21,4.761904761904762,0.0,1.0476190476190477
15304,14576,WN,4,0.0,0.0,0.0
15304,14679,AS,30,10.344827586206897,3.3333333333333335,2.9310344827586206
15304,14679,WN,4,50.0,0.0,21.25
15304,14683,WN,30,20.0,0.0,11.666666666666666
15304,14730,WN,30,3.3333333333333335,0.0,1.3
15304,14747,AS,47,27.659574468085108,0.0,17.0
15304,14747,DL,30,10.0,0.0,9.3
15304,14771,UA,30,10.0,0.0,10.133333333333333
15304,14843,B6,32,18.75,0.0,10.28125
15304,14843,F9,21,14.285714285714285,0.0,13.428571428571429
15304,14843,WN,30,13.333333333333334,0.0,4.766666666666667
15304,14869,DL,30,6.666666666666667,0.0,2.7333333333333334
15304,15016,WN,90,8.88888888888889,0.0,4.033333333333333
15304,15356,F9,10,10.0,0.0,5.4
15323,10397,DL,50,6.0,0.0,4.66
15323,10397,OO,43,20.930232558139537,0.0,14.55813953488372
15323,11298,MQ,60,11.864406779661017,1.6666666666666667,12.288135593220339
15323,14761,G4,8,75.0,0.0,23.75
15356,10397,F9,17,17.647058823529413,0.0,15.411764705882353
15356,13204,F9,24,4.166666666666666,0.0,1.9166666666666667
15356,13577,F9,8,0.0,0.0,0.0
15356,15304,F9,10,0.0,0.0,1.4
15370,10397,DL,137,11.678832116788321,0.0,12.875912408759124
15370,10423,WN,30,6.666666666666667,0.0,3.533333333333333
15370,10693,WN,30,16.666666666666664,0.0,5.8
15370,11057,AA,59,15.254237288135593,0.0,24.152542372881356
15370,11057,OH,1,0.0,0.0,0.0
15370,11259,WN,90,6.666666666666667,0.0,3.6222222222222222
15370,11278,OH,30,7.142857142857142,6.666666666666667,4.678571428571429
15370,11292,OO,90,23.333333333333332,0.0,16.177777777777777
15370,11292,UA,30,13.333333333333334,0.0,4.333333333333333
15370,11292,WN,77,9.090909090909092,0.0,5.9480519480519485
15370,11298,AA,144,14.492753623188406,4.166666666666666,11.313868613138686
15370,11298,MQ,43,18.6046511627907,0.0,13.666666666666666
15370,11298,OH,30,31.03448275862069,3.3333333333333335,24.862068965517242
15370,11298,OO,29,7.142857142857142,3.4482758620689653,9.392857142857142
15370,12191,WN,55,9.090909090909092,0.0,8.363636363636363
15370,12266,OO,58,15.517241379310345,0.0,12.637931034482758
15370,12266,UA,62,3.278688524590164,1.6129032258064515,4.983606557377049
15370,12889,G4,9,44.44444444444444,0.0,10.555555555555555
15370,12889,WN,56,14.285714285714285,0.0,8.160714285714286
15370,12892,G4,1,0.0,0.0,0.0
15370,12892,OO,30,20.0,0.0,9.2
15370,12953,YX,46,21.73913043478261,0.0,13.891304347826088
15370,13232,WN,30,10.0,0.0,8.466666666666667
15370,13930,MQ,70,23.18840579710145,1.4285714285714286,10.26086956521739
15370,13930,OH,2,0.0,0.0,0.0
15370,13930,OO,88,13.793103448275861,1.1363636363636365,18.528735632183906
15370,13930,YX,2,0.0,0.0,0.0
15370,14107,MQ,35,14.285714285714285,0.0,5.885714285714286
15370,14107,OO,7,28.57142857142857,0.0,8.166666666666666
15370,14107,WN,43,11.904761904761903,2.3255813953488373,9.333333333333334
15370,14761,G4,9,33.33333333333333,0.0,24.22222222222222
15370,14869,OO,37,8.108108108108109,0.0,3.3513513513513513
15370,15016,WN,56,10.714285714285714,0.0,2.767857142857143
15376,10397,DL,60,1.6666666666666667,0.0,19.466666666666665
15376,11292,F9,12,8.333333333333332,0.0,3.4166666666666665
15376,11292,OO,12,16.666666666666664,0.0,7.166666666666667
15376,11292,UA,83,18.51851851851852,2.4096385542168677,13.283950617283951
15376,11292,WN,86,18.6046511627907,0.0,12.837209302325581
15376,11298,AA,178,21.764705882352942,4.49438202247191,24.388235294117646
15376,12191,WN,30,10.0,0.0,15.666666666666666
15376,12266,OO,4,0.0,0.0,0.0
15376,12266,UA,6,0.0,0.0,0.0
15376,12889,F9,12,18.181818181818183,8.333333333333332,102.0
15376,12889,WN,99,21.428571428571427,1.0101010101010102,13.091836734693878
15376,12892,OO,166,13.939393939393941,0.6024096385542169,8.363636363636363
15376,12892,WN,30,6.666666666666667,0.0,2.1
15376,13232,WN,21,9.523809523809524,0.0,3.761904761904762
15376,13930,AA,30,43.333333333333336,0.0,59.46666666666667
15376,13930,OO,1,0.0,0.0,0.0
15376,13930,UA,29,20.689655172413794,0.0,17.344827586206897
15376,14107,AA,8,12.5,0.0,4.5
15376,14107,MQ,41,9.75609756097561,0.0,13.048780487804878
15376,14107,OO,168,16.867469879518072,1.1904761904761905,15.897590361445783
15376,14679,WN,47,21.27659574468085,0.0,12.042553191489361
15376,14747,AS,30,0.0,0.0,0.6333333333333333
15376,14747,OO,60,13.333333333333334,0.0,8.916666666666666
15376,14771,OO,49,6.122448979591836,0.0,2.510204081632653
15376,14771,UA,11,36.36363636363637,0.0,9.0
15376,14869,OO,90,6.666666666666667,0.0,7.133333333333334
15376,14893,WN,8,12.5,0.0,9.0
15380,10397,DL,3,0.0,0.0,2.0
15380,10721,B6,8,50.0,0.0,52.875
15380,10721,YX,5,40.0,0.0,39.6
15380,11057,AA,28,0.0,0.0,0.75
15380,11057,OH,2,0.0,0.0,0.0
15380,11278,AA,4,25.0,0.0,7.0
15380,11278,MQ,26,30.76923076923077,0.0,22.03846153846154
15380,11292,UA,30,30.0,0.0,22.133333333333333
15380,11298,AA,30,50.0,0.0,71.8
15380,11433,DL,34,0.0,2.941176470588235,1.1515151515151516
15380,11433,OO,62,9.67741935483871,0.0,5.661290322580645
15380,11697,G4,1,100.0,0.0,21.0
15380,12953,DL,3,33.33333333333333,0.0,12.5
15380,13487,DL,1,0.0,0.0,0.0
15380,13930,OH,2,0.0,0.0,2.0
15380,13930,OO,126,29.365079365079367,0.0,26.206349206349206
15380,13930,UA,55,27.27272727272727,0.0,37.30909090909091
15380,13930,YX,30,6.666666666666667,0.0,7.133333333333334
15380,14100,OH,2,0.0,0.0,0.0
15389,14869,OO,60,0.0,0.0,0.21666666666666667
15401,11298,MQ,60,11.864406779661017,1.6666666666666667,6.288135593220339
15411,11298,MQ,90,20.224719101123593,1.1111111111111112,11.0561797752809
15412,10397,DL,154,9.090909090909092,0.0,5.987012987012987
15412,10423,G4,5,40.0,0.0,14.0
15412,10721,G4,14,14.285714285714285,0.0,11.714285714285714
15412,11057,AA,58,22.413793103448278,0.0,56.44827586206897
15412,11057,OH,44,18.181818181818183,0.0,14.318181818181818
15412,11278,OH,86,20.930232558139537,0.0,13.36046511627907
15412,11292,F9,13,23.076923076923077,0.0,13.23076923076923
15412,11292,G4,8,0.0,0.0,0.75
15412,11292,OO,30,0.0,0.0,0.7
15412,11292,UA,30,20.0,0.0,14.2
15412,11298,AA,92,21.34831460674157,3.260869565217391,36.15909090909091
15412,11298,OH,58,21.052631578947366,1.7241379310344827,13.303571428571429
15412,11618,G4,9,0.0,0.0,0.1111111111111111
15412,11697,G4,28,25.0,0.0,17.555555555555557
15412,12264,G4,1,0.0,0.0,0.0
15412,12451,G4,9,44.44444444444444,0.0,28.11111111111111
15412,12889,G4,13,7.6923076923076925,0.0,2.923076923076923
15412,12953,YX,34,11.76470588235294,0.0,6.484848484848484
15412,13204,G4,9,0.0,0.0,2.0
15412,13232,G4,9,33.33333333333333,0.0,23.11111111111111
15412,13244,G4,8,25.0,0.0,19.625
15412,13303,MQ,30,13.333333333333334,0.0,18.933333333333334
15412,13930,MQ,29,24.137931034482758,0.0,13.89655172413793
15412,13930,OH,56,36.36363636363637,1.7857142857142856,36.981818181818184
15412,13930,OO,50,34.69387755102041,2.0,18.040816326530614
15412,13930,UA,33,6.0606060606060606,0.0,6.09375
15412,13930,YX,24,8.333333333333332,0.0,14.166666666666666
15412,14082,G4,15,6.666666666666667,0.0,1.6
15412,14100,OH,30,3.3333333333333335,0.0,1.3333333333333333
15412,14107,G4,8,37.5,0.0,18.125
15412,14112,G4,39,28.205128205128204,0.0,15.615384615384615
15412,14696,G4,1,0.0,0.0,0.0
15412,14761,G4,47,10.638297872340425,0.0,5.638297872340425
15412,14986,G4,9,0.0,0.0,0.0
15412,15624,G4,14,21.428571428571427,0.0,9.071428571428571
15569,12266,OO,45,22.22222222222222,0.0,32.44444444444444
15624,10397,DL,192,6.25,0.0,3.234375
15624,10676,G4,35,8.571428571428571,0.0,4.314285714285714
15624,10693,WN,73,5.47945205479452,0.0,2.5205479452054793
15624,10821,WN,30,3.3333333333333335,0.0,1.5172413793103448
15624,10874,G4,9,11.11111111111111,0.0,3.3333333333333335
15624,11057,AA,69,11.594202898550725,0.0,24.82608695652174
15624,11057,OH,30,17.24137931034483,3.3333333333333335,16.96551724137931
15624,11193,G4,35,11.428571428571429,0.0,5.514285714285714
15624,11259,WN,38,15.789473684210526,0.0,16.68421052631579
15624,11278,OH,30,16.666666666666664,0.0,45.2
15624,11298,AA,98,21.875,2.0408163265306123,42.873684210526314
15624,11433,DL,1,0.0,0.0,0.0
15624,11612,G4,1,0.0,0.0,0.0
15624,11618,G4,9,0.0,0.0,0.0
15624,11721,G4,8,0.0,0.0,0.0
15624,12191,WN,21,9.523809523809524,0.0,3.9523809523809526
15624,12223,G4,1,0.0,0.0,0.0
15624,12264,G4,9,33.33333333333333,0.0,37.333333333333336
15624,12339,G4,4,0.0,0.0,1.0
15624,12917,G4,12,16.666666666666664,0.0,8.416666666666666
15624,13487,DL,9,0.0,0.0,0.8888888888888888
15624,13871,G4,1,0.0,0.0,6.0
15624,13930,AA,6,66.66666666666666,0.0,52.5
15624,14122,G4,9,0.0,0.0,0.0
15624,14730,G4,16,6.25,0.0,8.125
15624,14783,G4,8,0.0,0.0,1.375
15624,15016,WN,8,0.0,0.0,0.75
15624,15412,G4,14,7.142857142857142,0.0,6.928571428571429
15624,15919,G4,25,8.0,0.0,1.6
15841,12819,AS,30,13.333333333333334,0.0,11.03448275862069
15841,14256,AS,30,26.923076923076923,13.333333333333334,16.53846153846154
15897,11292,OO,35,11.428571428571429,0.0,28.852941176470587
15897,14869,OO,31,0.0,0.0,0.0
15919,10397,DL,58,5.172413793103448,0.0,7.517241379310345
15919,10693,G4,8,25.0,0.0,25.625
15919,11057,AA,56,8.928571428571429,0.0,28.196428571428573
15919,11057,MQ,30,6.666666666666667,0.0,4.166666666666667
15919,11057,OH,38,28.947368421052634,0.0,13.026315789473685
15919,11278,MQ,32,3.125,0.0,1.4375
15919,11292,F9,17,41.17647058823529,0.0,25.705882352941178
15919,11292,OO,60,21.666666666666668,0.0,21.116666666666667
15919,11292,UA,30,23.333333333333332,0.0,13.3
15919,11298,AA,84,44.44444444444444,3.571428571428571,52.148148148148145
15919,11298,MQ,158,15.286624203821656,0.6329113924050633,12.179487179487179
15919,11298,OH,31,16.129032258064516,0.0,5.354838709677419
15919,11298,OO,28,22.22222222222222,3.571428571428571,18.74074074074074
15919,11433,DL,2,50.0,0.0,158.0
15919,11618,YX,2,0.0,0.0,0.0
15919,12266,OO,5,20.0,0.0,27.4
15919,12889,G4,8,0.0,0.0,0.0
15919,12892,OO,30,13.333333333333334,0.0,7.166666666666667
15919,12953,YX,76,24.0,1.3157894736842104,14.849315068493151
15919,13303,YX,4,25.0,0.0,8.75
15919,13930,MQ,120,15.833333333333332,0.0,13.791666666666666
15919,13930,YX,1,0.0,0.0,0.0
15919,14100,OH,30,10.0,0.0,14.9
15919,14107,MQ,59,18.64406779661017,0.0,14.084745762711865
15919,14761,G4,9,11.11111111111111,0.0,7.777777777777778
15919,14869,OO,30,10.0,0.0,3.7
15919,15624,G4,25,8.0,0.0,2.28
15919,16422,G4,8,0.0,0.0,1.375
15991,10926,AS,30,0.0,6.666666666666667,1.5357142857142858
15991,12523,AS,30,20.0,0.0,11.7
16218,11298,OO,30,0.0,3.3333333333333335,1.0
16218,14107,MQ,3,0.0,0.0,0.0
16218,14107,OO,86,16.470588235294116,1.1627906976744187,23.24705882352941
16422,10676,G4,9,0.0,0.0,0.0
16422,11193,G4,8,12.5,0.0,13.125
16422,15919,G4,8,0.0,0.0,0.0
16869,11292,OO,137,13.138686131386862,0.0,12.823529411764707
16869,13487,OO,86,10.465116279069768,0.0,5.372093023255814
