ORIGIN_AIRPORT_ID,DEST_AIRPORT_ID,DAY_OF_WEEK,total_flights,delay_rate
10135,10693,4,4,25.0
10135,10693,7,4,0.0
10135,11057,1,15,0.0
10135,11057,2,15,20.0
10135,11057,3,12,0.0
10135,11057,4,12,16.666666666666664
10135,11057,5,12,8.333333333333332
10135,11057,6,12,0.0
10135,11057,7,12,8.333333333333332
10135,11292,4,4,0.0
10135,11292,7,4,0.0
10135,13204,4,4,25.0
10135,13204,7,4,0.0
10135,13360,1,5,0.0
10135,13360,5,4,0.0
10135,13577,1,5,0.0
10135,13577,4,4,25.0
10135,13577,5,4,0.0
10135,13577,7,4,25.0
10135,13930,1,5,20.0
10135,13930,2,5,0.0
10135,13930,3,4,0.0
10135,13930,4,4,0.0
10135,13930,5,4,0.0
10135,13930,6,4,25.0
10135,13930,7,4,25.0
10135,14082,1,5,0.0
10135,14082,5,4,50.0
10135,14112,1,5,0.0
10135,14112,4,4,25.0
10135,14112,5,4,0.0
10135,14112,7,4,25.0
10135,14761,1,10,0.0
10135,14761,2,5,20.0
10135,14761,3,4,25.0
10135,14761,4,4,0.0
10135,14761,5,8,0.0
10135,14761,6,4,75.0
10135,14761,7,4,0.0
10135,14986,4,4,25.0
10135,14986,7,4,25.0
10136,11298,1,25,32.0
10136,11298,2,20,20.0
10136,11298,3,20,35.0
10136,11298,4,20,20.0
10136,11298,5,20,5.555555555555555
10136,11298,6,20,10.0
10136,11298,7,20,20.0
10140,10397,1,13,7.6923076923076925
10140,10397,2,13,0.0
10140,10397,3,10,0.0
10140,10397,4,11,0.0
10140,10397,5,11,27.27272727272727
10140,10397,6,8,0.0
10140,10397,7,11,0.0
10140,10423,1,10,10.0
10140,10423,2,10,0.0
10140,10423,3,8,12.5
10140,10423,4,8,12.5
10140,10423,5,8,25.0
10140,10423,6,4,0.0
10140,10423,7,12,16.666666666666664
10140,10693,1,5,40.0
10140,10693,2,5,20.0
10140,10693,3,4,0.0
10140,10693,4,4,25.0
10140,10693,5,4,50.0
10140,10693,6,4,0.0
10140,10693,7,4,25.0
10140,10800,1,5,60.0
10140,10800,2,5,0.0
10140,10800,3,4,0.0
10140,10800,4,4,25.0
10140,10800,5,4,25.0
10140,10800,6,4,0.0
10140,10800,7,4,25.0
10140,10821,1,5,20.0
10140,10821,2,5,0.0
10140,10821,3,4,0.0
10140,10821,4,4,75.0
10140,10821,5,4,50.0
10140,10821,6,4,0.0
10140,10821,7,4,0.0
10140,11259,1,25,4.0
10140,11259,2,20,5.0
10140,11259,3,16,6.25
10140,11259,4,20,10.0
10140,11259,5,20,20.0
10140,11259,6,12,8.333333333333332
10140,11259,7,20,15.0
10140,11292,1,45,13.333333333333334
10140,11292,2,40,22.5
10140,11292,3,32,9.375
10140,11292,4,36,19.444444444444446
10140,11292,5,36,22.22222222222222
10140,11292,6,32,15.625
10140,11292,7,36,8.333333333333332
10140,11298,1,32,29.03225806451613
10140,11298,2,31,13.333333333333334
10140,11298,3,24,33.33333333333333
10140,11298,4,27,15.384615384615385
10140,11298,5,24,25.0
10140,11298,6,24,27.27272727272727
10140,11298,7,28,21.428571428571427
10140,12191,1,15,13.333333333333334
10140,12191,2,10,20.0
10140,12191,3,8,0.0
10140,12191,4,12,0.0
10140,12191,5,12,0.0
10140,12191,6,8,12.5
10140,12191,7,12,8.333333333333332
10140,12264,1,5,0.0
10140,12264,2,5,0.0
10140,12264,3,4,0.0
10140,12264,4,4,25.0
10140,12264,5,4,0.0
10140,12264,6,4,50.0
10140,12264,7,4,25.0
10140,12266,1,5,0.0
10140,12266,2,5,20.0
10140,12266,3,4,0.0
10140,12266,4,4,0.0
10140,12266,5,4,0.0
10140,12266,6,4,0.0
10140,12266,7,4,0.0
10140,12478,1,5,0.0
10140,12478,2,5,0.0
10140,12478,3,4,0.0
10140,12478,4,4,75.0
10140,12478,5,4,0.0
10140,12478,7,4,75.0
10140,12889,1,25,12.0
10140,12889,2,20,0.0
10140,12889,3,16,6.25
10140,12889,4,24,29.166666666666668
10140,12889,5,20,35.0
10140,12889,6,12,8.333333333333332
10140,12889,7,24,4.3478260869565215
10140,12892,1,28,7.142857142857142
10140,12892,2,28,7.142857142857142
10140,12892,3,22,18.181818181818183
10140,12892,4,23,13.043478260869565
10140,12892,5,23,26.08695652173913
10140,12892,6,19,5.263157894736842
10140,12892,7,23,21.73913043478261
10140,12954,1,5,0.0
10140,12954,4,4,0.0
10140,12954,5,4,0.0
10140,12954,7,4,25.0
10140,13198,1,5,20.0
10140,13198,2,5,20.0
10140,13198,3,4,25.0
10140,13198,4,4,0.0
10140,13198,5,4,50.0
10140,13198,7,4,50.0
10140,13232,1,10,10.0
10140,13232,2,10,10.0
10140,13232,3,8,12.5
10140,13232,4,8,12.5
10140,13232,5,8,12.5
10140,13232,6,4,25.0
10140,13232,7,8,12.5
10140,13487,1,5,0.0
10140,13487,2,5,0.0
10140,13487,3,4,0.0
10140,13487,4,4,0.0
10140,13487,5,4,25.0
10140,13487,6,4,0.0
10140,13487,7,4,25.0
10140,13796,1,5,40.0
10140,13796,2,5,0.0
10140,13796,3,4,0.0
10140,13796,4,4,25.0
10140,13796,5,4,0.0
10140,13796,6,4,0.0
10140,13796,7,4,25.0
10140,13930,1,19,5.263157894736842
10140,13930,2,19,10.526315789473683
10140,13930,3,15,13.333333333333334
10140,13930,4,16,12.5
10140,13930,5,16,6.25
10140,13930,6,16,62.5
10140,13930,7,16,0.0
10140,14107,1,45,20.0
10140,14107,2,40,2.5
10140,14107,3,32,12.5
10140,14107,4,35,14.285714285714285
10140,14107,5,32,34.48275862068966
10140,14107,6,20,15.0
10140,14107,7,32,18.75
10140,14679,1,10,10.0
10140,14679,2,10,10.0
10140,14679,3,8,12.5
10140,14679,4,8,37.5
10140,14679,5,8,50.0
10140,14679,6,8,25.0
10140,14679,7,8,12.5
10140,14747,1,10,10.0
10140,14747,2,5,0.0
10140,14747,3,8,0.0
10140,14747,4,8,25.0
10140,14747,5,8,25.0
10140,14747,6,4,0.0
10140,14747,7,8,12.5
10140,14771,1,10,30.0
10140,14771,2,10,0.0
10140,14771,3,8,0.0
10140,14771,4,8,0.0
10140,14771,5,8,37.5
10140,14771,6,7,0.0
10140,14771,7,8,12.5
10140,14869,1,15,0.0
10140,14869,2,15,6.666666666666667
10140,14869,3,12,0.0
10140,14869,4,12,0.0
10140,14869,5,12,8.333333333333332
10140,14869,6,12,0.0
10140,14869,7,12,0.0
10141,13487,1,10,10.0
10141,13487,2,10,0.0
10141,13487,3,8,25.0
10141,13487,4,8,0.0
10141,13487,5,8,12.5
10141,13487,6,8,12.5
10141,13487,7,8,0.0
10146,10397,1,9,11.11111111111111
10146,10397,2,9,0.0
10146,10397,3,8,25.0
10146,10397,4,6,16.666666666666664
10146,10397,5,6,33.33333333333333
10146,10397,6,2,0.0
10146,10397,7,6,0.0
10154,10721,1,6,66.66666666666666
10154,10721,2,6,83.33333333333334
10154,10721,3,4,75.0
10154,10721,4,4,50.0
10154,10721,5,4,75.0
10154,10721,6,4,25.0
10154,10721,7,4,50.0
10154,11278,1,7,14.285714285714285
10154,11278,2,7,28.57142857142857
10154,11278,3,4,75.0
10154,11278,4,4,75.0
10154,11278,5,4,0.0
10154,11278,6,4,25.0
10154,11278,7,4,50.0
10154,12197,1,6,0.0
10154,12197,2,6,0.0
10154,12197,3,4,0.0
10154,12197,4,4,50.0
10154,12197,5,4,25.0
10154,12197,6,4,0.0
10154,12197,7,4,25.0
10154,12478,1,7,42.857142857142854
10154,12478,2,7,14.285714285714285
10154,12478,3,5,0.0
10154,12478,4,5,20.0
10154,12478,5,5,0.0
10154,12478,6,5,40.0
10154,12478,7,5,40.0
10154,12953,1,8,25.0
10154,12953,2,4,25.0
10154,12953,3,2,50.0
10154,12953,4,6,0.0
10154,12953,5,6,0.0
10154,12953,6,6,20.0
10154,12953,7,6,33.33333333333333
10154,14100,1,1,100.0
10154,14100,2,1,0.0
10155,11298,1,15,20.0
10155,11298,2,15,0.0
10155,11298,3,12,33.33333333333333
10155,11298,4,12,16.666666666666664
10155,11298,5,12,18.181818181818183
10155,11298,6,12,33.33333333333333
10155,11298,7,12,16.666666666666664
10157,11292,1,5,20.0
10157,11292,2,5,20.0
10157,11292,3,4,25.0
10157,11292,4,4,25.0
10157,11292,5,4,25.0
10157,11292,6,4,25.0
10157,11292,7,4,0.0
10157,12892,1,5,20.0
10157,12892,2,5,0.0
10157,12892,3,4,0.0
10157,12892,4,4,25.0
10157,12892,5,4,25.0
10157,12892,6,4,0.0
10157,12892,7,4,0.0
10157,14771,1,17,47.05882352941176
10157,14771,2,16,43.75
10157,14771,3,12,41.66666666666667
10157,14771,4,13,53.84615384615385
10157,14771,5,13,46.15384615384615
10157,14771,6,13,7.6923076923076925
10157,14771,7,13,46.15384615384615
10158,11697,1,9,0.0
10158,11697,2,6,16.666666666666664
10158,11697,3,5,20.0
10158,11697,4,8,12.5
10158,11697,5,8,0.0
10158,11697,6,8,12.5
10158,11697,7,8,12.5
10158,13204,1,11,18.181818181818183
10158,13204,2,11,0.0
10158,13204,3,9,11.11111111111111
10158,13204,4,8,25.0
10158,13204,5,8,25.0
10158,13204,6,8,0.0
10158,13204,7,8,25.0
10158,13303,1,5,20.0
10158,13303,3,1,0.0
10158,13303,5,4,0.0
10158,13303,6,4,0.0
10158,13577,1,5,20.0
10158,13577,2,5,20.0
10158,13577,3,4,0.0
10158,13577,4,4,0.0
10158,13577,5,4,25.0
10158,13577,6,4,25.0
10158,13577,7,4,0.0
10158,14027,1,5,40.0
10158,14027,2,6,33.33333333333333
10158,14027,3,5,0.0
10158,14027,4,8,0.0
10158,14027,5,4,0.0
10158,14027,6,8,12.5
10158,14027,7,8,25.0
10158,14635,1,5,20.0
10158,14635,2,6,0.0
10158,14635,3,4,25.0
10158,14635,4,4,0.0
10158,14635,5,4,25.0
10158,14635,6,4,0.0
10158,14635,7,4,0.0
10158,15304,1,10,0.0
10158,15304,2,6,0.0
10158,15304,3,5,0.0
10158,15304,4,7,0.0
10158,15304,5,8,12.5
10158,15304,6,4,0.0
10158,15304,7,8,12.5
10165,10299,3,4,33.33333333333333
10165,10299,6,4,33.33333333333333
10170,10299,1,15,6.666666666666667
10170,10299,2,15,13.333333333333334
10170,10299,3,12,0.0
10170,10299,4,12,18.181818181818183
10170,10299,5,12,8.333333333333332
10170,10299,6,12,16.666666666666664
10170,10299,7,12,0.0
10185,11298,1,15,40.0
10185,11298,2,15,13.333333333333334
10185,11298,3,12,16.666666666666664
10185,11298,4,12,25.0
10185,11298,5,12,9.090909090909092
10185,11298,6,12,33.33333333333333
10185,11298,7,12,0.0
10208,10397,1,14,7.142857142857142
10208,10397,2,13,7.6923076923076925
10208,10397,3,13,0.0
10208,10397,4,11,9.090909090909092
10208,10397,5,9,11.11111111111111
10208,10397,6,6,0.0
10208,10397,7,12,8.333333333333332
10208,11057,1,1,0.0
10208,11278,1,5,0.0
10208,11278,2,5,0.0
10208,11278,3,4,0.0
10208,11278,4,4,25.0
10208,11278,5,4,0.0
10208,11278,6,4,25.0
10208,11278,7,4,0.0
10208,11298,1,5,20.0
10208,11298,2,5,0.0
10208,11298,3,4,25.0
10208,11298,4,4,50.0
10208,11298,5,4,25.0
10208,11298,6,4,0.0
10208,11298,7,4,50.0
10245,10299,1,5,0.0
10245,10299,2,5,0.0
10245,10299,3,4,0.0
10245,10299,4,4,0.0
10245,10299,5,4,0.0
10245,10299,6,4,0.0
10245,10299,7,4,0.0
10257,10397,1,15,14.285714285714285
10257,10397,2,14,7.142857142857142
10257,10397,3,11,0.0
10257,10397,4,11,0.0
10257,10397,5,11,0.0
10257,10397,6,8,0.0
10257,10397,7,12,16.666666666666664
10257,10693,1,10,10.0
10257,10693,2,5,0.0
10257,10693,3,4,0.0
10257,10693,4,4,25.0
10257,10693,5,8,0.0
10257,10693,6,4,0.0
10257,10693,7,4,50.0
10257,10821,1,25,12.0
10257,10821,2,25,0.0
10257,10821,3,20,0.0
10257,10821,4,20,10.0
10257,10821,5,20,5.0
10257,10821,6,16,6.25
10257,10821,7,20,5.0
10257,11057,1,16,12.5
10257,11057,2,15,6.666666666666667
10257,11057,3,12,33.33333333333333
10257,11057,4,15,26.666666666666668
10257,11057,5,12,0.0
10257,11057,6,12,8.333333333333332
10257,11057,7,16,12.5
10257,11278,1,16,31.25
10257,11278,2,16,33.33333333333333
10257,11278,3,12,50.0
10257,11278,4,12,50.0
10257,11278,5,12,25.0
10257,11278,6,8,0.0
10257,11278,7,8,25.0
10257,11292,1,5,0.0
10257,11292,2,5,40.0
10257,11292,3,4,0.0
10257,11292,4,4,0.0
10257,11292,5,4,25.0
10257,11292,6,4,25.0
10257,11292,7,4,0.0
10257,11298,1,5,20.0
10257,11298,2,5,0.0
10257,11298,3,4,25.0
10257,11298,4,4,0.0
10257,11298,5,4,0.0
10257,11298,6,4,33.33333333333333
10257,11298,7,4,0.0
10257,11433,1,13,7.6923076923076925
10257,11433,2,13,0.0
10257,11433,3,10,0.0
10257,11433,4,11,9.090909090909092
10257,11433,5,11,0.0
10257,11433,6,8,0.0
10257,11433,7,11,9.090909090909092
10257,11697,1,5,0.0
10257,11697,2,6,0.0
10257,11697,5,4,25.0
10257,11697,6,4,0.0
10257,11697,7,4,0.0
10257,12889,1,5,0.0
10257,12889,4,4,50.0
10257,12889,5,4,50.0
10257,12889,7,4,0.0
10257,13204,1,11,27.27272727272727
10257,13204,2,7,0.0
10257,13204,3,5,20.0
10257,13204,4,8,0.0
10257,13204,5,8,0.0
10257,13204,6,12,8.333333333333332
10257,13204,7,12,16.666666666666664
10257,13232,1,15,6.666666666666667
10257,13232,2,10,0.0
10257,13232,3,8,0.0
10257,13232,4,12,8.333333333333332
10257,13232,5,12,0.0
10257,13232,6,8,12.5
10257,13232,7,12,16.666666666666664
10257,13577,1,5,20.0
10257,13577,5,4,0.0
10257,13930,1,35,34.285714285714285
10257,13930,2,29,6.896551724137931
10257,13930,3,23,17.391304347826086
10257,13930,4,27,22.22222222222222
10257,13930,5,28,21.428571428571427
10257,13930,6,23,26.08695652173913
10257,13930,7,28,25.0
10257,14082,4,4,0.0
10257,14082,7,4,0.0
10257,14112,1,5,20.0
10257,14112,5,4,25.0
10257,15304,6,4,0.0
10268,13930,1,10,30.0
10268,13930,2,5,20.0
10268,13930,3,7,0.0
10268,13930,4,7,28.57142857142857
10268,13930,5,8,12.5
10268,13930,6,7,42.857142857142854
10268,13930,7,8,0.0
10279,10423,1,5,0.0
10279,10423,4,4,0.0
10279,10423,5,4,0.0
10279,10423,7,4,0.0
10279,11259,1,20,25.0
10279,11259,2,15,20.0
10279,11259,3,12,16.666666666666664
10279,11259,4,16,6.25
10279,11259,5,16,18.75
10279,11259,6,12,8.333333333333332
10279,11259,7,12,0.0
10279,11292,1,10,50.0
10279,11292,2,10,40.0
10279,11292,3,8,25.0
10279,11292,4,8,25.0
10279,11292,5,8,25.0
10279,11292,6,4,0.0
10279,11292,7,8,12.5
10279,11298,1,36,19.444444444444446
10279,11298,2,30,6.666666666666667
10279,11298,3,28,17.857142857142858
10279,11298,4,31,16.129032258064516
10279,11298,5,28,4.0
10279,11298,6,24,4.166666666666666
10279,11298,7,32,21.875
10279,12889,1,5,20.0
10279,12889,2,5,20.0
10279,12889,3,4,25.0
10279,12889,4,4,25.0
10279,12889,5,4,100.0
10279,12889,6,4,25.0
10279,12889,7,4,0.0
10299,10165,3,4,33.33333333333333
10299,10165,6,4,33.33333333333333
10299,10170,1,15,20.0
10299,10170,2,15,6.666666666666667
10299,10170,3,12,8.333333333333332
10299,10170,4,12,18.181818181818183
10299,10170,5,12,8.333333333333332
10299,10170,6,12,16.666666666666664
10299,10170,7,12,0.0
10299,10245,1,5,0.0
10299,10245,2,5,0.0
10299,10245,3,4,0.0
10299,10245,4,4,0.0
10299,10245,5,4,0.0
10299,10245,6,4,0.0
10299,10245,7,4,25.0
10299,10397,1,1,0.0
10299,10397,2,1,0.0
10299,10397,3,1,0.0
10299,10397,4,1,0.0
10299,10397,5,1,0.0
10299,10397,6,4,50.0
10299,10397,7,1,0.0
10299,10551,1,10,20.0
10299,10551,2,10,10.0
10299,10551,3,8,12.5
10299,10551,4,8,37.5
10299,10551,5,8,0.0
10299,10551,6,8,12.5
10299,10551,7,8,0.0
10299,10754,1,5,20.0
10299,10754,2,5,0.0
10299,10754,3,4,0.0
10299,10754,4,4,50.0
10299,10754,5,4,0.0
10299,10754,6,4,0.0
10299,10754,7,4,25.0
10299,10926,1,5,0.0
10299,10926,2,5,0.0
10299,10926,3,4,0.0
10299,10926,4,4,0.0
10299,10926,5,4,0.0
10299,10926,6,4,0.0
10299,10926,7,4,25.0
10299,11292,1,7,14.285714285714285
10299,11292,2,7,0.0
10299,11292,3,6,0.0
10299,11292,4,6,0.0
10299,11292,5,6,0.0
10299,11292,6,6,0.0
10299,11292,7,5,20.0
10299,11298,1,6,50.0
10299,11298,2,6,16.666666666666664
10299,11298,3,4,0.0
10299,11298,4,4,75.0
10299,11298,5,4,50.0
10299,11298,6,4,25.0
10299,11298,7,4,25.0
10299,11336,1,5,0.0
10299,11336,2,5,20.0
10299,11336,3,4,0.0
10299,11336,4,4,0.0
10299,11336,5,4,0.0
10299,11336,6,4,25.0
10299,11336,7,4,25.0
10299,11433,1,1,0.0
10299,11433,2,1,0.0
10299,11433,3,1,0.0
10299,11433,4,1,0.0
10299,11433,5,1,0.0
10299,11433,6,2,0.0
10299,11433,7,1,0.0
10299,11618,1,1,0.0
10299,11630,1,10,0.0
10299,11630,2,10,0.0
10299,11630,3,8,0.0
10299,11630,4,8,0.0
10299,11630,5,8,12.5
10299,11630,6,8,0.0
10299,11630,7,8,0.0
10299,12173,1,5,0.0
10299,12173,2,5,0.0
10299,12173,3,4,0.0
10299,12173,4,4,25.0
10299,12173,5,4,0.0
10299,12173,6,4,0.0
10299,12173,7,4,0.0
10299,12264,1,1,100.0
10299,12264,2,1,0.0
10299,12264,3,1,0.0
10299,12264,4,1,0.0
10299,12264,5,1,0.0
10299,12264,6,1,0.0
10299,12264,7,1,0.0
10299,12266,1,4,0.0
10299,12266,2,4,0.0
10299,12266,3,4,0.0
10299,12266,4,3,0.0
10299,12266,5,3,0.0
10299,12266,6,3,0.0
10299,12266,7,3,0.0
10299,12523,1,20,10.0
10299,12523,2,20,0.0
10299,12523,3,16,25.0
10299,12523,4,16,18.75
10299,12523,5,16,12.5
10299,12523,6,16,12.5
10299,12523,7,16,12.5
10299,12889,5,4,25.0
10299,12889,7,4,0.0
10299,12892,1,5,0.0
10299,12892,2,5,0.0
10299,12892,3,1,0.0
10299,12892,4,4,25.0
10299,12892,5,4,25.0
10299,12892,7,4,0.0
10299,13487,1,11,9.090909090909092
10299,13487,2,11,0.0
10299,13487,3,9,11.11111111111111
10299,13487,4,9,33.33333333333333
10299,13487,5,9,11.11111111111111
10299,13487,6,10,0.0
10299,13487,7,9,11.11111111111111
10299,13873,1,5,20.0
10299,13873,2,5,40.0
10299,13873,3,4,0.0
10299,13873,4,4,0.0
10299,13873,5,4,50.0
10299,13873,6,4,25.0
10299,13873,7,4,0.0
10299,13930,1,15,0.0
10299,13930,2,15,6.666666666666667
10299,13930,3,13,7.6923076923076925
10299,13930,4,15,13.333333333333334
10299,13930,5,15,26.666666666666668
10299,13930,6,12,16.666666666666664
10299,13930,7,15,13.333333333333334
10299,13970,1,5,0.0
10299,13970,2,5,20.0
10299,13970,3,4,0.0
10299,13970,4,4,25.0
10299,13970,5,4,0.0
10299,13970,6,4,25.0
10299,13970,7,4,0.0
10299,14057,1,15,0.0
10299,14057,2,15,0.0
10299,14057,3,12,8.333333333333332
10299,14057,4,12,8.333333333333332
10299,14057,5,12,16.666666666666664
10299,14057,6,12,0.0
10299,14057,7,12,0.0
10299,14107,1,5,0.0
10299,14107,2,5,0.0
10299,14107,3,4,75.0
10299,14107,4,4,0.0
10299,14107,5,4,0.0
10299,14107,6,4,0.0
10299,14107,7,4,0.0
10299,14679,6,1,0.0
10299,14709,1,10,0.0
10299,14709,2,10,10.0
10299,14709,3,8,12.5
10299,14709,4,8,12.5
10299,14709,5,4,0.0
10299,14709,6,4,0.0
10299,14747,1,108,9.345794392523365
10299,14747,2,103,13.592233009708737
10299,14747,3,80,21.25
10299,14747,4,84,16.867469879518072
10299,14747,5,82,12.195121951219512
10299,14747,6,82,13.414634146341465
10299,14747,7,86,8.13953488372093
10299,14771,1,9,11.11111111111111
10299,14771,2,9,22.22222222222222
10299,14771,3,8,12.5
10299,14771,4,7,28.57142857142857
10299,14771,5,7,0.0
10299,14771,6,8,25.0
10299,14771,7,7,28.57142857142857
10299,14869,1,2,0.0
10299,14869,2,1,0.0
10299,14869,3,1,0.0
10299,14869,4,1,0.0
10299,14869,5,1,0.0
10299,14869,6,2,0.0
10299,14869,7,1,0.0
10333,11433,1,10,0.0
10333,11433,2,7,0.0
10333,11433,3,4,0.0
10333,11433,4,8,0.0
10333,11433,5,8,0.0
10333,11433,6,8,0.0
10333,11433,7,8,0.0
10372,10397,1,5,20.0
10372,10397,2,5,0.0
10372,10397,3,4,0.0
10372,10397,4,4,0.0
10372,10397,5,4,0.0
10372,10397,6,4,0.0
10372,10397,7,4,25.0
10372,11292,1,39,38.46153846153847
10372,11292,2,35,37.142857142857146
10372,11292,3,28,3.571428571428571
10372,11292,4,31,22.58064516129032
10372,11292,5,31,12.903225806451612
10372,11292,6,31,19.35483870967742
10372,11292,7,31,9.67741935483871
10372,11298,1,16,31.25
10372,11298,2,12,33.33333333333333
10372,11298,3,12,16.666666666666664
10372,11298,4,12,33.33333333333333
10372,11298,5,12,18.181818181818183
10372,11298,6,12,25.0
10372,11298,7,12,27.27272727272727
10372,12266,1,5,20.0
10372,12266,2,5,40.0
10372,12266,3,4,25.0
10372,12266,4,4,25.0
10372,12266,5,4,25.0
10372,12266,6,4,25.0
10372,12266,7,4,0.0
10372,12892,1,11,27.27272727272727
10372,12892,2,10,20.0
10372,12892,3,8,12.5
10372,12892,4,9,22.22222222222222
10372,12892,5,8,12.5
10372,12892,6,8,0.0
10372,12892,7,8,25.0
10372,13930,1,15,26.666666666666668
10372,13930,2,15,20.0
10372,13930,3,12,25.0
10372,13930,4,12,25.0
10372,13930,5,12,8.333333333333332
10372,13930,6,12,50.0
10372,13930,7,12,16.666666666666664
10372,14771,1,4,0.0
10372,14771,2,4,0.0
10372,14771,3,4,25.0
10372,14771,4,3,0.0
10372,14771,5,3,0.0
10372,14771,6,3,0.0
10372,14771,7,3,33.33333333333333
10397,10140,1,13,7.6923076923076925
10397,10140,2,13,15.384615384615385
10397,10140,3,10,10.0
10397,10140,4,11,18.181818181818183
10397,10140,5,11,27.27272727272727
10397,10140,6,8,12.5
10397,10140,7,11,9.090909090909092
10397,10146,1,9,11.11111111111111
10397,10146,2,9,0.0
10397,10146,3,7,28.57142857142857
10397,10146,4,6,16.666666666666664
10397,10146,5,6,0.0
10397,10146,6,2,0.0
10397,10146,7,6,0.0
10397,10208,1,15,0.0
10397,10208,2,16,12.5
10397,10208,3,11,0.0
10397,10208,4,9,22.22222222222222
10397,10208,5,9,11.11111111111111
10397,10208,6,9,33.33333333333333
10397,10208,7,9,33.33333333333333
10397,10257,1,15,20.0
10397,10257,2,14,21.428571428571427
10397,10257,3,11,0.0
10397,10257,4,11,27.27272727272727
10397,10257,5,11,9.090909090909092
10397,10257,6,8,12.5
10397,10257,7,12,25.0
10397,10299,1,1,0.0
10397,10299,2,1,0.0
10397,10299,3,1,0.0
10397,10299,4,1,0.0
10397,10299,5,1,0.0
10397,10299,6,4,25.0
10397,10299,7,1,0.0
10397,10372,1,5,0.0
10397,10372,2,5,0.0
10397,10372,3,4,25.0
10397,10372,4,4,50.0
10397,10372,5,4,25.0
10397,10372,6,4,0.0
10397,10372,7,4,0.0
10397,10408,1,5,0.0
10397,10408,2,5,0.0
10397,10408,3,4,25.0
10397,10408,4,4,25.0
10397,10408,5,4,50.0
10397,10408,6,4,0.0
10397,10408,7,4,0.0
10397,10423,1,68,11.76470588235294
10397,10423,2,60,6.666666666666667
10397,10423,3,48,8.333333333333332
10397,10423,4,55,12.727272727272727
10397,10423,5,55,20.0
10397,10423,6,44,18.181818181818183
10397,10423,7,55,16.363636363636363
10397,10431,1,36,11.11111111111111
10397,10431,2,33,9.090909090909092
10397,10431,3,26,7.6923076923076925
10397,10431,4,30,13.333333333333334
10397,10431,5,30,23.333333333333332
10397,10431,6,24,25.0
10397,10431,7,30,16.666666666666664
10397,10529,1,33,6.0606060606060606
10397,10529,2,30,3.3333333333333335
10397,10529,3,24,8.333333333333332
10397,10529,4,31,0.0
10397,10529,5,27,14.814814814814813
10397,10529,6,20,5.0
10397,10529,7,31,9.67741935483871
10397,10581,6,4,25.0
10397,10599,1,44,2.272727272727273
10397,10599,2,41,4.878048780487805
10397,10599,3,32,9.375
10397,10599,4,37,10.81081081081081
10397,10599,5,37,10.81081081081081
10397,10599,6,31,12.903225806451612
10397,10599,7,38,7.894736842105263
10397,10685,1,4,0.0
10397,10685,2,4,0.0
10397,10685,3,3,0.0
10397,10685,4,2,0.0
10397,10685,5,2,0.0
10397,10685,6,2,50.0
10397,10685,7,2,0.0
10397,10693,1,61,11.475409836065573
10397,10693,2,58,8.620689655172415
10397,10693,3,46,6.521739130434782
10397,10693,4,50,4.0
10397,10693,5,50,16.0
10397,10693,6,36,25.0
10397,10693,7,42,11.904761904761903
10397,10713,1,5,0.0
10397,10713,2,5,0.0
10397,10713,3,4,0.0
10397,10713,4,7,14.285714285714285
10397,10713,5,7,28.57142857142857
10397,10713,6,4,0.0
10397,10713,7,7,14.285714285714285
10397,10721,1,72,34.72222222222222
10397,10721,2,59,22.033898305084744
10397,10721,3,46,39.130434782608695
10397,10721,4,58,45.614035087719294
10397,10721,5,58,25.862068965517242
10397,10721,6,48,12.5
10397,10721,7,58,32.758620689655174
10397,10781,1,13,7.6923076923076925
10397,10781,2,13,0.0
10397,10781,3,10,10.0
10397,10781,4,11,9.090909090909092
10397,10781,5,11,0.0
10397,10781,6,15,20.0
10397,10781,7,12,16.666666666666664
10397,10785,1,5,0.0
10397,10785,2,5,0.0
10397,10785,3,4,0.0
10397,10785,4,4,25.0
10397,10785,5,4,25.0
10397,10785,6,5,0.0
10397,10785,7,4,0.0
10397,10792,1,23,0.0
10397,10792,2,18,11.11111111111111
10397,10792,3,14,7.142857142857142
10397,10792,4,19,5.263157894736842
10397,10792,5,19,0.0
10397,10792,6,12,8.333333333333332
10397,10792,7,19,26.31578947368421
10397,10800,1,5,60.0
10397,10800,2,5,20.0
10397,10800,3,4,25.0
10397,10800,4,4,0.0
10397,10800,5,4,50.0
10397,10800,6,4,0.0
10397,10800,7,4,0.0
10397,10821,1,82,12.195121951219512
10397,10821,2,72,6.944444444444445
10397,10821,3,57,8.771929824561402
10397,10821,4,70,14.285714285714285
10397,10821,5,66,10.606060606060606
10397,10821,6,48,20.833333333333336
10397,10821,7,70,11.428571428571429
10397,10849,1,5,0.0
10397,10849,2,5,0.0
10397,10849,3,4,25.0
10397,10849,4,4,0.0
10397,10849,5,4,0.0
10397,10849,6,4,25.0
10397,10849,7,4,0.0
10397,10868,1,26,7.6923076923076925
10397,10868,2,26,7.6923076923076925
10397,10868,3,20,5.0
10397,10868,4,22,13.636363636363635
10397,10868,5,23,13.043478260869565
10397,10868,6,15,26.666666666666668
10397,10868,7,22,9.090909090909092
10397,10980,1,24,12.5
10397,10980,2,19,5.263157894736842
10397,10980,3,15,0.0
10397,10980,4,21,9.523809523809524
10397,10980,5,22,4.545454545454546
10397,10980,6,15,6.666666666666667
10397,10980,7,21,28.57142857142857
10397,10990,1,1,100.0
10397,10994,1,41,9.75609756097561
10397,10994,2,38,2.631578947368421
10397,10994,3,30,6.666666666666667
10397,10994,4,34,0.0
10397,10994,5,34,5.88235294117647
10397,10994,6,28,14.285714285714285
10397,10994,7,34,8.823529411764707
10397,11003,1,5,20.0
10397,11003,2,5,0.0
10397,11003,3,4,25.0
10397,11003,4,4,0.0
10397,11003,5,4,0.0
10397,11003,6,4,0.0
10397,11003,7,4,0.0
10397,11042,1,51,5.88235294117647
10397,11042,2,44,4.545454545454546
10397,11042,3,35,8.571428571428571
10397,11042,4,42,4.761904761904762
10397,11042,5,41,7.317073170731707
10397,11042,6,32,21.875
10397,11042,7,42,7.142857142857142
10397,11057,1,64,7.8125
10397,11057,2,57,15.789473684210526
10397,11057,3,45,4.444444444444445
10397,11057,4,54,14.814814814814813
10397,11057,5,51,15.686274509803921
10397,11057,6,44,11.363636363636363
10397,11057,7,55,18.181818181818183
10397,11066,1,51,15.686274509803921
10397,11066,2,43,4.651162790697675
10397,11066,3,34,8.823529411764707
10397,11066,4,38,21.052631578947366
10397,11066,5,42,21.428571428571427
10397,11066,6,32,18.75
10397,11066,7,37,16.216216216216218
10397,11109,1,8,0.0
10397,11109,2,8,12.5
10397,11109,3,6,0.0
10397,11109,4,7,14.285714285714285
10397,11109,5,8,0.0
10397,11109,6,4,25.0
10397,11109,7,8,0.0
10397,11146,1,6,16.666666666666664
10397,11146,2,6,0.0
10397,11146,3,4,50.0
10397,11146,4,6,0.0
10397,11146,5,6,33.33333333333333
10397,11146,6,6,0.0
10397,11146,7,6,0.0
10397,11193,1,46,8.695652173913043
10397,11193,2,38,0.0
10397,11193,3,34,2.941176470588235
10397,11193,4,38,5.263157894736842
10397,11193,5,38,7.894736842105263
10397,11193,6,32,0.0
10397,11193,7,38,15.789473684210526
10397,11252,1,20,0.0
10397,11252,2,20,0.0
10397,11252,3,16,0.0
10397,11252,4,16,6.25
10397,11252,5,16,0.0
10397,11252,6,16,0.0
10397,11252,7,16,12.5
10397,11259,1,53,5.660377358490567
10397,11259,2,50,8.0
10397,11259,3,40,20.0
10397,11259,4,43,9.30232558139535
10397,11259,5,43,18.6046511627907
10397,11259,6,32,9.375
10397,11259,7,44,22.727272727272727
10397,11267,1,21,0.0
10397,11267,2,21,9.523809523809524
10397,11267,3,16,18.75
10397,11267,4,18,11.11111111111111
10397,11267,5,18,22.22222222222222
10397,11267,6,15,6.666666666666667
10397,11267,7,18,5.555555555555555
10397,11278,1,104,12.5
10397,11278,2,99,15.151515151515152
10397,11278,3,83,34.93975903614458
10397,11278,4,84,27.710843373493976
10397,11278,5,83,16.867469879518072
10397,11278,6,60,18.64406779661017
10397,11278,7,79,16.455696202531644
10397,11292,1,77,23.376623376623375
10397,11292,2,71,16.901408450704224
10397,11292,3,57,14.035087719298245
10397,11292,4,63,22.22222222222222
10397,11292,5,63,16.129032258064516
10397,11292,6,52,17.307692307692307
10397,11292,7,67,17.91044776119403
10397,11298,1,90,17.045454545454543
10397,11298,2,85,10.588235294117647
10397,11298,3,68,28.35820895522388
10397,11298,4,79,13.924050632911392
10397,11298,5,72,21.428571428571427
10397,11298,6,70,17.391304347826086
10397,11298,7,80,21.25
10397,11423,1,20,15.0
10397,11423,2,19,5.263157894736842
10397,11423,3,15,13.333333333333334
10397,11423,4,15,6.666666666666667
10397,11423,5,15,6.666666666666667
10397,11423,6,12,16.666666666666664
10397,11423,7,16,12.5
10397,11433,1,73,4.166666666666666
10397,11433,2,63,12.698412698412698
10397,11433,3,50,12.0
10397,11433,4,59,11.864406779661017
10397,11433,5,62,17.741935483870968
10397,11433,6,52,11.538461538461538
10397,11433,7,62,16.129032258064516
10397,11481,1,33,12.121212121212121
10397,11481,2,30,6.666666666666667
10397,11481,3,24,4.166666666666666
10397,11481,4,27,22.22222222222222
10397,11481,5,27,18.51851851851852
10397,11481,6,24,8.333333333333332
10397,11481,7,27,11.11111111111111
10397,11540,1,10,40.0
10397,11540,2,10,20.0
10397,11540,3,8,12.5
10397,11540,4,8,12.5
10397,11540,5,8,0.0
10397,11540,6,8,25.0
10397,11540,7,8,12.5
10397,11618,1,90,12.222222222222221
10397,11618,2,88,13.636363636363635
10397,11618,3,70,14.285714285714285
10397,11618,4,72,28.169014084507044
10397,11618,5,72,13.88888888888889
10397,11618,6,56,30.357142857142854
10397,11618,7,72,8.333333333333332
10397,11624,1,20,0.0
10397,11624,2,20,5.0
10397,11624,3,16,6.25
10397,11624,4,16,12.5
10397,11624,5,16,0.0
10397,11624,6,16,6.25
10397,11624,7,16,6.25
10397,11638,1,1,0.0
10397,11638,4,1,0.0
10397,11638,5,1,0.0
10397,11638,6,1,0.0
10397,11638,7,1,0.0
10397,11697,1,78,12.82051282051282
10397,11697,2,70,8.571428571428571
10397,11697,3,56,19.642857142857142
10397,11697,4,67,20.8955223880597
10397,11697,5,63,17.46031746031746
10397,11697,6,56,10.714285714285714
10397,11697,7,63,15.873015873015872
10397,11775,1,5,20.0
10397,11775,2,5,20.0
10397,11775,3,4,50.0
10397,11775,4,4,0.0
10397,11775,5,4,25.0
10397,11775,6,4,25.0
10397,11775,7,4,0.0
10397,11823,1,15,0.0
10397,11823,2,14,14.285714285714285
10397,11823,3,11,18.181818181818183
10397,11823,4,11,9.090909090909092
10397,11823,5,11,18.181818181818183
10397,11823,6,8,0.0
10397,11823,7,12,8.333333333333332
10397,11884,1,5,0.0
10397,11884,2,5,20.0
10397,11884,3,4,0.0
10397,11884,4,7,0.0
10397,11884,5,7,28.57142857142857
10397,11884,6,4,0.0
10397,11884,7,7,0.0
10397,11953,1,23,4.3478260869565215
10397,11953,2,23,8.695652173913043
10397,11953,3,18,5.555555555555555
10397,11953,4,19,10.526315789473683
10397,11953,5,19,0.0
10397,11953,6,16,12.5
10397,11953,7,19,5.263157894736842
10397,11973,1,18,16.666666666666664
10397,11973,2,18,0.0
10397,11973,3,14,7.142857142857142
10397,11973,4,15,20.0
10397,11973,5,15,13.333333333333334
10397,11973,6,12,16.666666666666664
10397,11973,7,15,13.333333333333334
10397,11977,1,5,20.0
10397,11977,2,5,0.0
10397,11977,3,4,0.0
10397,11977,4,4,25.0
10397,11977,5,4,25.0
10397,11977,6,4,0.0
10397,11977,7,4,0.0
10397,11986,1,20,0.0
10397,11986,2,18,0.0
10397,11986,3,15,13.333333333333334
10397,11986,4,15,6.666666666666667
10397,11986,5,15,26.666666666666668
10397,11986,6,12,8.333333333333332
10397,11986,7,16,6.25
10397,11995,1,41,7.317073170731707
10397,11995,2,38,7.894736842105263
10397,11995,3,30,6.666666666666667
10397,11995,4,34,11.76470588235294
10397,11995,5,34,0.0
10397,11995,6,28,10.714285714285714
10397,11995,7,34,11.76470588235294
10397,11996,1,41,4.878048780487805
10397,11996,2,38,2.631578947368421
10397,11996,3,30,6.666666666666667
10397,11996,4,34,11.76470588235294
10397,11996,5,33,6.0606060606060606
10397,11996,6,28,14.285714285714285
10397,11996,7,34,29.411764705882355
10397,12124,1,5,0.0
10397,12124,2,5,20.0
10397,12124,3,4,0.0
10397,12124,4,4,50.0
10397,12124,5,4,0.0
10397,12124,6,4,0.0
10397,12124,7,4,0.0
10397,12173,1,5,40.0
10397,12173,2,5,40.0
10397,12173,3,4,0.0
10397,12173,4,4,50.0
10397,12173,5,4,25.0
10397,12173,6,4,25.0
10397,12173,7,4,25.0
10397,12191,1,45,13.333333333333334
10397,12191,2,40,12.5
10397,12191,3,32,12.5
10397,12191,4,36,2.7777777777777777
10397,12191,5,37,16.216216216216218
10397,12191,6,28,14.285714285714285
10397,12191,7,32,12.5
10397,12197,1,10,10.0
10397,12197,2,10,10.0
10397,12197,3,8,0.0
10397,12197,4,8,25.0
10397,12197,5,8,25.0
10397,12197,6,8,12.5
10397,12197,7,8,0.0
10397,12217,1,29,3.4482758620689653
10397,12217,2,26,7.6923076923076925
10397,12217,3,21,0.0
10397,12217,4,25,12.0
10397,12217,5,26,7.6923076923076925
10397,12217,6,20,25.0
10397,12217,7,26,11.538461538461538
10397,12264,1,56,19.642857142857142
10397,12264,2,48,10.416666666666668
10397,12264,3,38,15.789473684210526
10397,12264,4,46,17.391304347826086
10397,12264,5,46,21.73913043478261
10397,12264,6,35,17.142857142857142
10397,12264,7,46,17.391304347826086
10397,12266,1,67,19.402985074626866
10397,12266,2,59,8.47457627118644
10397,12266,3,46,10.869565217391305
10397,12266,4,55,10.909090909090908
10397,12266,5,55,14.814814814814813
10397,12266,6,48,10.416666666666668
10397,12266,7,54,20.37037037037037
10397,12278,1,20,15.0
10397,12278,2,19,5.263157894736842
10397,12278,3,15,6.666666666666667
10397,12278,4,15,13.333333333333334
10397,12278,5,15,0.0
10397,12278,6,12,16.666666666666664
10397,12278,7,16,0.0
10397,12323,1,20,0.0
10397,12323,2,20,0.0
10397,12323,3,16,6.25
10397,12323,4,16,18.75
10397,12323,5,15,6.666666666666667
10397,12323,6,12,16.666666666666664
10397,12323,7,15,33.33333333333333
10397,12339,1,51,1.9607843137254901
10397,12339,2,43,9.30232558139535
10397,12339,3,34,11.76470588235294
10397,12339,4,38,15.789473684210526
10397,12339,5,42,7.142857142857142
10397,12339,6,32,9.375
10397,12339,7,38,7.894736842105263
10397,12441,1,5,20.0
10397,12441,2,5,40.0
10397,12441,3,4,0.0
10397,12441,4,4,0.0
10397,12441,5,4,0.0
10397,12441,6,4,25.0
10397,12441,7,4,25.0
10397,12448,1,30,20.0
10397,12448,2,30,6.666666666666667
10397,12448,3,24,4.166666666666666
10397,12448,4,24,8.333333333333332
10397,12448,5,24,12.5
10397,12448,6,20,10.0
10397,12448,7,24,8.333333333333332
10397,12451,1,51,11.76470588235294
10397,12451,2,45,8.88888888888889
10397,12451,3,38,15.789473684210526
10397,12451,4,46,17.391304347826086
10397,12451,5,41,19.51219512195122
10397,12451,6,36,22.22222222222222
10397,12451,7,46,10.869565217391305
10397,12478,1,65,10.76923076923077
10397,12478,2,65,12.307692307692308
10397,12478,3,52,9.615384615384617
10397,12478,4,49,28.57142857142857
10397,12478,5,52,17.307692307692307
10397,12478,6,49,16.666666666666664
10397,12478,7,55,14.545454545454545
10397,12889,1,70,20.0
10397,12889,2,59,10.16949152542373
10397,12889,3,47,14.893617021276595
10397,12889,4,54,24.074074074074073
10397,12889,5,58,29.310344827586203
10397,12889,6,47,21.27659574468085
10397,12889,7,54,16.666666666666664
10397,12892,1,78,15.384615384615385
10397,12892,2,70,11.428571428571429
10397,12892,3,56,17.857142857142858
10397,12892,4,64,18.75
10397,12892,5,64,21.875
10397,12892,6,58,20.689655172413794
10397,12892,7,65,16.923076923076923
10397,12945,1,33,12.121212121212121
10397,12945,2,30,10.0
10397,12945,3,24,0.0
10397,12945,4,27,3.7037037037037033
10397,12945,5,27,18.51851851851852
10397,12945,6,24,0.0
10397,12945,7,27,11.11111111111111
10397,12951,1,5,0.0
10397,12951,2,5,0.0
10397,12951,3,4,50.0
10397,12951,4,4,25.0
10397,12951,5,4,0.0
10397,12951,6,1,0.0
10397,12951,7,4,0.0
10397,12953,1,128,7.8125
10397,12953,2,129,8.527131782945736
10397,12953,3,107,13.084112149532709
10397,12953,4,108,23.364485981308412
10397,12953,5,108,10.185185185185185
10397,12953,6,64,18.75
10397,12953,7,100,15.0
10397,12992,1,33,9.090909090909092
10397,12992,2,30,3.3333333333333335
10397,12992,3,24,8.333333333333332
10397,12992,4,27,7.4074074074074066
10397,12992,5,27,14.814814814814813
10397,12992,6,24,0.0
10397,12992,7,27,18.51851851851852
10397,13198,1,53,5.660377358490567
10397,13198,2,45,11.11111111111111
10397,13198,3,36,13.88888888888889
10397,13198,4,43,9.30232558139535
10397,13198,5,43,16.27906976744186
10397,13198,6,32,6.25
10397,13198,7,39,5.128205128205128
10397,13204,1,99,21.21212121212121
10397,13204,2,80,13.750000000000002
10397,13204,3,70,14.285714285714285
10397,13204,4,82,25.609756097560975
10397,13204,5,79,22.78481012658228
10397,13204,6,72,22.22222222222222
10397,13204,7,81,24.691358024691358
10397,13230,1,14,7.142857142857142
10397,13230,2,14,7.142857142857142
10397,13230,3,11,9.090909090909092
10397,13230,4,11,27.27272727272727
10397,13230,5,11,0.0
10397,13230,6,8,12.5
10397,13230,7,12,16.666666666666664
10397,13232,1,53,13.20754716981132
10397,13232,2,48,6.25
10397,13232,3,38,2.631578947368421
10397,13232,4,43,6.976744186046512
10397,13232,5,43,13.953488372093023
10397,13232,6,28,17.857142857142858
10397,13232,7,39,7.6923076923076925
10397,13244,1,46,13.043478260869565
10397,13244,2,43,9.30232558139535
10397,13244,3,34,14.705882352941178
10397,13244,4,38,15.789473684210526
10397,13244,5,38,0.0
10397,13244,6,32,12.5
10397,13244,7,38,13.157894736842104
10397,13277,1,10,10.0
10397,13277,2,10,10.0
10397,13277,3,8,25.0
10397,13277,4,8,0.0
10397,13277,5,8,0.0
10397,13277,6,8,0.0
10397,13277,7,8,25.0
10397,13303,1,78,23.076923076923077
10397,13303,2,61,11.475409836065573
10397,13303,3,48,22.916666666666664
10397,13303,4,59,27.11864406779661
10397,13303,5,63,20.634920634920633
10397,13303,6,53,15.09433962264151
10397,13303,7,59,16.94915254237288
10397,13342,1,33,18.181818181818183
10397,13342,2,29,0.0
10397,13342,3,23,4.3478260869565215
10397,13342,4,26,11.538461538461538
10397,13342,5,26,7.6923076923076925
10397,13342,6,23,4.3478260869565215
10397,13342,7,27,11.11111111111111
10397,13360,1,20,10.0
10397,13360,2,20,20.0
10397,13360,3,16,12.5
10397,13360,4,16,12.5
10397,13360,5,16,12.5
10397,13360,6,16,18.75
10397,13360,7,16,6.25
10397,13422,1,13,7.6923076923076925
10397,13422,2,13,7.6923076923076925
10397,13422,3,10,30.0
10397,13422,4,11,27.27272727272727
10397,13422,5,11,27.27272727272727
10397,13422,6,9,0.0
10397,13422,7,11,27.27272727272727
10397,13485,1,15,6.666666666666667
10397,13485,2,14,7.142857142857142
10397,13485,3,11,9.090909090909092
10397,13485,4,11,27.27272727272727
10397,13485,5,11,9.090909090909092
10397,13485,6,8,12.5
10397,13485,7,12,8.333333333333332
10397,13487,1,55,10.909090909090908
10397,13487,2,45,8.88888888888889
10397,13487,3,37,5.405405405405405
10397,13487,4,43,23.25581395348837
10397,13487,5,40,7.5
10397,13487,6,38,15.789473684210526
10397,13487,7,45,11.11111111111111
10397,13495,1,57,8.771929824561402
10397,13495,2,45,15.555555555555555
10397,13495,3,36,5.555555555555555
10397,13495,4,43,13.953488372093023
10397,13495,5,47,10.638297872340425
10397,13495,6,33,15.151515151515152
10397,13495,7,43,11.627906976744185
10397,13577,1,20,5.0
10397,13577,2,20,10.0
10397,13577,3,16,6.25
10397,13577,4,16,18.75
10397,13577,5,16,12.5
10397,13577,6,12,8.333333333333332
10397,13577,7,16,6.25
10397,13851,1,23,8.695652173913043
10397,13851,2,23,4.3478260869565215
10397,13851,3,18,5.555555555555555
10397,13851,4,19,21.052631578947366
10397,13851,5,20,10.0
10397,13851,6,16,12.5
10397,13851,7,21,4.761904761904762
10397,13871,1,23,4.3478260869565215
10397,13871,2,23,13.043478260869565
10397,13871,3,18,0.0
10397,13871,4,19,26.31578947368421
10397,13871,5,19,5.263157894736842
10397,13871,6,16,6.25
10397,13871,7,19,5.263157894736842
10397,13891,1,13,23.076923076923077
10397,13891,2,13,23.076923076923077
10397,13891,3,10,20.0
10397,13891,4,11,18.181818181818183
10397,13891,5,11,0.0
10397,13891,6,8,25.0
10397,13891,7,11,9.090909090909092
10397,13930,1,97,11.34020618556701
10397,13930,2,85,10.588235294117647
10397,13930,3,68,13.23529411764706
10397,13930,4,74,12.162162162162163
10397,13930,5,79,20.253164556962027
10397,13930,6,63,29.03225806451613
10397,13930,7,75,16.0
10397,13931,1,46,4.3478260869565215
10397,13931,2,38,10.526315789473683
10397,13931,3,30,10.0
10397,13931,4,38,15.789473684210526
10397,13931,5,37,27.027027027027028
10397,13931,6,28,14.285714285714285
10397,13931,7,36,16.666666666666664
10397,14027,1,51,11.76470588235294
10397,14027,2,43,9.30232558139535
10397,14027,3,34,11.76470588235294
10397,14027,4,38,26.31578947368421
10397,14027,5,42,14.285714285714285
10397,14027,6,35,8.571428571428571
10397,14027,7,38,21.052631578947366
10397,14057,1,25,12.0
10397,14057,2,24,0.0
10397,14057,3,19,0.0
10397,14057,4,19,0.0
10397,14057,5,19,15.789473684210526
10397,14057,6,19,10.526315789473683
10397,14057,7,20,10.0
10397,14100,1,84,11.904761904761903
10397,14100,2,61,8.19672131147541
10397,14100,3,48,18.75
10397,14100,4,65,34.375
10397,14100,5,68,13.23529411764706
10397,14100,6,44,9.30232558139535
10397,14100,7,66,13.636363636363635
10397,14107,1,55,21.818181818181817
10397,14107,2,44,9.090909090909092
10397,14107,3,35,28.57142857142857
10397,14107,4,38,23.684210526315788
10397,14107,5,39,23.076923076923077
10397,14107,6,35,25.71428571428571
10397,14107,7,45,17.77777777777778
10397,14122,1,41,9.75609756097561
10397,14122,2,38,7.894736842105263
10397,14122,3,30,3.3333333333333335
10397,14122,4,34,11.76470588235294
10397,14122,5,34,14.705882352941178
10397,14122,6,24,12.5
10397,14122,7,34,14.705882352941178
10397,14193,1,38,0.0
10397,14193,2,35,5.714285714285714
10397,14193,3,28,14.285714285714285
10397,14193,4,31,6.451612903225806
10397,14193,5,31,19.35483870967742
10397,14193,6,28,10.714285714285714
10397,14193,7,31,9.67741935483871
10397,14307,1,15,20.0
10397,14307,2,14,0.0
10397,14307,3,11,9.090909090909092
10397,14307,4,11,9.090909090909092
10397,14307,5,11,9.090909090909092
10397,14307,6,8,0.0
10397,14307,7,12,16.666666666666664
10397,14321,1,10,0.0
10397,14321,2,10,0.0
10397,14321,3,8,12.5
10397,14321,4,8,25.0
10397,14321,5,8,12.5
10397,14321,6,9,11.11111111111111
10397,14321,7,8,12.5
10397,14457,6,1,0.0
10397,14492,1,71,5.633802816901409
10397,14492,2,59,6.779661016949152
10397,14492,3,50,4.0
10397,14492,4,58,12.068965517241379
10397,14492,5,57,12.280701754385964
10397,14492,6,48,12.5
10397,14492,7,58,8.620689655172415
10397,14524,1,36,16.666666666666664
10397,14524,2,33,9.090909090909092
10397,14524,3,26,19.230769230769234
10397,14524,4,30,13.333333333333334
10397,14524,5,30,16.666666666666664
10397,14524,6,24,29.166666666666668
10397,14524,7,30,26.666666666666668
10397,14570,1,5,40.0
10397,14570,4,4,50.0
10397,14570,5,4,0.0
10397,14570,6,4,50.0
10397,14570,7,4,0.0
10397,14574,1,5,0.0
10397,14574,2,5,0.0
10397,14574,3,4,25.0
10397,14574,4,4,25.0
10397,14574,5,4,0.0
10397,14574,6,4,0.0
10397,14574,7,4,0.0
10397,14576,1,15,13.333333333333334
10397,14576,2,14,7.142857142857142
10397,14576,3,11,18.181818181818183
10397,14576,4,11,18.181818181818183
10397,14576,5,11,18.181818181818183
10397,14576,6,8,25.0
10397,14576,7,12,25.0
10397,14635,1,33,18.181818181818183
10397,14635,2,30,3.3333333333333335
10397,14635,3,24,4.166666666666666
10397,14635,4,31,19.35483870967742
10397,14635,5,27,11.11111111111111
10397,14635,6,24,12.5
10397,14635,7,31,16.129032258064516
10397,14679,1,38,13.157894736842104
10397,14679,2,34,14.705882352941178
10397,14679,3,27,18.51851851851852
10397,14679,4,30,36.666666666666664
10397,14679,5,30,30.0
10397,14679,6,27,14.814814814814813
10397,14679,7,31,22.58064516129032
10397,14683,1,48,16.666666666666664
10397,14683,2,39,12.82051282051282
10397,14683,3,31,9.67741935483871
10397,14683,4,38,23.684210526315788
10397,14683,5,38,7.894736842105263
10397,14683,6,31,9.67741935483871
10397,14683,7,35,14.285714285714285
10397,14685,1,38,2.631578947368421
10397,14685,2,35,5.714285714285714
10397,14685,3,28,3.571428571428571
10397,14685,4,31,6.451612903225806
10397,14685,5,31,16.129032258064516
10397,14685,6,25,8.0
10397,14685,7,31,3.225806451612903
10397,14689,1,5,20.0
10397,14689,2,5,60.0
10397,14689,3,4,100.0
10397,14689,4,4,50.0
10397,14689,5,4,75.0
10397,14689,6,4,25.0
10397,14689,7,4,50.0
10397,14696,1,15,0.0
10397,14696,2,13,7.6923076923076925
10397,14696,3,10,10.0
10397,14696,4,11,18.181818181818183
10397,14696,5,11,0.0
10397,14696,6,8,25.0
10397,14696,7,13,15.384615384615385
10397,14730,1,38,2.631578947368421
10397,14730,2,35,5.714285714285714
10397,14730,3,28,10.714285714285714
10397,14730,4,31,3.225806451612903
10397,14730,5,31,0.0
10397,14730,6,28,14.285714285714285
10397,14730,7,31,9.67741935483871
10397,14747,1,49,14.285714285714285
10397,14747,2,43,6.976744186046512
10397,14747,3,34,17.647058823529413
10397,14747,4,39,7.6923076923076925
10397,14747,5,39,15.384615384615385
10397,14747,6,39,5.128205128205128
10397,14747,7,40,10.0
10397,14771,1,51,21.568627450980394
10397,14771,2,37,16.216216216216218
10397,14771,3,33,15.151515151515152
10397,14771,4,42,16.666666666666664
10397,14771,5,41,19.51219512195122
10397,14771,6,31,19.35483870967742
10397,14771,7,42,23.809523809523807
10397,14783,1,15,26.666666666666668
10397,14783,2,15,26.666666666666668
10397,14783,3,12,8.333333333333332
10397,14783,4,12,25.0
10397,14783,5,12,16.666666666666664
10397,14783,6,9,0.0
10397,14783,7,12,41.66666666666667
10397,14814,1,23,0.0
10397,14814,2,22,13.636363636363635
10397,14814,3,17,6.25
10397,14814,4,18,11.11111111111111
10397,14814,5,18,5.555555555555555
10397,14814,6,15,20.0
10397,14814,7,19,0.0
10397,14831,1,13,0.0
10397,14831,2,13,0.0
10397,14831,3,10,10.0
10397,14831,4,11,0.0
10397,14831,5,11,0.0
10397,14831,6,8,12.5
10397,14831,7,11,18.181818181818183
10397,14843,1,21,19.047619047619047
10397,14843,2,15,26.666666666666668
10397,14843,3,12,16.666666666666664
10397,14843,4,20,25.0
10397,14843,5,20,20.0
10397,14843,6,20,35.0
10397,14843,7,20,25.0
10397,14869,1,40,15.0
10397,14869,2,40,10.0
10397,14869,3,32,3.125
10397,14869,4,32,9.375
10397,14869,5,32,18.75
10397,14869,6,34,5.88235294117647
10397,14869,7,32,6.25
10397,14893,1,13,0.0
10397,14893,2,13,15.384615384615385
10397,14893,3,10,10.0
10397,14893,4,11,0.0
10397,14893,5,11,18.181818181818183
10397,14893,6,8,25.0
10397,14893,7,11,0.0
10397,14908,1,20,40.0
10397,14908,2,15,13.333333333333334
10397,14908,3,12,16.666666666666664
10397,14908,4,16,50.0
10397,14908,5,16,25.0
10397,14908,6,8,12.5
10397,14908,7,16,25.0
10397,14986,1,28,17.857142857142858
10397,14986,2,25,4.0
10397,14986,3,20,0.0
10397,14986,4,23,8.695652173913043
10397,14986,5,23,17.391304347826086
10397,14986,6,20,10.0
10397,14986,7,23,13.043478260869565
10397,15016,1,61,4.918032786885246
10397,15016,2,48,6.25
10397,15016,3,38,0.0
10397,15016,4,50,12.0
10397,15016,5,46,4.3478260869565215
10397,15016,6,28,3.571428571428571
10397,15016,7,46,19.565217391304348
10397,15024,1,5,0.0
10397,15024,2,5,20.0
10397,15024,3,4,0.0
10397,15024,4,4,25.0
10397,15024,5,4,25.0
10397,15024,6,8,25.0
10397,15024,7,4,0.0
10397,15096,1,20,25.0
10397,15096,2,14,7.142857142857142
10397,15096,3,11,9.090909090909092
10397,15096,4,11,9.090909090909092
10397,15096,5,15,26.666666666666668
10397,15096,6,8,0.0
10397,15096,7,12,16.666666666666664
10397,15249,1,25,4.0
10397,15249,2,25,8.0
10397,15249,3,20,5.0
10397,15249,4,20,30.0
10397,15249,5,20,10.0
10397,15249,6,17,11.76470588235294
10397,15249,7,19,5.263157894736842
10397,15304,1,77,12.987012987012985
10397,15304,2,56,12.5
10397,15304,3,46,10.869565217391305
10397,15304,4,66,21.21212121212121
10397,15304,5,65,13.846153846153847
10397,15304,6,56,26.785714285714285
10397,15304,7,67,25.37313432835821
10397,15323,1,16,6.25
10397,15323,2,16,12.5
10397,15323,3,13,15.384615384615385
10397,15323,4,14,14.285714285714285
10397,15323,5,14,28.57142857142857
10397,15323,6,7,0.0
10397,15323,7,14,21.428571428571427
10397,15356,1,5,0.0
10397,15356,4,4,0.0
10397,15356,5,4,0.0
10397,15356,7,4,50.0
10397,15370,1,23,8.695652173913043
10397,15370,2,23,4.3478260869565215
10397,15370,3,18,16.666666666666664
10397,15370,4,19,5.263157894736842
10397,15370,5,19,21.052631578947366
10397,15370,6,16,18.75
10397,15370,7,19,15.789473684210526
10397,15376,1,10,0.0
10397,15376,2,10,10.0
10397,15376,3,8,25.0
10397,15376,4,8,12.5
10397,15376,5,8,12.5
10397,15376,6,8,0.0
10397,15376,7,8,37.5
10397,15380,1,1,0.0
10397,15380,6,1,0.0
10397,15380,7,1,0.0
10397,15412,1,28,10.714285714285714
10397,15412,2,25,12.0
10397,15412,3,20,15.0
10397,15412,4,23,17.391304347826086
10397,15412,5,23,13.043478260869565
10397,15412,6,12,0.0
10397,15412,7,23,8.695652173913043
10397,15624,1,33,6.0606060606060606
10397,15624,2,30,0.0
10397,15624,3,24,4.166666666666666
10397,15624,4,27,11.11111111111111
10397,15624,5,27,3.7037037037037033
10397,15624,6,24,4.166666666666666
10397,15624,7,27,11.11111111111111
10397,15919,1,10,20.0
10397,15919,2,10,0.0
10397,15919,3,7,14.285714285714285
10397,15919,4,7,28.57142857142857
10397,15919,5,8,25.0
10397,15919,6,7,14.285714285714285
10397,15919,7,9,33.33333333333333
10408,10397,1,5,0.0
10408,10397,2,5,0.0
10408,10397,3,4,0.0
10408,10397,4,4,0.0
10408,10397,5,4,0.0
10408,10397,6,4,0.0
10408,10397,7,4,0.0
10408,10466,2,2,0.0
10408,10466,4,4,0.0
10408,10466,6,2,0.0
10408,10466,7,4,0.0
10408,10693,1,5,60.0
10408,10693,5,4,0.0
10408,11057,1,5,0.0
10408,11057,2,5,20.0
10408,11057,3,4,0.0
10408,11057,4,4,25.0
10408,11057,5,4,0.0
10408,11057,6,4,0.0
10408,11057,7,4,25.0
10408,11292,1,5,0.0
10408,11292,2,5,0.0
10408,11292,3,4,0.0
10408,11292,4,8,37.5
10408,11292,5,4,25.0
10408,11292,6,4,0.0
10408,11292,7,8,12.5
10408,11298,1,5,20.0
10408,11298,2,5,0.0
10408,11298,3,4,0.0
10408,11298,4,4,0.0
10408,11298,5,4,0.0
10408,11298,6,4,0.0
10408,11298,7,4,0.0
10408,11433,1,15,6.666666666666667
10408,11433,2,15,0.0
10408,11433,3,12,8.333333333333332
10408,11433,4,12,8.333333333333332
10408,11433,5,12,8.333333333333332
10408,11433,6,12,8.333333333333332
10408,11433,7,12,25.0
10408,12889,1,3,0.0
10408,12889,4,4,0.0
10408,12889,5,2,50.0
10408,12889,7,4,25.0
10408,13487,1,15,33.33333333333333
10408,13487,2,15,13.333333333333334
10408,13487,3,12,25.0
10408,13487,4,12,50.0
10408,13487,5,12,25.0
10408,13487,6,12,16.666666666666664
10408,13487,7,12,25.0
10408,13930,1,22,27.27272727272727
10408,13930,2,21,19.047619047619047
10408,13930,3,15,6.666666666666667
10408,13930,4,17,17.647058823529413
10408,13930,5,18,22.22222222222222
10408,13930,6,18,27.77777777777778
10408,13930,7,18,16.666666666666664
10408,14057,1,1,0.0
10408,14057,4,4,0.0
10408,14057,7,4,0.0
10408,14082,4,4,25.0
10408,14082,7,4,25.0
10408,14112,1,5,40.0
10408,14112,5,4,25.0
10408,14761,1,5,60.0
10408,14761,3,3,100.0
10408,14761,5,4,0.0
10409,11292,1,5,20.0
10409,11292,2,5,60.0
10409,11292,3,4,25.0
10409,11292,4,4,50.0
10409,11292,5,4,25.0
10409,11292,6,4,0.0
10409,11292,7,4,50.0
10409,13487,1,5,0.0
10409,13487,2,5,0.0
10409,13487,3,4,0.0
10409,13487,4,4,0.0
10409,13487,5,4,0.0
10409,13487,6,4,0.0
10409,13487,7,4,0.0
10423,10140,1,10,40.0
10423,10140,2,10,10.0
10423,10140,3,8,12.5
10423,10140,4,8,37.5
10423,10140,5,8,25.0
10423,10140,6,4,0.0
10423,10140,7,12,8.333333333333332
10423,10279,1,5,20.0
10423,10279,4,4,0.0
10423,10279,5,4,0.0
10423,10279,7,4,25.0
10423,10397,1,68,13.23529411764706
10423,10397,2,60,0.0
10423,10397,3,48,8.333333333333332
10423,10397,4,55,9.090909090909092
10423,10397,5,55,10.909090909090908
10423,10397,6,44,4.545454545454546
10423,10397,7,55,18.181818181818183
10423,10431,1,2,0.0
10423,10431,5,1,0.0
10423,10693,1,40,17.5
10423,10693,2,40,5.0
10423,10693,3,32,9.375
10423,10693,4,32,25.0
10423,10693,5,32,15.625
10423,10693,6,20,5.0
10423,10693,7,32,15.625
10423,10721,1,25,36.0
10423,10721,2,25,20.0
10423,10721,3,20,52.63157894736842
10423,10721,4,20,47.368421052631575
10423,10721,5,20,45.0
10423,10721,6,8,12.5
10423,10721,7,19,52.63157894736842
10423,10800,1,5,20.0
10423,10800,2,5,0.0
10423,10800,3,4,25.0
10423,10800,4,4,50.0
10423,10800,5,4,75.0
10423,10800,6,4,25.0
10423,10800,7,4,50.0
10423,10821,1,20,15.0
10423,10821,2,15,6.666666666666667
10423,10821,3,12,0.0
10423,10821,4,16,18.75
10423,10821,5,16,18.75
10423,10821,6,12,8.333333333333332
10423,10821,7,16,12.5
10423,11042,4,4,50.0
10423,11042,7,4,75.0
10423,11057,1,21,19.047619047619047
10423,11057,2,20,5.0
10423,11057,3,16,6.25
10423,11057,4,19,10.526315789473683
10423,11057,5,16,18.75
10423,11057,6,16,13.333333333333334
10423,11057,7,20,25.0
10423,11066,1,5,0.0
10423,11066,2,5,0.0
10423,11066,3,4,0.0
10423,11066,4,4,0.0
10423,11066,5,4,0.0
10423,11066,6,4,25.0
10423,11066,7,4,0.0
10423,11193,1,5,40.0
10423,11193,4,3,0.0
10423,11193,5,4,25.0
10423,11193,7,3,0.0
10423,11259,1,35,11.428571428571429
10423,11259,2,30,6.666666666666667
10423,11259,3,24,8.333333333333332
10423,11259,4,28,3.571428571428571
10423,11259,5,28,25.0
10423,11259,6,16,6.25
10423,11259,7,28,25.0
10423,11278,1,5,0.0
10423,11278,2,5,20.0
10423,11278,3,4,25.0
10423,11278,4,4,25.0
10423,11278,5,4,25.0
10423,11278,6,4,0.0
10423,11278,7,4,50.0
10423,11292,1,74,17.56756756756757
10423,11292,2,55,18.867924528301888
10423,11292,3,44,22.727272727272727
10423,11292,4,60,18.333333333333332
10423,11292,5,60,20.0
10423,11292,6,32,9.375
10423,11292,7,52,17.647058823529413
10423,11298,1,60,30.508474576271187
10423,11298,2,58,10.344827586206897
10423,11298,3,47,19.565217391304348
10423,11298,4,54,18.51851851851852
10423,11298,5,48,27.27272727272727
10423,11298,6,47,13.333333333333334
10423,11298,7,56,27.27272727272727
10423,11423,4,4,0.0
10423,11423,7,4,75.0
10423,11433,1,23,21.73913043478261
10423,11433,2,18,5.555555555555555
10423,11433,3,14,0.0
10423,11433,4,15,0.0
10423,11433,5,19,0.0
10423,11433,6,12,0.0
10423,11433,7,15,0.0
10423,11481,1,10,10.0
10423,11481,2,5,20.0
10423,11481,3,4,0.0
10423,11481,4,8,0.0
10423,11481,5,8,25.0
10423,11481,6,8,0.0
10423,11481,7,8,12.5
10423,11540,1,15,6.666666666666667
10423,11540,2,15,6.666666666666667
10423,11540,3,12,16.666666666666664
10423,11540,4,12,8.333333333333332
10423,11540,5,12,8.333333333333332
10423,11540,6,8,25.0
10423,11540,7,12,8.333333333333332
10423,11618,1,28,7.142857142857142
10423,11618,2,25,12.0
10423,11618,3,21,9.523809523809524
10423,11618,4,24,33.33333333333333
10423,11618,5,24,0.0
10423,11618,6,16,33.33333333333333
10423,11618,7,21,9.523809523809524
10423,11697,1,10,0.0
10423,11697,2,5,0.0
10423,11697,3,4,0.0
10423,11697,4,8,12.5
10423,11697,5,8,37.5
10423,11697,6,8,12.5
10423,11697,7,8,12.5
10423,11986,1,5,0.0
10423,11986,5,4,50.0
10423,12191,1,25,28.000000000000004
10423,12191,2,20,25.0
10423,12191,3,16,25.0
10423,12191,4,20,25.0
10423,12191,5,19,31.57894736842105
10423,12191,6,16,12.5
10423,12191,7,20,10.0
10423,12206,1,10,10.0
10423,12206,2,10,0.0
10423,12206,3,8,25.0
10423,12206,4,8,12.5
10423,12206,5,8,25.0
10423,12206,6,4,0.0
10423,12206,7,4,0.0
10423,12264,1,19,0.0
10423,12264,2,18,0.0
10423,12264,3,16,6.25
10423,12264,4,16,0.0
10423,12264,5,15,0.0
10423,12264,6,11,18.181818181818183
10423,12264,7,15,0.0
10423,12266,1,40,30.0
10423,12266,2,39,23.076923076923077
10423,12266,3,32,18.75
10423,12266,4,32,21.875
10423,12266,5,32,19.35483870967742
10423,12266,6,30,20.0
10423,12266,7,32,25.0
10423,12339,1,15,13.333333333333334
10423,12339,2,10,20.0
10423,12339,3,8,0.0
10423,12339,4,12,25.0
10423,12339,5,12,0.0
10423,12339,6,8,12.5
10423,12339,7,12,8.333333333333332
10423,12451,1,5,0.0
10423,12451,2,5,0.0
10423,12451,3,4,0.0
10423,12451,4,4,25.0
10423,12451,5,4,25.0
10423,12451,6,4,0.0
10423,12451,7,4,0.0
10423,12478,1,30,0.0
10423,12478,2,30,6.666666666666667
10423,12478,3,23,8.695652173913043
10423,12478,4,24,20.833333333333336
10423,12478,5,24,8.333333333333332
10423,12478,6,20,20.0
10423,12478,7,23,13.043478260869565
10423,12889,1,44,20.454545454545457
10423,12889,2,30,6.666666666666667
10423,12889,3,24,20.833333333333336
10423,12889,4,32,37.5
10423,12889,5,36,42.857142857142854
10423,12889,6,20,20.0
10423,12889,7,32,18.75
10423,12892,1,48,4.166666666666666
10423,12892,2,44,4.545454545454546
10423,12892,3,30,6.666666666666667
10423,12892,4,42,9.523809523809524
10423,12892,5,39,17.94871794871795
10423,12892,6,27,7.4074074074074066
10423,12892,7,40,12.5
10423,12896,1,5,0.0
10423,12896,2,5,0.0
10423,12896,3,4,0.0
10423,12896,4,4,0.0
10423,12896,5,4,50.0
10423,12896,7,4,25.0
10423,12954,1,10,0.0
10423,12954,2,5,0.0
10423,12954,3,4,0.0
10423,12954,4,8,25.0
10423,12954,5,8,37.5
10423,12954,6,4,0.0
10423,12954,7,4,25.0
10423,13158,1,20,5.0
10423,13158,2,20,5.0
10423,13158,3,16,12.5
10423,13158,4,16,12.5
10423,13158,5,16,12.5
10423,13158,6,7,14.285714285714285
10423,13158,7,15,40.0
10423,13198,1,15,13.333333333333334
10423,13198,2,10,10.0
10423,13198,3,8,12.5
10423,13198,4,12,16.666666666666664
10423,13198,5,12,25.0
10423,13198,6,4,0.0
10423,13198,7,8,25.0
10423,13204,1,30,16.666666666666664
10423,13204,2,25,8.0
10423,13204,3,20,5.0
10423,13204,4,24,16.666666666666664
10423,13204,5,22,9.090909090909092
10423,13204,6,16,12.5
10423,13204,7,20,15.0
10423,13232,1,20,5.0
10423,13232,2,15,13.333333333333334
10423,13232,3,12,16.666666666666664
10423,13232,4,16,12.5
10423,13232,5,17,17.647058823529413
10423,13232,6,8,12.5
10423,13232,7,16,6.25
10423,13244,1,5,0.0
10423,13244,2,5,0.0
10423,13244,3,4,25.0
10423,13244,4,4,25.0
10423,13244,5,4,0.0
10423,13244,6,4,25.0
10423,13244,7,4,0.0
10423,13256,1,15,6.666666666666667
10423,13256,2,15,13.333333333333334
10423,13256,3,12,0.0
10423,13256,4,12,8.333333333333332
10423,13256,5,12,8.333333333333332
10423,13256,6,8,12.5
10423,13256,7,12,8.333333333333332
10423,13303,1,25,20.833333333333336
10423,13303,2,16,6.25
10423,13303,3,11,36.36363636363637
10423,13303,4,20,10.0
10423,13303,5,16,31.25
10423,13303,6,16,6.25
10423,13303,7,20,20.0
10423,13342,1,5,0.0
10423,13342,2,5,0.0
10423,13342,3,4,25.0
10423,13342,4,4,0.0
10423,13342,5,4,0.0
10423,13342,7,4,25.0
10423,13487,1,23,4.3478260869565215
10423,13487,2,23,8.695652173913043
10423,13487,3,18,5.88235294117647
10423,13487,4,19,10.526315789473683
10423,13487,5,19,10.526315789473683
10423,13487,6,12,25.0
10423,13487,7,19,5.263157894736842
10423,13495,1,35,5.714285714285714
10423,13495,2,30,3.3333333333333335
10423,13495,3,24,8.333333333333332
10423,13495,4,28,25.0
10423,13495,5,28,17.857142857142858
10423,13495,6,12,16.666666666666664
10423,13495,7,20,20.0
10423,13796,1,5,40.0
10423,13796,2,5,0.0
10423,13796,3,4,25.0
10423,13796,4,4,25.0
10423,13796,5,4,75.0
10423,13796,7,8,50.0
10423,13851,1,5,0.0
10423,13851,2,5,0.0
10423,13851,3,4,0.0
10423,13851,4,4,0.0
10423,13851,5,4,25.0
10423,13851,6,4,0.0
10423,13851,7,4,25.0
10423,13891,1,5,20.0
10423,13891,2,5,0.0
10423,13891,3,4,25.0
10423,13891,4,4,25.0
10423,13891,5,4,50.0
10423,13891,7,4,75.0
10423,13930,1,50,18.0
10423,13930,2,40,20.0
10423,13930,3,31,25.806451612903224
10423,13930,4,35,22.857142857142858
10423,13930,5,37,16.216216216216218
10423,13930,6,28,40.74074074074074
10423,13930,7,37,21.62162162162162
10423,14057,1,10,10.0
10423,14057,2,5,0.0
10423,14057,3,4,50.0
10423,14057,4,8,25.0
10423,14057,5,8,0.0
10423,14057,6,8,0.0
10423,14057,7,8,0.0
10423,14100,1,24,12.5
10423,14100,2,15,13.333333333333334
10423,14100,3,12,41.66666666666667
10423,14100,4,19,10.526315789473683
10423,14100,5,15,20.0
10423,14100,6,8,25.0
10423,14100,7,20,20.0
10423,14107,1,45,13.333333333333334
10423,14107,2,35,20.0
10423,14107,3,28,25.0
10423,14107,4,36,19.444444444444446
10423,14107,5,36,15.151515151515152
10423,14107,6,24,8.695652173913043
10423,14107,7,32,28.125
10423,14122,1,5,0.0
10423,14122,2,5,40.0
10423,14122,3,4,0.0
10423,14122,4,4,0.0
10423,14122,5,4,0.0
10423,14122,7,4,0.0
10423,14314,4,4,25.0
10423,14314,7,4,25.0
10423,14492,1,5,0.0
10423,14492,2,5,0.0
10423,14492,3,4,0.0
10423,14492,4,4,0.0
10423,14492,5,4,0.0
10423,14492,6,4,0.0
10423,14492,7,4,0.0
10423,14570,1,5,0.0
10423,14570,4,4,25.0
10423,14570,5,4,25.0
10423,14570,7,4,25.0
10423,14679,1,35,17.142857142857142
10423,14679,2,25,16.0
10423,14679,3,20,5.263157894736842
10423,14679,4,24,34.78260869565217
10423,14679,5,28,25.0
10423,14679,6,16,25.0
10423,14679,7,28,10.714285714285714
10423,14747,1,30,10.0
10423,14747,2,25,12.0
10423,14747,3,24,16.666666666666664
10423,14747,4,24,16.666666666666664
10423,14747,5,24,8.333333333333332
10423,14747,6,16,6.25
10423,14747,7,24,25.0
10423,14771,1,41,21.951219512195124
10423,14771,2,36,16.666666666666664
10423,14771,3,28,10.714285714285714
10423,14771,4,33,15.151515151515152
10423,14771,5,33,21.21212121212121
10423,14771,6,24,12.5
10423,14771,7,33,15.151515151515152
10423,14831,1,20,15.0
10423,14831,2,15,13.333333333333334
10423,14831,3,12,25.0
10423,14831,4,16,37.5
10423,14831,5,16,37.5
10423,14831,6,4,25.0
10423,14831,7,12,33.33333333333333
10423,14869,1,25,12.0
10423,14869,2,20,5.0
10423,14869,3,16,0.0
10423,14869,4,19,10.526315789473683
10423,14869,5,19,21.052631578947366
10423,14869,6,16,12.5
10423,14869,7,20,0.0
10423,14893,1,5,20.0
10423,14893,2,5,40.0
10423,14893,3,4,25.0
10423,14893,4,4,25.0
10423,14893,5,4,0.0
10423,14893,6,4,25.0
10423,14893,7,8,37.5
10423,14908,1,5,20.0
10423,14908,2,5,20.0
10423,14908,3,4,0.0
10423,14908,4,4,50.0
10423,14908,5,4,75.0
10423,14908,6,4,0.0
10423,14908,7,4,25.0
10423,15016,1,15,26.666666666666668
10423,15016,2,10,0.0
10423,15016,3,8,0.0
10423,15016,4,12,16.666666666666664
10423,15016,5,12,33.33333333333333
10423,15016,6,4,0.0
10423,15016,7,12,41.66666666666667
10423,15304,1,20,10.0
10423,15304,2,20,5.0
10423,15304,3,16,0.0
10423,15304,4,16,18.75
10423,15304,5,16,18.75
10423,15304,6,8,25.0
10423,15304,7,12,0.0
10423,15370,1,5,40.0
10423,15370,2,5,0.0
10423,15370,3,4,0.0
10423,15370,4,4,25.0
10423,15370,5,4,50.0
10423,15370,6,4,0.0
10423,15370,7,4,50.0
10423,15412,1,3,66.66666666666666
10423,15412,5,2,50.0
10431,10397,1,36,8.333333333333332
10431,10397,2,33,9.090909090909092
10431,10397,3,26,11.538461538461538
10431,10397,4,30,6.666666666666667
10431,10397,5,30,26.666666666666668
10431,10397,6,24,16.666666666666664
10431,10397,7,30,13.333333333333334
10431,10423,1,2,0.0
10431,10423,5,1,100.0
10431,10721,1,7,0.0
10431,10721,3,2,0.0
10431,10721,5,4,0.0
10431,10721,6,8,12.5
10431,10721,7,8,50.0
10431,11057,1,20,10.0
10431,11057,2,20,5.0
10431,11057,3,16,0.0
10431,11057,4,13,30.76923076923077
10431,11057,5,16,25.0
10431,11057,6,12,16.666666666666664
10431,11057,7,12,16.666666666666664
10431,11278,1,10,10.0
10431,11278,2,10,44.44444444444444
10431,11278,3,8,50.0
10431,11278,4,8,28.57142857142857
10431,11278,5,8,37.5
10431,11278,6,8,14.285714285714285
10431,11278,7,8,0.0
10431,11292,1,10,20.0
10431,11292,2,5,40.0
10431,11292,3,4,25.0
10431,11292,4,4,50.0
10431,11292,5,8,25.0
10431,11292,6,4,0.0
10431,11292,7,4,25.0
10431,11298,1,10,40.0
10431,11298,2,10,70.0
10431,11298,3,8,25.0
10431,11298,4,8,25.0
10431,11298,5,8,14.285714285714285
10431,11298,6,8,50.0
10431,11298,7,8,25.0
10431,11618,4,4,0.0
10431,11618,7,4,0.0
10431,11624,2,1,0.0
10431,11624,4,4,0.0
10431,11624,7,4,0.0
10431,11697,1,10,20.0
10431,11697,2,1,0.0
10431,11697,3,4,0.0
10431,11697,4,8,25.0
10431,11697,5,8,25.0
10431,11697,6,4,25.0
10431,11697,7,8,25.0
10431,12264,1,5,0.0
10431,12264,5,4,0.0
10431,12889,4,4,0.0
10431,12889,7,4,0.0
10431,12953,1,5,0.0
10431,12953,2,5,0.0
10431,12953,3,4,25.0
10431,12953,4,4,0.0
10431,12953,5,4,25.0
10431,12953,6,8,25.0
10431,12953,7,8,25.0
10431,13204,1,5,20.0
10431,13204,5,4,0.0
10431,13232,1,5,0.0
10431,13232,5,4,0.0
10431,13303,1,5,40.0
10431,13303,2,5,40.0
10431,13303,3,4,25.0
10431,13303,4,4,50.0
10431,13303,5,4,50.0
10431,13303,6,4,0.0
10431,13303,7,4,25.0
10431,13930,1,21,19.047619047619047
10431,13930,2,21,28.57142857142857
10431,13930,3,19,10.526315789473683
10431,13930,4,16,12.5
10431,13930,5,17,23.52941176470588
10431,13930,6,14,28.57142857142857
10431,13930,7,16,31.25
10431,14027,1,5,0.0
10431,14027,4,4,25.0
10431,14027,5,4,25.0
10431,14027,7,4,25.0
10431,14082,1,5,0.0
10431,14082,4,4,0.0
10431,14082,5,4,0.0
10431,14082,7,4,0.0
10431,14112,1,10,20.0
10431,14112,2,1,0.0
10431,14112,3,4,0.0
10431,14112,4,4,0.0
10431,14112,5,8,37.5
10431,14112,6,4,75.0
10431,14112,7,4,0.0
10431,14761,1,6,16.666666666666664
10431,14761,2,5,0.0
10431,14761,3,4,25.0
10431,14761,4,8,25.0
10431,14761,5,4,0.0
10431,14761,6,4,0.0
10431,14761,7,8,12.5
10431,14986,4,4,0.0
10431,14986,7,4,25.0
10434,11057,1,15,13.333333333333334
10434,11057,2,14,0.0
10434,11057,3,12,0.0
10434,11057,4,12,16.666666666666664
10434,11057,5,12,0.0
10434,11057,6,12,8.333333333333332
10434,11057,7,12,0.0
10434,13930,1,10,10.0
10434,13930,2,10,10.0
10434,13930,3,7,14.285714285714285
10434,13930,4,7,14.285714285714285
10434,13930,5,8,37.5
10434,13930,6,7,28.57142857142857
10434,13930,7,8,25.0
10466,10408,2,2,0.0
10466,10408,4,4,0.0
10466,10408,6,2,0.0
10466,10408,7,4,0.0
10466,10620,1,4,0.0
10466,10620,2,1,0.0
10466,10620,3,3,33.33333333333333
10466,10620,5,4,25.0
10466,10627,1,5,0.0
10466,10627,5,4,0.0
10466,10666,2,1,0.0
10466,10666,4,4,0.0
10466,10666,7,4,25.0
10466,10713,1,5,0.0
10466,10713,5,4,100.0
10466,10849,1,5,0.0
10466,10849,5,4,25.0
10466,11003,4,4,0.0
10466,11003,7,4,0.0
10466,11423,1,5,0.0
10466,11423,5,4,0.0
10466,11603,1,5,0.0
10466,11603,5,4,25.0
10466,11637,1,1,100.0
10466,11637,2,4,0.0
10466,11637,4,4,0.0
10466,11637,6,4,0.0
10466,11637,7,4,0.0
10466,11721,4,4,50.0
10466,11721,7,4,0.0
10466,11775,1,5,20.0
10466,11775,3,4,0.0
10466,11775,5,4,50.0
10466,11775,6,1,0.0
10466,11884,1,1,0.0
10466,11980,4,4,0.0
10466,11980,7,4,0.0
10466,11986,1,3,66.66666666666666
10466,11986,2,2,0.0
10466,11986,4,4,0.0
10466,11986,5,2,50.0
10466,11986,6,1,0.0
10466,11986,7,4,0.0
10466,12278,4,4,0.0
10466,12278,7,4,0.0
10466,12280,1,5,20.0
10466,12280,4,4,0.0
10466,12280,5,4,25.0
10466,12280,7,4,0.0
10466,13433,1,5,0.0
10466,13433,5,4,0.0
10466,13486,4,3,0.0
10466,13486,7,3,0.0
10466,13871,4,4,25.0
10466,13871,7,4,0.0
10466,14108,2,5,0.0
10466,14108,4,4,25.0
10466,14108,7,4,25.0
10466,14252,4,4,0.0
10466,14252,7,4,0.0
10466,14314,1,10,20.0
10466,14314,2,5,0.0
10466,14314,3,4,25.0
10466,14314,4,8,12.5
10466,14314,5,8,12.5
10466,14314,6,4,0.0
10466,14314,7,8,0.0
10466,14457,1,5,0.0
10466,14457,3,4,25.0
10466,14457,5,4,50.0
10466,14512,1,5,0.0
10466,14512,3,4,25.0
10466,14512,5,4,0.0
10466,14696,1,5,20.0
10466,14696,3,1,0.0
10466,14696,5,4,0.0
10466,14783,2,2,0.0
10466,14783,4,4,0.0
10466,14783,6,1,0.0
10466,14783,7,4,0.0
10469,11433,1,15,6.666666666666667
10469,11433,2,15,20.0
10469,11433,3,12,25.0
10469,11433,4,12,0.0
10469,11433,5,11,0.0
10469,11433,6,8,12.5
10469,11433,7,12,0.0
10469,13930,1,15,6.666666666666667
10469,13930,2,14,7.142857142857142
10469,13930,3,11,9.090909090909092
10469,13930,4,11,9.090909090909092
10469,13930,5,12,8.333333333333332
10469,13930,6,11,20.0
10469,13930,7,12,8.333333333333332
10529,10397,1,33,3.0303030303030303
10529,10397,2,30,0.0
10529,10397,3,24,0.0
10529,10397,4,31,16.129032258064516
10529,10397,5,27,11.11111111111111
10529,10397,6,20,5.0
10529,10397,7,31,16.129032258064516
10529,10693,1,10,10.0
10529,10693,2,5,0.0
10529,10693,3,4,25.0
10529,10693,4,4,0.0
10529,10693,5,8,0.0
10529,10693,6,4,0.0
10529,10693,7,4,0.0
10529,10821,1,25,8.0
10529,10821,2,25,4.0
10529,10821,3,20,25.0
10529,10821,4,20,0.0
10529,10821,5,20,10.0
10529,10821,6,16,12.5
10529,10821,7,20,25.0
10529,11057,1,21,4.761904761904762
10529,11057,2,20,5.0
10529,11057,3,16,18.75
10529,11057,4,19,10.526315789473683
10529,11057,5,16,6.25
10529,11057,6,16,12.5
10529,11057,7,20,0.0
10529,11278,1,22,27.27272727272727
10529,11278,2,22,22.727272727272727
10529,11278,3,16,50.0
10529,11278,4,16,43.75
10529,11278,5,16,37.5
10529,11278,6,12,9.090909090909092
10529,11278,7,16,50.0
10529,11292,1,15,0.0
10529,11292,2,15,6.666666666666667
10529,11292,3,12,16.666666666666664
10529,11292,4,12,8.333333333333332
10529,11292,5,12,16.666666666666664
10529,11292,6,12,25.0
10529,11292,7,12,16.666666666666664
10529,11298,1,11,9.090909090909092
10529,11298,2,10,0.0
10529,11298,3,8,25.0
10529,11298,4,11,18.181818181818183
10529,11298,5,8,25.0
10529,11298,6,7,28.57142857142857
10529,11298,7,12,8.333333333333332
10529,11433,1,19,5.263157894736842
10529,11433,2,19,5.263157894736842
10529,11433,3,15,0.0
10529,11433,4,15,13.333333333333334
10529,11433,5,15,0.0
10529,11433,6,12,0.0
10529,11433,7,15,0.0
10529,11697,1,9,22.22222222222222
10529,11697,2,5,20.0
10529,11697,3,1,0.0
10529,11697,5,8,12.5
10529,11697,6,4,0.0
10529,11697,7,4,0.0
10529,12264,1,18,11.11111111111111
10529,12264,2,19,10.526315789473683
10529,12264,3,16,6.25
10529,12264,4,15,20.0
10529,12264,5,15,6.666666666666667
10529,12264,6,13,30.76923076923077
10529,12264,7,11,27.27272727272727
10529,12478,1,5,0.0
10529,12478,2,5,0.0
10529,12478,3,4,25.0
10529,12478,4,4,0.0
10529,12478,5,4,0.0
10529,12478,6,4,0.0
10529,12478,7,4,0.0
10529,13204,1,16,0.0
10529,13204,2,12,0.0
10529,13204,3,8,0.0
10529,13204,4,8,12.5
10529,13204,5,12,0.0
10529,13204,6,16,6.25
10529,13204,7,16,18.75
10529,13232,1,15,6.666666666666667
10529,13232,2,10,0.0
10529,13232,3,8,0.0
10529,13232,4,12,8.333333333333332
10529,13232,5,12,8.333333333333332
10529,13232,6,4,25.0
10529,13232,7,12,0.0
10529,13303,1,5,20.0
10529,13303,2,5,0.0
10529,13303,3,4,0.0
10529,13303,4,4,0.0
10529,13303,5,4,0.0
10529,13303,6,4,0.0
10529,13303,7,4,0.0
10529,13487,1,13,7.6923076923076925
10529,13487,2,13,0.0
10529,13487,3,10,0.0
10529,13487,4,11,18.181818181818183
10529,13487,5,11,9.090909090909092
10529,13487,6,8,12.5
10529,13487,7,11,36.36363636363637
10529,13577,1,5,0.0
10529,13577,2,5,20.0
10529,13577,3,4,0.0
10529,13577,5,4,0.0
10529,13577,6,4,0.0
10529,13930,1,35,17.142857142857142
10529,13930,2,35,8.571428571428571
10529,13930,3,27,14.814814814814813
10529,13930,4,27,25.925925925925924
10529,13930,5,28,28.57142857142857
10529,13930,6,26,34.61538461538461
10529,13930,7,28,39.285714285714285
10529,14027,1,5,40.0
10529,14027,2,1,0.0
10529,14027,4,4,0.0
10529,14027,5,4,25.0
10529,14027,6,4,0.0
10529,14027,7,4,50.0
10529,14100,1,19,21.052631578947366
10529,14100,2,19,10.526315789473683
10529,14100,3,16,12.5
10529,14100,4,16,25.0
10529,14100,5,16,18.75
10529,14100,6,12,16.666666666666664
10529,14100,7,16,12.5
10529,14635,1,1,0.0
10529,14635,2,1,0.0
10529,14843,1,11,36.36363636363637
10529,14843,2,7,28.57142857142857
10529,14843,3,4,50.0
10529,14843,4,8,25.0
10529,14843,5,8,37.5
10529,14843,6,8,25.0
10529,14843,7,8,50.0
10529,15304,1,10,10.0
10529,15304,2,6,0.0
10529,15304,3,4,25.0
10529,15304,4,8,37.5
10529,15304,5,8,37.5
10529,15304,6,8,12.5
10529,15304,7,8,25.0
10551,10299,1,10,50.0
10551,10299,2,10,10.0
10551,10299,3,8,12.5
10551,10299,4,8,37.5
10551,10299,5,8,28.57142857142857
10551,10299,6,8,12.5
10551,10299,7,8,12.5
10558,11292,1,10,40.0
10558,11292,2,5,40.0
10558,11292,3,4,0.0
10558,11292,4,8,25.0
10558,11292,5,8,12.5
10558,11292,6,8,12.5
10558,11292,7,8,12.5
10561,11292,1,10,20.0
10561,11292,2,10,10.0
10561,11292,3,8,0.0
10561,11292,4,8,0.0
10561,11292,5,8,12.5
10561,11292,6,8,12.5
10561,11292,7,8,0.0
10561,11298,1,5,0.0
10561,11298,2,5,0.0
10561,11298,3,4,25.0
10561,11298,4,4,25.0
10561,11298,5,4,0.0
10561,11298,6,4,33.33333333333333
10561,11298,7,4,0.0
10561,14107,1,11,27.27272727272727
10561,14107,2,10,0.0
10561,14107,3,8,25.0
10561,14107,4,11,9.090909090909092
10561,14107,5,8,0.0
10561,14107,6,8,14.285714285714285
10561,14107,7,12,0.0
10561,14771,1,10,0.0
10561,14771,2,6,0.0
10561,14771,3,8,12.5
10561,14771,4,8,12.5
10561,14771,5,8,25.0
10561,14771,6,5,40.0
10561,14771,7,8,0.0
10577,11433,1,5,20.0
10577,11433,2,5,0.0
10577,11433,3,4,0.0
10577,11433,4,4,0.0
10577,11433,5,4,25.0
10577,11433,6,4,0.0
10577,11433,7,4,0.0
10581,10397,6,4,25.0
10581,11057,1,9,11.11111111111111
10581,11057,2,9,0.0
10581,11057,3,8,12.5
10581,11057,4,8,12.5
10581,11057,5,8,12.5
10581,11057,6,8,37.5
10581,11057,7,8,12.5
10581,11278,1,15,13.333333333333334
10581,11278,2,15,14.285714285714285
10581,11278,3,12,41.66666666666667
10581,11278,4,12,50.0
10581,11278,5,12,16.666666666666664
10581,11278,6,12,25.0
10581,11278,7,12,41.66666666666667
10581,11618,1,14,14.285714285714285
10581,11618,2,14,35.714285714285715
10581,11618,3,11,36.36363636363637
10581,11618,4,11,36.36363636363637
10581,11618,5,10,10.0
10581,11618,6,10,37.5
10581,11618,7,11,9.090909090909092
10581,12953,1,6,0.0
10581,12953,2,6,0.0
10581,12953,3,4,25.0
10581,12953,4,4,0.0
10581,12953,5,4,25.0
10581,12953,6,4,25.0
10581,12953,7,4,25.0
10581,13930,1,21,14.285714285714285
10581,13930,2,14,28.57142857142857
10581,13930,3,11,36.36363636363637
10581,13930,4,16,25.0
10581,13930,5,17,17.647058823529413
10581,13930,6,16,31.25
10581,13930,7,14,35.714285714285715
10581,14100,1,20,5.0
10581,14100,2,20,15.789473684210526
10581,14100,3,13,23.076923076923077
10581,14100,4,16,12.5
10581,14100,5,16,6.25
10581,14100,6,12,16.666666666666664
10581,14100,7,16,33.33333333333333
10581,14112,2,5,0.0
10581,14112,4,4,0.0
10581,14112,6,4,25.0
10581,14112,7,4,75.0
10581,14761,1,5,40.0
10581,14761,3,1,0.0
10581,14761,5,4,25.0
10581,14761,6,4,25.0
10599,10397,1,44,6.8181818181818175
10599,10397,2,41,4.878048780487805
10599,10397,3,32,9.375
10599,10397,4,37,5.405405405405405
10599,10397,5,39,0.0
10599,10397,6,31,6.451612903225806
10599,10397,7,36,2.7777777777777777
10599,10693,1,5,60.0
10599,10693,2,5,0.0
10599,10693,3,4,25.0
10599,10693,4,4,25.0
10599,10693,5,4,25.0
10599,10693,6,4,0.0
10599,10693,7,4,0.0
10599,10821,1,5,20.0
10599,10821,2,5,0.0
10599,10821,3,4,0.0
10599,10821,4,4,25.0
10599,10821,5,4,0.0
10599,10821,7,4,0.0
10599,11049,5,1,0.0
10599,11057,1,26,15.384615384615385
10599,11057,2,26,0.0
10599,11057,3,20,10.0
10599,11057,4,26,3.8461538461538463
10599,11057,5,20,10.0
10599,11057,6,16,6.25
10599,11057,7,27,14.814814814814813
10599,11259,1,15,13.333333333333334
10599,11259,2,10,0.0
10599,11259,3,8,0.0
10599,11259,4,12,0.0
10599,11259,5,12,8.333333333333332
10599,11259,6,8,12.5
10599,11259,7,8,12.5
10599,11278,1,15,13.333333333333334
10599,11278,2,15,33.33333333333333
10599,11278,3,12,33.33333333333333
10599,11278,4,12,33.33333333333333
10599,11278,5,12,41.66666666666667
10599,11278,6,8,0.0
10599,11278,7,12,16.666666666666664
10599,11292,1,15,26.666666666666668
10599,11292,2,15,20.0
10599,11292,3,12,8.333333333333332
10599,11292,4,12,16.666666666666664
10599,11292,5,12,8.333333333333332
10599,11292,6,12,8.333333333333332
10599,11292,7,11,9.090909090909092
10599,11298,1,31,25.806451612903224
10599,11298,2,30,3.3333333333333335
10599,11298,3,24,16.666666666666664
10599,11298,4,27,14.814814814814813
10599,11298,5,23,20.0
10599,11298,6,23,17.391304347826086
10599,11298,7,28,17.857142857142858
10599,11433,1,1,0.0
10599,11618,1,5,20.0
10599,11618,5,4,50.0
10599,11697,1,5,40.0
10599,11697,4,4,25.0
10599,11697,5,4,25.0
10599,11697,7,4,50.0
10599,12191,1,5,0.0
10599,12191,2,5,0.0
10599,12191,3,4,25.0
10599,12191,4,4,25.0
10599,12191,5,4,0.0
10599,12191,6,4,0.0
10599,12191,7,12,16.666666666666664
10599,12889,1,5,20.0
10599,12889,2,5,20.0
10599,12889,3,4,0.0
10599,12889,4,4,0.0
10599,12889,5,4,25.0
10599,12889,6,4,0.0
10599,12889,7,4,0.0
10599,13204,1,5,20.0
10599,13204,2,5,0.0
10599,13204,3,4,25.0
10599,13204,4,4,0.0
10599,13204,5,4,0.0
10599,13204,6,8,12.5
10599,13204,7,8,0.0
10599,13232,1,10,10.0
10599,13232,2,5,0.0
10599,13232,3,4,0.0
10599,13232,4,8,12.5
10599,13232,5,8,12.5
10599,13232,6,4,25.0
10599,13232,7,8,0.0
10599,13303,1,11,36.36363636363637
10599,13303,2,7,0.0
10599,13303,3,4,0.0
10599,13303,4,8,12.5
10599,13303,5,7,0.0
10599,13303,6,8,0.0
10599,13303,7,8,0.0
10599,13342,7,2,0.0
10599,13485,7,2,0.0
10599,13851,5,1,0.0
10599,13930,1,22,4.545454545454546
10599,13930,2,18,0.0
10599,13930,3,14,14.285714285714285
10599,13930,4,17,11.76470588235294
10599,13930,5,18,16.666666666666664
10599,13930,6,15,53.333333333333336
10599,13930,7,18,5.555555555555555
10599,14100,1,10,0.0
10599,14100,2,6,0.0
10599,14100,3,8,25.0
10599,14100,4,8,37.5
10599,14100,5,8,12.5
10599,14100,6,4,0.0
10599,14100,7,8,0.0
10599,14107,1,5,20.0
10599,14107,4,4,0.0
10599,14107,5,4,50.0
10599,14107,7,4,0.0
10599,15304,1,5,20.0
10599,15304,2,5,0.0
10599,15304,3,4,0.0
10599,15304,4,4,0.0
10599,15304,5,4,0.0
10599,15304,6,4,25.0
10599,15304,7,8,0.0
10617,14771,1,5,20.0
10617,14771,4,4,0.0
10617,14771,5,4,0.0
10617,14771,7,4,25.0
10620,10466,1,4,0.0
10620,10466,2,1,0.0
10620,10466,3,3,0.0
10620,10466,5,4,25.0
10620,11292,1,29,31.03448275862069
10620,11292,2,25,28.000000000000004
10620,11292,3,24,4.166666666666666
10620,11292,4,23,21.73913043478261
10620,11292,5,23,21.73913043478261
10620,11292,6,20,15.0
10620,11292,7,23,8.695652173913043
10620,11298,1,10,20.0
10620,11298,2,10,10.0
10620,11298,3,8,0.0
10620,11298,4,8,25.0
10620,11298,5,8,28.57142857142857
10620,11298,6,8,12.5
10620,11298,7,8,0.0
10620,12889,1,5,20.0
10620,12889,5,4,0.0
10620,13487,1,5,0.0
10620,13487,2,5,0.0
10620,13487,3,4,0.0
10620,13487,4,4,0.0
10620,13487,5,4,0.0
10620,13487,6,4,0.0
10620,13487,7,4,0.0
10620,13930,1,15,13.333333333333334
10620,13930,2,15,13.333333333333334
10620,13930,3,12,25.0
10620,13930,4,12,16.666666666666664
10620,13930,5,12,25.0
10620,13930,6,12,25.0
10620,13930,7,12,25.0
10620,14869,1,15,0.0
10620,14869,2,15,6.666666666666667
10620,14869,3,12,0.0
10620,14869,4,12,0.0
10620,14869,5,12,8.333333333333332
10620,14869,6,12,0.0
10620,14869,7,12,0.0
10627,10466,1,5,0.0
10627,10466,5,4,25.0
10627,11292,1,24,20.833333333333336
10627,11292,2,24,20.833333333333336
10627,11292,3,20,10.0
10627,11292,4,19,10.526315789473683
10627,11292,5,19,10.526315789473683
10627,11292,6,12,0.0
10627,11292,7,19,26.31578947368421
10627,11298,1,10,20.0
10627,11298,2,10,0.0
10627,11298,3,8,37.5
10627,11298,4,8,12.5
10627,11298,5,8,25.0
10627,11298,6,8,0.0
10627,11298,7,8,37.5
10627,12889,4,4,0.0
10627,12889,7,4,25.0
10627,13487,1,22,9.090909090909092
10627,13487,2,22,4.545454545454546
10627,13487,3,18,0.0
10627,13487,4,17,23.52941176470588
10627,13487,5,17,23.52941176470588
10627,13487,6,12,16.666666666666664
10627,13487,7,17,11.76470588235294
10627,13930,1,5,40.0
10627,13930,2,5,0.0
10627,13930,3,4,0.0
10627,13930,4,4,25.0
10627,13930,5,4,0.0
10627,13930,6,4,0.0
10627,13930,7,4,25.0
10631,13487,1,10,20.0
10631,13487,2,10,10.0
10631,13487,3,8,37.5
10631,13487,4,8,37.5
10631,13487,5,8,0.0
10631,13487,6,8,0.0
10631,13487,7,8,0.0
10666,10466,2,1,0.0
10666,10466,4,4,0.0
10666,10466,7,4,25.0
10666,12889,1,10,0.0
10666,12889,3,4,0.0
10666,12889,4,8,12.5
10666,12889,5,8,42.857142857142854
10666,12889,6,1,0.0
10666,12889,7,8,0.0
10666,12892,4,4,50.0
10666,12892,7,4,0.0
10666,13796,1,5,0.0
10666,13796,3,4,0.0
10666,13796,5,4,0.0
10666,14747,1,20,25.0
10666,14747,2,20,5.0
10666,14747,3,16,0.0
10666,14747,4,16,31.25
10666,14747,5,16,25.0
10666,14747,6,16,6.25
10666,14747,7,16,25.0
10676,11697,1,1,0.0
10676,14082,4,4,50.0
10676,14082,7,4,0.0
10676,14112,1,5,20.0
10676,14112,3,4,0.0
10676,14112,5,4,75.0
10676,14761,4,4,50.0
10676,14761,7,4,75.0
10676,14986,1,5,0.0
10676,14986,5,4,0.0
10676,15624,1,6,16.666666666666664
10676,15624,2,5,20.0
10676,15624,3,4,0.0
10676,15624,4,4,0.0
10676,15624,5,4,25.0
10676,15624,6,8,12.5
10676,15624,7,4,0.0
10676,16422,1,5,0.0
10676,16422,5,4,0.0
10685,10397,1,4,0.0
10685,10397,2,4,0.0
10685,10397,3,4,0.0
10685,10397,4,2,0.0
10685,10397,5,2,0.0
10685,10397,6,2,50.0
10685,10397,7,2,0.0
10685,11298,1,10,10.0
10685,11298,2,10,10.0
10685,11298,3,8,12.5
10685,11298,4,8,0.0
10685,11298,5,8,14.285714285714285
10685,11298,6,8,12.5
10685,11298,7,8,12.5
10685,13930,1,10,10.0
10685,13930,2,10,30.0
10685,13930,3,8,12.5
10685,13930,4,8,0.0
10685,13930,5,8,0.0
10685,13930,6,8,25.0
10685,13930,7,8,25.0
10685,14112,1,5,20.0
10685,14112,5,4,25.0
10685,14761,4,4,0.0
10685,14761,7,4,50.0
10693,10135,4,4,0.0
10693,10135,7,4,0.0
10693,10140,1,5,20.0
10693,10140,2,5,40.0
10693,10140,3,4,25.0
10693,10140,4,4,25.0
10693,10140,5,4,25.0
10693,10140,6,4,25.0
10693,10140,7,4,25.0
10693,10257,1,10,10.0
10693,10257,2,5,0.0
10693,10257,3,4,0.0
10693,10257,4,4,0.0
10693,10257,5,8,0.0
10693,10257,6,4,0.0
10693,10257,7,4,0.0
10693,10397,1,61,8.19672131147541
10693,10397,2,58,6.896551724137931
10693,10397,3,46,2.1739130434782608
10693,10397,4,50,2.0
10693,10397,5,50,6.0
10693,10397,6,36,16.666666666666664
10693,10397,7,42,9.523809523809524
10693,10408,1,5,20.0
10693,10408,5,4,0.0
10693,10423,1,40,5.0
10693,10423,2,40,2.5
10693,10423,3,32,9.375
10693,10423,4,32,6.25
10693,10423,5,32,25.0
10693,10423,6,20,5.0
10693,10423,7,32,15.625
10693,10529,1,10,0.0
10693,10529,2,5,0.0
10693,10529,3,4,0.0
10693,10529,4,4,0.0
10693,10529,5,8,12.5
10693,10529,6,4,0.0
10693,10529,7,4,25.0
10693,10599,1,5,20.0
10693,10599,2,5,0.0
10693,10599,3,4,0.0
10693,10599,4,4,50.0
10693,10599,5,4,25.0
10693,10599,6,4,25.0
10693,10599,7,4,0.0
10693,10721,1,45,51.11111111111111
10693,10721,2,41,24.390243902439025
10693,10721,3,36,45.714285714285715
10693,10721,4,36,66.66666666666666
10693,10721,5,36,52.77777777777778
10693,10721,6,27,22.22222222222222
10693,10721,7,36,44.44444444444444
10693,10792,1,5,20.0
10693,10792,2,5,0.0
10693,10792,3,4,0.0
10693,10792,4,4,0.0
10693,10792,5,4,0.0
10693,10792,6,4,25.0
10693,10792,7,4,0.0
10693,10800,1,5,0.0
10693,10800,2,5,40.0
10693,10800,3,4,25.0
10693,10800,4,4,0.0
10693,10800,5,4,0.0
10693,10800,6,4,0.0
10693,10800,7,4,0.0
10693,10821,1,29,10.344827586206897
10693,10821,2,25,12.0
10693,10821,3,20,10.526315789473683
10693,10821,4,24,16.666666666666664
10693,10821,5,24,20.833333333333336
10693,10821,6,16,12.5
10693,10821,7,28,7.142857142857142
10693,10849,1,5,20.0
10693,10849,5,4,25.0
10693,10874,1,1,0.0
10693,10994,1,15,13.333333333333334
10693,10994,2,10,0.0
10693,10994,3,8,0.0
10693,10994,4,12,16.666666666666664
10693,10994,5,12,8.333333333333332
10693,10994,6,8,0.0
10693,10994,7,8,0.0
10693,11003,1,5,40.0
10693,11003,5,4,0.0
10693,11042,1,15,6.666666666666667
10693,11042,2,10,0.0
10693,11042,3,8,25.0
10693,11042,4,12,16.666666666666664
10693,11042,5,12,16.666666666666664
10693,11042,6,8,0.0
10693,11042,7,13,15.384615384615385
10693,11057,1,47,13.043478260869565
10693,11057,2,36,8.333333333333332
10693,11057,3,28,14.285714285714285
10693,11057,4,35,22.857142857142858
10693,11057,5,36,13.88888888888889
10693,11057,6,32,18.75
10693,11057,7,40,25.0
10693,11066,1,16,18.75
10693,11066,2,15,6.666666666666667
10693,11066,3,12,8.333333333333332
10693,11066,4,13,7.6923076923076925
10693,11066,5,12,0.0
10693,11066,6,12,8.333333333333332
10693,11066,7,8,12.5
10693,11193,1,5,20.0
10693,11193,2,5,0.0
10693,11193,3,4,0.0
10693,11193,4,4,0.0
10693,11193,5,4,25.0
10693,11193,6,4,0.0
10693,11193,7,4,25.0
10693,11259,1,31,19.35483870967742
10693,11259,2,35,8.571428571428571
10693,11259,3,28,7.142857142857142
10693,11259,4,24,8.333333333333332
10693,11259,5,24,12.5
10693,11259,6,20,0.0
10693,11259,7,32,18.75
10693,11278,1,60,15.0
10693,11278,2,60,23.728813559322035
10693,11278,3,48,18.75
10693,11278,4,47,29.78723404255319
10693,11278,5,45,37.77777777777778
10693,11278,6,32,0.0
10693,11278,7,46,13.043478260869565
10693,11292,1,59,15.254237288135593
10693,11292,2,44,22.727272727272727
10693,11292,3,39,17.94871794871795
10693,11292,4,45,22.22222222222222
10693,11292,5,48,8.333333333333332
10693,11292,6,32,12.5
10693,11292,7,48,18.75
10693,11298,1,52,35.294117647058826
10693,11298,2,45,17.77777777777778
10693,11298,3,36,25.0
10693,11298,4,39,12.82051282051282
10693,11298,5,40,13.88888888888889
10693,11298,6,35,20.0
10693,11298,7,40,25.64102564102564
10693,11423,1,5,40.0
10693,11423,4,4,0.0
10693,11423,5,4,0.0
10693,11423,7,4,0.0
10693,11433,1,35,11.428571428571429
10693,11433,2,30,3.3333333333333335
10693,11433,3,24,12.5
10693,11433,4,28,14.285714285714285
10693,11433,5,28,14.285714285714285
10693,11433,6,24,4.166666666666666
10693,11433,7,32,12.5
10693,11481,1,15,6.666666666666667
10693,11481,2,15,13.333333333333334
10693,11481,3,12,8.333333333333332
10693,11481,4,12,16.666666666666664
10693,11481,5,12,0.0
10693,11481,6,12,8.333333333333332
10693,11481,7,12,8.333333333333332
10693,11618,1,32,22.58064516129032
10693,11618,2,29,0.0
10693,11618,3,24,16.666666666666664
10693,11618,4,27,30.76923076923077
10693,11618,5,27,22.22222222222222
10693,11618,6,16,31.25
10693,11618,7,27,18.51851851851852
10693,11637,4,4,0.0
10693,11637,7,4,0.0
10693,11697,1,29,20.689655172413794
10693,11697,2,24,4.166666666666666
10693,11697,3,19,5.263157894736842
10693,11697,4,28,25.0
10693,11697,5,24,12.5
10693,11697,6,16,12.5
10693,11697,7,20,25.0
10693,11721,4,4,0.0
10693,11721,7,4,0.0
10693,11775,1,5,80.0
10693,11775,5,4,25.0
10693,11986,1,5,40.0
10693,11986,4,4,25.0
10693,11986,5,4,0.0
10693,11986,7,8,12.5
10693,11996,1,5,20.0
10693,11996,2,5,0.0
10693,11996,3,4,0.0
10693,11996,4,4,0.0
10693,11996,5,4,25.0
10693,11996,6,4,0.0
10693,11996,7,4,0.0
10693,12191,1,24,8.333333333333332
10693,12191,2,20,15.0
10693,12191,3,16,12.5
10693,12191,4,20,5.0
10693,12191,5,20,30.0
10693,12191,6,16,18.75
10693,12191,7,21,14.285714285714285
10693,12264,1,15,33.33333333333333
10693,12264,2,11,9.090909090909092
10693,12264,3,8,37.5
10693,12264,4,12,8.333333333333332
10693,12264,5,12,8.333333333333332
10693,12264,6,9,22.22222222222222
10693,12264,7,12,8.333333333333332
10693,12266,1,20,10.0
10693,12266,2,14,0.0
10693,12266,3,12,8.333333333333332
10693,12266,4,16,6.25
10693,12266,5,16,0.0
10693,12266,6,15,0.0
10693,12266,7,16,6.25
10693,12339,1,5,40.0
10693,12339,2,5,0.0
10693,12339,3,4,50.0
10693,12339,4,4,25.0
10693,12339,5,4,25.0
10693,12339,6,4,0.0
10693,12339,7,4,25.0
10693,12448,1,5,20.0
10693,12448,2,5,20.0
10693,12448,3,4,0.0
10693,12448,4,4,0.0
10693,12448,5,4,0.0
10693,12448,6,4,25.0
10693,12448,7,4,0.0
10693,12451,1,15,26.666666666666668
10693,12451,2,15,13.333333333333334
10693,12451,3,12,8.333333333333332
10693,12451,4,12,0.0
10693,12451,5,12,16.666666666666664
10693,12451,6,8,0.0
10693,12451,7,12,16.666666666666664
10693,12478,1,24,8.333333333333332
10693,12478,2,20,15.0
10693,12478,3,20,5.0
10693,12478,4,20,20.0
10693,12478,5,20,10.0
10693,12478,6,20,5.0
10693,12478,7,20,10.0
10693,12889,1,31,19.35483870967742
10693,12889,2,30,6.666666666666667
10693,12889,3,23,17.391304347826086
10693,12889,4,24,12.5
10693,12889,5,24,30.434782608695656
10693,12889,6,16,6.25
10693,12889,7,24,12.5
10693,12892,1,33,21.21212121212121
10693,12892,2,25,4.0
10693,12892,3,21,4.761904761904762
10693,12892,4,27,18.51851851851852
10693,12892,5,27,7.4074074074074066
10693,12892,6,24,4.166666666666666
10693,12892,7,31,33.33333333333333
10693,12953,1,53,13.20754716981132
10693,12953,2,53,9.433962264150944
10693,12953,3,42,21.428571428571427
10693,12953,4,43,20.930232558139537
10693,12953,5,43,6.976744186046512
10693,12953,6,24,12.5
10693,12953,7,43,23.25581395348837
10693,12954,1,5,20.0
10693,12954,2,5,20.0
10693,12954,3,4,25.0
10693,12954,4,4,25.0
10693,12954,5,4,0.0
10693,12954,6,4,0.0
10693,12954,7,4,25.0
10693,13198,1,20,15.0
10693,13198,2,20,5.0
10693,13198,3,16,25.0
10693,13198,4,16,12.5
10693,13198,5,16,18.75
10693,13198,6,12,0.0
10693,13198,7,12,25.0
10693,13204,1,50,8.0
10693,13204,2,40,0.0
10693,13204,3,32,15.625
10693,13204,4,36,16.666666666666664
10693,13204,5,40,15.0
10693,13204,6,31,3.225806451612903
10693,13204,7,36,19.444444444444446
10693,13230,1,1,100.0
10693,13232,1,30,10.0
10693,13232,2,30,0.0
10693,13232,3,24,4.166666666666666
10693,13232,4,23,17.391304347826086
10693,13232,5,24,16.666666666666664
10693,13232,6,12,0.0
10693,13232,7,16,25.0
10693,13244,1,5,0.0
10693,13244,2,5,20.0
10693,13244,3,4,50.0
10693,13244,4,4,50.0
10693,13244,5,4,0.0
10693,13244,6,4,25.0
10693,13244,7,4,0.0
10693,13303,1,34,29.411764705882355
10693,13303,2,26,7.6923076923076925
10693,13303,3,19,5.263157894736842
10693,13303,4,28,21.428571428571427
10693,13303,5,28,22.22222222222222
10693,13303,6,24,0.0
10693,13303,7,28,17.857142857142858
10693,13342,1,15,6.666666666666667
10693,13342,2,10,0.0
10693,13342,3,8,0.0
10693,13342,4,12,8.333333333333332
10693,13342,5,12,16.666666666666664
10693,13342,6,8,37.5
10693,13342,7,12,8.333333333333332
10693,13487,1,23,4.3478260869565215
10693,13487,2,23,8.695652173913043
10693,13487,3,18,5.555555555555555
10693,13487,4,19,15.789473684210526
10693,13487,5,19,5.263157894736842
10693,13487,6,16,6.25
10693,13487,7,23,17.391304347826086
10693,13495,1,25,4.0
10693,13495,2,15,13.333333333333334
10693,13495,3,12,25.0
10693,13495,4,20,0.0
10693,13495,5,20,15.0
10693,13495,6,8,12.5
10693,13495,7,20,15.0
10693,13577,1,10,10.0
10693,13577,2,5,0.0
10693,13577,3,4,0.0
10693,13577,4,8,12.5
10693,13577,5,8,0.0
10693,13577,6,8,0.0
10693,13577,7,8,12.5
10693,13851,1,5,20.0
10693,13851,2,5,20.0
10693,13851,3,4,0.0
10693,13851,4,4,25.0
10693,13851,5,4,25.0
10693,13851,6,4,0.0
10693,13851,7,8,12.5
10693,13871,1,5,20.0
10693,13871,2,5,0.0
10693,13871,3,4,25.0
10693,13871,4,4,25.0
10693,13871,5,4,25.0
10693,13871,6,4,0.0
10693,13871,7,4,25.0
10693,13891,1,5,40.0
10693,13891,2,5,60.0
10693,13891,3,4,25.0
10693,13891,4,4,0.0
10693,13891,5,4,0.0
10693,13891,6,4,25.0
10693,13891,7,4,25.0
10693,13930,1,75,20.0
10693,13930,2,57,14.035087719298245
10693,13930,3,43,9.30232558139535
10693,13930,4,59,22.413793103448278
10693,13930,5,57,17.543859649122805
10693,13930,6,45,26.666666666666668
10693,13930,7,61,19.672131147540984
10693,13931,1,5,0.0
10693,13931,2,5,0.0
10693,13931,3,4,0.0
10693,13931,4,4,0.0
10693,13931,5,4,0.0
10693,13931,6,4,0.0
10693,13931,7,8,12.5
10693,14027,1,5,0.0
10693,14027,2,5,0.0
10693,14027,3,4,0.0
10693,14027,4,4,25.0
10693,14027,5,4,25.0
10693,14027,6,4,0.0
10693,14027,7,4,0.0
10693,14057,1,5,20.0
10693,14057,2,5,40.0
10693,14057,3,4,25.0
10693,14057,4,4,0.0
10693,14057,5,4,0.0
10693,14057,6,4,0.0
10693,14057,7,4,0.0
10693,14082,1,5,40.0
10693,14082,5,4,0.0
10693,14100,1,46,19.565217391304348
10693,14100,2,31,19.35483870967742
10693,14100,3,23,26.08695652173913
10693,14100,4,39,28.205128205128204
10693,14100,5,35,11.428571428571429
10693,14100,6,20,15.789473684210526
10693,14100,7,40,30.0
10693,14107,1,30,23.333333333333332
10693,14107,2,30,10.0
10693,14107,3,24,8.333333333333332
10693,14107,4,24,20.833333333333336
10693,14107,5,24,20.833333333333336
10693,14107,6,16,0.0
10693,14107,7,22,13.636363636363635
10693,14108,1,5,20.0
10693,14108,5,4,0.0
10693,14122,1,15,13.333333333333334
10693,14122,2,15,0.0
10693,14122,3,12,16.666666666666664
10693,14122,4,16,6.25
10693,14122,5,12,8.333333333333332
10693,14122,6,8,12.5
10693,14122,7,16,6.25
10693,14193,1,15,6.666666666666667
10693,14193,2,15,0.0
10693,14193,3,12,0.0
10693,14193,4,12,8.333333333333332
10693,14193,5,12,0.0
10693,14193,6,8,12.5
10693,14193,7,8,0.0
10693,14307,1,5,0.0
10693,14307,2,5,0.0
10693,14307,3,4,0.0
10693,14307,4,4,0.0
10693,14307,5,4,0.0
10693,14307,6,4,0.0
10693,14307,7,4,25.0
10693,14314,1,5,40.0
10693,14314,5,4,0.0
10693,14321,1,5,0.0
10693,14321,2,5,0.0
10693,14321,3,4,25.0
10693,14321,4,4,0.0
10693,14321,5,4,0.0
10693,14321,6,4,25.0
10693,14321,7,4,0.0
10693,14492,1,34,14.705882352941178
10693,14492,2,25,8.0
10693,14492,3,24,4.166666666666666
10693,14492,4,28,14.285714285714285
10693,14492,5,28,10.714285714285714
10693,14492,6,20,10.0
10693,14492,7,24,25.0
10693,14512,1,4,0.0
10693,14512,5,4,25.0
10693,14524,1,5,20.0
10693,14524,2,5,0.0
10693,14524,3,4,25.0
10693,14524,4,8,0.0
10693,14524,5,4,0.0
10693,14524,6,4,0.0
10693,14524,7,8,25.0
10693,14635,1,5,20.0
10693,14635,2,5,0.0
10693,14635,3,4,0.0
10693,14635,4,4,50.0
10693,14635,5,4,0.0
10693,14635,6,4,25.0
10693,14635,7,8,12.5
10693,14679,1,15,6.666666666666667
10693,14679,2,10,10.0
10693,14679,3,8,12.5
10693,14679,4,12,33.33333333333333
10693,14679,5,12,8.333333333333332
10693,14679,6,8,0.0
10693,14679,7,12,25.0
10693,14683,1,15,26.666666666666668
10693,14683,2,10,0.0
10693,14683,3,8,0.0
10693,14683,4,12,33.33333333333333
10693,14683,5,12,16.666666666666664
10693,14683,6,8,12.5
10693,14683,7,8,12.5
10693,14685,1,10,30.0
10693,14685,2,10,10.0
10693,14685,3,8,25.0
10693,14685,4,8,12.5
10693,14685,5,8,12.5
10693,14685,6,8,0.0
10693,14685,7,8,0.0
10693,14730,1,5,20.0
10693,14730,2,5,0.0
10693,14730,3,4,0.0
10693,14730,4,4,0.0
10693,14730,5,4,25.0
10693,14730,7,4,0.0
10693,14747,1,26,15.384615384615385
10693,14747,2,20,20.0
10693,14747,3,16,18.75
10693,14747,4,16,50.0
10693,14747,5,20,45.0
10693,14747,6,20,10.0
10693,14747,7,17,23.52941176470588
10693,14761,1,5,40.0
10693,14761,5,4,50.0
10693,14771,1,16,31.25
10693,14771,2,15,13.333333333333334
10693,14771,3,12,0.0
10693,14771,4,13,15.384615384615385
10693,14771,5,13,0.0
10693,14771,6,9,11.11111111111111
10693,14771,7,13,15.384615384615385
10693,14831,1,5,60.0
10693,14831,2,5,40.0
10693,14831,3,4,0.0
10693,14831,4,4,0.0
10693,14831,5,4,50.0
10693,14831,6,4,0.0
10693,14831,7,4,25.0
10693,14869,1,18,27.77777777777778
10693,14869,2,15,0.0
10693,14869,3,14,0.0
10693,14869,4,15,0.0
10693,14869,5,15,13.333333333333334
10693,14869,6,12,8.333333333333332
10693,14869,7,15,13.333333333333334
10693,14893,1,5,20.0
10693,14893,2,5,40.0
10693,14893,3,4,25.0
10693,14893,4,4,50.0
10693,14893,5,4,50.0
10693,14893,6,4,25.0
10693,14893,7,4,25.0
10693,14908,1,5,20.0
10693,14908,2,5,40.0
10693,14908,3,4,0.0
10693,14908,4,4,25.0
10693,14908,5,4,25.0
10693,14908,6,4,0.0
10693,14908,7,4,0.0
10693,14986,1,5,0.0
10693,14986,2,5,0.0
10693,14986,3,4,25.0
10693,14986,4,4,50.0
10693,14986,5,4,0.0
10693,14986,6,4,0.0
10693,14986,7,4,0.0
10693,15016,1,20,25.0
10693,15016,2,20,10.0
10693,15016,3,16,6.25
10693,15016,4,16,6.25
10693,15016,5,16,0.0
10693,15016,6,8,0.0
10693,15016,7,12,8.333333333333332
10693,15096,4,4,0.0
10693,15096,7,4,25.0
10693,15304,1,35,5.714285714285714
10693,15304,2,30,16.666666666666664
10693,15304,3,24,20.833333333333336
10693,15304,4,28,7.142857142857142
10693,15304,5,28,25.0
10693,15304,6,16,18.75
10693,15304,7,28,3.571428571428571
10693,15370,1,5,0.0
10693,15370,2,5,0.0
10693,15370,3,4,0.0
10693,15370,4,4,25.0
10693,15370,5,4,0.0
10693,15370,6,4,0.0
10693,15370,7,4,0.0
10693,15624,1,15,0.0
10693,15624,2,10,0.0
10693,15624,3,8,12.5
10693,15624,4,12,0.0
10693,15624,5,12,0.0
10693,15624,6,8,12.5
10693,15624,7,8,0.0
10693,15919,4,4,0.0
10693,15919,7,4,50.0
10713,10397,1,5,0.0
10713,10397,2,5,0.0
10713,10397,3,4,0.0
10713,10397,4,7,14.285714285714285
10713,10397,5,7,14.285714285714285
10713,10397,6,4,50.0
10713,10397,7,7,0.0
10713,10466,1,5,0.0
10713,10466,5,4,100.0
10713,10800,1,5,0.0
10713,10800,2,5,0.0
10713,10800,3,4,0.0
10713,10800,4,4,0.0
10713,10800,5,4,0.0
10713,10800,6,4,0.0
10713,10800,7,8,12.5
10713,11292,1,40,15.0
10713,11292,2,40,27.500000000000004
10713,11292,3,32,9.375
10713,11292,4,36,8.333333333333332
10713,11292,5,34,32.35294117647059
10713,11292,6,32,15.625
10713,11292,7,36,22.22222222222222
10713,11298,1,10,33.33333333333333
10713,11298,2,10,10.0
10713,11298,3,8,37.5
10713,11298,4,8,12.5
10713,11298,5,8,14.285714285714285
10713,11298,6,8,25.0
10713,11298,7,8,12.5
10713,11884,6,4,0.0
10713,12889,1,25,16.0
10713,12889,2,10,10.0
10713,12889,3,8,25.0
10713,12889,4,20,40.0
10713,12889,5,20,57.89473684210527
10713,12889,6,12,8.333333333333332
10713,12889,7,20,15.0
10713,12892,1,20,0.0
10713,12892,2,20,5.0
10713,12892,3,16,12.5
10713,12892,4,16,6.25
10713,12892,5,16,6.25
10713,12892,6,16,0.0
10713,12892,7,16,12.5
10713,13232,1,5,20.0
10713,13232,4,4,50.0
10713,13232,5,4,0.0
10713,13232,7,4,25.0
10713,13487,1,10,0.0
10713,13487,2,10,20.0
10713,13487,3,8,25.0
10713,13487,4,8,12.5
10713,13487,5,8,0.0
10713,13487,6,8,0.0
10713,13487,7,8,12.5
10713,13796,1,10,20.0
10713,13796,2,10,0.0
10713,13796,3,8,12.5
10713,13796,4,8,0.0
10713,13796,5,8,12.5
10713,13796,6,4,0.0
10713,13796,7,4,0.0
10713,13930,1,15,26.666666666666668
10713,13930,2,15,20.0
10713,13930,3,12,16.666666666666664
10713,13930,4,13,30.76923076923077
10713,13930,5,12,41.66666666666667
10713,13930,6,12,41.66666666666667
10713,13930,7,12,16.666666666666664
10713,14057,1,20,0.0
10713,14057,2,20,0.0
10713,14057,3,16,12.5
10713,14057,4,16,12.5
10713,14057,5,16,6.25
10713,14057,6,16,0.0
10713,14057,7,16,6.25
10713,14107,1,25,12.0
10713,14107,2,21,9.523809523809524
10713,14107,3,16,12.5
10713,14107,4,19,26.31578947368421
10713,14107,5,16,20.0
10713,14107,6,12,25.0
10713,14107,7,20,10.0
10713,14679,1,15,6.666666666666667
10713,14679,2,15,33.33333333333333
10713,14679,3,12,9.090909090909092
10713,14679,4,12,27.27272727272727
10713,14679,5,12,16.666666666666664
10713,14679,6,8,0.0
10713,14679,7,12,25.0
10713,14747,1,58,17.24137931034483
10713,14747,2,55,18.181818181818183
10713,14747,3,44,16.27906976744186
10713,14747,4,47,17.391304347826086
10713,14747,5,43,11.627906976744185
10713,14747,6,40,2.5
10713,14747,7,43,25.581395348837212
10713,14771,1,20,25.0
10713,14771,2,16,25.0
10713,14771,3,16,12.5
10713,14771,4,16,18.75
10713,14771,5,16,12.5
10713,14771,6,13,38.46153846153847
10713,14771,7,16,37.5
10713,14831,1,10,30.0
10713,14831,2,10,10.0
10713,14831,3,8,0.0
10713,14831,4,8,12.5
10713,14831,5,8,37.5
10713,14831,6,4,0.0
10713,14831,7,12,25.0
10713,14869,1,25,8.0
10713,14869,2,25,4.0
10713,14869,3,20,10.0
10713,14869,4,20,10.0
10713,14869,5,20,10.0
10713,14869,6,20,10.0
10713,14869,7,20,10.0
10713,14893,1,15,6.666666666666667
10713,14893,2,10,10.0
10713,14893,3,8,0.0
10713,14893,4,12,8.333333333333332
10713,14893,5,12,33.33333333333333
10713,14893,6,4,0.0
10713,14893,7,12,8.333333333333332
10713,14908,1,2,0.0
10713,14908,4,4,25.0
10713,14908,5,2,0.0
10713,14908,7,4,25.0
10721,10154,1,6,16.666666666666664
10721,10154,2,6,0.0
10721,10154,3,4,0.0
10721,10154,4,4,50.0
10721,10154,5,4,0.0
10721,10154,6,4,0.0
10721,10154,7,4,25.0
10721,10397,1,73,12.32876712328767
10721,10397,2,59,6.779661016949152
10721,10397,3,46,10.869565217391305
10721,10397,4,58,36.84210526315789
10721,10397,5,58,17.24137931034483
10721,10397,6,48,18.75
10721,10397,7,59,18.64406779661017
10721,10423,1,25,24.0
10721,10423,2,25,28.000000000000004
10721,10423,3,20,36.84210526315789
10721,10423,4,20,50.0
10721,10423,5,20,25.0
10721,10423,6,8,50.0
10721,10423,7,19,42.10526315789473
10721,10431,1,7,0.0
10721,10431,3,2,0.0
10721,10431,5,4,25.0
10721,10431,6,8,0.0
10721,10431,7,8,12.5
10721,10693,1,45,24.444444444444443
10721,10693,2,41,17.073170731707318
10721,10693,3,35,32.35294117647059
10721,10693,4,36,51.42857142857142
10721,10693,5,36,27.77777777777778
10721,10693,6,27,11.11111111111111
10721,10693,7,36,30.555555555555557
10721,10792,1,16,31.25
10721,10792,2,15,20.0
10721,10792,3,10,10.0
10721,10792,4,12,45.45454545454545
10721,10792,5,12,33.33333333333333
10721,10792,6,10,0.0
10721,10792,7,12,58.333333333333336
10721,10821,1,48,25.0
10721,10821,2,48,12.5
10721,10821,3,38,13.88888888888889
10721,10821,4,39,29.72972972972973
10721,10821,5,39,17.94871794871795
10721,10821,6,32,25.0
10721,10821,7,44,50.0
10721,10849,1,1,0.0
10721,10849,2,1,0.0
10721,10849,6,1,100.0
10721,10849,7,1,0.0
10721,10994,1,15,20.0
10721,10994,2,15,13.333333333333334
10721,10994,3,12,16.666666666666664
10721,10994,4,12,50.0
10721,10994,5,12,16.666666666666664
10721,10994,6,16,12.5
10721,10994,7,16,37.5
10721,11042,1,34,14.705882352941178
10721,11042,2,24,8.333333333333332
10721,11042,3,18,17.647058823529413
10721,11042,4,27,29.166666666666668
10721,11042,5,27,25.925925925925924
10721,11042,6,16,12.5
10721,11042,7,24,29.166666666666668
10721,11057,1,54,25.925925925925924
10721,11057,2,50,6.0
10721,11057,3,38,36.11111111111111
10721,11057,4,49,46.808510638297875
10721,11057,5,43,27.906976744186046
10721,11057,6,36,16.666666666666664
10721,11057,7,48,39.130434782608695
10721,11066,1,33,24.242424242424242
10721,11066,2,28,17.857142857142858
10721,11066,3,22,13.636363636363635
10721,11066,4,27,40.0
10721,11066,5,27,14.814814814814813
10721,11066,6,16,25.0
10721,11066,7,27,29.629629629629626
10721,11193,1,25,28.000000000000004
10721,11193,2,26,11.538461538461538
10721,11193,3,20,36.84210526315789
10721,11193,4,22,25.0
10721,11193,5,22,27.27272727272727
10721,11193,6,16,13.333333333333334
10721,11193,7,19,31.57894736842105
10721,11259,1,5,100.0
10721,11259,4,4,100.0
10721,11259,5,4,100.0
10721,11259,6,4,25.0
10721,11259,7,4,25.0
10721,11278,1,139,25.179856115107913
10721,11278,2,135,15.555555555555555
10721,11278,3,108,35.23809523809524
10721,11278,4,112,47.57281553398058
10721,11278,5,112,32.142857142857146
10721,11278,6,60,13.793103448275861
10721,11278,7,96,45.83333333333333
10721,11292,1,61,26.229508196721312
10721,11292,2,52,21.153846153846153
10721,11292,3,44,22.727272727272727
10721,11292,4,48,44.680851063829785
10721,11292,5,48,35.41666666666667
10721,11292,6,32,18.75
10721,11292,7,48,20.833333333333336
10721,11298,1,55,23.636363636363637
10721,11298,2,54,14.814814814814813
10721,11298,3,43,35.0
10721,11298,4,43,45.23809523809524
10721,11298,5,43,25.0
10721,11298,6,31,30.0
10721,11298,7,44,34.090909090909086
10721,11423,1,5,20.0
10721,11423,5,4,0.0
10721,11433,1,44,13.636363636363635
10721,11433,2,38,2.631578947368421
10721,11433,3,30,6.666666666666667
10721,11433,4,35,38.23529411764706
10721,11433,5,35,11.428571428571429
10721,11433,6,28,7.142857142857142
10721,11433,7,35,22.857142857142858
10721,11618,1,58,24.137931034482758
10721,11618,2,59,30.508474576271187
10721,11618,3,48,21.73913043478261
10721,11618,4,47,47.61904761904761
10721,11618,5,47,28.26086956521739
10721,11618,6,31,24.137931034482758
10721,11618,7,46,28.26086956521739
10721,11697,1,42,47.61904761904761
10721,11697,2,36,30.555555555555557
10721,11697,3,28,14.814814814814813
10721,11697,4,33,40.625
10721,11697,5,33,31.25
10721,11697,6,28,23.076923076923077
10721,11697,7,32,40.625
10721,11986,4,4,25.0
10721,11986,7,4,0.0
10721,12173,1,5,0.0
10721,12173,2,5,0.0
10721,12173,4,4,50.0
10721,12173,7,4,0.0
10721,12264,1,24,20.833333333333336
10721,12264,2,24,8.333333333333332
10721,12264,3,19,16.666666666666664
10721,12264,4,19,42.10526315789473
10721,12264,5,19,10.526315789473683
10721,12264,6,19,11.11111111111111
10721,12264,7,19,21.052631578947366
10721,12266,1,27,14.814814814814813
10721,12266,2,27,14.814814814814813
10721,12266,3,20,31.57894736842105
10721,12266,4,21,52.38095238095239
10721,12266,5,21,14.285714285714285
10721,12266,6,21,23.809523809523807
10721,12266,7,21,14.285714285714285
10721,12323,1,11,27.27272727272727
10721,12323,2,10,0.0
10721,12323,3,8,12.5
10721,12323,4,8,12.5
10721,12323,5,8,0.0
10721,12323,6,12,16.666666666666664
10721,12323,7,12,16.666666666666664
10721,12339,1,28,14.285714285714285
10721,12339,2,28,7.142857142857142
10721,12339,3,22,22.727272727272727
10721,12339,4,23,30.0
10721,12339,5,23,17.391304347826086
10721,12339,6,16,12.5
10721,12339,7,20,45.0
10721,12451,1,23,21.73913043478261
10721,12451,2,19,21.052631578947366
10721,12451,3,14,15.384615384615385
10721,12451,4,19,35.294117647058826
10721,12451,5,19,21.052631578947366
10721,12451,6,12,8.333333333333332
10721,12451,7,19,31.57894736842105
10721,12478,1,89,21.34831460674157
10721,12478,2,87,14.942528735632186
10721,12478,3,77,13.88888888888889
10721,12478,4,73,39.130434782608695
10721,12478,5,73,16.43835616438356
10721,12478,6,72,10.44776119402985
10721,12478,7,74,29.72972972972973
10721,12889,1,26,7.6923076923076925
10721,12889,2,19,0.0
10721,12889,3,16,18.75
10721,12889,4,23,21.73913043478261
10721,12889,5,23,30.434782608695656
10721,12889,6,16,6.25
10721,12889,7,23,39.130434782608695
10721,12892,1,65,27.692307692307693
10721,12892,2,61,8.19672131147541
10721,12892,3,45,13.333333333333334
10721,12892,4,51,31.372549019607842
10721,12892,5,51,31.372549019607842
10721,12892,6,40,10.0
10721,12892,7,51,21.568627450980394
10721,12953,1,122,14.754098360655737
10721,12953,2,122,15.573770491803279
10721,12953,3,97,23.076923076923077
10721,12953,4,97,44.31818181818182
10721,12953,5,97,15.463917525773196
10721,12953,6,24,8.695652173913043
10721,12953,7,75,33.80281690140845
10721,13198,1,9,11.11111111111111
10721,13198,2,10,10.0
10721,13198,3,8,12.5
10721,13198,4,8,37.5
10721,13198,5,8,25.0
10721,13198,6,4,0.0
10721,13198,7,8,37.5
10721,13204,1,50,14.000000000000002
10721,13204,2,46,17.391304347826086
10721,13204,3,37,10.81081081081081
10721,13204,4,39,42.10526315789473
10721,13204,5,40,42.5
10721,13204,6,36,19.444444444444446
10721,13204,7,40,28.205128205128204
10721,13232,1,25,36.0
10721,13232,2,15,33.33333333333333
10721,13232,3,12,58.333333333333336
10721,13232,4,20,44.44444444444444
10721,13232,5,20,55.00000000000001
10721,13232,6,16,18.75
10721,13232,7,20,55.00000000000001
10721,13244,1,5,40.0
10721,13244,2,5,0.0
10721,13244,3,4,33.33333333333333
10721,13244,4,4,66.66666666666666
10721,13244,5,4,50.0
10721,13244,6,4,25.0
10721,13244,7,4,75.0
10721,13303,1,38,13.513513513513514
10721,13303,2,34,5.88235294117647
10721,13303,3,28,32.142857142857146
10721,13303,4,32,40.625
10721,13303,5,28,10.714285714285714
10721,13303,6,32,12.5
10721,13303,7,32,31.25
10721,13342,1,15,26.666666666666668
10721,13342,2,11,36.36363636363637
10721,13342,3,8,37.5
10721,13342,4,12,27.27272727272727
10721,13342,5,12,33.33333333333333
10721,13342,6,8,25.0
10721,13342,7,12,33.33333333333333
10721,13487,1,30,13.333333333333334
10721,13487,2,30,6.666666666666667
10721,13487,3,24,20.833333333333336
10721,13487,4,24,45.83333333333333
10721,13487,5,24,16.666666666666664
10721,13487,6,24,8.333333333333332
10721,13487,7,20,30.0
10721,13495,1,10,0.0
10721,13495,2,10,10.0
10721,13495,3,8,0.0
10721,13495,4,8,12.5
10721,13495,5,8,12.5
10721,13495,6,8,12.5
10721,13495,7,8,12.5
10721,13541,1,5,0.0
10721,13541,2,1,0.0
10721,13541,4,4,50.0
10721,13541,5,4,0.0
10721,13541,7,4,25.0
10721,13577,1,11,20.0
10721,13577,2,6,16.666666666666664
10721,13577,3,5,0.0
10721,13577,4,8,28.57142857142857
10721,13577,5,8,33.33333333333333
10721,13577,6,8,12.5
10721,13577,7,12,0.0
10721,13930,1,118,25.423728813559322
10721,13930,2,104,18.269230769230766
10721,13930,3,80,27.848101265822784
10721,13930,4,93,47.25274725274725
10721,13930,5,95,37.89473684210527
10721,13930,6,75,34.66666666666667
10721,13930,7,95,36.17021276595745
10721,13931,1,10,0.0
10721,13931,2,10,10.0
10721,13931,3,8,12.5
10721,13931,4,8,12.5
10721,13931,5,8,12.5
10721,13931,6,12,0.0
10721,13931,7,8,12.5
10721,14027,1,16,25.0
10721,14027,2,17,23.52941176470588
10721,14027,3,12,8.333333333333332
10721,14027,4,12,25.0
10721,14027,5,12,41.66666666666667
10721,14027,6,12,8.333333333333332
10721,14027,7,12,33.33333333333333
10721,14057,1,11,9.090909090909092
10721,14057,2,11,0.0
10721,14057,3,4,25.0
10721,14057,4,4,25.0
10721,14057,5,8,25.0
10721,14057,6,4,0.0
10721,14057,7,8,25.0
10721,14100,1,76,21.052631578947366
10721,14100,2,67,19.402985074626866
10721,14100,3,54,29.411764705882355
10721,14100,4,66,34.375
10721,14100,5,61,26.229508196721312
10721,14100,6,40,7.6923076923076925
10721,14100,7,64,19.35483870967742
10721,14107,1,25,12.0
10721,14107,2,20,15.0
10721,14107,3,16,37.5
10721,14107,4,19,31.57894736842105
10721,14107,5,16,25.0
10721,14107,6,16,26.666666666666668
10721,14107,7,20,25.0
10721,14122,1,35,28.57142857142857
10721,14122,2,29,10.344827586206897
10721,14122,3,27,16.0
10721,14122,4,30,53.57142857142857
10721,14122,5,30,26.666666666666668
10721,14122,6,19,5.263157894736842
10721,14122,7,27,37.03703703703704
10721,14231,1,5,40.0
10721,14231,2,5,20.0
10721,14231,3,4,50.0
10721,14231,4,4,50.0
10721,14231,5,4,75.0
10721,14231,6,4,0.0
10721,14231,7,4,75.0
10721,14492,1,47,23.404255319148938
10721,14492,2,38,15.789473684210526
10721,14492,3,30,21.428571428571427
10721,14492,4,39,52.63157894736842
10721,14492,5,39,25.64102564102564
10721,14492,6,24,8.333333333333332
10721,14492,7,39,30.76923076923077
10721,14524,1,29,24.137931034482758
10721,14524,2,25,16.0
10721,14524,3,20,10.526315789473683
10721,14524,4,24,42.857142857142854
10721,14524,5,24,33.33333333333333
10721,14524,6,18,11.11111111111111
10721,14524,7,24,37.5
10721,14635,1,20,20.0
10721,14635,2,15,6.666666666666667
10721,14635,3,12,0.0
10721,14635,4,16,43.75
10721,14635,5,16,31.25
10721,14635,6,13,7.6923076923076925
10721,14635,7,16,26.666666666666668
10721,14679,1,26,26.923076923076923
10721,14679,2,21,4.761904761904762
10721,14679,3,16,12.5
10721,14679,4,20,40.0
10721,14679,5,20,52.63157894736842
10721,14679,6,12,25.0
10721,14679,7,20,30.0
10721,14683,1,5,0.0
10721,14683,2,5,20.0
10721,14683,3,4,0.0
10721,14683,4,4,50.0
10721,14683,5,4,0.0
10721,14683,6,4,0.0
10721,14683,7,4,50.0
10721,14685,1,16,6.25
10721,14685,2,11,18.181818181818183
10721,14685,3,8,0.0
10721,14685,4,12,18.181818181818183
10721,14685,5,12,8.333333333333332
10721,14685,6,16,6.25
10721,14685,7,16,25.0
10721,14730,1,10,10.0
10721,14730,2,10,0.0
10721,14730,3,8,0.0
10721,14730,4,8,37.5
10721,14730,5,8,0.0
10721,14730,6,8,12.5
10721,14730,7,8,12.5
10721,14747,1,39,10.256410256410255
10721,14747,2,39,2.564102564102564
10721,14747,3,30,10.0
10721,14747,4,31,41.935483870967744
10721,14747,5,31,19.35483870967742
10721,14747,6,28,10.714285714285714
10721,14747,7,31,19.35483870967742
10721,14771,1,73,12.32876712328767
10721,14771,2,64,6.25
10721,14771,3,50,14.000000000000002
10721,14771,4,59,37.28813559322034
10721,14771,5,59,25.423728813559322
10721,14771,6,44,13.636363636363635
10721,14771,7,59,22.033898305084744
10721,14843,1,18,38.88888888888889
10721,14843,2,13,23.076923076923077
10721,14843,3,8,50.0
10721,14843,4,12,41.66666666666667
10721,14843,5,12,25.0
10721,14843,6,8,0.0
10721,14843,7,12,25.0
10721,14869,1,16,0.0
10721,14869,2,16,6.25
10721,14869,3,12,8.333333333333332
10721,14869,4,12,25.0
10721,14869,5,12,8.333333333333332
10721,14869,6,12,16.666666666666664
10721,14869,7,12,25.0
10721,14893,1,1,0.0
10721,14893,2,1,0.0
10721,14986,1,5,0.0
10721,14986,5,4,0.0
10721,15016,1,25,36.0
10721,15016,2,25,16.0
10721,15016,3,20,26.31578947368421
10721,15016,4,20,31.57894736842105
10721,15016,5,20,30.0
10721,15016,6,12,25.0
10721,15016,7,20,35.0
10721,15096,1,5,20.0
10721,15096,2,4,25.0
10721,15096,3,3,0.0
10721,15096,4,4,100.0
10721,15096,5,4,75.0
10721,15096,7,4,75.0
10721,15304,1,35,20.0
10721,15304,2,28,17.857142857142858
10721,15304,3,22,31.818181818181817
10721,15304,4,31,23.333333333333332
10721,15304,5,27,30.76923076923077
10721,15304,6,22,9.090909090909092
10721,15304,7,32,34.375
10721,15380,1,2,0.0
10721,15380,2,1,0.0
10721,15380,4,4,0.0
10721,15380,6,1,0.0
10721,15380,7,5,40.0
10721,15412,2,5,0.0
10721,15412,4,4,75.0
10721,15412,6,1,0.0
10721,15412,7,4,0.0
10728,11298,1,9,44.44444444444444
10728,11298,2,10,10.0
10728,11298,3,7,0.0
10728,11298,4,8,0.0
10728,11298,5,8,0.0
10728,11298,6,8,25.0
10728,11298,7,8,0.0
10732,11618,1,5,40.0
10732,11618,2,5,0.0
10732,11618,3,4,25.0
10732,11618,4,4,25.0
10732,11618,5,4,0.0
10732,11618,6,4,0.0
10732,11618,7,4,50.0
10732,11697,1,1,100.0
10732,11697,2,1,0.0
10732,12478,1,6,16.666666666666664
10732,12478,2,6,0.0
10732,12478,3,4,0.0
10732,12478,4,4,0.0
10732,12478,5,4,0.0
10732,12478,6,4,25.0
10732,12478,7,4,25.0
10732,13204,1,11,18.181818181818183
10732,13204,2,7,14.285714285714285
10732,13204,3,5,20.0
10732,13204,4,8,25.0
10732,13204,5,8,0.0
10732,13204,6,12,8.333333333333332
10732,13204,7,8,12.5
10739,13487,1,10,20.0
10739,13487,2,7,28.57142857142857
10739,13487,3,4,0.0
10739,13487,4,8,62.5
10739,13487,5,8,25.0
10739,13487,6,8,0.0
10739,13487,7,8,0.0
10747,11298,1,20,30.0
10747,11298,2,20,15.0
10747,11298,3,16,43.75
10747,11298,4,16,0.0
10747,11298,5,16,26.666666666666668
10747,11298,6,16,18.75
10747,11298,7,16,6.25
10754,10299,1,5,0.0
10754,10299,2,5,0.0
10754,10299,3,4,0.0
10754,10299,4,4,50.0
10754,10299,5,4,0.0
10754,10299,6,4,0.0
10754,10299,7,4,25.0
10779,11292,1,5,0.0
10779,11292,2,5,0.0
10779,11292,3,4,0.0
10779,11292,4,4,0.0
10779,11292,5,4,25.0
10779,11292,6,4,25.0
10779,11292,7,4,0.0
10779,14869,1,5,20.0
10779,14869,2,5,0.0
10779,14869,3,4,0.0
10779,14869,4,4,25.0
10779,14869,5,4,0.0
10779,14869,6,4,0.0
10779,14869,7,4,0.0
10781,10397,1,13,7.6923076923076925
10781,10397,2,13,0.0
10781,10397,3,10,0.0
10781,10397,4,11,0.0
10781,10397,5,11,9.090909090909092
10781,10397,6,15,20.0
10781,10397,7,12,16.666666666666664
10781,11057,1,9,0.0
10781,11057,2,9,11.11111111111111
10781,11057,3,8,0.0
10781,11057,4,8,12.5
10781,11057,5,8,12.5
10781,11057,6,8,0.0
10781,11057,7,8,0.0
10781,11278,1,5,0.0
10781,11278,2,5,0.0
10781,11278,3,4,0.0
10781,11278,4,4,0.0
10781,11278,5,4,0.0
10781,11278,7,4,25.0
10781,11298,1,30,23.333333333333332
10781,11298,2,30,10.0
10781,11298,3,23,21.73913043478261
10781,11298,4,24,16.666666666666664
10781,11298,5,24,8.695652173913043
10781,11298,6,24,20.833333333333336
10781,11298,7,24,20.833333333333336
10781,12266,1,1,0.0
10781,12266,2,1,0.0
10781,12266,4,1,0.0
10781,12266,5,1,0.0
10781,12266,6,1,0.0
10781,12266,7,1,0.0
10785,10397,1,5,20.0
10785,10397,2,5,0.0
10785,10397,3,4,0.0
10785,10397,4,4,0.0
10785,10397,5,4,0.0
10785,10397,6,5,0.0
10785,10397,7,4,0.0
10785,11057,1,10,10.0
10785,11057,2,10,10.0
10785,11057,3,8,0.0
10785,11057,4,8,25.0
10785,11057,5,8,0.0
10785,11057,6,8,25.0
10785,11057,7,8,0.0
10785,11278,1,20,25.0
10785,11278,2,20,20.0
10785,11278,3,16,40.0
10785,11278,4,16,50.0
10785,11278,5,16,25.0
10785,11278,6,12,25.0
10785,11278,7,16,18.75
10785,11292,1,5,40.0
10785,11292,2,5,40.0
10785,11292,3,4,0.0
10785,11292,4,4,75.0
10785,11292,5,4,50.0
10785,11292,6,4,50.0
10785,11292,7,4,0.0
10785,11618,1,15,0.0
10785,11618,2,16,6.25
10785,11618,3,12,16.666666666666664
10785,11618,4,12,41.66666666666667
10785,11618,5,13,23.076923076923077
10785,11618,6,8,28.57142857142857
10785,11618,7,13,15.384615384615385
10785,12264,1,6,0.0
10785,12264,2,5,20.0
10785,12264,3,4,0.0
10785,12264,4,4,0.0
10785,12264,5,5,0.0
10785,12264,6,5,0.0
10785,12264,7,4,25.0
10785,12953,6,4,0.0
10785,12953,7,4,0.0
10785,13930,1,21,14.285714285714285
10785,13930,2,20,25.0
10785,13930,3,15,33.33333333333333
10785,13930,4,16,25.0
10785,13930,5,17,11.76470588235294
10785,13930,6,16,31.25
10785,13930,7,17,35.294117647058826
10785,14100,1,15,26.666666666666668
10785,14100,2,11,9.090909090909092
10785,14100,3,8,25.0
10785,14100,4,11,36.36363636363637
10785,14100,5,11,9.090909090909092
10785,14100,6,8,0.0
10785,14100,7,12,41.66666666666667
10792,10397,1,23,4.3478260869565215
10792,10397,2,18,0.0
10792,10397,3,14,0.0
10792,10397,4,19,5.263157894736842
10792,10397,5,19,0.0
10792,10397,6,12,0.0
10792,10397,7,19,15.789473684210526
10792,10693,1,5,0.0
10792,10693,2,5,0.0
10792,10693,3,4,0.0
10792,10693,4,4,25.0
10792,10693,5,4,25.0
10792,10693,6,4,0.0
10792,10693,7,4,25.0
10792,10721,1,16,25.0
10792,10721,2,16,25.0
10792,10721,3,10,30.0
10792,10721,4,12,54.54545454545454
10792,10721,5,12,33.33333333333333
10792,10721,6,10,0.0
10792,10721,7,12,33.33333333333333
10792,10821,1,26,7.6923076923076925
10792,10821,2,25,0.0
10792,10821,3,20,5.0
10792,10821,4,20,10.0
10792,10821,5,20,5.0
10792,10821,6,16,25.0
10792,10821,7,20,0.0
10792,11057,1,16,25.0
10792,11057,2,16,0.0
10792,11057,3,12,9.090909090909092
10792,11057,4,15,13.333333333333334
10792,11057,5,12,8.333333333333332
10792,11057,6,12,8.333333333333332
10792,11057,7,16,12.5
10792,11278,1,20,10.0
10792,11278,2,20,25.0
10792,11278,3,16,37.5
10792,11278,4,16,31.25
10792,11278,5,16,31.25
10792,11278,6,12,25.0
10792,11278,7,16,12.5
10792,11292,1,15,26.666666666666668
10792,11292,2,10,30.0
10792,11292,3,8,37.5
10792,11292,4,8,0.0
10792,11292,5,12,41.66666666666667
10792,11292,6,12,25.0
10792,11292,7,12,8.333333333333332
10792,11298,1,10,10.0
10792,11298,2,10,0.0
10792,11298,3,8,37.5
10792,11298,4,8,37.5
10792,11298,5,8,14.285714285714285
10792,11298,6,8,37.5
10792,11298,7,8,12.5
10792,11433,1,8,0.0
10792,11433,2,8,0.0
10792,11433,3,6,0.0
10792,11433,4,7,0.0
10792,11433,5,7,0.0
10792,11433,6,11,9.090909090909092
10792,11433,7,7,14.285714285714285
10792,11618,1,1,0.0
10792,11618,2,1,0.0
10792,11618,5,1,0.0
10792,11618,6,1,0.0
10792,11618,7,1,100.0
10792,11697,1,6,0.0
10792,11697,2,1,0.0
10792,11697,3,3,33.33333333333333
10792,11697,4,5,0.0
10792,11697,5,5,40.0
10792,11697,6,5,0.0
10792,11697,7,5,20.0
10792,12264,1,1,0.0
10792,12264,3,4,0.0
10792,12264,4,3,0.0
10792,12264,5,3,33.33333333333333
10792,12264,6,3,33.33333333333333
10792,12478,1,20,10.0
10792,12478,2,20,0.0
10792,12478,3,16,18.75
10792,12478,4,16,18.75
10792,12478,5,16,0.0
10792,12478,6,16,13.333333333333334
10792,12478,7,16,25.0
10792,12889,1,5,0.0
10792,12889,2,5,0.0
10792,12889,3,4,0.0
10792,12889,4,4,0.0
10792,12889,5,4,50.0
10792,12889,6,4,0.0
10792,12889,7,4,0.0
10792,12892,1,1,0.0
10792,12892,2,1,0.0
10792,12953,1,35,11.428571428571429
10792,12953,2,35,2.857142857142857
10792,12953,3,28,10.714285714285714
10792,12953,4,28,15.384615384615385
10792,12953,5,28,7.4074074074074066
10792,12953,6,12,8.333333333333332
10792,12953,7,24,20.833333333333336
10792,13204,1,21,19.047619047619047
10792,13204,2,16,18.75
10792,13204,3,12,8.333333333333332
10792,13204,4,16,25.0
10792,13204,5,16,25.0
10792,13204,6,20,15.0
10792,13204,7,17,11.76470588235294
10792,13232,1,15,13.333333333333334
10792,13232,2,15,6.666666666666667
10792,13232,3,12,8.333333333333332
10792,13232,4,12,16.666666666666664
10792,13232,5,12,8.333333333333332
10792,13232,6,4,0.0
10792,13232,7,12,16.666666666666664
10792,13487,1,1,0.0
10792,13487,2,1,0.0
10792,13487,3,1,0.0
10792,13487,4,1,0.0
10792,13487,5,1,0.0
10792,13487,6,1,0.0
10792,13487,7,1,0.0
10792,13495,1,1,0.0
10792,13930,1,30,23.333333333333332
10792,13930,2,30,23.333333333333332
10792,13930,3,24,33.33333333333333
10792,13930,4,24,16.666666666666664
10792,13930,5,24,20.833333333333336
10792,13930,6,23,31.818181818181817
10792,13930,7,24,16.666666666666664
10792,14100,1,4,0.0
10792,14100,2,4,0.0
10792,14100,5,3,0.0
10792,14100,6,3,0.0
10792,14100,7,1,0.0
10792,14107,1,5,0.0
10792,14107,4,4,0.0
10792,14107,5,4,25.0
10792,14107,6,4,0.0
10792,14107,7,4,0.0
10792,14492,4,4,0.0
10792,14492,7,4,25.0
10792,15304,1,11,0.0
10792,15304,2,10,10.0
10792,15304,3,8,0.0
10792,15304,4,12,8.333333333333332
10792,15304,5,8,0.0
10792,15304,6,8,0.0
10792,15304,7,8,25.0
10800,10140,1,5,20.0
10800,10140,2,5,20.0
10800,10140,3,4,0.0
10800,10140,4,4,0.0
10800,10140,5,4,0.0
10800,10140,6,4,0.0
10800,10140,7,4,0.0
10800,10397,1,5,60.0
10800,10397,2,5,20.0
10800,10397,3,4,25.0
10800,10397,4,4,25.0
10800,10397,5,4,50.0
10800,10397,6,4,0.0
10800,10397,7,4,25.0
10800,10423,1,5,20.0
10800,10423,2,5,0.0
10800,10423,3,4,0.0
10800,10423,4,4,0.0
10800,10423,5,4,0.0
10800,10423,6,4,0.0
10800,10423,7,4,0.0
10800,10693,1,5,20.0
10800,10693,2,5,20.0
10800,10693,3,4,0.0
10800,10693,4,4,25.0
10800,10693,5,4,0.0
10800,10693,6,4,0.0
10800,10693,7,4,0.0
10800,10713,1,5,0.0
10800,10713,2,5,0.0
10800,10713,3,4,0.0
10800,10713,4,4,0.0
10800,10713,5,4,25.0
10800,10713,6,4,25.0
10800,10713,7,8,0.0
10800,11259,1,5,0.0
10800,11259,2,5,40.0
10800,11259,3,4,0.0
10800,11259,4,4,0.0
10800,11259,5,4,25.0
10800,11259,6,4,25.0
10800,11259,7,4,25.0
10800,11292,1,35,17.142857142857142
10800,11292,2,31,29.03225806451613
10800,11292,3,28,7.142857142857142
10800,11292,4,32,25.0
10800,11292,5,28,3.571428571428571
10800,11292,6,20,21.052631578947366
10800,11292,7,32,15.625
10800,11298,1,10,0.0
10800,11298,2,10,0.0
10800,11298,3,8,25.0
10800,11298,4,8,25.0
10800,11298,5,8,0.0
10800,11298,6,8,0.0
10800,11298,7,8,12.5
10800,12191,1,5,20.0
10800,12191,2,5,0.0
10800,12191,3,4,0.0
10800,12191,4,4,0.0
10800,12191,5,4,25.0
10800,12191,7,4,0.0
10800,12478,1,5,40.0
10800,12478,2,5,20.0
10800,12478,3,4,50.0
10800,12478,4,4,50.0
10800,12478,5,4,33.33333333333333
10800,12478,6,4,25.0
10800,12478,7,4,25.0
10800,12889,1,66,10.606060606060606
10800,12889,2,52,17.307692307692307
10800,12889,3,42,4.878048780487805
10800,12889,4,53,41.509433962264154
10800,12889,5,53,50.943396226415096
10800,12889,6,37,8.333333333333332
10800,12889,7,49,16.3265306122449
10800,13198,1,5,0.0
10800,13198,4,4,0.0
10800,13198,5,4,75.0
10800,13198,7,4,0.0
10800,13232,1,5,0.0
10800,13232,2,5,20.0
10800,13232,3,4,25.0
10800,13232,4,4,0.0
10800,13232,5,4,0.0
10800,13232,6,4,25.0
10800,13232,7,4,0.0
10800,13796,1,50,12.0
10800,13796,2,40,15.0
10800,13796,3,32,6.25
10800,13796,4,40,7.5
10800,13796,5,40,28.205128205128204
10800,13796,6,20,0.0
10800,13796,7,32,18.75
10800,14057,1,15,0.0
10800,14057,2,15,6.666666666666667
10800,14057,3,12,0.0
10800,14057,4,12,16.666666666666664
10800,14057,5,11,0.0
10800,14057,6,4,0.0
10800,14057,7,12,16.666666666666664
10800,14107,1,47,8.51063829787234
10800,14107,2,35,2.857142857142857
10800,14107,3,28,10.714285714285714
10800,14107,4,39,25.64102564102564
10800,14107,5,36,15.625
10800,14107,6,20,10.526315789473683
10800,14107,7,32,15.625
10800,14570,1,10,30.0
10800,14570,2,5,0.0
10800,14570,3,4,0.0
10800,14570,4,8,25.0
10800,14570,5,8,50.0
10800,14570,6,4,0.0
10800,14570,7,8,25.0
10800,14747,1,25,4.0
10800,14747,2,15,0.0
10800,14747,3,12,0.0
10800,14747,4,19,21.052631578947366
10800,14747,5,20,5.555555555555555
10800,14747,6,16,6.25
10800,14747,7,20,15.0
10800,14771,1,39,28.205128205128204
10800,14771,2,36,19.444444444444446
10800,14771,3,32,15.625
10800,14771,4,32,21.875
10800,14771,5,32,21.875
10800,14771,6,25,4.0
10800,14771,7,29,44.827586206896555
10800,14831,1,40,12.5
10800,14831,2,30,3.3333333333333335
10800,14831,3,24,0.0
10800,14831,4,32,15.625
10800,14831,5,32,6.25
10800,14831,6,20,15.0
10800,14831,7,24,0.0
10800,14869,1,25,16.0
10800,14869,2,18,5.555555555555555
10800,14869,3,14,14.285714285714285
10800,14869,4,19,36.84210526315789
10800,14869,5,19,10.526315789473683
10800,14869,6,15,0.0
10800,14869,7,20,5.0
10800,14893,1,45,13.333333333333334
10800,14893,2,35,5.714285714285714
10800,14893,3,28,10.714285714285714
10800,14893,4,36,11.11111111111111
10800,14893,5,36,8.571428571428571
10800,14893,6,20,10.0
10800,14893,7,28,14.285714285714285
10800,15016,1,5,20.0
10800,15016,2,5,0.0
10800,15016,3,4,0.0
10800,15016,4,4,0.0
10800,15016,5,4,0.0
10800,15016,6,4,0.0
10800,15016,7,4,25.0
10800,15023,1,5,0.0
10800,15023,2,5,20.0
10800,15023,3,4,0.0
10800,15023,4,4,0.0
10800,15023,5,4,0.0
10800,15023,6,4,0.0
10800,15023,7,4,25.0
10821,10140,1,5,0.0
10821,10140,2,5,0.0
10821,10140,3,4,25.0
10821,10140,4,4,0.0
10821,10140,5,4,0.0
10821,10140,6,4,50.0
10821,10140,7,4,25.0
10821,10257,1,25,16.0
10821,10257,2,25,4.0
10821,10257,3,20,10.0
10821,10257,4,20,30.0
10821,10257,5,20,15.0
10821,10257,6,16,18.75
10821,10257,7,20,10.0
10821,10397,1,81,7.4074074074074066
10821,10397,2,72,1.3888888888888888
10821,10397,3,57,5.263157894736842
10821,10397,4,70,24.285714285714285
10821,10397,5,67,13.432835820895523
10821,10397,6,48,25.0
10821,10397,7,70,10.0
10821,10423,1,20,20.0
10821,10423,2,15,0.0
10821,10423,3,12,8.333333333333332
10821,10423,4,16,31.25
10821,10423,5,16,6.25
10821,10423,6,12,16.666666666666664
10821,10423,7,16,12.5
10821,10529,1,25,12.0
10821,10529,2,25,8.0
10821,10529,3,20,10.0
10821,10529,4,20,15.0
10821,10529,5,20,5.0
10821,10529,6,16,12.5
10821,10529,7,20,5.0
10821,10599,1,5,60.0
10821,10599,2,5,20.0
10821,10599,3,4,0.0
10821,10599,4,4,25.0
10821,10599,5,4,0.0
10821,10599,7,4,0.0
10821,10693,1,30,6.666666666666667
10821,10693,2,25,8.0
10821,10693,3,20,5.0
10821,10693,4,24,16.666666666666664
10821,10693,5,24,16.666666666666664
10821,10693,6,16,18.75
10821,10693,7,28,7.142857142857142
10821,10721,1,48,41.66666666666667
10821,10721,2,48,31.25
10821,10721,3,38,48.64864864864865
10821,10721,4,39,58.333333333333336
10821,10721,5,39,33.33333333333333
10821,10721,6,32,18.75
10821,10721,7,44,45.45454545454545
10821,10792,1,26,7.6923076923076925
10821,10792,2,25,0.0
10821,10792,3,20,15.0
10821,10792,4,20,40.0
10821,10792,5,20,5.0
10821,10792,6,16,25.0
10821,10792,7,20,5.0
10821,10994,1,15,20.0
10821,10994,2,15,13.333333333333334
10821,10994,3,12,0.0
10821,10994,4,12,8.333333333333332
10821,10994,5,12,8.333333333333332
10821,10994,6,8,50.0
10821,10994,7,16,12.5
10821,11042,1,15,6.666666666666667
10821,11042,2,15,6.666666666666667
10821,11042,3,12,0.0
10821,11042,4,12,16.666666666666664
10821,11042,5,12,16.666666666666664
10821,11042,6,8,0.0
10821,11042,7,12,16.666666666666664
10821,11057,1,46,8.695652173913043
10821,11057,2,35,5.714285714285714
10821,11057,3,28,10.714285714285714
10821,11057,4,35,22.857142857142858
10821,11057,5,36,11.11111111111111
10821,11057,6,32,9.375
10821,11057,7,40,7.6923076923076925
10821,11066,1,16,6.25
10821,11066,2,15,0.0
10821,11066,3,12,0.0
10821,11066,4,12,16.666666666666664
10821,11066,5,12,16.666666666666664
10821,11066,6,12,16.666666666666664
10821,11066,7,11,45.45454545454545
10821,11109,1,5,0.0
10821,11109,2,5,0.0
10821,11109,3,4,25.0
10821,11109,4,4,25.0
10821,11109,5,4,0.0
10821,11109,7,4,0.0
10821,11193,1,10,0.0
10821,11193,2,10,10.0
10821,11193,3,8,0.0
10821,11193,4,8,25.0
10821,11193,5,8,12.5
10821,11193,6,8,0.0
10821,11193,7,8,25.0
10821,11259,1,30,16.666666666666664
10821,11259,2,25,12.0
10821,11259,3,20,15.0
10821,11259,4,24,20.833333333333336
10821,11259,5,24,4.166666666666666
10821,11259,6,16,31.25
10821,11259,7,20,5.0
10821,11292,1,50,16.0
10821,11292,2,40,20.0
10821,11292,3,32,6.25
10821,11292,4,36,22.22222222222222
10821,11292,5,40,15.0
10821,11292,6,32,21.875
10821,11292,7,36,11.11111111111111
10821,11298,1,21,47.61904761904761
10821,11298,2,10,20.0
10821,11298,3,8,37.5
10821,11298,4,19,15.789473684210526
10821,11298,5,16,18.75
10821,11298,6,12,0.0
10821,11298,7,20,10.0
10821,11433,1,38,13.157894736842104
10821,11433,2,33,6.0606060606060606
10821,11433,3,26,11.538461538461538
10821,11433,4,27,14.814814814814813
10821,11433,5,31,16.666666666666664
10821,11433,6,28,11.11111111111111
10821,11433,7,35,14.285714285714285
10821,11481,6,4,25.0
10821,11697,1,40,17.5
10821,11697,2,35,8.571428571428571
10821,11697,3,28,0.0
10821,11697,4,32,19.35483870967742
10821,11697,5,32,31.25
10821,11697,6,33,21.21212121212121
10821,11697,7,36,11.428571428571429
10821,11986,1,5,0.0
10821,11986,2,5,0.0
10821,11986,3,4,25.0
10821,11986,4,4,0.0
10821,11986,5,4,0.0
10821,11986,6,4,0.0
10821,11986,7,4,0.0
10821,11996,1,10,10.0
10821,11996,2,10,0.0
10821,11996,3,8,0.0
10821,11996,4,8,12.5
10821,11996,5,8,0.0
10821,11996,6,8,25.0
10821,11996,7,8,12.5
10821,12191,1,21,9.523809523809524
10821,12191,2,20,5.0
10821,12191,3,16,12.5
10821,12191,4,16,31.25
10821,12191,5,16,12.5
10821,12191,6,16,12.5
10821,12191,7,20,25.0
10821,12266,1,19,5.263157894736842
10821,12266,2,15,6.666666666666667
10821,12266,3,12,0.0
10821,12266,4,16,25.0
10821,12266,5,16,12.5
10821,12266,6,12,16.666666666666664
10821,12266,7,16,12.5
10821,12339,1,16,12.5
10821,12339,2,15,0.0
10821,12339,3,12,0.0
10821,12339,4,12,25.0
10821,12339,5,12,0.0
10821,12339,6,12,25.0
10821,12339,7,16,12.5
10821,12391,1,15,6.666666666666667
10821,12391,2,15,0.0
10821,12391,3,12,25.0
10821,12391,4,12,25.0
10821,12391,5,12,8.333333333333332
10821,12391,6,12,16.666666666666664
10821,12391,7,12,41.66666666666667
10821,12448,1,5,0.0
10821,12448,2,5,0.0
10821,12448,3,4,25.0
10821,12448,4,4,25.0
10821,12448,5,4,0.0
10821,12448,7,4,0.0
10821,12451,1,20,20.0
10821,12451,2,15,6.666666666666667
10821,12451,3,12,25.0
10821,12451,4,16,37.5
10821,12451,5,16,25.0
10821,12451,6,12,25.0
10821,12451,7,16,18.75
10821,12889,1,29,20.689655172413794
10821,12889,2,24,20.833333333333336
10821,12889,3,23,4.3478260869565215
10821,12889,4,24,16.666666666666664
10821,12889,5,24,16.666666666666664
10821,12889,6,16,18.75
10821,12889,7,28,25.0
10821,12892,1,30,20.689655172413794
10821,12892,2,26,15.384615384615385
10821,12892,3,24,8.333333333333332
10821,12892,4,24,29.166666666666668
10821,12892,5,24,20.833333333333336
10821,12892,6,17,11.76470588235294
10821,12892,7,24,20.833333333333336
10821,12954,1,5,0.0
10821,12954,2,5,0.0
10821,12954,3,4,50.0
10821,12954,4,4,25.0
10821,12954,5,4,0.0
10821,12954,6,4,25.0
10821,12954,7,4,50.0
10821,13198,1,15,20.0
10821,13198,2,15,6.666666666666667
10821,13198,3,12,0.0
10821,13198,4,12,50.0
10821,13198,5,12,25.0
10821,13198,6,8,12.5
10821,13198,7,12,33.33333333333333
10821,13204,1,60,13.333333333333334
10821,13204,2,46,2.1739130434782608
10821,13204,3,40,12.5
10821,13204,4,52,21.153846153846153
10821,13204,5,48,10.416666666666668
10821,13204,6,48,17.391304347826086
10821,13204,7,48,12.5
10821,13232,1,36,11.11111111111111
10821,13232,2,25,8.0
10821,13232,3,20,0.0
10821,13232,4,28,32.142857142857146
10821,13232,5,28,7.142857142857142
10821,13232,6,16,25.0
10821,13232,7,28,14.285714285714285
10821,13244,1,5,0.0
10821,13244,4,4,0.0
10821,13244,5,4,0.0
10821,13244,7,8,12.5
10821,13296,1,25,4.0
10821,13296,2,25,8.0
10821,13296,3,20,10.0
10821,13296,4,20,15.0
10821,13296,5,20,15.0
10821,13296,6,16,6.25
10821,13296,7,20,20.0
10821,13303,1,30,20.0
10821,13303,2,21,9.523809523809524
10821,13303,3,16,6.25
10821,13303,4,20,10.0
10821,13303,5,24,4.166666666666666
10821,13303,6,24,8.333333333333332
10821,13303,7,20,5.0
10821,13342,1,15,6.666666666666667
10821,13342,2,10,0.0
10821,13342,3,9,0.0
10821,13342,4,12,16.666666666666664
10821,13342,5,12,0.0
10821,13342,6,8,25.0
10821,13342,7,12,8.333333333333332
10821,13487,1,23,8.695652173913043
10821,13487,2,23,4.3478260869565215
10821,13487,3,18,33.33333333333333
10821,13487,4,19,10.526315789473683
10821,13487,5,19,15.789473684210526
10821,13487,6,12,25.0
10821,13487,7,15,6.666666666666667
10821,13495,1,20,5.0
10821,13495,2,10,10.0
10821,13495,3,8,12.5
10821,13495,4,16,43.75
10821,13495,5,15,13.333333333333334
10821,13495,6,11,9.090909090909092
10821,13495,7,16,12.5
10821,13577,1,15,6.666666666666667
10821,13577,2,15,13.333333333333334
10821,13577,3,12,8.333333333333332
10821,13577,4,12,25.0
10821,13577,5,12,0.0
10821,13577,6,16,6.25
10821,13577,7,12,8.333333333333332
10821,13891,1,5,0.0
10821,13891,2,5,0.0
10821,13891,3,4,25.0
10821,13891,4,4,0.0
10821,13891,5,4,0.0
10821,13891,6,4,25.0
10821,13891,7,4,25.0
10821,13930,1,45,8.88888888888889
10821,13930,2,36,22.22222222222222
10821,13930,3,27,22.22222222222222
10821,13930,4,39,15.384615384615385
10821,13930,5,35,20.0
10821,13930,6,27,29.629629629629626
10821,13930,7,39,15.384615384615385
10821,13931,1,25,4.0
10821,13931,2,20,15.0
10821,13931,3,16,12.5
10821,13931,4,20,15.0
10821,13931,5,20,0.0
10821,13931,6,16,6.25
10821,13931,7,20,20.0
10821,14027,1,15,26.666666666666668
10821,14027,2,15,6.666666666666667
10821,14027,3,12,16.666666666666664
10821,14027,4,12,25.0
10821,14027,5,12,8.333333333333332
10821,14027,6,12,33.33333333333333
10821,14027,7,12,0.0
10821,14057,1,5,20.0
10821,14057,2,5,20.0
10821,14057,3,4,0.0
10821,14057,4,4,50.0
10821,14057,5,4,0.0
10821,14057,6,4,25.0
10821,14057,7,4,25.0
10821,14107,1,20,25.0
10821,14107,2,15,13.333333333333334
10821,14107,3,12,25.0
10821,14107,4,16,25.0
10821,14107,5,16,18.75
10821,14107,6,12,25.0
10821,14107,7,12,25.0
10821,14122,1,15,13.333333333333334
10821,14122,2,15,0.0
10821,14122,3,12,8.333333333333332
10821,14122,4,12,16.666666666666664
10821,14122,5,12,0.0
10821,14122,6,12,16.666666666666664
10821,14122,7,8,0.0
10821,14307,1,30,10.0
10821,14307,2,30,3.3333333333333335
10821,14307,3,24,12.5
10821,14307,4,24,25.0
10821,14307,5,24,16.666666666666664
10821,14307,6,16,12.5
10821,14307,7,24,20.833333333333336
10821,14321,1,21,9.523809523809524
10821,14321,2,20,0.0
10821,14321,3,16,0.0
10821,14321,4,16,37.5
10821,14321,5,16,12.5
10821,14321,6,16,12.5
10821,14321,7,16,18.75
10821,14492,1,25,0.0
10821,14492,2,25,12.0
10821,14492,3,20,10.0
10821,14492,4,20,10.0
10821,14492,5,20,5.0
10821,14492,6,16,25.0
10821,14492,7,16,18.75
10821,14524,1,10,10.0
10821,14524,2,10,0.0
10821,14524,3,8,0.0
10821,14524,4,8,0.0
10821,14524,5,8,0.0
10821,14524,6,8,0.0
10821,14524,7,8,50.0
10821,14576,1,15,13.333333333333334
10821,14576,2,15,0.0
10821,14576,3,12,8.333333333333332
10821,14576,4,12,25.0
10821,14576,5,12,0.0
10821,14576,6,12,8.333333333333332
10821,14576,7,12,8.333333333333332
10821,14635,1,15,6.666666666666667
10821,14635,2,15,6.666666666666667
10821,14635,3,12,8.333333333333332
10821,14635,4,12,16.666666666666664
10821,14635,5,12,16.666666666666664
10821,14635,6,12,25.0
10821,14635,7,12,0.0
10821,14679,1,15,13.333333333333334
10821,14679,2,15,6.666666666666667
10821,14679,3,12,16.666666666666664
10821,14679,4,12,50.0
10821,14679,5,12,8.333333333333332
10821,14679,6,8,12.5
10821,14679,7,8,12.5
10821,14683,1,15,13.333333333333334
10821,14683,2,10,10.0
10821,14683,3,8,37.5
10821,14683,4,12,16.666666666666664
10821,14683,5,12,8.333333333333332
10821,14683,6,4,25.0
10821,14683,7,8,0.0
10821,14685,1,15,6.666666666666667
10821,14685,2,15,6.666666666666667
10821,14685,3,12,0.0
10821,14685,4,12,25.0
10821,14685,5,12,16.666666666666664
10821,14685,6,12,33.33333333333333
10821,14685,7,12,8.333333333333332
10821,14730,1,15,13.333333333333334
10821,14730,2,10,0.0
10821,14730,3,8,37.5
10821,14730,4,12,16.666666666666664
10821,14730,5,12,0.0
10821,14730,6,8,12.5
10821,14730,7,12,8.333333333333332
10821,14747,1,15,6.666666666666667
10821,14747,2,15,20.0
10821,14747,3,12,25.0
10821,14747,4,12,16.666666666666664
10821,14747,5,12,16.666666666666664
10821,14747,6,12,16.666666666666664
10821,14747,7,12,0.0
10821,14771,1,15,20.0
10821,14771,2,15,20.0
10821,14771,3,8,37.5
10821,14771,4,12,41.66666666666667
10821,14771,5,13,23.076923076923077
10821,14771,6,12,16.666666666666664
10821,14771,7,10,20.0
10821,14831,1,5,20.0
10821,14831,2,5,20.0
10821,14831,3,4,0.0
10821,14831,4,4,50.0
10821,14831,5,4,0.0
10821,14831,6,4,25.0
10821,14831,7,4,0.0
10821,14843,1,11,18.181818181818183
10821,14843,2,11,9.090909090909092
10821,14843,3,8,0.0
10821,14843,4,12,50.0
10821,14843,5,8,0.0
10821,14843,6,8,37.5
10821,14843,7,12,33.33333333333333
10821,14869,1,10,10.0
10821,14869,2,10,0.0
10821,14869,3,8,12.5
10821,14869,4,8,12.5
10821,14869,5,8,25.0
10821,14869,6,8,12.5
10821,14869,7,8,12.5
10821,14893,1,5,20.0
10821,14893,2,5,20.0
10821,14893,3,4,0.0
10821,14893,4,4,25.0
10821,14893,5,4,0.0
10821,14893,6,4,0.0
10821,14893,7,4,25.0
10821,14986,1,15,13.333333333333334
10821,14986,2,15,0.0
10821,14986,3,12,0.0
10821,14986,4,12,8.333333333333332
10821,14986,5,12,8.333333333333332
10821,14986,6,12,25.0
10821,14986,7,12,25.0
10821,15016,1,20,0.0
10821,15016,2,20,5.0
10821,15016,3,16,12.5
10821,15016,4,17,17.647058823529413
10821,15016,5,16,0.0
10821,15016,6,12,25.0
10821,15016,7,16,12.5
10821,15304,1,39,12.82051282051282
10821,15304,2,25,12.0
10821,15304,3,20,5.0
10821,15304,4,28,7.142857142857142
10821,15304,5,32,9.375
10821,15304,6,24,16.666666666666664
10821,15304,7,32,9.375
10821,15624,1,5,0.0
10821,15624,2,5,20.0
10821,15624,3,4,25.0
10821,15624,4,4,0.0
10821,15624,5,4,0.0
10821,15624,6,4,0.0
10821,15624,7,4,25.0
10849,10397,1,5,0.0
10849,10397,2,5,0.0
10849,10397,3,4,0.0
10849,10397,4,4,0.0
10849,10397,5,4,0.0
10849,10397,6,4,0.0
10849,10397,7,4,0.0
10849,10466,1,5,0.0
10849,10466,5,4,25.0
10849,10693,1,5,20.0
10849,10693,5,4,0.0
10849,10721,1,1,0.0
10849,10721,2,1,100.0
10849,10721,6,1,100.0
10849,10721,7,1,0.0
10849,11057,2,5,0.0
10849,11057,4,4,0.0
10849,11057,6,4,25.0
10849,11057,7,4,0.0
10849,11259,6,4,25.0
10849,11292,1,41,24.390243902439025
10849,11292,2,40,27.500000000000004
10849,11292,3,32,15.625
10849,11292,4,32,25.0
10849,11292,5,32,25.0
10849,11292,6,28,14.285714285714285
10849,11292,7,32,9.375
10849,11298,1,15,0.0
10849,11298,2,11,18.181818181818183
10849,11298,3,8,0.0
10849,11298,4,12,8.333333333333332
10849,11298,5,12,0.0
10849,11298,6,12,0.0
10849,11298,7,12,16.666666666666664
10849,11433,6,1,0.0
10849,11618,1,9,11.11111111111111
10849,11618,2,9,11.11111111111111
10849,11618,3,8,25.0
10849,11618,4,7,28.57142857142857
10849,11618,5,7,0.0
10849,11618,6,7,57.14285714285714
10849,11618,7,7,0.0
10849,12264,6,3,0.0
10849,12264,7,3,33.33333333333333
10849,12266,6,3,0.0
10849,12266,7,3,0.0
10849,12478,2,1,0.0
10849,12478,6,1,0.0
10849,12478,7,1,0.0
10849,12889,1,10,0.0
10849,12889,2,5,20.0
10849,12889,3,4,0.0
10849,12889,4,12,8.333333333333332
10849,12889,5,8,50.0
10849,12889,6,4,0.0
10849,12889,7,12,16.666666666666664
10849,12892,1,9,11.11111111111111
10849,12892,2,5,20.0
10849,12892,3,4,0.0
10849,12892,4,8,0.0
10849,12892,5,7,0.0
10849,12892,6,7,0.0
10849,12892,7,7,0.0
10849,13232,1,5,20.0
10849,13232,2,5,0.0
10849,13232,3,4,0.0
10849,13232,4,4,0.0
10849,13232,5,4,0.0
10849,13232,6,4,0.0
10849,13232,7,4,25.0
10849,13487,1,11,9.090909090909092
10849,13487,2,11,27.27272727272727
10849,13487,3,9,0.0
10849,13487,4,9,0.0
10849,13487,5,9,11.11111111111111
10849,13487,6,9,0.0
10849,13487,7,9,11.11111111111111
10849,13930,1,24,16.666666666666664
10849,13930,2,20,30.0
10849,13930,3,15,13.333333333333334
10849,13930,4,18,5.555555555555555
10849,13930,5,19,21.052631578947366
10849,13930,6,18,44.44444444444444
10849,13930,7,19,31.57894736842105
10849,14057,1,5,20.0
10849,14057,2,5,0.0
10849,14057,3,4,0.0
10849,14057,4,4,25.0
10849,14057,5,4,0.0
10849,14057,6,4,0.0
10849,14057,7,4,25.0
10849,14747,1,25,12.0
10849,14747,2,20,0.0
10849,14747,3,16,6.25
10849,14747,4,20,20.0
10849,14747,5,20,0.0
10849,14747,6,16,18.75
10849,14747,7,20,15.0
10849,14771,1,5,0.0
10849,14771,2,5,0.0
10849,14771,3,4,0.0
10849,14771,4,4,50.0
10849,14771,5,4,0.0
10849,14771,6,4,0.0
10849,14771,7,4,25.0
10849,14869,1,15,6.666666666666667
10849,14869,2,15,0.0
10849,14869,3,12,0.0
10849,14869,4,12,0.0
10849,14869,5,12,0.0
10849,14869,6,12,8.333333333333332
10849,14869,7,12,8.333333333333332
10868,10397,1,26,0.0
10868,10397,2,26,3.8461538461538463
10868,10397,3,20,5.0
10868,10397,4,22,0.0
10868,10397,5,23,8.695652173913043
10868,10397,6,15,6.666666666666667
10868,10397,7,22,18.181818181818183
10868,11057,1,5,0.0
10868,11057,2,5,0.0
10868,11057,3,3,0.0
10868,11057,4,7,0.0
10868,11057,5,4,0.0
10868,11057,6,8,0.0
10868,11057,7,8,12.5
10868,11278,1,19,21.052631578947366
10868,11278,2,19,10.526315789473683
10868,11278,3,16,25.0
10868,11278,4,16,7.142857142857142
10868,11278,5,16,25.0
10868,11278,6,8,12.5
10868,11278,7,16,12.5
10868,11298,1,11,18.181818181818183
10868,11298,2,10,0.0
10868,11298,3,8,12.5
10868,11298,4,11,18.181818181818183
10868,11298,5,8,0.0
10868,11298,6,8,28.57142857142857
10868,11298,7,12,25.0
10868,11618,2,1,100.0
10868,11618,4,4,25.0
10868,11618,7,4,25.0
10868,11697,1,5,0.0
10868,11697,5,4,0.0
10868,11697,6,4,0.0
10868,12953,1,9,11.11111111111111
10868,12953,2,9,0.0
10868,12953,3,7,14.285714285714285
10868,12953,4,8,12.5
10868,12953,5,8,0.0
10868,12953,6,4,0.0
10868,12953,7,8,25.0
10868,13204,4,4,25.0
10868,13204,7,4,25.0
10868,13930,1,4,0.0
10868,13930,2,5,0.0
10868,13930,3,4,0.0
10868,13930,4,5,0.0
10868,13930,5,5,40.0
10868,13930,6,4,25.0
10868,13930,7,2,0.0
10868,14761,4,4,25.0
10868,14761,7,4,25.0
10874,10693,1,1,100.0
10874,11057,1,20,20.0
10874,11057,2,15,13.333333333333334
10874,11057,3,16,6.25
10874,11057,4,16,12.5
10874,11057,5,16,18.75
10874,11057,6,16,18.75
10874,11057,7,16,12.5
10874,11278,1,5,0.0
10874,11278,2,5,0.0
10874,11278,3,4,0.0
10874,11278,4,4,25.0
10874,11278,5,4,25.0
10874,11278,6,4,0.0
10874,11278,7,4,0.0
10874,12451,1,1,0.0
10874,13577,4,4,25.0
10874,13577,7,4,25.0
10874,13930,1,20,15.0
10874,13930,2,20,15.0
10874,13930,3,16,12.5
10874,13930,4,16,25.0
10874,13930,5,16,18.75
10874,13930,6,12,25.0
10874,13930,7,16,6.25
10874,14082,4,4,50.0
10874,14082,7,4,0.0
10874,14112,1,5,20.0
10874,14112,5,4,100.0
10874,14685,4,4,0.0
10874,14685,6,4,25.0
10874,14685,7,4,0.0
10874,14761,4,4,25.0
10874,14761,7,4,25.0
10874,14986,1,5,0.0
10874,14986,5,4,0.0
10874,15624,1,4,0.0
10874,15624,2,1,0.0
10874,15624,5,4,0.0
10918,14869,1,10,10.0
10918,14869,2,7,0.0
10918,14869,3,8,12.5
10918,14869,4,8,0.0
10918,14869,5,8,25.0
10918,14869,6,4,0.0
10918,14869,7,8,12.5
10926,10299,1,5,20.0
10926,10299,2,5,20.0
10926,10299,3,4,0.0
10926,10299,4,4,75.0
10926,10299,5,4,0.0
10926,10299,6,4,75.0
10926,10299,7,4,50.0
10926,15991,1,5,0.0
10926,15991,2,5,0.0
10926,15991,3,4,25.0
10926,15991,4,4,25.0
10926,15991,5,4,0.0
10926,15991,6,4,25.0
10926,15991,7,4,25.0
10980,10397,1,24,4.166666666666666
10980,10397,2,22,4.545454545454546
10980,10397,3,14,0.0
10980,10397,4,19,10.526315789473683
10980,10397,5,22,4.545454545454546
10980,10397,6,18,16.666666666666664
10980,10397,7,18,22.22222222222222
10980,11057,1,9,22.22222222222222
10980,11057,2,9,22.22222222222222
10980,11057,3,8,12.5
10980,11057,4,8,12.5
10980,11057,5,8,12.5
10980,11057,6,8,14.285714285714285
10980,11057,7,8,12.5
10980,11278,1,5,0.0
10980,11278,2,5,0.0
10980,11278,3,4,0.0
10980,11278,4,4,25.0
10980,11278,5,4,0.0
10980,11278,7,4,25.0
10980,11298,1,21,19.047619047619047
10980,11298,2,20,20.0
10980,11298,3,16,12.5
10980,11298,4,19,15.789473684210526
10980,11298,5,16,31.25
10980,11298,6,16,12.5
10980,11298,7,20,5.263157894736842
10980,11618,1,5,20.0
10980,11618,5,4,0.0
10980,11697,2,1,0.0
10980,11697,4,4,50.0
10980,11697,7,4,0.0
10980,13204,1,5,20.0
10980,13204,5,4,0.0
10980,13204,6,4,0.0
10980,13930,1,11,36.36363636363637
10980,13930,2,11,18.181818181818183
10980,13930,3,8,62.5
10980,13930,4,8,0.0
10980,13930,5,9,22.22222222222222
10980,13930,6,5,20.0
10980,13930,7,6,33.33333333333333
10980,14112,4,4,50.0
10980,14112,7,4,100.0
10980,14761,1,5,60.0
10980,14761,5,4,75.0
10990,10397,1,1,100.0
10990,12953,1,5,20.0
10990,12953,2,5,20.0
10990,12953,3,4,25.0
10990,12953,4,4,0.0
10990,12953,5,4,25.0
10990,12953,7,4,50.0
10990,13930,1,15,13.333333333333334
10990,13930,2,15,26.666666666666668
10990,13930,3,12,0.0
10990,13930,4,12,33.33333333333333
10990,13930,5,12,25.0
10990,13930,6,9,33.33333333333333
10990,13930,7,12,16.666666666666664
10994,10397,1,41,2.4390243902439024
10994,10397,2,38,2.631578947368421
10994,10397,3,30,0.0
10994,10397,4,34,5.88235294117647
10994,10397,5,34,0.0
10994,10397,6,28,10.714285714285714
10994,10397,7,34,5.88235294117647
10994,10693,1,15,13.333333333333334
10994,10693,2,10,10.0
10994,10693,3,8,37.5
10994,10693,4,12,0.0
10994,10693,5,12,8.333333333333332
10994,10693,6,8,25.0
10994,10693,7,8,50.0
10994,10721,1,15,53.333333333333336
10994,10721,2,15,53.333333333333336
10994,10721,3,11,54.54545454545454
10994,10721,4,12,58.333333333333336
10994,10721,5,12,50.0
10994,10721,6,16,12.5
10994,10721,7,16,68.75
10994,10821,1,15,13.333333333333334
10994,10821,2,15,6.666666666666667
10994,10821,3,12,8.333333333333332
10994,10821,4,12,16.666666666666664
10994,10821,5,12,8.333333333333332
10994,10821,6,8,0.0
10994,10821,7,16,12.5
10994,11057,1,32,12.5
10994,11057,2,30,10.0
10994,11057,3,24,20.833333333333336
10994,11057,4,30,13.333333333333334
10994,11057,5,24,0.0
10994,11057,6,24,8.333333333333332
10994,11057,7,32,15.625
10994,11193,4,4,25.0
10994,11193,7,4,0.0
10994,11259,1,5,20.0
10994,11259,2,5,0.0
10994,11259,3,4,0.0
10994,11259,4,4,0.0
10994,11259,5,4,0.0
10994,11259,6,4,25.0
10994,11259,7,4,25.0
10994,11278,1,25,12.0
10994,11278,2,25,16.0
10994,11278,3,20,25.0
10994,11278,4,20,40.0
10994,11278,5,20,15.0
10994,11278,6,16,6.666666666666667
10994,11278,7,20,20.0
10994,11292,1,10,40.0
10994,11292,2,5,40.0
10994,11292,3,4,0.0
10994,11292,4,8,37.5
10994,11292,5,8,25.0
10994,11292,6,4,25.0
10994,11292,7,8,37.5
10994,11298,1,11,27.27272727272727
10994,11298,2,10,10.0
10994,11298,3,8,37.5
10994,11298,4,11,45.45454545454545
10994,11298,5,8,0.0
10994,11298,6,8,0.0
10994,11298,7,12,16.666666666666664
10994,11433,1,15,20.0
10994,11433,2,15,0.0
10994,11433,3,12,8.333333333333332
10994,11433,4,12,0.0
10994,11433,5,12,0.0
10994,11433,6,12,8.333333333333332
10994,11433,7,12,25.0
10994,11618,1,20,10.0
10994,11618,2,15,0.0
10994,11618,3,12,0.0
10994,11618,4,16,25.0
10994,11618,5,16,12.5
10994,11618,6,8,28.57142857142857
10994,11618,7,16,12.5
10994,11697,1,10,0.0
10994,11697,2,1,0.0
10994,11697,4,8,12.5
10994,11697,5,8,12.5
10994,11697,7,8,12.5
10994,12191,6,4,0.0
10994,12191,7,4,0.0
10994,12264,1,10,0.0
10994,12264,2,5,0.0
10994,12264,3,4,0.0
10994,12264,4,8,0.0
10994,12264,5,8,12.5
10994,12264,6,7,14.285714285714285
10994,12264,7,8,0.0
10994,12478,1,10,10.0
10994,12478,2,6,0.0
10994,12478,3,4,0.0
10994,12478,4,8,12.5
10994,12478,5,8,0.0
10994,12478,6,4,0.0
10994,12478,7,8,25.0
10994,12953,1,20,15.0
10994,12953,2,20,5.0
10994,12953,3,17,23.52941176470588
10994,12953,4,17,25.0
10994,12953,5,17,23.52941176470588
10994,12953,6,17,12.5
10994,12953,7,17,17.647058823529413
10994,13232,1,5,20.0
10994,13232,2,5,0.0
10994,13232,3,4,0.0
10994,13232,4,4,0.0
10994,13232,5,4,0.0
10994,13232,6,4,0.0
10994,13232,7,8,12.5
10994,13303,1,11,18.181818181818183
10994,13303,2,11,50.0
10994,13303,3,8,0.0
10994,13303,4,8,12.5
10994,13303,5,8,0.0
10994,13303,6,8,37.5
10994,13303,7,8,12.5
10994,13487,1,5,40.0
10994,13487,2,5,0.0
10994,13487,3,4,25.0
10994,13487,4,4,50.0
10994,13487,5,4,25.0
10994,13487,6,5,0.0
10994,13487,7,4,25.0
10994,13930,1,25,16.0
10994,13930,2,23,21.73913043478261
10994,13930,3,20,15.0
10994,13930,4,20,15.0
10994,13930,5,20,10.0
10994,13930,6,17,35.294117647058826
10994,13930,7,20,35.0
10994,14100,1,21,19.047619047619047
10994,14100,2,16,18.75
10994,14100,3,10,10.0
10994,14100,4,19,31.57894736842105
10994,14100,5,15,20.0
10994,14100,6,8,25.0
10994,14100,7,20,10.0
10994,14747,1,5,20.0
10994,14747,2,5,0.0
10994,14747,3,4,25.0
10994,14747,4,4,25.0
10994,14747,5,4,0.0
10994,14747,6,4,0.0
10994,14747,7,4,50.0
10994,15016,1,5,0.0
10994,15016,4,4,0.0
10994,15016,5,4,0.0
10994,15016,7,4,0.0
11003,10397,1,5,20.0
11003,10397,2,5,0.0
11003,10397,3,4,0.0
11003,10397,4,4,0.0
11003,10397,5,4,0.0
11003,10397,6,4,0.0
11003,10397,7,4,0.0
11003,10466,4,4,0.0
11003,10466,7,4,25.0
11003,10693,1,5,40.0
11003,10693,5,4,0.0
11003,11057,1,5,0.0
11003,11057,2,5,0.0
11003,11057,3,4,25.0
11003,11057,4,4,0.0
11003,11057,5,4,0.0
11003,11057,6,4,25.0
11003,11057,7,4,25.0
11003,11278,1,5,20.0
11003,11278,2,5,0.0
11003,11278,3,4,25.0
11003,11278,4,4,50.0
11003,11278,5,4,50.0
11003,11278,6,4,0.0
11003,11278,7,4,25.0
11003,11292,1,20,21.052631578947366
11003,11292,2,10,30.0
11003,11292,3,12,16.666666666666664
11003,11292,4,16,6.25
11003,11292,5,16,12.5
11003,11292,6,8,25.0
11003,11292,7,16,12.5
11003,11298,1,20,15.0
11003,11298,2,15,0.0
11003,11298,3,12,16.666666666666664
11003,11298,4,16,12.5
11003,11298,5,16,21.428571428571427
11003,11298,6,15,13.333333333333334
11003,11298,7,16,18.75
11003,12889,1,5,40.0
11003,12889,5,4,50.0
11003,13487,1,9,11.11111111111111
11003,13487,2,9,22.22222222222222
11003,13487,3,6,0.0
11003,13487,4,9,66.66666666666666
11003,13487,5,9,55.55555555555556
11003,13487,6,6,16.666666666666664
11003,13487,7,9,11.11111111111111
11003,13930,1,39,25.64102564102564
11003,13930,2,34,5.88235294117647
11003,13930,3,27,14.814814814814813
11003,13930,4,30,23.333333333333332
11003,13930,5,28,10.714285714285714
11003,13930,6,27,16.0
11003,13930,7,32,28.125
11003,14082,1,5,0.0
11003,14082,5,4,0.0
11003,14107,1,10,0.0
11003,14107,2,10,0.0
11003,14107,3,8,0.0
11003,14107,4,8,12.5
11003,14107,5,8,12.5
11003,14107,6,4,0.0
11003,14107,7,8,0.0
11003,14112,4,4,25.0
11003,14112,7,4,0.0
11003,14761,1,5,20.0
11003,14761,5,4,0.0
11013,11433,1,5,0.0
11013,11433,2,5,20.0
11013,11433,3,4,0.0
11013,11433,4,4,25.0
11013,11433,5,4,0.0
11013,11433,6,4,0.0
11013,11433,7,4,25.0
11013,13487,1,5,20.0
11013,13487,2,5,20.0
11013,13487,3,4,0.0
11013,13487,4,4,0.0
11013,13487,5,4,0.0
11013,13487,6,4,25.0
11013,13487,7,4,25.0
11013,13930,1,4,25.0
11013,13930,2,4,25.0
11013,13930,3,4,75.0
11013,13930,4,4,0.0
11013,13930,5,4,75.0
11013,13930,6,4,25.0
11013,13930,7,4,25.0
11027,14761,4,4,25.0
11027,14761,7,4,25.0
11041,14107,1,10,0.0
11041,14107,2,10,10.0
11041,14107,3,8,12.5
11041,14107,4,8,25.0
11041,14107,5,8,28.57142857142857
11041,14107,6,8,25.0
11041,14107,7,8,0.0
11042,10397,1,51,9.803921568627452
11042,10397,2,44,4.545454545454546
11042,10397,3,35,5.714285714285714
11042,10397,4,42,0.0
11042,10397,5,41,9.75609756097561
11042,10397,6,32,9.375
11042,10397,7,42,2.380952380952381
11042,10423,4,4,50.0
11042,10423,7,4,0.0
11042,10693,1,15,0.0
11042,10693,2,10,30.0
11042,10693,3,8,12.5
11042,10693,4,12,8.333333333333332
11042,10693,5,12,8.333333333333332
11042,10693,6,8,12.5
11042,10693,7,13,7.6923076923076925
11042,10721,1,34,23.52941176470588
11042,10721,2,24,29.166666666666668
11042,10721,3,18,31.25
11042,10721,4,27,36.0
11042,10721,5,27,26.923076923076923
11042,10721,6,16,12.5
11042,10721,7,24,45.83333333333333
11042,10821,1,15,20.0
11042,10821,2,15,6.666666666666667
11042,10821,3,12,0.0
11042,10821,4,12,16.666666666666664
11042,10821,5,12,16.666666666666664
11042,10821,6,8,12.5
11042,10821,7,12,8.333333333333332
11042,11057,1,21,9.523809523809524
11042,11057,2,26,3.8461538461538463
11042,11057,3,16,12.5
11042,11057,4,23,8.695652173913043
11042,11057,5,16,6.25
11042,11057,6,16,12.5
11042,11057,7,24,8.333333333333332
11042,11278,1,25,12.0
11042,11278,2,25,26.08695652173913
11042,11278,3,20,30.0
11042,11278,4,19,21.052631578947366
11042,11278,5,20,20.0
11042,11278,6,12,8.333333333333332
11042,11278,7,16,25.0
11042,11292,1,30,20.0
11042,11292,2,25,12.0
11042,11292,3,20,5.0
11042,11292,4,24,16.666666666666664
11042,11292,5,24,17.391304347826086
11042,11292,6,16,0.0
11042,11292,7,24,4.166666666666666
11042,11298,1,26,24.0
11042,11298,2,20,5.0
11042,11298,3,16,31.25
11042,11298,4,23,4.3478260869565215
11042,11298,5,20,15.0
11042,11298,6,15,21.428571428571427
11042,11298,7,24,25.0
11042,11433,1,12,8.333333333333332
11042,11433,2,12,8.333333333333332
11042,11433,3,10,0.0
11042,11433,4,9,0.0
11042,11433,5,10,10.0
11042,11433,6,12,0.0
11042,11433,7,9,11.11111111111111
11042,11618,1,30,26.666666666666668
11042,11618,2,30,26.666666666666668
11042,11618,3,24,16.666666666666664
11042,11618,4,24,31.818181818181817
11042,11618,5,24,12.5
11042,11618,6,16,31.25
11042,11618,7,24,16.666666666666664
11042,11697,1,15,20.0
11042,11697,3,5,0.0
11042,11697,4,8,25.0
11042,11697,5,12,25.0
11042,11697,6,8,0.0
11042,11697,7,8,25.0
11042,12264,1,17,23.52941176470588
11042,12264,2,20,0.0
11042,12264,3,16,12.5
11042,12264,4,16,6.25
11042,12264,5,9,22.22222222222222
11042,12264,6,6,16.666666666666664
11042,12264,7,13,23.076923076923077
11042,12266,1,10,10.0
11042,12266,2,10,10.0
11042,12266,3,8,0.0
11042,12266,4,8,0.0
11042,12266,5,8,0.0
11042,12266,6,8,0.0
11042,12266,7,8,0.0
11042,12478,1,10,0.0
11042,12478,2,10,20.0
11042,12478,3,8,25.0
11042,12478,4,8,12.5
11042,12478,5,8,0.0
11042,12478,6,8,0.0
11042,12478,7,8,12.5
11042,12889,1,15,0.0
11042,12889,2,10,10.0
11042,12889,3,8,0.0
11042,12889,4,12,16.666666666666664
11042,12889,5,12,33.33333333333333
11042,12889,6,12,0.0
11042,12889,7,8,25.0
11042,12892,1,10,10.0
11042,12892,2,5,20.0
11042,12892,3,8,0.0
11042,12892,4,8,0.0
11042,12892,5,8,12.5
11042,12892,6,4,25.0
11042,12892,7,8,0.0
11042,12953,1,26,11.538461538461538
11042,12953,2,31,9.67741935483871
11042,12953,3,20,5.263157894736842
11042,12953,4,26,12.0
11042,12953,5,22,4.545454545454546
11042,12953,6,10,10.0
11042,12953,7,22,27.27272727272727
11042,13204,1,20,10.0
11042,13204,2,10,10.0
11042,13204,3,12,8.333333333333332
11042,13204,4,16,18.75
11042,13204,5,16,0.0
11042,13204,6,16,12.5
11042,13204,7,20,25.0
11042,13232,1,20,10.0
11042,13232,2,20,5.0
11042,13232,3,16,0.0
11042,13232,4,16,25.0
11042,13232,5,16,12.5
11042,13232,6,8,12.5
11042,13232,7,12,25.0
11042,13303,1,10,20.0
11042,13303,2,5,0.0
11042,13303,3,4,0.0
11042,13303,4,8,12.5
11042,13303,5,8,0.0
11042,13303,6,4,0.0
11042,13303,7,8,12.5
11042,13342,1,1,0.0
11042,13487,1,15,6.666666666666667
11042,13487,2,15,6.666666666666667
11042,13487,3,12,8.333333333333332
11042,13487,4,12,16.666666666666664
11042,13487,5,12,27.27272727272727
11042,13487,6,9,0.0
11042,13487,7,12,16.666666666666664
11042,13577,1,5,0.0
11042,13577,5,4,0.0
11042,13577,6,4,0.0
11042,13930,1,75,16.0
11042,13930,2,64,20.3125
11042,13930,3,51,17.647058823529413
11042,13930,4,55,12.727272727272727
11042,13930,5,56,14.285714285714285
11042,13930,6,42,26.82926829268293
11042,13930,7,60,25.0
11042,14100,1,23,17.391304347826086
11042,14100,2,18,16.666666666666664
11042,14100,3,14,21.428571428571427
11042,14100,4,15,20.0
11042,14100,5,19,27.77777777777778
11042,14100,6,11,18.181818181818183
11042,14100,7,15,13.333333333333334
11042,14107,1,10,30.0
11042,14107,2,4,25.0
11042,14107,4,8,50.0
11042,14107,5,8,25.0
11042,14107,6,8,25.0
11042,14107,7,8,0.0
11042,14492,1,6,33.33333333333333
11042,14492,2,4,25.0
11042,14492,4,4,0.0
11042,14492,5,4,25.0
11042,14492,7,4,0.0
11042,14635,1,9,11.11111111111111
11042,14635,2,5,0.0
11042,14635,4,4,50.0
11042,14635,5,8,12.5
11042,14635,6,4,0.0
11042,14635,7,4,0.0
11042,14747,1,10,10.0
11042,14747,2,10,20.0
11042,14747,3,4,25.0
11042,14747,4,4,25.0
11042,14747,5,8,0.0
11042,14747,6,4,25.0
11042,14747,7,8,12.5
11042,14771,1,11,0.0
11042,14771,2,6,0.0
11042,14771,3,8,0.0
11042,14771,4,9,11.11111111111111
11042,14771,5,9,22.22222222222222
11042,14771,6,5,0.0
11042,14771,7,9,0.0
11042,14986,1,1,0.0
11042,15016,1,15,20.0
11042,15016,2,10,10.0
11042,15016,3,8,0.0
11042,15016,4,12,16.666666666666664
11042,15016,5,12,25.0
11042,15016,6,4,0.0
11042,15016,7,8,0.0
11042,15304,1,11,9.090909090909092
11042,15304,2,5,0.0
11042,15304,3,4,0.0
11042,15304,4,12,0.0
11042,15304,5,8,12.5
11042,15304,6,8,0.0
11042,15304,7,12,9.090909090909092
11049,10599,7,1,0.0
11049,11298,1,20,10.0
11049,11298,2,20,10.0
11049,11298,3,16,25.0
11049,11298,4,16,12.5
11049,11298,5,16,26.666666666666668
11049,11298,6,16,12.5
11049,11298,7,15,6.666666666666667
11057,10135,1,15,0.0
11057,10135,2,15,20.0
11057,10135,3,12,8.333333333333332
11057,10135,4,12,16.666666666666664
11057,10135,5,12,16.666666666666664
11057,10135,6,12,16.666666666666664
11057,10135,7,12,16.666666666666664
11057,10208,1,1,0.0
11057,10257,1,16,25.0
11057,10257,2,15,0.0
11057,10257,3,12,25.0
11057,10257,4,15,20.0
11057,10257,5,12,8.333333333333332
11057,10257,6,12,8.333333333333332
11057,10257,7,16,12.5
11057,10397,1,64,10.9375
11057,10397,2,57,8.771929824561402
11057,10397,3,44,6.8181818181818175
11057,10397,4,54,16.666666666666664
11057,10397,5,51,9.803921568627452
11057,10397,6,44,13.636363636363635
11057,10397,7,55,7.2727272727272725
11057,10408,1,5,0.0
11057,10408,2,5,20.0
11057,10408,3,4,0.0
11057,10408,4,4,0.0
11057,10408,5,4,25.0
11057,10408,6,4,0.0
11057,10408,7,4,25.0
11057,10423,1,21,19.047619047619047
11057,10423,2,20,5.0
11057,10423,3,16,6.25
11057,10423,4,19,21.052631578947366
11057,10423,5,16,13.333333333333334
11057,10423,6,16,18.75
11057,10423,7,20,30.0
11057,10431,1,20,15.0
11057,10431,2,20,10.0
11057,10431,3,16,0.0
11057,10431,4,13,23.076923076923077
11057,10431,5,16,18.75
11057,10431,6,12,33.33333333333333
11057,10431,7,12,33.33333333333333
11057,10434,1,15,0.0
11057,10434,2,14,0.0
11057,10434,3,12,0.0
11057,10434,4,12,25.0
11057,10434,5,12,0.0
11057,10434,6,12,25.0
11057,10434,7,12,0.0
11057,10529,1,21,14.285714285714285
11057,10529,2,20,10.0
11057,10529,3,16,25.0
11057,10529,4,19,26.31578947368421
11057,10529,5,16,37.5
11057,10529,6,16,13.333333333333334
11057,10529,7,20,25.0
11057,10581,1,9,0.0
11057,10581,2,9,0.0
11057,10581,3,8,12.5
11057,10581,4,8,0.0
11057,10581,5,8,12.5
11057,10581,6,8,25.0
11057,10581,7,8,12.5
11057,10599,1,26,15.384615384615385
11057,10599,2,26,3.8461538461538463
11057,10599,3,20,5.0
11057,10599,4,26,8.0
11057,10599,5,19,10.526315789473683
11057,10599,6,16,18.75
11057,10599,7,28,10.714285714285714
11057,10693,1,47,17.02127659574468
11057,10693,2,35,2.857142857142857
11057,10693,3,27,18.51851851851852
11057,10693,4,35,17.142857142857142
11057,10693,5,36,13.88888888888889
11057,10693,6,32,21.875
11057,10693,7,40,15.0
11057,10721,1,54,37.03703703703704
11057,10721,2,50,26.0
11057,10721,3,38,40.54054054054054
11057,10721,4,49,62.5
11057,10721,5,43,46.51162790697674
11057,10721,6,36,19.444444444444446
11057,10721,7,48,44.44444444444444
11057,10781,1,9,11.11111111111111
11057,10781,2,9,11.11111111111111
11057,10781,3,8,25.0
11057,10781,4,8,12.5
11057,10781,5,8,0.0
11057,10781,6,8,12.5
11057,10781,7,8,12.5
11057,10785,1,10,10.0
11057,10785,2,10,10.0
11057,10785,3,8,12.5
11057,10785,4,8,0.0
11057,10785,5,8,0.0
11057,10785,6,8,12.5
11057,10785,7,8,0.0
11057,10792,1,16,12.5
11057,10792,2,16,0.0
11057,10792,3,12,27.27272727272727
11057,10792,4,15,20.0
11057,10792,5,12,16.666666666666664
11057,10792,6,12,33.33333333333333
11057,10792,7,16,18.75
11057,10821,1,46,13.043478260869565
11057,10821,2,34,5.88235294117647
11057,10821,3,28,7.142857142857142
11057,10821,4,35,14.285714285714285
11057,10821,5,36,11.11111111111111
11057,10821,6,32,12.903225806451612
11057,10821,7,40,15.0
11057,10849,2,5,20.0
11057,10849,4,4,0.0
11057,10849,6,4,25.0
11057,10849,7,4,0.0
11057,10868,1,5,0.0
11057,10868,2,5,0.0
11057,10868,3,4,0.0
11057,10868,4,7,28.57142857142857
11057,10868,5,4,25.0
11057,10868,6,8,0.0
11057,10868,7,8,12.5
11057,10874,1,20,10.0
11057,10874,2,15,6.666666666666667
11057,10874,3,16,18.75
11057,10874,4,16,18.75
11057,10874,5,16,12.5
11057,10874,6,16,18.75
11057,10874,7,16,25.0
11057,10980,1,9,11.11111111111111
11057,10980,2,9,0.0
11057,10980,3,8,12.5
11057,10980,4,8,0.0
11057,10980,5,8,0.0
11057,10980,6,8,0.0
11057,10980,7,8,12.5
11057,10994,1,32,28.125
11057,10994,2,30,10.0
11057,10994,3,24,20.833333333333336
11057,10994,4,30,16.666666666666664
11057,10994,5,24,12.5
11057,10994,6,24,25.0
11057,10994,7,32,28.125
11057,11003,1,5,0.0
11057,11003,2,5,0.0
11057,11003,3,4,25.0
11057,11003,4,4,25.0
11057,11003,5,4,25.0
11057,11003,6,4,50.0
11057,11003,7,4,50.0
11057,11042,1,21,19.047619047619047
11057,11042,2,26,0.0
11057,11042,3,16,18.75
11057,11042,4,23,17.391304347826086
11057,11042,5,16,6.25
11057,11042,6,16,18.75
11057,11042,7,24,12.5
11057,11066,1,26,19.230769230769234
11057,11066,2,26,0.0
11057,11066,3,20,10.0
11057,11066,4,23,17.391304347826086
11057,11066,5,20,20.0
11057,11066,6,20,20.0
11057,11066,7,24,16.666666666666664
11057,11146,1,16,18.75
11057,11146,2,15,13.333333333333334
11057,11146,3,12,8.333333333333332
11057,11146,4,15,33.33333333333333
11057,11146,5,12,0.0
11057,11146,6,12,9.090909090909092
11057,11146,7,16,43.75
11057,11193,1,26,3.8461538461538463
11057,11193,2,20,10.0
11057,11193,3,16,0.0
11057,11193,4,20,40.0
11057,11193,5,20,20.0
11057,11193,6,16,18.75
11057,11193,7,20,25.0
11057,11252,1,20,15.0
11057,11252,2,20,0.0
11057,11252,3,16,0.0
11057,11252,4,19,21.052631578947366
11057,11252,5,16,18.75
11057,11252,6,16,33.33333333333333
11057,11252,7,20,25.0
11057,11259,1,5,20.0
11057,11259,2,5,0.0
11057,11259,3,4,0.0
11057,11259,4,4,0.0
11057,11259,5,4,0.0
11057,11259,6,4,0.0
11057,11259,7,8,25.0
11057,11267,1,20,20.0
11057,11267,2,20,10.0
11057,11267,3,16,0.0
11057,11267,4,16,31.25
11057,11267,5,16,25.0
11057,11267,6,16,31.25
11057,11267,7,16,6.25
11057,11278,1,40,40.0
11057,11278,2,40,17.5
11057,11278,3,32,40.625
11057,11278,4,32,28.125
11057,11278,5,32,25.0
11057,11278,6,32,20.0
11057,11278,7,32,25.0
11057,11292,1,41,24.390243902439025
11057,11292,2,27,18.51851851851852
11057,11292,3,20,5.0
11057,11292,4,39,30.76923076923077
11057,11292,5,36,13.88888888888889
11057,11292,6,28,10.714285714285714
11057,11292,7,40,5.0
11057,11298,1,55,23.636363636363637
11057,11298,2,50,4.0
11057,11298,3,40,12.5
11057,11298,4,44,20.454545454545457
11057,11298,5,44,15.789473684210526
11057,11298,6,40,20.0
11057,11298,7,44,9.090909090909092
11057,11423,1,11,27.27272727272727
11057,11423,2,11,9.090909090909092
11057,11423,3,8,37.5
11057,11423,4,8,12.5
11057,11423,5,8,25.0
11057,11423,6,8,12.5
11057,11423,7,8,37.5
11057,11433,1,51,7.8431372549019605
11057,11433,2,46,2.1739130434782608
11057,11433,3,35,11.428571428571429
11057,11433,4,43,11.627906976744185
11057,11433,5,40,12.5
11057,11433,6,24,29.166666666666668
11057,11433,7,44,11.363636363636363
11057,11481,1,12,16.666666666666664
11057,11481,2,10,0.0
11057,11481,3,8,0.0
11057,11481,4,11,18.181818181818183
11057,11481,5,8,0.0
11057,11481,6,8,12.5
11057,11481,7,12,25.0
11057,11617,1,6,16.666666666666664
11057,11617,2,6,0.0
11057,11617,3,4,0.0
11057,11617,4,4,0.0
11057,11617,5,4,25.0
11057,11617,6,4,75.0
11057,11617,7,4,50.0
11057,11618,1,47,19.148936170212767
11057,11618,2,46,15.217391304347828
11057,11618,3,36,16.666666666666664
11057,11618,4,42,30.952380952380953
11057,11618,5,36,8.333333333333332
11057,11618,6,28,20.0
11057,11618,7,44,9.30232558139535
11057,11624,1,15,6.666666666666667
11057,11624,2,14,7.142857142857142
11057,11624,3,12,8.333333333333332
11057,11624,4,12,8.333333333333332
11057,11624,5,12,8.333333333333332
11057,11624,6,12,16.666666666666664
11057,11624,7,12,8.333333333333332
11057,11641,1,9,22.22222222222222
11057,11641,2,9,11.11111111111111
11057,11641,3,8,12.5
11057,11641,4,8,25.0
11057,11641,5,8,12.5
11057,11641,6,8,0.0
11057,11641,7,8,0.0
11057,11697,1,41,12.195121951219512
11057,11697,2,31,9.67741935483871
11057,11697,3,24,12.5
11057,11697,4,35,17.142857142857142
11057,11697,5,32,15.625
11057,11697,6,28,14.285714285714285
11057,11697,7,36,13.88888888888889
11057,11953,1,1,0.0
11057,11953,2,1,0.0
11057,11973,1,15,6.666666666666667
11057,11973,2,15,0.0
11057,11973,3,12,0.0
11057,11973,4,12,33.33333333333333
11057,11973,5,12,16.666666666666664
11057,11973,6,12,16.666666666666664
11057,11973,7,12,0.0
11057,11986,1,15,20.0
11057,11986,2,15,0.0
11057,11986,3,12,16.666666666666664
11057,11986,4,12,50.0
11057,11986,5,12,16.666666666666664
11057,11986,6,8,37.5
11057,11986,7,12,8.333333333333332
11057,11995,1,20,20.0
11057,11995,2,16,6.25
11057,11995,3,12,16.666666666666664
11057,11995,4,16,12.5
11057,11995,5,16,12.5
11057,11995,6,12,33.33333333333333
11057,11995,7,16,0.0
11057,11996,1,17,23.52941176470588
11057,11996,2,15,0.0
11057,11996,3,12,8.333333333333332
11057,11996,4,15,26.666666666666668
11057,11996,5,12,8.333333333333332
11057,11996,6,12,16.666666666666664
11057,11996,7,16,12.5
11057,12124,1,15,0.0
11057,12124,2,15,0.0
11057,12124,3,12,0.0
11057,12124,4,12,8.333333333333332
11057,12124,5,12,8.333333333333332
11057,12124,6,12,16.666666666666664
11057,12124,7,12,0.0
11057,12191,7,4,25.0
11057,12197,1,20,10.0
11057,12197,2,14,7.142857142857142
11057,12197,3,12,33.33333333333333
11057,12197,4,16,25.0
11057,12197,5,16,6.25
11057,12197,6,16,31.25
11057,12197,7,16,18.75
11057,12217,1,18,16.666666666666664
11057,12217,2,18,33.33333333333333
11057,12217,3,16,25.0
11057,12217,4,16,18.75
11057,12217,5,16,12.5
11057,12217,6,16,12.5
11057,12217,7,16,12.5
11057,12264,1,29,17.24137931034483
11057,12264,2,21,4.761904761904762
11057,12264,3,20,5.0
11057,12264,4,23,4.545454545454546
11057,12264,5,23,4.3478260869565215
11057,12264,6,17,17.647058823529413
11057,12264,7,30,10.0
11057,12266,1,30,10.0
11057,12266,2,25,4.0
11057,12266,3,20,5.0
11057,12266,4,27,14.814814814814813
11057,12266,5,24,8.333333333333332
11057,12266,6,20,10.526315789473683
11057,12266,7,28,17.857142857142858
11057,12323,1,34,8.823529411764707
11057,12323,2,32,12.5
11057,12323,3,28,3.571428571428571
11057,12323,4,34,11.76470588235294
11057,12323,5,28,28.57142857142857
11057,12323,6,28,28.57142857142857
11057,12323,7,36,19.444444444444446
11057,12339,1,25,8.0
11057,12339,2,20,15.0
11057,12339,3,16,12.5
11057,12339,4,27,36.0
11057,12339,5,20,15.0
11057,12339,6,12,16.666666666666664
11057,12339,7,28,14.285714285714285
11057,12441,1,5,0.0
11057,12441,2,5,0.0
11057,12441,3,4,0.0
11057,12441,4,4,0.0
11057,12441,5,4,25.0
11057,12441,6,4,0.0
11057,12441,7,4,0.0
11057,12448,1,9,11.11111111111111
11057,12448,2,9,0.0
11057,12448,3,8,25.0
11057,12448,4,8,25.0
11057,12448,5,8,0.0
11057,12448,6,8,12.5
11057,12448,7,8,12.5
11057,12451,1,23,26.08695652173913
11057,12451,2,18,11.11111111111111
11057,12451,3,12,16.666666666666664
11057,12451,4,19,5.263157894736842
11057,12451,5,16,6.25
11057,12451,6,16,37.5
11057,12451,7,20,15.0
11057,12478,1,33,15.151515151515152
11057,12478,2,33,9.090909090909092
11057,12478,3,27,33.33333333333333
11057,12478,4,28,35.714285714285715
11057,12478,5,28,3.571428571428571
11057,12478,6,28,15.384615384615385
11057,12478,7,28,28.57142857142857
11057,12889,1,27,11.11111111111111
11057,12889,2,25,20.0
11057,12889,3,20,5.0
11057,12889,4,26,30.76923076923077
11057,12889,5,20,25.0
11057,12889,6,20,20.0
11057,12889,7,28,10.714285714285714
11057,12892,1,30,20.0
11057,12892,2,30,26.666666666666668
11057,12892,3,24,33.33333333333333
11057,12892,4,27,14.814814814814813
11057,12892,5,24,4.166666666666666
11057,12892,6,24,16.666666666666664
11057,12892,7,28,10.714285714285714
11057,12945,1,26,11.538461538461538
11057,12945,2,25,28.000000000000004
11057,12945,3,20,20.0
11057,12945,4,20,35.0
11057,12945,5,20,5.0
11057,12945,6,20,15.789473684210526
11057,12945,7,20,15.0
11057,12951,1,5,0.0
11057,12951,2,5,20.0
11057,12951,3,4,0.0
11057,12951,4,4,25.0
11057,12951,5,4,0.0
11057,12951,6,4,25.0
11057,12951,7,4,0.0
11057,12953,1,64,17.1875
11057,12953,2,69,7.246376811594203
11057,12953,3,51,23.52941176470588
11057,12953,4,56,25.0
11057,12953,5,52,13.725490196078432
11057,12953,6,39,18.91891891891892
11057,12953,7,55,21.818181818181817
11057,12992,1,11,0.0
11057,12992,2,10,10.0
11057,12992,3,8,0.0
11057,12992,4,11,9.090909090909092
11057,12992,5,8,25.0
11057,12992,6,8,25.0
11057,12992,7,12,16.666666666666664
11057,13198,1,16,18.75
11057,13198,2,16,6.25
11057,13198,3,12,0.0
11057,13198,4,15,0.0
11057,13198,5,12,27.27272727272727
11057,13198,6,12,41.66666666666667
11057,13198,7,16,18.75
11057,13204,1,62,20.967741935483872
11057,13204,2,44,22.727272727272727
11057,13204,3,33,18.181818181818183
11057,13204,4,53,22.641509433962266
11057,13204,5,48,19.148936170212767
11057,13204,6,40,22.5
11057,13204,7,56,29.09090909090909
11057,13230,1,10,30.0
11057,13230,2,10,0.0
11057,13230,3,8,0.0
11057,13230,4,8,12.5
11057,13230,5,8,12.5
11057,13230,6,8,37.5
11057,13230,7,8,12.5
11057,13232,1,10,10.0
11057,13232,2,10,0.0
11057,13232,3,8,0.0
11057,13232,4,8,12.5
11057,13232,5,8,0.0
11057,13232,6,4,25.0
11057,13232,7,8,12.5
11057,13244,1,18,11.11111111111111
11057,13244,2,21,4.761904761904762
11057,13244,3,16,18.75
11057,13244,4,21,4.761904761904762
11057,13244,5,12,8.333333333333332
11057,13244,6,16,18.75
11057,13244,7,24,16.666666666666664
11057,13296,1,14,0.0
11057,13296,2,14,0.0
11057,13296,3,12,0.0
11057,13296,4,12,8.333333333333332
11057,13296,5,12,0.0
11057,13296,6,12,8.333333333333332
11057,13296,7,12,8.333333333333332
11057,13303,1,51,16.3265306122449
11057,13303,2,39,5.128205128205128
11057,13303,3,31,16.129032258064516
11057,13303,4,40,5.0
11057,13303,5,40,25.0
11057,13303,6,36,27.77777777777778
11057,13303,7,40,25.0
11057,13342,1,15,13.333333333333334
11057,13342,2,14,7.142857142857142
11057,13342,3,12,16.666666666666664
11057,13342,4,12,25.0
11057,13342,5,12,16.666666666666664
11057,13342,6,12,0.0
11057,13342,7,12,8.333333333333332
11057,13360,1,15,0.0
11057,13360,2,15,6.666666666666667
11057,13360,3,12,8.333333333333332
11057,13360,4,15,6.666666666666667
11057,13360,5,12,0.0
11057,13360,6,12,9.090909090909092
11057,13360,7,16,18.75
11057,13367,1,10,0.0
11057,13367,2,10,0.0
11057,13367,3,8,0.0
11057,13367,4,8,25.0
11057,13367,5,8,0.0
11057,13367,6,8,14.285714285714285
11057,13367,7,8,12.5
11057,13485,1,15,0.0
11057,13485,2,14,7.142857142857142
11057,13485,3,12,0.0
11057,13485,4,12,16.666666666666664
11057,13485,5,12,16.666666666666664
11057,13485,6,12,8.333333333333332
11057,13485,7,11,18.181818181818183
11057,13487,1,34,5.88235294117647
11057,13487,2,33,3.0303030303030303
11057,13487,3,26,15.384615384615385
11057,13487,4,30,26.666666666666668
11057,13487,5,27,3.7037037037037033
11057,13487,6,24,12.5
11057,13487,7,31,25.806451612903224
11057,13495,1,21,14.285714285714285
11057,13495,2,15,13.333333333333334
11057,13495,3,12,0.0
11057,13495,4,15,6.666666666666667
11057,13495,5,16,18.75
11057,13495,6,12,8.333333333333332
11057,13495,7,16,12.5
11057,13577,1,36,22.22222222222222
11057,13577,2,30,6.666666666666667
11057,13577,3,28,14.285714285714285
11057,13577,4,31,22.58064516129032
11057,13577,5,28,10.714285714285714
11057,13577,6,28,25.0
11057,13577,7,32,25.0
11057,13795,1,5,0.0
11057,13795,2,5,0.0
11057,13795,3,4,0.0
11057,13795,4,4,50.0
11057,13795,5,4,25.0
11057,13795,6,4,25.0
11057,13795,7,4,0.0
11057,13851,1,14,14.285714285714285
11057,13851,2,10,0.0
11057,13851,3,8,0.0
11057,13851,4,12,16.666666666666664
11057,13851,5,11,10.0
11057,13851,6,12,8.333333333333332
11057,13851,7,12,8.333333333333332
11057,13871,1,14,14.285714285714285
11057,13871,2,14,7.142857142857142
11057,13871,3,12,8.333333333333332
11057,13871,4,12,25.0
11057,13871,5,12,16.666666666666664
11057,13871,6,12,16.666666666666664
11057,13871,7,12,25.0
11057,13891,1,5,0.0
11057,13891,2,5,0.0
11057,13891,3,4,25.0
11057,13891,4,4,25.0
11057,13891,5,4,0.0
11057,13891,6,4,25.0
11057,13891,7,4,25.0
11057,13930,1,59,10.344827586206897
11057,13930,2,54,14.814814814814813
11057,13930,3,42,17.073170731707318
11057,13930,4,47,27.659574468085108
11057,13930,5,44,27.27272727272727
11057,13930,6,43,30.23255813953488
11057,13930,7,48,10.416666666666668
11057,13931,1,36,13.88888888888889
11057,13931,2,31,9.67741935483871
11057,13931,3,28,7.142857142857142
11057,13931,4,31,16.129032258064516
11057,13931,5,28,21.428571428571427
11057,13931,6,28,39.285714285714285
11057,13931,7,32,28.125
11057,14027,1,17,17.647058823529413
11057,14027,2,16,12.5
11057,14027,3,12,16.666666666666664
11057,14027,4,15,6.666666666666667
11057,14027,5,12,41.66666666666667
11057,14027,6,12,16.666666666666664
11057,14027,7,16,18.75
11057,14057,1,5,0.0
11057,14057,2,5,60.0
11057,14057,3,4,0.0
11057,14057,4,4,50.0
11057,14057,5,4,0.0
11057,14057,6,4,50.0
11057,14057,7,4,25.0
11057,14100,1,55,12.727272727272727
11057,14100,2,44,11.363636363636363
11057,14100,3,36,22.857142857142858
11057,14100,4,40,27.500000000000004
11057,14100,5,44,13.636363636363635
11057,14100,6,32,25.0
11057,14100,7,40,22.5
11057,14107,1,36,19.444444444444446
11057,14107,2,35,11.428571428571429
11057,14107,3,28,17.857142857142858
11057,14107,4,31,3.225806451612903
11057,14107,5,28,14.285714285714285
11057,14107,6,28,22.22222222222222
11057,14107,7,32,6.25
11057,14108,1,10,20.0
11057,14108,2,10,10.0
11057,14108,3,8,25.0
11057,14108,4,8,12.5
11057,14108,5,8,0.0
11057,14108,6,8,28.57142857142857
11057,14108,7,8,0.0
11057,14122,1,26,26.923076923076923
11057,14122,2,21,4.761904761904762
11057,14122,3,16,12.5
11057,14122,4,23,34.78260869565217
11057,14122,5,20,20.0
11057,14122,6,16,37.5
11057,14122,7,24,12.5
11057,14193,1,22,22.727272727272727
11057,14193,2,20,5.0
11057,14193,3,16,12.5
11057,14193,4,22,18.181818181818183
11057,14193,5,16,31.25
11057,14193,6,16,12.5
11057,14193,7,24,20.833333333333336
11057,14307,1,21,9.523809523809524
11057,14307,2,21,4.761904761904762
11057,14307,3,16,13.333333333333334
11057,14307,4,19,21.052631578947366
11057,14307,5,16,18.75
11057,14307,6,16,31.25
11057,14307,7,20,20.0
11057,14321,1,15,13.333333333333334
11057,14321,2,10,10.0
11057,14321,3,8,0.0
11057,14321,4,12,8.333333333333332
11057,14321,5,12,0.0
11057,14321,6,12,9.090909090909092
11057,14321,7,12,25.0
11057,14457,1,5,0.0
11057,14457,2,5,0.0
11057,14457,3,4,0.0
11057,14457,4,4,0.0
11057,14457,5,4,25.0
11057,14457,6,4,0.0
11057,14457,7,4,0.0
11057,14492,1,42,11.904761904761903
11057,14492,2,40,22.5
11057,14492,3,32,15.625
11057,14492,4,35,8.571428571428571
11057,14492,5,32,21.875
11057,14492,6,28,17.857142857142858
11057,14492,7,36,16.666666666666664
11057,14524,1,32,21.875
11057,14524,2,33,3.0303030303030303
11057,14524,3,28,21.428571428571427
11057,14524,4,27,18.51851851851852
11057,14524,5,24,16.666666666666664
11057,14524,6,24,16.666666666666664
11057,14524,7,28,21.428571428571427
11057,14576,1,15,33.33333333333333
11057,14576,2,14,7.142857142857142
11057,14576,3,12,9.090909090909092
11057,14576,4,12,16.666666666666664
11057,14576,5,12,8.333333333333332
11057,14576,6,12,16.666666666666664
11057,14576,7,12,25.0
11057,14635,1,20,10.0
11057,14635,2,16,12.5
11057,14635,3,12,16.666666666666664
11057,14635,4,16,18.75
11057,14635,5,16,6.25
11057,14635,6,16,12.5
11057,14635,7,16,12.5
11057,14679,1,21,14.285714285714285
11057,14679,2,15,13.333333333333334
11057,14679,3,12,16.666666666666664
11057,14679,4,19,31.57894736842105
11057,14679,5,16,6.25
11057,14679,6,16,18.75
11057,14679,7,20,15.0
11057,14683,1,20,15.0
11057,14683,2,20,10.0
11057,14683,3,16,12.5
11057,14683,4,16,12.5
11057,14683,5,16,6.25
11057,14683,6,16,31.25
11057,14683,7,16,37.5
11057,14685,1,39,15.384615384615385
11057,14685,2,34,8.823529411764707
11057,14685,3,28,25.0
11057,14685,4,32,28.125
11057,14685,5,32,15.625
11057,14685,6,28,25.925925925925924
11057,14685,7,32,15.625
11057,14696,1,15,6.666666666666667
11057,14696,2,15,20.0
11057,14696,3,12,8.333333333333332
11057,14696,4,12,16.666666666666664
11057,14696,5,12,0.0
11057,14696,6,12,9.090909090909092
11057,14696,7,12,16.666666666666664
11057,14730,1,26,7.6923076923076925
11057,14730,2,26,11.538461538461538
11057,14730,3,20,21.052631578947366
11057,14730,4,23,30.434782608695656
11057,14730,5,20,20.0
11057,14730,6,20,15.0
11057,14730,7,24,29.166666666666668
11057,14747,1,20,5.0
11057,14747,2,20,5.0
11057,14747,3,16,18.75
11057,14747,4,16,25.0
11057,14747,5,16,25.0
11057,14747,6,16,12.5
11057,14747,7,16,6.25
11057,14771,1,25,20.0
11057,14771,2,20,10.0
11057,14771,3,16,12.5
11057,14771,4,20,35.0
11057,14771,5,20,30.0
11057,14771,6,16,25.0
11057,14771,7,20,25.0
11057,14783,1,16,12.5
11057,14783,2,16,6.25
11057,14783,3,12,33.33333333333333
11057,14783,4,15,6.666666666666667
11057,14783,5,12,16.666666666666664
11057,14783,6,12,25.0
11057,14783,7,16,0.0
11057,14814,1,13,15.384615384615385
11057,14814,2,13,23.076923076923077
11057,14814,3,12,8.333333333333332
11057,14814,4,12,25.0
11057,14814,5,12,16.666666666666664
11057,14814,6,12,9.090909090909092
11057,14814,7,12,16.666666666666664
11057,14843,1,6,0.0
11057,14843,2,5,20.0
11057,14843,3,4,25.0
11057,14843,4,4,0.0
11057,14843,5,4,0.0
11057,14843,6,4,25.0
11057,14843,7,4,0.0
11057,14869,1,10,10.0
11057,14869,2,11,9.090909090909092
11057,14869,3,8,0.0
11057,14869,4,8,50.0
11057,14869,5,8,12.5
11057,14869,6,8,25.0
11057,14869,7,8,25.0
11057,14893,1,10,0.0
11057,14893,2,10,30.0
11057,14893,3,8,0.0
11057,14893,4,8,0.0
11057,14893,5,8,0.0
11057,14893,6,8,12.5
11057,14893,7,8,0.0
11057,14908,1,5,0.0
11057,14908,2,5,0.0
11057,14908,3,4,25.0
11057,14908,4,4,50.0
11057,14908,5,4,0.0
11057,14908,6,4,25.0
11057,14908,7,4,0.0
11057,14986,1,16,18.75
11057,14986,2,16,0.0
11057,14986,3,12,0.0
11057,14986,4,15,13.333333333333334
11057,14986,5,12,8.333333333333332
11057,14986,6,12,16.666666666666664
11057,14986,7,16,31.25
11057,15016,1,26,23.076923076923077
11057,15016,2,25,4.0
11057,15016,3,20,10.0
11057,15016,4,23,21.73913043478261
11057,15016,5,20,15.0
11057,15016,6,16,13.333333333333334
11057,15016,7,24,8.333333333333332
11057,15024,1,1,0.0
11057,15024,6,4,0.0
11057,15096,1,16,18.75
11057,15096,2,15,20.0
11057,15096,3,12,8.333333333333332
11057,15096,4,15,6.666666666666667
11057,15096,5,12,16.666666666666664
11057,15096,6,12,8.333333333333332
11057,15096,7,16,25.0
11057,15304,1,51,15.686274509803921
11057,15304,2,36,8.333333333333332
11057,15304,3,27,14.814814814814813
11057,15304,4,39,23.076923076923077
11057,15304,5,40,17.5
11057,15304,6,31,9.67741935483871
11057,15304,7,40,15.0
11057,15370,1,10,10.0
11057,15370,2,10,0.0
11057,15370,3,7,0.0
11057,15370,4,8,12.5
11057,15370,5,8,25.0
11057,15370,6,8,25.0
11057,15370,7,8,25.0
11057,15380,1,5,0.0
11057,15380,2,5,0.0
11057,15380,3,4,0.0
11057,15380,4,4,25.0
11057,15380,5,4,0.0
11057,15380,6,4,0.0
11057,15380,7,4,0.0
11057,15412,1,17,17.647058823529413
11057,15412,2,14,0.0
11057,15412,3,12,50.0
11057,15412,4,16,31.25
11057,15412,5,16,12.5
11057,15412,6,12,25.0
11057,15412,7,16,18.75
11057,15624,1,16,6.25
11057,15624,2,16,12.5
11057,15624,3,12,25.0
11057,15624,4,15,13.333333333333334
11057,15624,5,12,16.666666666666664
11057,15624,6,12,33.33333333333333
11057,15624,7,16,12.5
11057,15919,1,21,9.523809523809524
11057,15919,2,20,20.0
11057,15919,3,16,12.5
11057,15919,4,19,26.31578947368421
11057,15919,5,16,25.0
11057,15919,6,12,16.666666666666664
11057,15919,7,20,20.0
11066,10397,1,51,11.76470588235294
11066,10397,2,43,2.3255813953488373
11066,10397,3,34,0.0
11066,10397,4,38,7.894736842105263
11066,10397,5,41,4.878048780487805
11066,10397,6,32,3.125
11066,10397,7,38,13.157894736842104
11066,10423,1,5,20.0
11066,10423,2,5,0.0
11066,10423,3,4,0.0
11066,10423,4,4,0.0
11066,10423,5,4,0.0
11066,10423,6,4,0.0
11066,10423,7,4,50.0
11066,10693,1,16,18.75
11066,10693,2,15,0.0
11066,10693,3,12,8.333333333333332
11066,10693,4,13,15.384615384615385
11066,10693,5,12,25.0
11066,10693,6,12,16.666666666666664
11066,10693,7,8,0.0
11066,10721,1,33,39.39393939393939
11066,10721,2,28,14.285714285714285
11066,10721,3,22,35.0
11066,10721,4,27,46.15384615384615
11066,10721,5,27,37.03703703703704
11066,10721,6,16,6.25
11066,10721,7,27,48.148148148148145
11066,10821,1,15,0.0
11066,10821,2,15,6.666666666666667
11066,10821,3,12,8.333333333333332
11066,10821,4,12,16.666666666666664
11066,10821,5,12,8.333333333333332
11066,10821,6,12,25.0
11066,10821,7,12,16.666666666666664
11066,11057,1,26,7.6923076923076925
11066,11057,2,26,7.6923076923076925
11066,11057,3,20,5.0
11066,11057,4,23,13.043478260869565
11066,11057,5,20,0.0
11066,11057,6,20,15.0
11066,11057,7,24,8.333333333333332
11066,11259,1,5,40.0
11066,11259,2,5,0.0
11066,11259,3,4,0.0
11066,11259,4,4,25.0
11066,11259,5,4,50.0
11066,11259,6,4,0.0
11066,11259,7,4,50.0
11066,11278,1,30,10.0
11066,11278,2,30,10.0
11066,11278,3,23,39.130434782608695
11066,11278,4,24,25.0
11066,11278,5,24,16.666666666666664
11066,11278,6,16,25.0
11066,11278,7,24,8.333333333333332
11066,11292,1,30,16.666666666666664
11066,11292,2,20,20.0
11066,11292,3,16,6.25
11066,11292,4,20,10.0
11066,11292,5,24,20.833333333333336
11066,11292,6,16,18.75
11066,11292,7,20,5.0
11066,11298,1,21,20.0
11066,11298,2,20,10.0
11066,11298,3,16,25.0
11066,11298,4,19,0.0
11066,11298,5,16,0.0
11066,11298,6,15,13.333333333333334
11066,11298,7,20,15.0
11066,11433,1,17,5.88235294117647
11066,11433,2,16,0.0
11066,11433,3,14,0.0
11066,11433,4,11,9.090909090909092
11066,11433,5,13,15.384615384615385
11066,11433,6,10,10.0
11066,11433,7,14,21.428571428571427
11066,11618,1,37,18.91891891891892
11066,11618,2,34,20.588235294117645
11066,11618,3,28,17.857142857142858
11066,11618,4,27,30.76923076923077
11066,11618,5,31,21.428571428571427
11066,11618,6,16,14.285714285714285
11066,11618,7,27,7.4074074074074066
11066,11697,1,14,35.714285714285715
11066,11697,2,5,20.0
11066,11697,3,4,0.0
11066,11697,4,12,16.666666666666664
11066,11697,5,12,25.0
11066,11697,6,8,12.5
11066,11697,7,12,16.666666666666664
11066,12191,1,5,40.0
11066,12191,2,5,0.0
11066,12191,3,4,0.0
11066,12191,4,4,0.0
11066,12191,5,4,25.0
11066,12191,6,4,25.0
11066,12191,7,4,25.0
11066,12264,1,23,13.043478260869565
11066,12264,2,22,9.090909090909092
11066,12264,3,20,5.0
11066,12264,4,19,15.789473684210526
11066,12264,5,19,5.263157894736842
11066,12264,6,14,0.0
11066,12264,7,19,10.526315789473683
11066,12266,1,10,20.0
11066,12266,2,10,10.0
11066,12266,3,8,37.5
11066,12266,4,8,25.0
11066,12266,5,7,42.857142857142854
11066,12266,6,8,12.5
11066,12266,7,5,20.0
11066,12478,1,25,0.0
11066,12478,2,25,12.0
11066,12478,3,20,5.0
11066,12478,4,20,25.0
11066,12478,5,20,5.0
11066,12478,6,20,5.263157894736842
11066,12478,7,20,10.0
11066,12889,1,15,20.0
11066,12889,2,14,21.428571428571427
11066,12889,3,11,9.090909090909092
11066,12889,4,12,33.33333333333333
11066,12889,5,12,16.666666666666664
11066,12889,6,8,12.5
11066,12889,7,12,16.666666666666664
11066,12892,1,6,50.0
11066,12892,4,8,12.5
11066,12892,5,3,0.0
11066,12892,6,4,0.0
11066,12892,7,8,0.0
11066,12953,1,47,10.638297872340425
11066,12953,2,47,4.25531914893617
11066,12953,3,38,10.526315789473683
11066,12953,4,39,21.62162162162162
11066,12953,5,39,5.128205128205128
11066,12953,6,15,7.142857142857142
11066,12953,7,35,25.71428571428571
11066,13198,7,4,0.0
11066,13204,1,30,13.333333333333334
11066,13204,2,20,10.0
11066,13204,3,16,6.25
11066,13204,4,24,20.833333333333336
11066,13204,5,27,14.814814814814813
11066,13204,6,27,11.11111111111111
11066,13204,7,24,25.0
11066,13232,1,20,10.0
11066,13232,2,20,5.0
11066,13232,3,15,0.0
11066,13232,4,16,6.25
11066,13232,5,16,0.0
11066,13232,6,12,16.666666666666664
11066,13232,7,16,6.25
11066,13303,1,10,0.0
11066,13303,2,10,20.0
11066,13303,3,8,0.0
11066,13303,4,8,25.0
11066,13303,5,8,0.0
11066,13303,6,8,12.5
11066,13303,7,8,12.5
11066,13487,1,16,6.25
11066,13487,2,16,6.25
11066,13487,3,12,0.0
11066,13487,4,14,35.714285714285715
11066,13487,5,14,28.57142857142857
11066,13487,6,11,9.090909090909092
11066,13487,7,14,21.428571428571427
11066,13930,1,75,21.333333333333336
11066,13930,2,60,25.0
11066,13930,3,51,7.8431372549019605
11066,13930,4,58,17.24137931034483
11066,13930,5,56,25.0
11066,13930,6,51,32.0
11066,13930,7,60,23.333333333333332
11066,14100,1,26,34.61538461538461
11066,14100,2,22,9.090909090909092
11066,14100,3,12,36.36363636363637
11066,14100,4,19,31.57894736842105
11066,14100,5,19,10.526315789473683
11066,14100,6,8,0.0
11066,14100,7,20,20.0
11066,14107,1,16,6.25
11066,14107,2,10,20.0
11066,14107,3,8,12.5
11066,14107,4,11,9.090909090909092
11066,14107,5,8,12.5
11066,14107,6,8,14.285714285714285
11066,14107,7,12,16.666666666666664
11066,14635,1,5,20.0
11066,14635,2,5,20.0
11066,14635,3,4,0.0
11066,14635,4,4,75.0
11066,14635,5,4,25.0
11066,14635,6,4,25.0
11066,14635,7,4,25.0
11066,14747,1,10,30.0
11066,14747,2,10,0.0
11066,14747,3,4,0.0
11066,14747,4,5,40.0
11066,14747,5,11,0.0
11066,14747,6,4,0.0
11066,14747,7,8,12.5
11066,14771,1,6,33.33333333333333
11066,14771,2,5,40.0
11066,14771,3,4,25.0
11066,14771,4,5,0.0
11066,14771,5,5,60.0
11066,14771,6,1,0.0
11066,14771,7,7,28.57142857142857
11066,14869,1,5,0.0
11066,14869,2,5,0.0
11066,14869,3,4,0.0
11066,14869,4,4,0.0
11066,14869,5,4,0.0
11066,14869,6,4,0.0
11066,14869,7,4,0.0
11066,14986,6,4,0.0
11066,15016,1,10,0.0
11066,15016,2,10,10.0
11066,15016,3,8,0.0
11066,15016,4,8,12.5
11066,15016,5,8,0.0
11066,15016,6,4,25.0
11066,15016,7,8,0.0
11066,15304,1,10,10.0
11066,15304,2,10,0.0
11066,15304,3,8,12.5
11066,15304,4,8,0.0
11066,15304,5,9,0.0
11066,15304,6,9,0.0
11066,15304,7,8,0.0
11067,11298,1,10,10.0
11067,11298,2,10,0.0
11067,11298,3,8,0.0
11067,11298,4,8,37.5
11067,11298,5,8,0.0
11067,11298,6,8,0.0
11067,11298,7,8,12.5
11067,13930,1,15,13.333333333333334
11067,13930,2,6,16.666666666666664
11067,13930,3,8,12.5
11067,13930,4,11,27.27272727272727
11067,13930,5,8,0.0
11067,13930,6,8,25.0
11067,13930,7,12,16.666666666666664
11076,13930,1,14,35.714285714285715
11076,13930,2,10,20.0
11076,13930,3,12,33.33333333333333
11076,13930,4,12,33.33333333333333
11076,13930,5,12,41.66666666666667
11076,13930,6,8,25.0
11076,13930,7,12,58.333333333333336
11097,11292,1,13,30.76923076923077
11097,11292,2,15,26.666666666666668
11097,11292,3,12,25.0
11097,11292,4,11,27.27272727272727
11097,11292,5,11,45.45454545454545
11097,11292,6,14,50.0
11097,11292,7,12,58.333333333333336
11109,10397,1,10,0.0
11109,10397,2,8,0.0
11109,10397,3,6,0.0
11109,10397,4,6,0.0
11109,10397,5,7,14.285714285714285
11109,10397,6,4,0.0
11109,10397,7,8,12.5
11109,10821,1,5,0.0
11109,10821,2,5,20.0
11109,10821,3,4,0.0
11109,10821,4,4,0.0
11109,10821,5,4,0.0
11109,10821,7,4,0.0
11109,11259,1,15,13.333333333333334
11109,11259,2,10,20.0
11109,11259,3,8,25.0
11109,11259,4,12,16.666666666666664
11109,11259,5,12,16.666666666666664
11109,11259,6,8,12.5
11109,11259,7,8,25.0
11109,11292,1,75,20.0
11109,11292,2,70,17.142857142857142
11109,11292,3,60,20.0
11109,11292,4,60,20.0
11109,11292,5,60,28.8135593220339
11109,11292,6,54,22.22222222222222
11109,11292,7,64,9.375
11109,11298,1,30,17.24137931034483
11109,11298,2,30,16.666666666666664
11109,11298,3,24,13.043478260869565
11109,11298,4,24,4.166666666666666
11109,11298,5,24,19.047619047619047
11109,11298,6,24,8.695652173913043
11109,11298,7,24,25.0
11109,12191,6,4,0.0
11109,12191,7,4,0.0
11109,12266,1,5,0.0
11109,12266,2,5,0.0
11109,12266,3,4,0.0
11109,12266,4,4,0.0
11109,12266,5,4,0.0
11109,12266,6,4,0.0
11109,12266,7,4,0.0
11109,12889,1,15,6.666666666666667
11109,12889,2,10,10.0
11109,12889,3,8,25.0
11109,12889,4,12,41.66666666666667
11109,12889,5,12,41.66666666666667
11109,12889,6,4,0.0
11109,12889,7,12,8.333333333333332
11109,13232,1,5,0.0
11109,13232,2,5,40.0
11109,13232,3,4,25.0
11109,13232,4,4,25.0
11109,13232,5,4,0.0
11109,13232,6,4,0.0
11109,13232,7,4,0.0
11109,13487,1,1,0.0
11109,13487,2,1,0.0
11109,13487,3,1,0.0
11109,13487,4,1,0.0
11109,13487,5,1,0.0
11109,13487,6,1,0.0
11109,13487,7,1,0.0
11109,13930,1,15,13.333333333333334
11109,13930,2,15,26.666666666666668
11109,13930,3,12,33.33333333333333
11109,13930,4,12,16.666666666666664
11109,13930,5,12,16.666666666666664
11109,13930,6,12,18.181818181818183
11109,13930,7,12,16.666666666666664
11109,14107,1,15,20.0
11109,14107,2,10,0.0
11109,14107,3,8,12.5
11109,14107,4,12,16.666666666666664
11109,14107,5,12,25.0
11109,14107,6,8,0.0
11109,14107,7,12,16.666666666666664
11109,14112,1,5,0.0
11109,14112,5,4,0.0
11109,14869,1,10,0.0
11109,14869,2,10,10.0
11109,14869,3,8,12.5
11109,14869,4,8,0.0
11109,14869,5,8,12.5
11109,14869,6,8,0.0
11109,14869,7,8,25.0
11109,14908,1,1,0.0
11111,11292,1,1,0.0
11111,11292,2,1,0.0
11111,11292,5,1,0.0
11111,11292,6,1,0.0
11111,11292,7,1,0.0
11111,11298,1,19,31.57894736842105
11111,11298,2,19,10.526315789473683
11111,11298,3,16,31.25
11111,11298,4,16,31.25
11111,11298,5,16,21.428571428571427
11111,11298,6,16,18.75
11111,11298,7,16,12.5
11111,13930,1,21,33.33333333333333
11111,13930,2,16,6.25
11111,13930,3,11,36.36363636363637
11111,13930,4,15,20.0
11111,13930,5,13,23.076923076923077
11111,13930,6,13,25.0
11111,13930,7,18,27.77777777777778
11122,11292,1,35,17.142857142857142
11122,11292,2,35,17.142857142857142
11122,11292,3,28,7.142857142857142
11122,11292,4,27,7.4074074074074066
11122,11292,5,28,28.57142857142857
11122,11292,6,28,14.285714285714285
11122,11292,7,28,3.571428571428571
11140,11298,1,31,25.806451612903224
11140,11298,2,30,6.666666666666667
11140,11298,3,24,16.666666666666664
11140,11298,4,27,14.814814814814813
11140,11298,5,24,22.727272727272727
11140,11298,6,24,16.666666666666664
11140,11298,7,28,7.142857142857142
11140,12191,1,15,0.0
11140,12191,2,10,0.0
11140,12191,3,8,0.0
11140,12191,4,12,16.666666666666664
11140,12191,5,12,8.333333333333332
11140,12191,6,8,12.5
11140,12191,7,12,8.333333333333332
11140,12266,1,11,27.27272727272727
11140,12266,2,10,0.0
11140,12266,3,8,12.5
11140,12266,4,8,25.0
11140,12266,5,8,0.0
11140,12266,6,7,14.285714285714285
11140,12266,7,7,14.285714285714285
11146,10397,1,6,0.0
11146,10397,2,6,0.0
11146,10397,3,4,0.0
11146,10397,4,5,0.0
11146,10397,5,6,16.666666666666664
11146,10397,6,6,0.0
11146,10397,7,6,0.0
11146,11057,1,16,12.5
11146,11057,2,15,6.666666666666667
11146,11057,3,12,0.0
11146,11057,4,15,20.0
11146,11057,5,12,0.0
11146,11057,6,12,16.666666666666664
11146,11057,7,16,25.0
11146,11278,1,5,20.0
11146,11278,2,5,0.0
11146,11278,3,4,0.0
11146,11278,4,4,25.0
11146,11278,5,4,25.0
11146,11278,6,4,0.0
11146,11278,7,4,0.0
11146,13930,1,15,6.666666666666667
11146,13930,2,15,33.33333333333333
11146,13930,3,12,25.0
11146,13930,4,12,33.33333333333333
11146,13930,5,12,41.66666666666667
11146,13930,6,12,33.33333333333333
11146,13930,7,12,41.66666666666667
11193,10397,1,46,4.3478260869565215
11193,10397,2,38,2.631578947368421
11193,10397,3,34,5.88235294117647
11193,10397,4,38,5.263157894736842
11193,10397,5,38,2.631578947368421
11193,10397,6,32,0.0
11193,10397,7,38,2.631578947368421
11193,10423,1,5,20.0
11193,10423,4,3,0.0
11193,10423,5,4,25.0
11193,10423,7,3,0.0
11193,10693,1,5,0.0
11193,10693,2,5,0.0
11193,10693,3,4,0.0
11193,10693,4,4,25.0
11193,10693,5,4,25.0
11193,10693,6,4,0.0
11193,10693,7,4,0.0
11193,10721,1,25,28.000000000000004
11193,10721,2,26,26.923076923076923
11193,10721,3,20,31.57894736842105
11193,10721,4,22,33.33333333333333
11193,10721,5,22,22.727272727272727
11193,10721,6,16,6.25
11193,10721,7,19,31.57894736842105
11193,10821,1,10,20.0
11193,10821,2,10,10.0
11193,10821,3,8,0.0
11193,10821,4,8,12.5
11193,10821,5,8,0.0
11193,10821,6,8,12.5
11193,10821,7,8,25.0
11193,10994,4,4,25.0
11193,10994,7,4,0.0
11193,11057,1,26,11.538461538461538
11193,11057,2,20,5.0
11193,11057,3,16,6.666666666666667
11193,11057,4,20,35.0
11193,11057,5,20,10.0
11193,11057,6,16,6.25
11193,11057,7,20,15.0
11193,11278,1,15,20.0
11193,11278,2,15,20.0
11193,11278,3,11,36.36363636363637
11193,11278,4,12,20.0
11193,11278,5,12,25.0
11193,11278,6,4,25.0
11193,11278,7,12,8.333333333333332
11193,11292,1,23,13.043478260869565
11193,11292,2,19,10.526315789473683
11193,11292,3,15,13.333333333333334
11193,11292,4,20,25.0
11193,11292,5,19,5.263157894736842
11193,11292,6,16,12.5
11193,11292,7,20,10.0
11193,11298,1,25,26.08695652173913
11193,11298,2,20,20.0
11193,11298,3,16,18.75
11193,11298,4,23,17.391304347826086
11193,11298,5,20,31.57894736842105
11193,11298,6,15,20.0
11193,11298,7,24,20.833333333333336
11193,11618,1,4,0.0
11193,11618,2,4,0.0
11193,11618,3,4,0.0
11193,11618,4,3,0.0
11193,11618,5,4,0.0
11193,11618,6,6,20.0
11193,11624,1,5,0.0
11193,11624,5,4,0.0
11193,11697,1,15,6.666666666666667
11193,11697,2,5,20.0
11193,11697,3,4,0.0
11193,11697,4,4,0.0
11193,11697,5,12,16.666666666666664
11193,11697,6,8,25.0
11193,11697,7,8,0.0
11193,12264,1,10,0.0
11193,12264,2,5,0.0
11193,12264,3,4,0.0
11193,12264,4,7,0.0
11193,12264,5,8,0.0
11193,12264,6,8,25.0
11193,12264,7,8,25.0
11193,12266,1,11,18.181818181818183
11193,12266,2,10,10.0
11193,12266,3,8,25.0
11193,12266,4,11,9.090909090909092
11193,12266,5,8,12.5
11193,12266,6,7,14.285714285714285
11193,12266,7,11,9.090909090909092
11193,12451,1,5,0.0
11193,12451,5,4,25.0
11193,12478,1,10,0.0
11193,12478,2,10,0.0
11193,12478,3,8,12.5
11193,12478,4,8,12.5
11193,12478,5,8,0.0
11193,12478,6,8,0.0
11193,12478,7,8,14.285714285714285
11193,12889,1,10,10.0
11193,12889,2,5,20.0
11193,12889,3,4,0.0
11193,12889,4,12,8.333333333333332
11193,12889,5,8,0.0
11193,12889,6,4,0.0
11193,12889,7,12,8.333333333333332
11193,12892,1,5,20.0
11193,12892,2,5,0.0
11193,12892,3,4,25.0
11193,12892,4,4,0.0
11193,12892,5,4,25.0
11193,12892,6,4,0.0
11193,12953,1,9,11.11111111111111
11193,12953,2,9,0.0
11193,12953,3,4,25.0
11193,12953,4,6,16.666666666666664
11193,12953,5,6,0.0
11193,12953,6,3,0.0
11193,12953,7,6,0.0
11193,13204,1,20,5.0
11193,13204,2,14,7.142857142857142
11193,13204,3,11,9.090909090909092
11193,13204,4,15,26.666666666666668
11193,13204,5,15,6.666666666666667
11193,13204,6,15,0.0
11193,13204,7,15,0.0
11193,13232,1,5,20.0
11193,13232,2,5,20.0
11193,13232,3,4,25.0
11193,13232,4,4,0.0
11193,13232,5,4,25.0
11193,13232,6,8,0.0
11193,13232,7,8,0.0
11193,13303,1,10,20.0
11193,13303,2,10,10.0
11193,13303,3,8,25.0
11193,13303,4,8,25.0
11193,13303,5,8,50.0
11193,13303,6,8,25.0
11193,13303,7,8,37.5
11193,13360,1,5,0.0
11193,13360,5,4,0.0
11193,13487,1,18,5.555555555555555
11193,13487,2,18,0.0
11193,13487,3,14,14.285714285714285
11193,13487,4,15,13.333333333333334
11193,13487,5,15,6.666666666666667
11193,13487,6,12,8.333333333333332
11193,13487,7,15,6.666666666666667
11193,13577,4,4,25.0
11193,13577,7,4,0.0
11193,13930,1,71,33.80281690140845
11193,13930,2,66,18.181818181818183
11193,13930,3,50,20.0
11193,13930,4,53,17.307692307692307
11193,13930,5,57,31.57894736842105
11193,13930,6,48,39.130434782608695
11193,13930,7,57,28.07017543859649
11193,14057,1,5,0.0
11193,14057,5,4,25.0
11193,14082,4,4,0.0
11193,14082,6,4,25.0
11193,14082,7,4,0.0
11193,14100,1,15,20.0
11193,14100,2,6,33.33333333333333
11193,14100,3,9,11.11111111111111
11193,14100,4,8,50.0
11193,14100,5,11,18.181818181818183
11193,14100,6,8,25.0
11193,14100,7,8,25.0
11193,14107,1,5,40.0
11193,14107,2,5,0.0
11193,14107,3,4,25.0
11193,14107,4,8,12.5
11193,14107,5,4,0.0
11193,14107,6,4,25.0
11193,14107,7,8,0.0
11193,14112,1,5,20.0
11193,14112,2,1,100.0
11193,14112,3,4,0.0
11193,14112,4,4,50.0
11193,14112,5,4,0.0
11193,14112,6,4,0.0
11193,14112,7,4,0.0
11193,14635,1,10,0.0
11193,14635,2,5,20.0
11193,14635,3,4,0.0
11193,14635,4,8,0.0
11193,14635,5,8,12.5
11193,14635,6,4,0.0
11193,14635,7,7,14.285714285714285
11193,14685,1,5,0.0
11193,14685,4,4,0.0
11193,14685,5,4,25.0
11193,14685,6,1,0.0
11193,14685,7,4,0.0
11193,14747,1,10,0.0
11193,14747,2,10,0.0
11193,14747,3,8,0.0
11193,14747,4,8,12.5
11193,14747,5,8,0.0
11193,14747,6,8,0.0
11193,14747,7,8,25.0
11193,14761,1,5,20.0
11193,14761,3,3,33.33333333333333
11193,14761,4,4,50.0
11193,14761,5,4,0.0
11193,14761,6,4,75.0
11193,14761,7,4,0.0
11193,14869,1,10,0.0
11193,14869,2,9,33.33333333333333
11193,14869,3,7,28.57142857142857
11193,14869,4,7,14.285714285714285
11193,14869,5,7,0.0
11193,14869,6,7,0.0
11193,14869,7,8,25.0
11193,14986,1,5,20.0
11193,14986,4,4,0.0
11193,14986,5,4,0.0
11193,14986,7,4,25.0
11193,15304,1,10,10.0
11193,15304,2,5,20.0
11193,15304,3,4,0.0
11193,15304,4,8,25.0
11193,15304,5,8,0.0
11193,15304,6,8,0.0
11193,15304,7,8,12.5
11193,15624,1,6,16.666666666666664
11193,15624,2,1,0.0
11193,15624,3,4,0.0
11193,15624,4,4,25.0
11193,15624,5,4,0.0
11193,15624,6,8,25.0
11193,15624,7,8,0.0
11193,16422,4,4,0.0
11193,16422,7,4,0.0
11203,13930,1,15,6.666666666666667
11203,13930,2,13,7.6923076923076925
11203,13930,3,11,0.0
11203,13930,4,11,18.181818181818183
11203,13930,5,12,16.666666666666664
11203,13930,6,11,27.27272727272727
11203,13930,7,12,25.0
11233,11292,1,10,0.0
11233,11292,2,10,0.0
11233,11292,3,8,0.0
11233,11292,4,8,0.0
11233,11292,5,8,25.0
11233,11292,6,8,12.5
11233,11292,7,8,0.0
11252,10397,1,20,5.0
11252,10397,2,20,0.0
11252,10397,3,16,0.0
11252,10397,4,16,0.0
11252,10397,5,16,6.25
11252,10397,6,16,0.0
11252,10397,7,16,12.5
11252,11057,1,20,5.0
11252,11057,2,20,5.0
11252,11057,3,16,6.25
11252,11057,4,19,10.526315789473683
11252,11057,5,16,6.25
11252,11057,6,16,12.5
11252,11057,7,20,15.0
11259,10140,1,25,16.0
11259,10140,2,20,5.0
11259,10140,3,16,25.0
11259,10140,4,20,30.0
11259,10140,5,20,20.0
11259,10140,6,12,8.333333333333332
11259,10140,7,20,35.0
11259,10279,1,20,20.0
11259,10279,2,15,20.0
11259,10279,3,12,16.666666666666664
11259,10279,4,16,6.25
11259,10279,5,16,18.75
11259,10279,6,12,16.666666666666664
11259,10279,7,12,33.33333333333333
11259,10397,1,54,12.962962962962962
11259,10397,2,50,10.0
11259,10397,3,40,20.0
11259,10397,4,43,11.627906976744185
11259,10397,5,43,14.285714285714285
11259,10397,6,32,9.375
11259,10397,7,43,9.30232558139535
11259,10423,1,35,17.142857142857142
11259,10423,2,30,10.0
11259,10423,3,24,12.5
11259,10423,4,28,7.142857142857142
11259,10423,5,28,22.22222222222222
11259,10423,6,16,6.25
11259,10423,7,28,14.285714285714285
11259,10599,1,15,20.0
11259,10599,2,10,0.0
11259,10599,3,8,12.5
11259,10599,4,12,8.333333333333332
11259,10599,5,12,25.0
11259,10599,6,8,12.5
11259,10599,7,8,12.5
11259,10693,1,30,13.333333333333334
11259,10693,2,35,8.571428571428571
11259,10693,3,28,10.714285714285714
11259,10693,4,24,4.166666666666666
11259,10693,5,24,25.0
11259,10693,6,20,15.0
11259,10693,7,32,12.5
11259,10721,1,5,80.0
11259,10721,4,4,100.0
11259,10721,5,4,100.0
11259,10721,6,4,50.0
11259,10721,7,4,75.0
11259,10800,1,5,0.0
11259,10800,2,5,20.0
11259,10800,3,4,0.0
11259,10800,4,4,0.0
11259,10800,5,4,25.0
11259,10800,6,4,0.0
11259,10800,7,4,0.0
11259,10821,1,30,10.0
11259,10821,2,25,8.0
11259,10821,3,20,25.0
11259,10821,4,24,8.333333333333332
11259,10821,5,24,33.33333333333333
11259,10821,6,16,12.5
11259,10821,7,20,15.0
11259,10849,6,4,0.0
11259,10994,1,5,40.0
11259,10994,2,5,20.0
11259,10994,3,4,25.0
11259,10994,4,4,50.0
11259,10994,5,4,25.0
11259,10994,6,4,0.0
11259,10994,7,4,25.0
11259,11057,1,5,20.0
11259,11057,2,5,20.0
11259,11057,3,4,0.0
11259,11057,4,4,50.0
11259,11057,5,4,25.0
11259,11057,6,4,25.0
11259,11057,7,8,12.5
11259,11066,1,5,40.0
11259,11066,2,5,20.0
11259,11066,3,4,0.0
11259,11066,4,4,0.0
11259,11066,5,4,25.0
11259,11066,6,4,25.0
11259,11066,7,4,0.0
11259,11109,1,15,20.0
11259,11109,2,10,30.0
11259,11109,3,8,25.0
11259,11109,4,12,8.333333333333332
11259,11109,5,12,25.0
11259,11109,6,8,0.0
11259,11109,7,8,12.5
11259,11278,1,25,16.0
11259,11278,2,25,28.000000000000004
11259,11278,3,20,25.0
11259,11278,4,20,15.0
11259,11278,5,20,30.0
11259,11278,6,12,8.333333333333332
11259,11278,7,20,30.0
11259,11292,1,40,45.0
11259,11292,2,35,31.428571428571427
11259,11292,3,28,21.428571428571427
11259,11292,4,32,28.125
11259,11292,5,32,34.375
11259,11292,6,24,12.5
11259,11292,7,32,34.375
11259,11481,1,10,20.0
11259,11481,2,5,0.0
11259,11481,3,4,25.0
11259,11481,4,8,12.5
11259,11481,5,8,25.0
11259,11481,6,8,25.0
11259,11481,7,8,0.0
11259,11540,1,25,16.0
11259,11540,2,25,16.0
11259,11540,3,20,20.0
11259,11540,4,20,15.0
11259,11540,5,20,45.0
11259,11540,6,16,12.5
11259,11540,7,20,30.0
11259,11697,1,5,40.0
11259,11697,2,5,40.0
11259,11697,3,4,25.0
11259,11697,4,4,25.0
11259,11697,5,4,25.0
11259,11697,6,8,0.0
11259,11697,7,4,0.0
11259,12191,1,58,22.413793103448278
11259,12191,2,60,3.389830508474576
11259,12191,3,48,18.75
11259,12191,4,45,13.333333333333334
11259,12191,5,45,33.33333333333333
11259,12191,6,36,8.333333333333332
11259,12191,7,40,22.5
11259,12206,1,5,20.0
11259,12206,2,5,20.0
11259,12206,3,4,25.0
11259,12206,4,4,0.0
11259,12206,5,4,50.0
11259,12206,6,4,50.0
11259,12206,7,4,25.0
11259,12339,1,10,0.0
11259,12339,2,5,40.0
11259,12339,3,4,0.0
11259,12339,4,8,25.0
11259,12339,5,8,50.0
11259,12339,6,4,25.0
11259,12339,7,8,0.0
11259,12451,1,5,40.0
11259,12451,2,5,20.0
11259,12451,3,4,0.0
11259,12451,4,4,25.0
11259,12451,5,4,25.0
11259,12451,7,4,0.0
11259,12889,1,35,11.428571428571429
11259,12889,2,30,6.666666666666667
11259,12889,3,24,16.666666666666664
11259,12889,4,28,28.57142857142857
11259,12889,5,28,35.714285714285715
11259,12889,6,20,10.0
11259,12889,7,33,12.121212121212121
11259,12892,1,20,15.0
11259,12892,2,15,13.333333333333334
11259,12892,3,12,0.0
11259,12892,4,16,12.5
11259,12892,5,16,25.0
11259,12892,6,12,8.333333333333332
11259,12892,7,12,16.666666666666664
11259,12896,1,25,8.0
11259,12896,2,20,15.0
11259,12896,3,16,0.0
11259,12896,4,20,20.0
11259,12896,5,20,25.0
11259,12896,6,12,8.333333333333332
11259,12896,7,16,18.75
11259,12953,1,20,15.0
11259,12953,2,20,0.0
11259,12953,3,16,12.5
11259,12953,4,16,37.5
11259,12953,5,16,18.75
11259,12953,6,12,16.666666666666664
11259,12953,7,16,18.75
11259,12954,1,10,20.0
11259,12954,2,10,10.0
11259,12954,3,8,12.5
11259,12954,4,8,37.5
11259,12954,5,8,37.5
11259,12954,6,4,0.0
11259,12954,7,8,12.5
11259,12992,1,15,20.0
11259,12992,2,15,0.0
11259,12992,3,12,8.333333333333332
11259,12992,4,12,16.666666666666664
11259,12992,5,12,58.333333333333336
11259,12992,6,8,25.0
11259,12992,7,12,25.0
11259,13158,1,20,10.0
11259,13158,2,20,15.0
11259,13158,3,16,12.5
11259,13158,4,16,18.75
11259,13158,5,16,25.0
11259,13158,6,8,0.0
11259,13158,7,12,8.333333333333332
11259,13198,1,25,12.0
11259,13198,2,30,13.333333333333334
11259,13198,3,24,0.0
11259,13198,4,20,25.0
11259,13198,5,20,45.0
11259,13198,6,12,0.0
11259,13198,7,24,29.166666666666668
11259,13204,1,25,16.0
11259,13204,2,25,8.0
11259,13204,3,20,15.0
11259,13204,4,20,25.0
11259,13204,5,21,23.809523809523807
11259,13204,6,19,0.0
11259,13204,7,24,16.666666666666664
11259,13232,1,35,22.857142857142858
11259,13232,2,30,6.666666666666667
11259,13232,3,24,16.666666666666664
11259,13232,4,28,21.428571428571427
11259,13232,5,29,48.275862068965516
11259,13232,6,16,31.25
11259,13232,7,28,14.285714285714285
11259,13244,1,5,40.0
11259,13244,2,5,0.0
11259,13244,3,4,0.0
11259,13244,4,4,0.0
11259,13244,5,4,50.0
11259,13244,6,8,0.0
11259,13244,7,8,0.0
11259,13303,1,5,20.0
11259,13303,2,5,0.0
11259,13303,3,4,0.0
11259,13303,4,4,0.0
11259,13303,5,4,50.0
11259,13303,6,4,25.0
11259,13303,7,4,25.0
11259,13342,1,6,16.666666666666664
11259,13342,2,5,0.0
11259,13342,3,4,0.0
11259,13342,4,4,0.0
11259,13342,5,4,25.0
11259,13342,6,4,0.0
11259,13342,7,8,12.5
11259,13487,6,4,25.0
11259,13487,7,4,25.0
11259,13495,1,29,10.344827586206897
11259,13495,2,30,3.3333333333333335
11259,13495,3,23,17.391304347826086
11259,13495,4,24,20.833333333333336
11259,13495,5,24,50.0
11259,13495,6,20,10.0
11259,13495,7,29,17.24137931034483
11259,13577,6,4,0.0
11259,13796,1,5,0.0
11259,13796,2,5,20.0
11259,13796,3,4,25.0
11259,13796,4,4,0.0
11259,13796,5,4,50.0
11259,13796,6,4,0.0
11259,13796,7,8,25.0
11259,13871,1,5,20.0
11259,13871,2,5,0.0
11259,13871,3,4,0.0
11259,13871,4,4,25.0
11259,13871,5,4,25.0
11259,13871,6,4,0.0
11259,13871,7,8,12.5
11259,13891,1,5,20.0
11259,13891,2,5,40.0
11259,13891,3,4,0.0
11259,13891,4,4,25.0
11259,13891,5,4,25.0
11259,13891,6,4,0.0
11259,13891,7,8,50.0
11259,13930,1,15,6.666666666666667
11259,13930,2,10,10.0
11259,13930,3,8,0.0
11259,13930,4,12,8.333333333333332
11259,13930,5,12,33.33333333333333
11259,13930,6,8,37.5
11259,13930,7,8,50.0
11259,13931,6,4,0.0
11259,13931,7,4,0.0
11259,14057,1,5,60.0
11259,14057,2,5,20.0
11259,14057,3,4,25.0
11259,14057,4,4,50.0
11259,14057,5,4,75.0
11259,14057,6,4,0.0
11259,14057,7,4,0.0
11259,14100,1,5,60.0
11259,14100,2,5,0.0
11259,14100,3,4,25.0
11259,14100,4,4,25.0
11259,14100,5,4,50.0
11259,14100,7,4,25.0
11259,14107,1,36,30.555555555555557
11259,14107,2,30,10.0
11259,14107,3,24,13.043478260869565
11259,14107,4,28,32.142857142857146
11259,14107,5,28,34.61538461538461
11259,14107,6,24,25.0
11259,14107,7,33,21.21212121212121
11259,14122,1,5,20.0
11259,14122,2,5,0.0
11259,14122,3,4,25.0
11259,14122,4,4,25.0
11259,14122,5,4,25.0
11259,14122,6,4,0.0
11259,14122,7,4,0.0
11259,14193,1,5,20.0
11259,14193,2,5,0.0
11259,14193,3,4,25.0
11259,14193,4,4,25.0
11259,14193,5,4,25.0
11259,14193,6,8,0.0
11259,14193,7,4,0.0
11259,14492,1,5,20.0
11259,14492,2,5,0.0
11259,14492,3,4,50.0
11259,14492,4,4,25.0
11259,14492,5,4,25.0
11259,14492,6,4,50.0
11259,14492,7,8,0.0
11259,14570,6,4,25.0
11259,14570,7,4,25.0
11259,14679,1,20,20.0
11259,14679,2,20,5.0
11259,14679,3,16,6.25
11259,14679,4,16,31.25
11259,14679,5,16,43.75
11259,14679,6,12,8.333333333333332
11259,14679,7,16,25.0
11259,14683,1,40,10.0
11259,14683,2,35,0.0
11259,14683,3,28,21.428571428571427
11259,14683,4,32,12.5
11259,14683,5,32,25.0
11259,14683,6,24,12.5
11259,14683,7,28,21.428571428571427
11259,14685,1,5,20.0
11259,14685,2,5,0.0
11259,14685,3,4,0.0
11259,14685,4,4,25.0
11259,14685,5,4,25.0
11259,14685,6,4,0.0
11259,14685,7,4,25.0
11259,14730,1,5,0.0
11259,14730,2,5,0.0
11259,14730,3,4,0.0
11259,14730,4,4,0.0
11259,14730,5,4,0.0
11259,14730,7,4,25.0
11259,14747,1,5,20.0
11259,14747,2,5,20.0
11259,14747,3,4,50.0
11259,14747,4,4,25.0
11259,14747,5,4,25.0
11259,14747,6,4,50.0
11259,14747,7,4,75.0
11259,14831,1,10,20.0
11259,14831,2,5,0.0
11259,14831,3,4,0.0
11259,14831,4,8,25.0
11259,14831,5,8,25.0
11259,14831,6,4,0.0
11259,14831,7,8,12.5
11259,14869,1,5,40.0
11259,14869,2,5,20.0
11259,14869,3,4,0.0
11259,14869,4,4,25.0
11259,14869,5,4,0.0
11259,14869,6,4,0.0
11259,14869,7,8,25.0
11259,14893,1,10,40.0
11259,14893,2,5,40.0
11259,14893,3,4,0.0
11259,14893,4,8,25.0
11259,14893,5,8,37.5
11259,14893,6,8,12.5
11259,14893,7,8,37.5
11259,14908,1,5,20.0
11259,14908,2,5,20.0
11259,14908,3,4,25.0
11259,14908,4,4,50.0
11259,14908,5,4,50.0
11259,14908,6,4,0.0
11259,14908,7,4,0.0
11259,15016,1,30,16.666666666666664
11259,15016,2,30,3.3333333333333335
11259,15016,3,24,4.166666666666666
11259,15016,4,24,20.833333333333336
11259,15016,5,24,29.166666666666668
11259,15016,6,16,6.25
11259,15016,7,24,12.5
11259,15304,1,15,6.666666666666667
11259,15304,2,15,6.666666666666667
11259,15304,3,12,33.33333333333333
11259,15304,4,12,16.666666666666664
11259,15304,5,12,41.66666666666667
11259,15304,6,12,0.0
11259,15304,7,12,16.666666666666664
11259,15370,1,15,13.333333333333334
11259,15370,2,15,20.0
11259,15370,3,12,8.333333333333332
11259,15370,4,12,16.666666666666664
11259,15370,5,12,25.0
11259,15370,6,8,0.0
11259,15370,7,16,25.0
11259,15624,1,5,20.0
11259,15624,2,5,0.0
11259,15624,3,4,25.0
11259,15624,4,4,0.0
11259,15624,5,4,25.0
11259,15624,6,8,12.5
11259,15624,7,8,0.0
11267,10397,1,21,4.761904761904762
11267,10397,2,21,9.523809523809524
11267,10397,3,16,12.5
11267,10397,4,18,11.11111111111111
11267,10397,5,18,5.555555555555555
11267,10397,6,15,13.333333333333334
11267,10397,7,18,0.0
11267,11057,1,20,15.0
11267,11057,2,20,5.0
11267,11057,3,16,6.25
11267,11057,4,16,18.75
11267,11057,5,16,12.5
11267,11057,6,16,6.25
11267,11057,7,16,12.5
11267,11278,1,15,13.333333333333334
11267,11278,2,15,20.0
11267,11278,3,12,33.33333333333333
11267,11278,4,12,16.666666666666664
11267,11278,5,12,16.666666666666664
11267,11278,6,8,0.0
11267,11278,7,12,33.33333333333333
11267,11292,1,5,0.0
11267,11292,2,5,0.0
11267,11292,3,4,0.0
11267,11292,4,4,0.0
11267,11292,5,4,25.0
11267,11292,6,4,0.0
11267,11292,7,4,0.0
11267,11298,1,20,20.0
11267,11298,2,19,15.789473684210526
11267,11298,3,16,18.75
11267,11298,4,16,31.25
11267,11298,5,16,18.75
11267,11298,6,16,25.0
11267,11298,7,16,18.75
11267,12953,1,1,0.0
11267,12953,2,1,0.0
11267,13930,1,21,4.761904761904762
11267,13930,2,17,5.88235294117647
11267,13930,3,14,14.285714285714285
11267,13930,4,16,25.0
11267,13930,5,17,5.88235294117647
11267,13930,6,13,9.090909090909092
11267,13930,7,18,16.666666666666664
11267,14100,1,5,0.0
11267,14100,2,5,20.0
11267,14100,3,4,25.0
11267,14100,4,4,0.0
11267,14100,5,4,25.0
11267,14100,6,4,0.0
11267,14100,7,4,0.0
11267,14112,1,5,40.0
11267,14112,5,4,25.0
11278,10154,1,7,28.57142857142857
11278,10154,2,7,42.857142857142854
11278,10154,3,4,50.0
11278,10154,4,4,0.0
11278,10154,5,4,75.0
11278,10154,6,4,25.0
11278,10154,7,4,50.0
11278,10208,1,5,20.0
11278,10208,2,5,40.0
11278,10208,3,4,50.0
11278,10208,4,4,50.0
11278,10208,5,4,0.0
11278,10208,6,4,0.0
11278,10208,7,4,50.0
11278,10257,1,16,12.5
11278,10257,2,16,31.25
11278,10257,3,12,33.33333333333333
11278,10257,4,12,27.27272727272727
11278,10257,5,12,0.0
11278,10257,6,8,12.5
11278,10257,7,8,12.5
11278,10397,1,104,9.615384615384617
11278,10397,2,104,10.576923076923077
11278,10397,3,80,17.5
11278,10397,4,84,24.096385542168676
11278,10397,5,83,16.867469879518072
11278,10397,6,60,13.333333333333334
11278,10397,7,79,15.18987341772152
11278,10423,1,5,20.0
11278,10423,2,5,80.0
11278,10423,3,4,50.0
11278,10423,4,4,75.0
11278,10423,5,4,75.0
11278,10423,6,4,75.0
11278,10423,7,4,25.0
11278,10431,1,10,10.0
11278,10431,2,10,10.0
11278,10431,3,8,25.0
11278,10431,4,8,25.0
11278,10431,5,8,37.5
11278,10431,6,8,37.5
11278,10431,7,8,0.0
11278,10529,1,22,13.636363636363635
11278,10529,2,22,31.818181818181817
11278,10529,3,16,64.28571428571429
11278,10529,4,16,40.0
11278,10529,5,16,25.0
11278,10529,6,12,25.0
11278,10529,7,16,43.75
11278,10581,1,15,7.6923076923076925
11278,10581,2,14,14.285714285714285
11278,10581,3,12,41.66666666666667
11278,10581,4,12,50.0
11278,10581,5,12,25.0
11278,10581,6,12,16.666666666666664
11278,10581,7,12,50.0
11278,10599,1,15,13.333333333333334
11278,10599,2,15,7.142857142857142
11278,10599,3,12,16.666666666666664
11278,10599,4,12,33.33333333333333
11278,10599,5,12,33.33333333333333
11278,10599,6,8,0.0
11278,10599,7,12,8.333333333333332
11278,10693,1,60,10.0
11278,10693,2,60,11.666666666666666
11278,10693,3,48,25.0
11278,10693,4,47,25.53191489361702
11278,10693,5,45,17.77777777777778
11278,10693,6,32,9.375
11278,10693,7,46,13.043478260869565
11278,10721,1,139,36.69064748201439
11278,10721,2,135,31.851851851851855
11278,10721,3,107,43.689320388349515
11278,10721,4,112,57.692307692307686
11278,10721,5,112,33.92857142857143
11278,10721,6,60,12.280701754385964
11278,10721,7,96,51.041666666666664
11278,10781,1,5,0.0
11278,10781,2,5,0.0
11278,10781,3,4,25.0
11278,10781,4,4,25.0
11278,10781,5,4,25.0
11278,10781,7,4,0.0
11278,10785,1,20,10.0
11278,10785,2,20,35.0
11278,10785,3,16,25.0
11278,10785,4,16,33.33333333333333
11278,10785,5,16,6.25
11278,10785,6,12,8.333333333333332
11278,10785,7,16,25.0
11278,10792,1,20,0.0
11278,10792,2,20,20.0
11278,10792,3,16,25.0
11278,10792,4,16,31.25
11278,10792,5,16,18.75
11278,10792,6,12,25.0
11278,10792,7,16,18.75
11278,10868,1,19,21.052631578947366
11278,10868,2,19,21.052631578947366
11278,10868,3,16,31.25
11278,10868,4,16,6.666666666666667
11278,10868,5,16,12.5
11278,10868,6,8,50.0
11278,10868,7,16,18.75
11278,10874,1,5,20.0
11278,10874,2,5,40.0
11278,10874,3,4,25.0
11278,10874,4,4,50.0
11278,10874,5,4,75.0
11278,10874,6,4,25.0
11278,10874,7,4,0.0
11278,10980,1,5,0.0
11278,10980,2,5,0.0
11278,10980,3,4,25.0
11278,10980,4,4,25.0
11278,10980,5,4,25.0
11278,10980,7,4,25.0
11278,10994,1,25,32.0
11278,10994,2,25,12.0
11278,10994,3,19,36.84210526315789
11278,10994,4,20,40.0
11278,10994,5,20,25.0
11278,10994,6,16,25.0
11278,10994,7,20,35.0
11278,11003,1,5,20.0
11278,11003,2,5,20.0
11278,11003,3,4,25.0
11278,11003,4,4,25.0
11278,11003,5,4,0.0
11278,11003,6,4,0.0
11278,11003,7,4,0.0
11278,11042,1,25,8.0
11278,11042,2,25,20.833333333333336
11278,11042,3,20,30.0
11278,11042,4,19,22.22222222222222
11278,11042,5,20,5.0
11278,11042,6,12,9.090909090909092
11278,11042,7,16,25.0
11278,11057,1,39,10.256410256410255
11278,11057,2,40,12.82051282051282
11278,11057,3,32,45.16129032258064
11278,11057,4,32,28.125
11278,11057,5,32,9.375
11278,11057,6,32,12.903225806451612
11278,11057,7,32,29.03225806451613
11278,11066,1,30,6.666666666666667
11278,11066,2,30,3.4482758620689653
11278,11066,3,23,26.08695652173913
11278,11066,4,24,16.666666666666664
11278,11066,5,24,8.333333333333332
11278,11066,6,16,13.333333333333334
11278,11066,7,24,8.333333333333332
11278,11146,1,5,40.0
11278,11146,2,5,0.0
11278,11146,3,4,25.0
11278,11146,4,4,0.0
11278,11146,5,4,0.0
11278,11146,6,4,0.0
11278,11146,7,4,0.0
11278,11193,1,15,13.333333333333334
11278,11193,2,15,20.0
11278,11193,3,12,33.33333333333333
11278,11193,4,12,33.33333333333333
11278,11193,5,12,41.66666666666667
11278,11193,6,4,25.0
11278,11193,7,12,8.333333333333332
11278,11259,1,25,12.0
11278,11259,2,25,8.0
11278,11259,3,20,25.0
11278,11259,4,20,30.0
11278,11259,5,20,25.0
11278,11259,6,12,16.666666666666664
11278,11259,7,20,45.0
11278,11267,1,15,6.666666666666667
11278,11267,2,15,6.666666666666667
11278,11267,3,12,50.0
11278,11267,4,12,16.666666666666664
11278,11267,5,12,25.0
11278,11267,6,8,0.0
11278,11267,7,12,25.0
11278,11292,1,19,26.31578947368421
11278,11292,2,15,33.33333333333333
11278,11292,3,12,16.666666666666664
11278,11292,4,16,37.5
11278,11292,5,16,18.75
11278,11292,6,16,18.75
11278,11292,7,16,12.5
11278,11298,1,45,27.27272727272727
11278,11298,2,45,13.333333333333334
11278,11298,3,36,50.0
11278,11298,4,36,25.0
11278,11298,5,36,21.21212121212121
11278,11298,6,36,12.121212121212121
11278,11298,7,36,13.88888888888889
11278,11423,1,10,10.0
11278,11423,2,10,10.0
11278,11423,3,8,25.0
11278,11423,4,8,28.57142857142857
11278,11423,5,8,25.0
11278,11423,6,8,50.0
11278,11423,7,8,25.0
11278,11433,1,44,9.090909090909092
11278,11433,2,42,9.523809523809524
11278,11433,3,34,14.705882352941178
11278,11433,4,36,19.444444444444446
11278,11433,5,36,13.88888888888889
11278,11433,6,24,4.166666666666666
11278,11433,7,31,16.129032258064516
11278,11481,1,5,20.0
11278,11481,2,5,40.0
11278,11481,3,4,50.0
11278,11481,4,4,25.0
11278,11481,5,4,25.0
11278,11481,6,4,0.0
11278,11481,7,4,25.0
11278,11618,1,2,0.0
11278,11618,2,2,0.0
11278,11618,4,1,0.0
11278,11618,5,2,0.0
11278,11618,6,1,0.0
11278,11624,1,5,20.0
11278,11624,2,5,20.0
11278,11624,3,4,25.0
11278,11624,4,4,50.0
11278,11624,5,4,25.0
11278,11624,6,8,28.57142857142857
11278,11624,7,4,0.0
11278,11697,1,26,30.76923076923077
11278,11697,2,22,22.727272727272727
11278,11697,3,17,23.52941176470588
11278,11697,4,20,30.0
11278,11697,5,20,20.0
11278,11697,6,20,15.0
11278,11697,7,20,30.0
11278,11977,4,1,0.0
11278,11977,5,1,0.0
11278,11986,1,10,20.0
11278,11986,2,10,10.0
11278,11986,3,8,37.5
11278,11986,4,8,25.0
11278,11986,5,8,37.5
11278,11986,6,8,14.285714285714285
11278,11986,7,8,12.5
11278,11995,1,14,7.142857142857142
11278,11995,2,14,14.285714285714285
11278,11995,3,12,41.66666666666667
11278,11995,4,12,25.0
11278,11995,5,12,8.333333333333332
11278,11995,6,4,0.0
11278,11995,7,12,0.0
11278,11996,1,15,13.333333333333334
11278,11996,2,15,13.333333333333334
11278,11996,3,12,16.666666666666664
11278,11996,4,12,50.0
11278,11996,5,12,33.33333333333333
11278,11996,6,12,18.181818181818183
11278,11996,7,12,41.66666666666667
11278,12124,1,5,0.0
11278,12124,2,5,0.0
11278,12124,3,4,25.0
11278,12124,4,4,25.0
11278,12124,5,4,25.0
11278,12124,6,8,0.0
11278,12124,7,4,0.0
11278,12191,1,15,20.0
11278,12191,2,15,13.333333333333334
11278,12191,3,12,25.0
11278,12191,4,12,8.333333333333332
11278,12191,5,12,16.666666666666664
11278,12191,6,8,12.5
11278,12191,7,12,16.666666666666664
11278,12197,1,20,15.0
11278,12197,2,20,25.0
11278,12197,3,16,37.5
11278,12197,4,16,28.57142857142857
11278,12197,5,16,25.0
11278,12197,6,8,12.5
11278,12197,7,16,25.0
11278,12217,1,20,15.0
11278,12217,2,20,16.666666666666664
11278,12217,3,16,56.25
11278,12217,4,16,18.75
11278,12217,5,16,25.0
11278,12217,6,8,12.5
11278,12217,7,16,12.5
11278,12250,1,1,0.0
11278,12250,2,1,0.0
11278,12266,1,47,10.638297872340425
11278,12266,2,47,6.382978723404255
11278,12266,3,40,25.0
11278,12266,4,40,17.5
11278,12266,5,39,12.82051282051282
11278,12266,6,24,12.5
11278,12266,7,35,14.285714285714285
11278,12278,1,5,0.0
11278,12278,2,5,40.0
11278,12278,3,4,25.0
11278,12278,4,4,0.0
11278,12278,5,4,25.0
11278,12278,7,4,0.0
11278,12323,1,15,6.666666666666667
11278,12323,2,15,13.333333333333334
11278,12323,3,12,16.666666666666664
11278,12323,4,12,18.181818181818183
11278,12323,5,12,25.0
11278,12323,6,12,8.333333333333332
11278,12323,7,12,16.666666666666664
11278,12339,1,30,10.0
11278,12339,2,30,13.333333333333334
11278,12339,3,25,37.5
11278,12339,4,24,16.666666666666664
11278,12339,5,24,16.666666666666664
11278,12339,6,16,12.5
11278,12339,7,24,25.0
11278,12448,1,5,40.0
11278,12448,2,5,20.0
11278,12448,3,4,50.0
11278,12448,4,4,25.0
11278,12448,5,4,25.0
11278,12448,7,4,50.0
11278,12451,1,20,35.0
11278,12451,2,20,20.0
11278,12451,3,16,43.75
11278,12451,4,16,25.0
11278,12451,5,16,18.75
11278,12451,6,12,8.333333333333332
11278,12451,7,16,43.75
11278,12478,1,43,6.976744186046512
11278,12478,2,43,11.627906976744185
11278,12478,3,36,16.666666666666664
11278,12478,4,36,32.35294117647059
11278,12478,5,36,16.666666666666664
11278,12478,6,32,6.896551724137931
11278,12478,7,36,20.0
11278,12884,1,5,0.0
11278,12884,2,5,40.0
11278,12884,3,4,25.0
11278,12884,4,4,25.0
11278,12884,5,4,50.0
11278,12884,7,4,0.0
11278,12889,1,10,30.0
11278,12889,2,10,30.0
11278,12889,3,8,50.0
11278,12889,4,8,37.5
11278,12889,5,8,37.5
11278,12889,6,8,12.5
11278,12889,7,8,37.5
11278,12892,1,20,10.0
11278,12892,2,20,35.0
11278,12892,3,16,31.25
11278,12892,4,16,18.75
11278,12892,5,16,25.0
11278,12892,6,16,37.5
11278,12892,7,16,43.75
11278,12945,1,5,40.0
11278,12945,2,5,20.0
11278,12945,3,4,25.0
11278,12945,4,4,50.0
11278,12945,5,4,0.0
11278,12945,7,4,0.0
11278,12953,1,71,19.718309859154928
11278,12953,2,70,14.285714285714285
11278,12953,3,56,32.142857142857146
11278,12953,4,56,35.294117647058826
11278,12953,5,56,7.142857142857142
11278,12953,6,28,11.538461538461538
11278,12953,7,48,33.33333333333333
11278,12992,1,5,40.0
11278,12992,2,5,40.0
11278,12992,3,4,75.0
11278,12992,4,4,50.0
11278,12992,5,4,0.0
11278,12992,6,4,0.0
11278,12992,7,4,25.0
11278,13198,1,29,13.793103448275861
11278,13198,2,29,6.896551724137931
11278,13198,3,24,29.166666666666668
11278,13198,4,24,16.666666666666664
11278,13198,5,24,29.166666666666668
11278,13198,6,8,0.0
11278,13198,7,20,10.0
11278,13204,1,61,14.754098360655737
11278,13204,2,61,21.311475409836063
11278,13204,3,47,27.659574468085108
11278,13204,4,48,25.0
11278,13204,5,48,27.083333333333332
11278,13204,6,45,15.555555555555555
11278,13204,7,48,22.916666666666664
11278,13232,1,30,13.333333333333334
11278,13232,2,30,6.666666666666667
11278,13232,3,24,20.833333333333336
11278,13232,4,24,16.666666666666664
11278,13232,5,24,8.333333333333332
11278,13232,6,20,5.0
11278,13232,7,24,12.5
11278,13244,1,20,5.0
11278,13244,2,20,15.0
11278,13244,3,16,31.25
11278,13244,4,16,31.25
11278,13244,5,15,13.333333333333334
11278,13244,6,12,33.33333333333333
11278,13244,7,16,0.0
11278,13277,1,5,40.0
11278,13277,2,5,20.0
11278,13277,3,4,25.0
11278,13277,4,4,25.0
11278,13277,5,4,0.0
11278,13277,7,4,25.0
11278,13296,1,16,12.5
11278,13296,2,16,18.75
11278,13296,3,12,50.0
11278,13296,4,12,40.0
11278,13296,5,12,25.0
11278,13296,6,8,14.285714285714285
11278,13296,7,12,8.333333333333332
11278,13303,1,55,26.41509433962264
11278,13303,2,55,29.09090909090909
11278,13303,3,44,45.45454545454545
11278,13303,4,44,31.818181818181817
11278,13303,5,44,34.090909090909086
11278,13303,6,40,27.500000000000004
11278,13303,7,44,29.545454545454547
11278,13342,1,20,0.0
11278,13342,2,20,5.263157894736842
11278,13342,3,16,37.5
11278,13342,4,16,31.25
11278,13342,5,16,18.75
11278,13342,6,8,25.0
11278,13342,7,16,12.5
11278,13485,1,15,6.666666666666667
11278,13485,2,15,13.333333333333334
11278,13485,3,12,33.33333333333333
11278,13485,4,12,33.33333333333333
11278,13485,5,12,25.0
11278,13485,6,4,0.0
11278,13485,7,12,25.0
11278,13487,1,39,0.0
11278,13487,2,39,7.6923076923076925
11278,13487,3,28,28.57142857142857
11278,13487,4,32,21.875
11278,13487,5,32,12.5
11278,13487,6,24,4.166666666666666
11278,13487,7,24,16.666666666666664
11278,13495,1,25,12.0
11278,13495,2,25,24.0
11278,13495,3,20,25.0
11278,13495,4,20,25.0
11278,13495,5,20,25.0
11278,13495,6,12,8.333333333333332
11278,13495,7,20,15.0
11278,13541,1,4,0.0
11278,13541,2,4,0.0
11278,13541,5,4,0.0
11278,13541,7,4,25.0
11278,13577,1,10,0.0
11278,13577,2,10,0.0
11278,13577,3,8,50.0
11278,13577,4,8,37.5
11278,13577,5,8,12.5
11278,13577,6,8,12.5
11278,13577,7,8,12.5
11278,13851,1,10,20.0
11278,13851,2,10,20.0
11278,13851,3,8,37.5
11278,13851,4,8,37.5
11278,13851,5,8,37.5
11278,13851,6,4,0.0
11278,13851,7,8,12.5
11278,13871,1,10,20.0
11278,13871,2,10,20.0
11278,13871,3,8,25.0
11278,13871,4,8,37.5
11278,13871,5,8,12.5
11278,13871,7,8,12.5
11278,13930,1,100,11.0
11278,13930,2,100,19.0
11278,13930,3,81,38.2716049382716
11278,13930,4,80,26.582278481012654
11278,13930,5,80,27.848101265822784
11278,13930,6,56,23.214285714285715
11278,13930,7,80,23.75
11278,13931,1,15,20.0
11278,13931,2,15,21.428571428571427
11278,13931,3,12,25.0
11278,13931,4,12,36.36363636363637
11278,13931,5,12,25.0
11278,13931,6,12,36.36363636363637
11278,13931,7,12,25.0
11278,14027,1,16,43.75
11278,14027,2,16,12.5
11278,14027,3,12,41.66666666666667
11278,14027,4,12,41.66666666666667
11278,14027,5,16,18.75
11278,14027,6,8,12.5
11278,14027,7,16,25.0
11278,14057,1,5,20.0
11278,14057,2,5,20.0
11278,14057,3,4,0.0
11278,14057,4,4,75.0
11278,14057,5,4,25.0
11278,14057,6,4,25.0
11278,14057,7,4,50.0
11278,14100,1,14,14.285714285714285
11278,14100,2,14,14.285714285714285
11278,14100,3,12,33.33333333333333
11278,14100,4,12,36.36363636363637
11278,14100,5,12,0.0
11278,14100,6,12,8.333333333333332
11278,14100,7,12,8.333333333333332
11278,14107,1,15,26.666666666666668
11278,14107,2,15,6.666666666666667
11278,14107,3,12,16.666666666666664
11278,14107,4,12,16.666666666666664
11278,14107,5,12,16.666666666666664
11278,14107,6,12,27.27272727272727
11278,14107,7,12,25.0
11278,14122,1,21,14.285714285714285
11278,14122,2,21,9.523809523809524
11278,14122,3,16,6.25
11278,14122,4,16,12.5
11278,14122,5,16,6.25
11278,14122,6,12,8.333333333333332
11278,14122,7,16,12.5
11278,14193,1,15,13.333333333333334
11278,14193,2,15,6.666666666666667
11278,14193,3,12,41.66666666666667
11278,14193,4,12,25.0
11278,14193,5,12,25.0
11278,14193,6,12,18.181818181818183
11278,14193,7,12,25.0
11278,14307,1,39,15.384615384615385
11278,14307,2,39,10.256410256410255
11278,14307,3,32,34.375
11278,14307,4,32,22.58064516129032
11278,14307,5,32,12.5
11278,14307,6,20,25.0
11278,14307,7,28,14.285714285714285
11278,14321,1,20,20.0
11278,14321,2,20,25.0
11278,14321,3,16,37.5
11278,14321,4,16,31.25
11278,14321,5,16,18.75
11278,14321,6,12,16.666666666666664
11278,14321,7,16,43.75
11278,14492,1,30,30.0
11278,14492,2,30,26.666666666666668
11278,14492,3,24,30.434782608695656
11278,14492,4,24,45.83333333333333
11278,14492,5,24,16.666666666666664
11278,14492,6,16,25.0
11278,14492,7,24,41.66666666666667
11278,14576,1,15,13.333333333333334
11278,14576,2,15,13.333333333333334
11278,14576,3,12,33.33333333333333
11278,14576,4,12,41.66666666666667
11278,14576,5,12,16.666666666666664
11278,14576,6,8,12.5
11278,14576,7,12,16.666666666666664
11278,14635,1,5,40.0
11278,14635,2,5,20.0
11278,14635,3,4,50.0
11278,14635,4,4,25.0
11278,14635,5,4,50.0
11278,14635,6,4,25.0
11278,14635,7,4,75.0
11278,14679,1,5,40.0
11278,14679,2,5,20.0
11278,14679,3,4,25.0
11278,14679,4,4,50.0
11278,14679,5,4,66.66666666666666
11278,14679,6,4,75.0
11278,14679,7,4,25.0
11278,14683,1,5,40.0
11278,14683,2,5,20.0
11278,14683,3,4,50.0
11278,14683,4,4,75.0
11278,14683,5,4,25.0
11278,14683,6,4,25.0
11278,14683,7,4,50.0
11278,14685,1,15,26.666666666666668
11278,14685,2,15,42.857142857142854
11278,14685,3,12,41.66666666666667
11278,14685,4,12,25.0
11278,14685,5,12,50.0
11278,14685,6,12,9.090909090909092
11278,14685,7,12,33.33333333333333
11278,14696,5,2,50.0
11278,14696,6,1,0.0
11278,14696,7,2,0.0
11278,14730,1,15,0.0
11278,14730,2,15,26.666666666666668
11278,14730,3,12,50.0
11278,14730,4,12,33.33333333333333
11278,14730,5,12,8.333333333333332
11278,14730,6,12,16.666666666666664
11278,14730,7,12,8.333333333333332
11278,14747,1,15,13.333333333333334
11278,14747,2,15,13.333333333333334
11278,14747,3,12,25.0
11278,14747,4,12,33.33333333333333
11278,14747,5,12,8.333333333333332
11278,14747,6,12,8.333333333333332
11278,14747,7,12,16.666666666666664
11278,14771,1,15,0.0
11278,14771,2,15,13.333333333333334
11278,14771,3,12,41.66666666666667
11278,14771,4,12,25.0
11278,14771,5,12,25.0
11278,14771,6,12,0.0
11278,14771,7,12,8.333333333333332
11278,14843,1,5,20.0
11278,14843,2,5,20.0
11278,14843,3,4,25.0
11278,14843,4,4,25.0
11278,14843,5,4,75.0
11278,14843,6,4,0.0
11278,14843,7,4,25.0
11278,14869,1,5,0.0
11278,14869,2,5,20.0
11278,14869,3,4,25.0
11278,14869,4,4,75.0
11278,14869,5,4,0.0
11278,14869,6,4,25.0
11278,14869,7,4,25.0
11278,14986,1,5,20.0
11278,14986,2,5,60.0
11278,14986,3,4,50.0
11278,14986,4,4,25.0
11278,14986,5,4,0.0
11278,14986,6,4,0.0
11278,14986,7,4,25.0
11278,15016,1,39,7.6923076923076925
11278,15016,2,39,7.6923076923076925
11278,15016,3,31,26.666666666666668
11278,15016,4,32,25.0
11278,15016,5,31,16.129032258064516
11278,15016,6,16,12.5
11278,15016,7,28,40.74074074074074
11278,15096,1,15,26.666666666666668
11278,15096,2,15,20.0
11278,15096,3,12,25.0
11278,15096,4,12,18.181818181818183
11278,15096,5,12,33.33333333333333
11278,15096,6,8,12.5
11278,15096,7,12,25.0
11278,15249,1,5,40.0
11278,15249,2,5,20.0
11278,15249,3,4,100.0
11278,15249,4,4,50.0
11278,15249,5,4,0.0
11278,15249,6,4,0.0
11278,15249,7,4,50.0
11278,15304,1,30,26.666666666666668
11278,15304,2,30,16.666666666666664
11278,15304,3,24,33.33333333333333
11278,15304,4,24,29.166666666666668
11278,15304,5,24,33.33333333333333
11278,15304,6,16,18.75
11278,15304,7,24,29.166666666666668
11278,15370,1,5,0.0
11278,15370,2,5,0.0
11278,15370,3,4,25.0
11278,15370,4,4,0.0
11278,15370,5,4,50.0
11278,15370,6,4,0.0
11278,15370,7,4,25.0
11278,15380,1,5,0.0
11278,15380,2,5,20.0
11278,15380,3,4,25.0
11278,15380,4,4,0.0
11278,15380,5,4,25.0
11278,15380,6,4,0.0
11278,15380,7,4,0.0
11278,15412,1,15,20.0
11278,15412,2,15,13.333333333333334
11278,15412,3,12,41.66666666666667
11278,15412,4,12,25.0
11278,15412,5,12,8.333333333333332
11278,15412,6,8,0.0
11278,15412,7,12,16.666666666666664
11278,15624,1,5,0.0
11278,15624,2,4,25.0
11278,15624,3,4,25.0
11278,15624,4,4,25.0
11278,15624,5,4,25.0
11278,15624,6,4,0.0
11278,15624,7,4,0.0
11278,15919,1,5,40.0
11278,15919,2,5,25.0
11278,15919,3,4,25.0
11278,15919,4,4,25.0
11278,15919,5,5,0.0
11278,15919,6,4,0.0
11278,15919,7,5,20.0
11283,11292,1,10,20.0
11283,11292,2,5,0.0
11283,11292,3,8,12.5
11283,11292,4,8,12.5
11283,11292,5,8,25.0
11283,11292,6,4,50.0
11283,11292,7,8,25.0
11288,13930,1,10,0.0
11288,13930,2,5,0.0
11288,13930,3,8,37.5
11288,13930,4,8,62.5
11288,13930,5,8,25.0
11288,13930,6,4,25.0
11288,13930,7,8,12.5
11292,10135,4,4,25.0
11292,10135,7,4,0.0
11292,10140,1,45,20.0
11292,10140,2,40,17.5
11292,10140,3,32,9.375
11292,10140,4,36,36.11111111111111
11292,10140,5,36,36.11111111111111
11292,10140,6,32,15.625
11292,10140,7,36,19.444444444444446
11292,10157,1,5,20.0
11292,10157,2,5,20.0
11292,10157,3,4,0.0
11292,10157,4,4,0.0
11292,10157,5,4,0.0
11292,10157,6,4,0.0
11292,10157,7,4,0.0
11292,10257,1,5,80.0
11292,10257,2,5,40.0
11292,10257,3,4,75.0
11292,10257,4,4,50.0
11292,10257,5,4,25.0
11292,10257,6,4,50.0
11292,10257,7,4,25.0
11292,10279,1,10,40.0
11292,10279,2,10,40.0
11292,10279,3,8,25.0
11292,10279,4,8,25.0
11292,10279,5,8,12.5
11292,10279,6,4,0.0
11292,10279,7,8,0.0
11292,10299,1,7,14.285714285714285
11292,10299,2,7,14.285714285714285
11292,10299,3,6,0.0
11292,10299,4,6,0.0
11292,10299,5,6,0.0
11292,10299,6,6,0.0
11292,10299,7,6,0.0
11292,10372,1,39,25.64102564102564
11292,10372,2,35,28.57142857142857
11292,10372,3,28,3.571428571428571
11292,10372,4,31,22.58064516129032
11292,10372,5,31,19.35483870967742
11292,10372,6,31,9.67741935483871
11292,10372,7,31,22.58064516129032
11292,10397,1,78,17.94871794871795
11292,10397,2,74,14.864864864864865
11292,10397,3,57,12.280701754385964
11292,10397,4,59,27.11864406779661
11292,10397,5,63,9.523809523809524
11292,10397,6,55,12.727272727272727
11292,10397,7,64,10.9375
11292,10408,1,5,20.0
11292,10408,2,5,60.0
11292,10408,3,4,25.0
11292,10408,4,8,62.5
11292,10408,5,4,25.0
11292,10408,6,4,50.0
11292,10408,7,8,25.0
11292,10409,1,5,0.0
11292,10409,2,5,40.0
11292,10409,3,4,50.0
11292,10409,4,4,0.0
11292,10409,5,4,25.0
11292,10409,6,4,25.0
11292,10409,7,4,0.0
11292,10423,1,75,28.000000000000004
11292,10423,2,55,16.363636363636363
11292,10423,3,48,14.583333333333334
11292,10423,4,56,26.785714285714285
11292,10423,5,60,23.333333333333332
11292,10423,6,32,18.75
11292,10423,7,52,25.0
11292,10431,1,10,20.0
11292,10431,2,5,0.0
11292,10431,3,4,0.0
11292,10431,4,4,25.0
11292,10431,5,8,12.5
11292,10431,6,4,0.0
11292,10431,7,4,25.0
11292,10529,1,15,46.666666666666664
11292,10529,2,15,26.666666666666668
11292,10529,3,12,25.0
11292,10529,4,12,58.333333333333336
11292,10529,5,12,8.333333333333332
11292,10529,6,12,45.45454545454545
11292,10529,7,12,33.33333333333333
11292,10558,1,10,20.0
11292,10558,2,5,0.0
11292,10558,3,4,0.0
11292,10558,4,8,25.0
11292,10558,5,8,0.0
11292,10558,6,8,0.0
11292,10558,7,8,0.0
11292,10561,1,10,40.0
11292,10561,2,10,20.0
11292,10561,3,8,12.5
11292,10561,4,8,37.5
11292,10561,5,8,12.5
11292,10561,6,8,0.0
11292,10561,7,8,0.0
11292,10599,1,15,26.666666666666668
11292,10599,2,15,33.33333333333333
11292,10599,3,12,8.333333333333332
11292,10599,4,12,33.33333333333333
11292,10599,5,11,27.27272727272727
11292,10599,6,12,50.0
11292,10599,7,12,0.0
11292,10620,1,29,27.586206896551722
11292,10620,2,25,24.0
11292,10620,3,24,0.0
11292,10620,4,23,21.73913043478261
11292,10620,5,23,13.043478260869565
11292,10620,6,20,15.0
11292,10620,7,23,4.3478260869565215
11292,10627,1,24,41.66666666666667
11292,10627,2,24,16.666666666666664
11292,10627,3,20,5.0
11292,10627,4,19,31.57894736842105
11292,10627,5,19,15.789473684210526
11292,10627,6,12,25.0
11292,10627,7,19,10.526315789473683
11292,10693,1,59,22.033898305084744
11292,10693,2,44,34.090909090909086
11292,10693,3,40,20.0
11292,10693,4,44,22.727272727272727
11292,10693,5,48,12.5
11292,10693,6,32,12.5
11292,10693,7,48,31.25
11292,10713,1,40,22.5
11292,10713,2,40,12.5
11292,10713,3,32,6.25
11292,10713,4,36,25.0
11292,10713,5,34,23.52941176470588
11292,10713,6,32,18.75
11292,10713,7,36,11.11111111111111
11292,10721,1,61,50.81967213114754
11292,10721,2,52,59.61538461538461
11292,10721,3,44,56.81818181818182
11292,10721,4,48,63.04347826086957
11292,10721,5,48,37.5
11292,10721,6,32,15.625
11292,10721,7,48,45.83333333333333
11292,10779,1,5,20.0
11292,10779,2,5,20.0
11292,10779,3,4,0.0
11292,10779,4,4,25.0
11292,10779,5,4,25.0
11292,10779,6,4,0.0
11292,10779,7,4,0.0
11292,10785,1,5,20.0
11292,10785,2,5,20.0
11292,10785,3,4,0.0
11292,10785,4,4,25.0
11292,10785,5,4,25.0
11292,10785,6,4,0.0
11292,10785,7,4,25.0
11292,10792,1,15,33.33333333333333
11292,10792,2,10,30.0
11292,10792,3,8,12.5
11292,10792,4,8,37.5
11292,10792,5,12,50.0
11292,10792,6,12,41.66666666666667
11292,10792,7,12,41.66666666666667
11292,10800,1,35,28.57142857142857
11292,10800,2,31,38.70967741935484
11292,10800,3,28,10.714285714285714
11292,10800,4,32,31.25
11292,10800,5,28,29.629629629629626
11292,10800,6,20,10.0
11292,10800,7,32,3.125
11292,10821,1,50,20.0
11292,10821,2,40,17.5
11292,10821,3,32,3.125
11292,10821,4,36,44.44444444444444
11292,10821,5,40,7.5
11292,10821,6,32,34.375
11292,10821,7,35,20.0
11292,10849,1,41,14.634146341463413
11292,10849,2,40,17.5
11292,10849,3,32,3.125
11292,10849,4,32,28.125
11292,10849,5,32,18.75
11292,10849,6,28,14.285714285714285
11292,10849,7,32,9.375
11292,10994,1,10,20.0
11292,10994,2,5,0.0
11292,10994,3,4,0.0
11292,10994,4,8,25.0
11292,10994,5,8,12.5
11292,10994,6,4,0.0
11292,10994,7,8,37.5
11292,11003,1,20,30.0
11292,11003,2,10,50.0
11292,11003,3,12,8.333333333333332
11292,11003,4,16,31.25
11292,11003,5,16,18.75
11292,11003,6,8,25.0
11292,11003,7,16,12.5
11292,11042,1,30,23.333333333333332
11292,11042,2,25,32.0
11292,11042,3,20,15.0
11292,11042,4,24,41.66666666666667
11292,11042,5,24,26.08695652173913
11292,11042,6,16,31.25
11292,11042,7,24,20.833333333333336
11292,11057,1,45,20.0
11292,11057,2,27,7.4074074074074066
11292,11057,3,20,15.0
11292,11057,4,35,17.142857142857142
11292,11057,5,36,8.333333333333332
11292,11057,6,28,10.714285714285714
11292,11057,7,40,15.0
11292,11066,1,29,24.137931034482758
11292,11066,2,20,35.0
11292,11066,3,16,31.25
11292,11066,4,21,42.857142857142854
11292,11066,5,24,20.833333333333336
11292,11066,6,16,18.75
11292,11066,7,20,25.0
11292,11097,1,13,23.076923076923077
11292,11097,2,15,26.666666666666668
11292,11097,3,12,8.333333333333332
11292,11097,4,11,27.27272727272727
11292,11097,5,11,18.181818181818183
11292,11097,6,14,7.142857142857142
11292,11097,7,12,16.666666666666664
11292,11109,1,75,24.0
11292,11109,2,70,22.857142857142858
11292,11109,3,60,11.666666666666666
11292,11109,4,60,35.0
11292,11109,5,60,18.333333333333332
11292,11109,6,54,20.37037037037037
11292,11109,7,64,14.0625
11292,11111,1,1,100.0
11292,11111,2,1,0.0
11292,11111,4,1,0.0
11292,11111,5,1,0.0
11292,11111,6,1,0.0
11292,11111,7,1,0.0
11292,11122,1,35,20.0
11292,11122,2,35,31.428571428571427
11292,11122,3,27,11.11111111111111
11292,11122,4,28,32.142857142857146
11292,11122,5,28,25.0
11292,11122,6,28,14.285714285714285
11292,11122,7,28,10.714285714285714
11292,11193,1,23,17.391304347826086
11292,11193,2,19,36.84210526315789
11292,11193,3,16,37.5
11292,11193,4,20,25.0
11292,11193,5,19,15.789473684210526
11292,11193,6,16,12.5
11292,11193,7,20,30.0
11292,11233,1,10,10.0
11292,11233,2,10,10.0
11292,11233,3,8,25.0
11292,11233,4,8,25.0
11292,11233,5,8,25.0
11292,11233,6,8,0.0
11292,11233,7,8,12.5
11292,11259,1,40,27.500000000000004
11292,11259,2,35,20.0
11292,11259,3,28,0.0
11292,11259,4,32,34.375
11292,11259,5,32,46.875
11292,11259,6,24,20.833333333333336
11292,11259,7,32,18.75
11292,11267,1,5,20.0
11292,11267,2,5,20.0
11292,11267,3,4,25.0
11292,11267,4,4,25.0
11292,11267,5,4,50.0
11292,11267,6,4,25.0
11292,11267,7,4,0.0
11292,11278,1,19,21.052631578947366
11292,11278,2,15,13.333333333333334
11292,11278,3,12,25.0
11292,11278,4,16,50.0
11292,11278,5,16,31.25
11292,11278,6,16,0.0
11292,11278,7,16,18.75
11292,11283,1,10,10.0
11292,11283,2,5,0.0
11292,11283,3,8,12.5
11292,11283,4,8,37.5
11292,11283,5,8,25.0
11292,11283,6,4,0.0
11292,11283,7,8,12.5
11292,11298,1,82,25.925925925925924
11292,11298,2,71,15.492957746478872
11292,11298,3,60,15.254237288135593
11292,11298,4,67,13.432835820895523
11292,11298,5,64,31.147540983606557
11292,11298,6,51,16.0
11292,11298,7,68,22.388059701492537
11292,11315,1,10,40.0
11292,11315,2,10,10.0
11292,11315,3,8,12.5
11292,11315,4,8,25.0
11292,11315,5,8,37.5
11292,11315,6,5,20.0
11292,11315,7,8,12.5
11292,11413,1,30,20.0
11292,11413,2,30,6.666666666666667
11292,11413,3,24,12.5
11292,11413,4,24,16.666666666666664
11292,11413,5,24,16.666666666666664
11292,11413,6,24,12.5
11292,11413,7,24,4.166666666666666
11292,11423,1,40,15.0
11292,11423,2,35,20.0
11292,11423,3,28,0.0
11292,11423,4,32,31.25
11292,11423,5,32,12.5
11292,11423,6,24,8.333333333333332
11292,11423,7,32,18.75
11292,11433,1,44,29.545454545454547
11292,11433,2,39,20.51282051282051
11292,11433,3,32,6.25
11292,11433,4,36,36.11111111111111
11292,11433,5,35,20.0
11292,11433,6,35,5.714285714285714
11292,11433,7,35,14.285714285714285
11292,11447,1,10,0.0
11292,11447,2,5,0.0
11292,11447,3,8,0.0
11292,11447,4,8,12.5
11292,11447,5,8,12.5
11292,11447,6,4,0.0
11292,11447,7,8,0.0
11292,11468,1,10,20.0
11292,11468,2,5,20.0
11292,11468,3,4,0.0
11292,11468,4,8,25.0
11292,11468,5,8,12.5
11292,11468,6,8,0.0
11292,11468,7,8,0.0
11292,11481,6,8,12.5
11292,11503,1,15,20.0
11292,11503,2,15,13.333333333333334
11292,11503,3,12,8.333333333333332
11292,11503,4,12,16.666666666666664
11292,11503,5,12,16.666666666666664
11292,11503,6,12,16.666666666666664
11292,11503,7,12,0.0
11292,11540,1,25,24.0
11292,11540,2,20,15.0
11292,11540,3,20,5.0
11292,11540,4,20,35.0
11292,11540,5,20,35.0
11292,11540,6,16,6.25
11292,11540,7,20,15.0
11292,11603,1,20,25.0
11292,11603,2,20,25.0
11292,11603,3,16,12.5
11292,11603,4,16,0.0
11292,11603,5,16,18.75
11292,11603,6,12,8.333333333333332
11292,11603,7,16,25.0
11292,11618,1,50,24.0
11292,11618,2,50,28.57142857142857
11292,11618,3,40,15.0
11292,11618,4,40,45.0
11292,11618,5,40,12.82051282051282
11292,11618,6,36,36.11111111111111
11292,11618,7,40,23.076923076923077
11292,11630,1,4,0.0
11292,11630,2,4,0.0
11292,11630,3,4,0.0
11292,11630,4,3,33.33333333333333
11292,11630,5,3,0.0
11292,11630,6,3,0.0
11292,11630,7,3,33.33333333333333
11292,11637,1,25,20.0
11292,11637,2,20,10.0
11292,11637,3,16,6.25
11292,11637,4,20,20.0
11292,11637,5,20,5.0
11292,11637,6,12,8.333333333333332
11292,11637,7,20,15.0
11292,11638,1,20,25.0
11292,11638,2,20,10.0
11292,11638,3,16,6.25
11292,11638,4,15,20.0
11292,11638,5,16,12.5
11292,11638,6,16,12.5
11292,11638,7,16,6.25
11292,11648,1,20,5.0
11292,11648,2,20,10.0
11292,11648,3,16,6.25
11292,11648,4,16,12.5
11292,11648,5,16,6.25
11292,11648,6,16,0.0
11292,11648,7,16,18.75
11292,11697,1,16,25.0
11292,11697,2,11,18.181818181818183
11292,11697,3,9,44.44444444444444
11292,11697,4,13,30.76923076923077
11292,11697,5,13,7.6923076923076925
11292,11697,6,13,30.76923076923077
11292,11697,7,13,15.384615384615385
11292,11711,1,5,20.0
11292,11711,2,5,0.0
11292,11711,3,4,50.0
11292,11711,4,4,0.0
11292,11711,5,4,0.0
11292,11711,6,4,25.0
11292,11711,7,4,0.0
11292,11775,1,30,20.0
11292,11775,2,25,16.0
11292,11775,3,20,15.0
11292,11775,4,20,15.0
11292,11775,5,24,16.666666666666664
11292,11775,6,16,18.75
11292,11775,7,24,8.333333333333332
11292,11865,1,10,10.0
11292,11865,2,10,0.0
11292,11865,3,8,0.0
11292,11865,4,8,12.5
11292,11865,5,8,0.0
11292,11865,6,8,0.0
11292,11865,7,8,12.5
11292,11884,1,30,20.0
11292,11884,2,25,16.0
11292,11884,3,20,0.0
11292,11884,4,28,14.285714285714285
11292,11884,5,28,25.0
11292,11884,6,24,12.5
11292,11884,7,28,3.571428571428571
11292,11921,1,30,23.333333333333332
11292,11921,2,30,20.0
11292,11921,3,24,8.333333333333332
11292,11921,4,24,12.5
11292,11921,5,24,16.666666666666664
11292,11921,6,24,16.666666666666664
11292,11921,7,24,16.666666666666664
11292,11986,1,20,35.0
11292,11986,2,15,20.0
11292,11986,3,12,0.0
11292,11986,4,16,31.25
11292,11986,5,16,18.75
11292,11986,6,16,12.5
11292,11986,7,20,25.0
11292,11995,1,5,60.0
11292,11995,2,5,60.0
11292,11995,3,4,25.0
11292,11995,4,4,50.0
11292,11995,5,4,50.0
11292,11995,6,4,50.0
11292,11995,7,4,50.0
11292,11996,1,5,0.0
11292,11996,2,5,0.0
11292,11996,3,4,0.0
11292,11996,4,4,0.0
11292,11996,5,4,0.0
11292,11996,6,4,50.0
11292,11996,7,4,25.0
11292,12003,1,10,10.0
11292,12003,2,10,10.0
11292,12003,3,8,37.5
11292,12003,4,8,50.0
11292,12003,5,8,12.5
11292,12003,6,8,0.0
11292,12003,7,8,12.5
11292,12012,1,15,13.333333333333334
11292,12012,2,15,20.0
11292,12012,3,12,16.666666666666664
11292,12012,4,12,25.0
11292,12012,5,12,16.666666666666664
11292,12012,6,12,8.333333333333332
11292,12012,7,12,8.333333333333332
11292,12094,1,20,5.0
11292,12094,2,15,20.0
11292,12094,3,12,16.666666666666664
11292,12094,4,16,18.75
11292,12094,5,16,31.25
11292,12094,6,16,18.75
11292,12094,7,16,6.25
11292,12156,1,15,20.0
11292,12156,2,15,13.333333333333334
11292,12156,3,12,0.0
11292,12156,4,12,33.33333333333333
11292,12156,5,12,33.33333333333333
11292,12156,6,12,8.333333333333332
11292,12156,7,12,16.666666666666664
11292,12173,1,6,33.33333333333333
11292,12173,2,6,50.0
11292,12173,3,4,0.0
11292,12173,4,5,0.0
11292,12173,5,5,0.0
11292,12173,6,8,14.285714285714285
11292,12173,7,5,20.0
11292,12177,1,5,60.0
11292,12177,2,5,40.0
11292,12177,3,4,50.0
11292,12177,4,4,25.0
11292,12177,5,4,0.0
11292,12177,6,4,0.0
11292,12177,7,4,25.0
11292,12191,1,35,17.142857142857142
11292,12191,2,30,16.666666666666664
11292,12191,3,24,25.0
11292,12191,4,28,14.285714285714285
11292,12191,5,28,17.857142857142858
11292,12191,6,16,12.5
11292,12191,7,28,28.57142857142857
11292,12217,1,10,0.0
11292,12217,2,10,20.0
11292,12217,3,8,0.0
11292,12217,4,8,12.5
11292,12217,5,8,12.5
11292,12217,6,8,12.5
11292,12217,7,8,25.0
11292,12255,1,10,20.0
11292,12255,2,5,0.0
11292,12255,3,8,12.5
11292,12255,4,8,25.0
11292,12255,5,8,12.5
11292,12255,6,4,25.0
11292,12255,7,8,0.0
11292,12264,1,50,26.0
11292,12264,2,50,16.0
11292,12264,3,40,12.5
11292,12264,4,40,30.0
11292,12264,5,40,15.0
11292,12264,6,36,19.444444444444446
11292,12264,7,36,27.77777777777778
11292,12266,1,65,29.230769230769234
11292,12266,2,61,16.39344262295082
11292,12266,3,48,18.75
11292,12266,4,52,11.538461538461538
11292,12266,5,52,13.461538461538462
11292,12266,6,52,9.615384615384617
11292,12266,7,52,29.411764705882355
11292,12278,1,35,34.285714285714285
11292,12278,2,35,31.428571428571427
11292,12278,3,28,10.714285714285714
11292,12278,4,27,33.33333333333333
11292,12278,5,28,14.285714285714285
11292,12278,6,24,16.666666666666664
11292,12278,7,28,17.857142857142858
11292,12280,1,29,17.24137931034483
11292,12280,2,24,12.5
11292,12280,3,23,8.695652173913043
11292,12280,4,23,21.73913043478261
11292,12280,5,23,8.695652173913043
11292,12280,6,19,15.789473684210526
11292,12280,7,23,17.391304347826086
11292,12339,1,40,22.5
11292,12339,2,25,36.0
11292,12339,3,24,16.666666666666664
11292,12339,4,32,25.0
11292,12339,5,32,25.0
11292,12339,6,24,25.0
11292,12339,7,36,25.0
11292,12441,1,25,16.0
11292,12441,2,25,16.0
11292,12441,3,19,15.789473684210526
11292,12441,4,20,10.0
11292,12441,5,20,0.0
11292,12441,6,20,5.0
11292,12441,7,20,5.0
11292,12451,1,11,27.27272727272727
11292,12451,2,11,45.45454545454545
11292,12451,3,8,12.5
11292,12451,4,9,22.22222222222222
11292,12451,5,9,33.33333333333333
11292,12451,6,9,22.22222222222222
11292,12451,7,9,22.22222222222222
11292,12478,1,21,4.761904761904762
11292,12478,2,21,10.0
11292,12478,3,16,18.75
11292,12478,4,16,18.75
11292,12478,5,16,12.5
11292,12478,6,13,7.6923076923076925
11292,12478,7,16,6.25
11292,12511,1,5,20.0
11292,12511,2,5,0.0
11292,12511,3,4,25.0
11292,12511,4,4,25.0
11292,12511,5,4,25.0
11292,12511,6,4,25.0
11292,12511,7,4,25.0
11292,12519,1,10,10.0
11292,12519,2,5,20.0
11292,12519,3,8,12.5
11292,12519,4,8,0.0
11292,12519,5,8,37.5
11292,12519,6,4,0.0
11292,12519,7,8,12.5
11292,12758,1,5,0.0
11292,12758,2,5,20.0
11292,12758,3,4,0.0
11292,12758,4,4,0.0
11292,12758,5,4,25.0
11292,12758,6,4,0.0
11292,12758,7,4,25.0
11292,12888,1,10,0.0
11292,12888,2,5,20.0
11292,12888,3,8,12.5
11292,12888,4,8,25.0
11292,12888,5,8,12.5
11292,12888,6,4,0.0
11292,12888,7,8,12.5
11292,12889,1,101,33.663366336633665
11292,12889,2,67,19.402985074626866
11292,12889,3,59,13.559322033898304
11292,12889,4,80,43.75
11292,12889,5,81,50.0
11292,12889,6,58,10.344827586206897
11292,12889,7,91,19.78021978021978
11292,12892,1,120,23.333333333333332
11292,12892,2,95,17.894736842105264
11292,12892,3,83,3.614457831325301
11292,12892,4,92,21.73913043478261
11292,12892,5,96,18.75
11292,12892,6,77,9.210526315789473
11292,12892,7,87,18.39080459770115
11292,12896,1,15,20.0
11292,12896,2,10,20.0
11292,12896,3,8,12.5
11292,12896,4,12,16.666666666666664
11292,12896,5,12,16.666666666666664
11292,12896,6,8,12.5
11292,12896,7,12,25.0
11292,12899,1,10,0.0
11292,12899,2,5,20.0
11292,12899,3,4,25.0
11292,12899,4,8,37.5
11292,12899,5,8,0.0
11292,12899,6,8,25.0
11292,12899,7,8,0.0
11292,12902,1,10,10.0
11292,12902,2,5,0.0
11292,12902,3,8,0.0
11292,12902,4,8,12.5
11292,12902,5,8,0.0
11292,12902,6,4,25.0
11292,12902,7,8,25.0
11292,12945,1,5,40.0
11292,12945,2,5,0.0
11292,12945,3,4,25.0
11292,12945,4,4,0.0
11292,12945,5,4,25.0
11292,12945,6,4,75.0
11292,12945,7,4,0.0
11292,12953,1,70,14.285714285714285
11292,12953,2,65,21.53846153846154
11292,12953,3,56,25.0
11292,12953,4,56,33.92857142857143
11292,12953,5,56,16.071428571428573
11292,12953,6,40,12.5
11292,12953,7,56,42.857142857142854
11292,12954,1,15,26.666666666666668
11292,12954,2,15,46.666666666666664
11292,12954,3,12,8.333333333333332
11292,12954,4,12,33.33333333333333
11292,12954,5,12,58.333333333333336
11292,12954,6,8,12.5
11292,12954,7,12,8.333333333333332
11292,12982,1,5,20.0
11292,12982,2,5,0.0
11292,12982,3,4,25.0
11292,12982,4,4,25.0
11292,12982,5,4,25.0
11292,12982,6,4,0.0
11292,12982,7,4,50.0
11292,12992,1,20,20.0
11292,12992,2,20,15.0
11292,12992,3,17,5.88235294117647
11292,12992,4,20,30.0
11292,12992,5,20,15.0
11292,12992,6,16,18.75
11292,12992,7,20,10.0
11292,13029,1,25,24.0
11292,13029,2,25,24.0
11292,13029,3,20,15.0
11292,13029,4,20,20.0
11292,13029,5,19,15.789473684210526
11292,13029,6,16,25.0
11292,13029,7,20,25.0
11292,13158,1,24,12.5
11292,13158,2,19,21.052631578947366
11292,13158,3,15,20.0
11292,13158,4,19,26.31578947368421
11292,13158,5,19,21.052631578947366
11292,13158,6,15,26.666666666666668
11292,13158,7,19,21.052631578947366
11292,13198,1,70,27.142857142857142
11292,13198,2,55,32.72727272727273
11292,13198,3,44,11.363636363636363
11292,13198,4,56,37.5
11292,13198,5,56,28.57142857142857
11292,13198,6,32,15.625
11292,13198,7,48,27.083333333333332
11292,13204,1,61,18.0327868852459
11292,13204,2,50,30.0
11292,13204,3,36,11.11111111111111
11292,13204,4,41,21.951219512195124
11292,13204,5,49,16.3265306122449
11292,13204,6,40,15.0
11292,13204,7,41,14.634146341463413
11292,13232,1,40,22.5
11292,13232,2,30,13.333333333333334
11292,13232,3,24,8.333333333333332
11292,13232,4,28,28.57142857142857
11292,13232,5,33,24.242424242424242
11292,13232,6,16,31.25
11292,13232,7,32,21.875
11292,13244,1,19,26.31578947368421
11292,13244,2,15,13.333333333333334
11292,13244,3,12,0.0
11292,13244,4,16,12.5
11292,13244,5,12,8.333333333333332
11292,13244,6,12,25.0
11292,13244,7,16,12.5
11292,13264,1,10,0.0
11292,13264,2,10,30.0
11292,13264,3,8,12.5
11292,13264,4,8,25.0
11292,13264,5,8,0.0
11292,13264,6,8,0.0
11292,13264,7,8,0.0
11292,13303,1,26,26.923076923076923
11292,13303,2,20,35.0
11292,13303,3,19,36.84210526315789
11292,13303,4,24,20.833333333333336
11292,13303,5,24,33.33333333333333
11292,13303,6,20,10.0
11292,13303,7,24,20.833333333333336
11292,13342,1,42,30.952380952380953
11292,13342,2,30,20.0
11292,13342,3,27,7.4074074074074066
11292,13342,4,31,29.03225806451613
11292,13342,5,36,16.666666666666664
11292,13342,6,24,16.666666666666664
11292,13342,7,35,14.285714285714285
11292,13367,1,5,40.0
11292,13367,2,5,40.0
11292,13367,3,4,25.0
11292,13367,4,4,25.0
11292,13367,5,4,75.0
11292,13367,6,4,25.0
11292,13367,7,4,25.0
11292,13433,1,23,17.391304347826086
11292,13433,2,23,21.73913043478261
11292,13433,3,19,10.526315789473683
11292,13433,4,18,11.11111111111111
11292,13433,5,18,33.33333333333333
11292,13433,6,11,9.090909090909092
11292,13433,7,18,22.22222222222222
11292,13476,1,10,30.0
11292,13476,2,10,20.0
11292,13476,3,8,12.5
11292,13476,4,8,25.0
11292,13476,5,8,12.5
11292,13476,6,8,0.0
11292,13476,7,8,12.5
11292,13485,1,20,15.0
11292,13485,2,10,20.0
11292,13485,3,12,0.0
11292,13485,4,16,25.0
11292,13485,5,16,6.25
11292,13485,6,8,25.0
11292,13485,7,15,6.666666666666667
11292,13486,1,20,15.0
11292,13486,2,16,6.25
11292,13486,3,12,8.333333333333332
11292,13486,4,12,16.666666666666664
11292,13486,5,12,16.666666666666664
11292,13486,6,12,0.0
11292,13486,7,13,7.6923076923076925
11292,13487,1,95,24.210526315789473
11292,13487,2,80,25.0
11292,13487,3,68,14.705882352941178
11292,13487,4,76,26.31578947368421
11292,13487,5,76,23.684210526315788
11292,13487,6,56,16.071428571428573
11292,13487,7,76,22.36842105263158
11292,13495,1,31,16.129032258064516
11292,13495,2,20,20.0
11292,13495,3,20,15.0
11292,13495,4,25,20.0
11292,13495,5,22,22.727272727272727
11292,13495,6,12,25.0
11292,13495,7,25,16.0
11292,13502,1,20,15.0
11292,13502,2,15,33.33333333333333
11292,13502,3,12,8.333333333333332
11292,13502,4,16,31.25
11292,13502,5,16,12.5
11292,13502,6,16,25.0
11292,13502,7,16,18.75
11292,13577,6,8,0.0
11292,13796,1,26,30.76923076923077
11292,13796,2,20,40.0
11292,13796,3,16,6.25
11292,13796,4,20,30.0
11292,13796,5,20,30.0
11292,13796,6,16,18.75
11292,13796,7,20,30.0
11292,13830,1,5,60.0
11292,13830,2,5,0.0
11292,13830,3,4,0.0
11292,13830,4,4,25.0
11292,13830,5,4,25.0
11292,13830,6,4,25.0
11292,13830,7,4,25.0
11292,13851,1,54,22.22222222222222
11292,13851,2,39,25.64102564102564
11292,13851,3,32,6.25
11292,13851,4,40,37.5
11292,13851,5,44,20.454545454545457
11292,13851,6,32,15.625
11292,13851,7,39,30.76923076923077
11292,13871,1,50,26.0
11292,13871,2,45,24.444444444444443
11292,13871,3,36,8.333333333333332
11292,13871,4,40,30.0
11292,13871,5,41,14.634146341463413
11292,13871,6,28,14.285714285714285
11292,13871,7,44,15.909090909090908
11292,13891,1,45,28.888888888888886
11292,13891,2,31,29.03225806451613
11292,13891,3,28,14.285714285714285
11292,13891,4,36,27.77777777777778
11292,13891,5,36,30.555555555555557
11292,13891,6,24,8.333333333333332
11292,13891,7,36,22.22222222222222
11292,13930,1,104,25.961538461538463
11292,13930,2,100,28.000000000000004
11292,13930,3,78,11.538461538461538
11292,13930,4,83,21.686746987951807
11292,13930,5,84,17.857142857142858
11292,13930,6,71,25.352112676056336
11292,13930,7,84,23.809523809523807
11292,13931,1,10,20.0
11292,13931,2,10,30.0
11292,13931,3,8,12.5
11292,13931,4,8,50.0
11292,13931,5,8,37.5
11292,13931,6,8,50.0
11292,13931,7,8,62.5
11292,13964,1,5,0.0
11292,13964,2,5,20.0
11292,13964,3,4,25.0
11292,13964,4,4,0.0
11292,13964,5,4,25.0
11292,13964,6,4,0.0
11292,13964,7,4,25.0
11292,14004,1,5,20.0
11292,14004,5,4,0.0
11292,14057,1,71,23.943661971830984
11292,14057,2,60,18.333333333333332
11292,14057,3,52,9.615384615384617
11292,14057,4,56,25.0
11292,14057,5,56,19.642857142857142
11292,14057,6,44,6.8181818181818175
11292,14057,7,56,17.857142857142858
11292,14100,1,45,20.0
11292,14100,2,45,24.444444444444443
11292,14100,3,40,15.0
11292,14100,4,40,37.5
11292,14100,5,40,27.500000000000004
11292,14100,6,32,12.5
11292,14100,7,40,25.0
11292,14107,1,121,29.75206611570248
11292,14107,2,95,17.894736842105264
11292,14107,3,80,10.0
11292,14107,4,97,31.958762886597935
11292,14107,5,97,34.44444444444444
11292,14107,6,74,13.513513513513514
11292,14107,7,101,14.85148514851485
11292,14108,1,10,40.0
11292,14108,2,5,60.0
11292,14108,3,4,50.0
11292,14108,4,4,75.0
11292,14108,5,8,25.0
11292,14108,6,4,75.0
11292,14108,7,4,50.0
11292,14120,1,10,20.0
11292,14120,2,5,0.0
11292,14120,3,4,0.0
11292,14120,4,8,25.0
11292,14120,5,8,16.666666666666664
11292,14120,6,8,12.5
11292,14120,7,8,12.5
11292,14122,1,30,36.666666666666664
11292,14122,2,25,32.0
11292,14122,3,20,20.0
11292,14122,4,24,25.0
11292,14122,5,24,25.0
11292,14122,6,20,25.0
11292,14122,7,24,20.833333333333336
11292,14193,1,6,16.666666666666664
11292,14193,2,1,100.0
11292,14193,4,3,66.66666666666666
11292,14193,5,5,40.0
11292,14193,6,12,16.666666666666664
11292,14193,7,8,25.0
11292,14237,1,5,40.0
11292,14237,2,5,20.0
11292,14237,3,4,0.0
11292,14237,4,4,25.0
11292,14237,5,4,0.0
11292,14237,6,4,50.0
11292,14237,7,4,0.0
11292,14252,1,10,10.0
11292,14252,2,10,30.0
11292,14252,3,8,0.0
11292,14252,4,8,12.5
11292,14252,5,8,0.0
11292,14252,6,8,0.0
11292,14252,7,8,12.5
11292,14262,1,26,19.230769230769234
11292,14262,2,21,14.285714285714285
11292,14262,3,16,25.0
11292,14262,4,17,23.52941176470588
11292,14262,5,21,23.809523809523807
11292,14262,6,17,0.0
11292,14262,7,20,20.0
11292,14307,1,5,0.0
11292,14307,2,5,40.0
11292,14307,3,4,0.0
11292,14307,4,4,50.0
11292,14307,5,4,0.0
11292,14307,6,4,75.0
11292,14307,7,4,25.0
11292,14321,1,5,40.0
11292,14321,2,5,40.0
11292,14321,3,4,25.0
11292,14321,4,4,25.0
11292,14321,5,4,0.0
11292,14321,6,4,25.0
11292,14321,7,4,25.0
11292,14457,1,45,22.22222222222222
11292,14457,2,45,11.11111111111111
11292,14457,3,36,5.555555555555555
11292,14457,4,36,13.88888888888889
11292,14457,5,36,16.666666666666664
11292,14457,6,28,14.285714285714285
11292,14457,7,36,16.666666666666664
11292,14487,1,4,0.0
11292,14487,2,3,0.0
11292,14487,3,3,0.0
11292,14487,4,3,0.0
11292,14487,5,3,0.0
11292,14487,6,3,0.0
11292,14487,7,3,0.0
11292,14489,1,10,20.0
11292,14489,2,10,30.0
11292,14489,3,8,0.0
11292,14489,4,8,37.5
11292,14489,5,8,0.0
11292,14489,6,8,25.0
11292,14489,7,8,0.0
11292,14492,1,25,40.0
11292,14492,2,20,25.0
11292,14492,3,16,18.75
11292,14492,4,20,45.0
11292,14492,5,20,25.0
11292,14492,6,12,0.0
11292,14492,7,20,35.0
11292,14524,1,10,40.0
11292,14524,2,10,50.0
11292,14524,3,8,12.5
11292,14524,4,8,50.0
11292,14524,5,8,25.0
11292,14524,6,8,50.0
11292,14524,7,8,25.0
11292,14534,1,10,0.0
11292,14534,2,10,20.0
11292,14534,3,8,0.0
11292,14534,4,8,12.5
11292,14534,5,8,12.5
11292,14534,6,8,12.5
11292,14534,7,8,0.0
11292,14543,1,10,20.0
11292,14543,2,10,30.0
11292,14543,3,8,0.0
11292,14543,4,8,25.0
11292,14543,5,8,37.5
11292,14543,6,8,12.5
11292,14543,7,8,25.0
11292,14570,1,45,33.33333333333333
11292,14570,2,34,14.705882352941178
11292,14570,3,33,9.090909090909092
11292,14570,4,32,31.25
11292,14570,5,36,19.444444444444446
11292,14570,6,28,7.142857142857142
11292,14570,7,40,22.5
11292,14635,1,6,33.33333333333333
11292,14635,2,6,33.33333333333333
11292,14635,3,5,20.0
11292,14635,4,5,0.0
11292,14635,5,5,20.0
11292,14635,6,5,0.0
11292,14635,7,5,0.0
11292,14674,1,20,25.0
11292,14674,2,20,10.0
11292,14674,3,16,12.5
11292,14674,4,16,12.5
11292,14674,5,16,6.25
11292,14674,6,16,12.5
11292,14674,7,16,25.0
11292,14679,1,76,27.631578947368425
11292,14679,2,55,18.181818181818183
11292,14679,3,48,15.555555555555555
11292,14679,4,64,54.6875
11292,14679,5,60,26.666666666666668
11292,14679,6,44,9.090909090909092
11292,14679,7,64,28.125
11292,14683,1,40,25.0
11292,14683,2,30,13.333333333333334
11292,14683,3,24,25.0
11292,14683,4,32,18.75
11292,14683,5,35,14.285714285714285
11292,14683,6,28,14.285714285714285
11292,14683,7,31,16.129032258064516
11292,14685,1,5,20.0
11292,14685,2,5,0.0
11292,14685,3,4,0.0
11292,14685,4,4,50.0
11292,14685,5,4,50.0
11292,14685,6,4,0.0
11292,14685,7,4,25.0
11292,14689,1,20,25.0
11292,14689,2,11,27.27272727272727
11292,14689,3,12,8.333333333333332
11292,14689,4,16,37.5
11292,14689,5,16,31.25
11292,14689,6,8,37.5
11292,14689,7,16,6.25
11292,14698,1,8,25.0
11292,14698,2,8,0.0
11292,14698,3,7,14.285714285714285
11292,14698,4,8,25.0
11292,14698,5,8,25.0
11292,14698,6,8,37.5
11292,14698,7,8,25.0
11292,14730,1,15,26.666666666666668
11292,14730,2,15,26.666666666666668
11292,14730,3,12,16.666666666666664
11292,14730,4,12,50.0
11292,14730,5,12,16.666666666666664
11292,14730,6,12,25.0
11292,14730,7,12,16.666666666666664
11292,14747,1,101,22.772277227722775
11292,14747,2,90,24.444444444444443
11292,14747,3,76,9.210526315789473
11292,14747,4,80,35.0
11292,14747,5,80,15.0
11292,14747,6,68,19.11764705882353
11292,14747,7,80,22.5
11292,14771,1,81,33.33333333333333
11292,14771,2,70,14.285714285714285
11292,14771,3,56,16.071428571428573
11292,14771,4,64,40.625
11292,14771,5,64,20.3125
11292,14771,6,52,15.384615384615385
11292,14771,7,64,35.9375
11292,14783,1,19,21.052631578947366
11292,14783,2,20,10.0
11292,14783,3,16,12.5
11292,14783,4,16,18.75
11292,14783,5,16,18.75
11292,14783,6,16,12.5
11292,14783,7,16,25.0
11292,14794,1,15,13.333333333333334
11292,14794,2,15,20.0
11292,14794,3,12,0.0
11292,14794,4,12,25.0
11292,14794,5,12,0.0
11292,14794,6,12,8.333333333333332
11292,14794,7,12,16.666666666666664
11292,14812,1,10,20.0
11292,14812,2,10,20.0
11292,14812,3,8,0.0
11292,14812,4,8,12.5
11292,14812,5,8,12.5
11292,14812,6,8,25.0
11292,14812,7,8,0.0
11292,14814,1,5,0.0
11292,14814,2,5,0.0
11292,14814,3,4,0.0
11292,14814,4,4,0.0
11292,14814,5,4,0.0
11292,14814,6,4,50.0
11292,14814,7,4,0.0
11292,14831,1,50,24.0
11292,14831,2,35,25.71428571428571
11292,14831,3,32,9.375
11292,14831,4,40,22.5
11292,14831,5,40,12.5
11292,14831,6,28,7.142857142857142
11292,14831,7,39,20.51282051282051
11292,14843,1,1,0.0
11292,14843,2,1,0.0
11292,14843,4,1,100.0
11292,14843,5,1,0.0
11292,14843,6,4,25.0
11292,14843,7,1,100.0
11292,14869,1,115,23.47826086956522
11292,14869,2,103,20.388349514563107
11292,14869,3,86,11.627906976744185
11292,14869,4,90,21.11111111111111
11292,14869,5,91,16.483516483516482
11292,14869,6,71,12.676056338028168
11292,14869,7,88,15.909090909090908
11292,14877,1,5,40.0
11292,14877,2,5,20.0
11292,14877,3,4,25.0
11292,14877,4,4,25.0
11292,14877,5,4,25.0
11292,14877,6,4,0.0
11292,14877,7,4,0.0
11292,14893,1,65,33.84615384615385
11292,14893,2,50,24.0
11292,14893,3,44,6.8181818181818175
11292,14893,4,52,30.76923076923077
11292,14893,5,52,34.61538461538461
11292,14893,6,33,9.090909090909092
11292,14893,7,48,16.666666666666664
11292,14908,1,56,26.785714285714285
11292,14908,2,50,20.0
11292,14908,3,40,10.0
11292,14908,4,45,26.666666666666668
11292,14908,5,45,17.77777777777778
11292,14908,6,33,21.21212121212121
11292,14908,7,45,11.11111111111111
11292,15016,1,55,18.181818181818183
11292,15016,2,55,16.363636363636363
11292,15016,3,44,0.0
11292,15016,4,44,15.909090909090908
11292,15016,5,44,18.181818181818183
11292,15016,6,36,16.666666666666664
11292,15016,7,48,27.083333333333332
11292,15041,1,10,30.0
11292,15041,2,10,10.0
11292,15041,3,8,12.5
11292,15041,4,8,25.0
11292,15041,5,8,0.0
11292,15041,6,8,0.0
11292,15041,7,8,12.5
11292,15048,1,5,0.0
11292,15048,2,5,0.0
11292,15048,3,4,0.0
11292,15048,4,4,25.0
11292,15048,5,4,25.0
11292,15048,6,4,0.0
11292,15048,7,4,0.0
11292,15096,1,9,44.44444444444444
11292,15096,2,9,33.33333333333333
11292,15096,3,8,12.5
11292,15096,4,7,14.285714285714285
11292,15096,5,7,14.285714285714285
11292,15096,6,7,28.57142857142857
11292,15096,7,7,57.14285714285714
11292,15304,1,31,25.806451612903224
11292,15304,2,35,22.857142857142858
11292,15304,3,29,17.24137931034483
11292,15304,4,32,25.0
11292,15304,5,28,14.285714285714285
11292,15304,6,24,4.166666666666666
11292,15304,7,32,21.875
11292,15370,1,35,22.857142857142858
11292,15370,2,30,23.333333333333332
11292,15370,3,24,8.333333333333332
11292,15370,4,28,46.42857142857143
11292,15370,5,28,17.857142857142858
11292,15370,6,24,12.5
11292,15370,7,28,21.428571428571427
11292,15376,1,31,26.666666666666668
11292,15376,2,31,22.58064516129032
11292,15376,3,24,4.166666666666666
11292,15376,4,29,37.93103448275862
11292,15376,5,29,27.586206896551722
11292,15376,6,21,19.047619047619047
11292,15376,7,29,17.24137931034483
11292,15380,1,5,0.0
11292,15380,2,5,0.0
11292,15380,3,4,0.0
11292,15380,4,4,25.0
11292,15380,5,4,50.0
11292,15380,6,4,0.0
11292,15380,7,4,50.0
11292,15412,1,15,26.666666666666668
11292,15412,2,10,10.0
11292,15412,3,8,0.0
11292,15412,4,16,12.5
11292,15412,5,8,12.5
11292,15412,6,8,50.0
11292,15412,7,16,18.75
11292,15897,1,5,0.0
11292,15897,2,6,16.666666666666664
11292,15897,3,4,0.0
11292,15897,4,4,25.0
11292,15897,5,4,0.0
11292,15897,6,7,0.0
11292,15897,7,5,0.0
11292,15919,1,20,15.0
11292,15919,2,15,26.666666666666668
11292,15919,3,12,16.666666666666664
11292,15919,4,16,25.0
11292,15919,5,16,6.25
11292,15919,6,12,16.666666666666664
11292,15919,7,16,12.5
11292,16869,1,24,25.0
11292,16869,2,24,8.333333333333332
11292,16869,3,20,5.0
11292,16869,4,19,5.263157894736842
11292,16869,5,19,10.526315789473683
11292,16869,6,12,8.333333333333332
11292,16869,7,19,0.0
11298,10136,1,25,32.0
11298,10136,2,20,15.0
11298,10136,3,20,35.0
11298,10136,4,20,30.0
11298,10136,5,20,22.22222222222222
11298,10136,6,20,10.0
11298,10136,7,20,25.0
11298,10140,1,32,43.333333333333336
11298,10140,2,31,25.806451612903224
11298,10140,3,23,43.47826086956522
11298,10140,4,27,15.384615384615385
11298,10140,5,24,31.818181818181817
11298,10140,6,24,33.33333333333333
11298,10140,7,28,25.0
11298,10155,1,15,26.666666666666668
11298,10155,2,15,6.666666666666667
11298,10155,3,12,25.0
11298,10155,4,12,8.333333333333332
11298,10155,5,12,27.27272727272727
11298,10155,6,12,25.0
11298,10155,7,12,16.666666666666664
11298,10185,1,15,33.33333333333333
11298,10185,2,15,0.0
11298,10185,3,12,0.0
11298,10185,4,12,33.33333333333333
11298,10185,5,12,9.090909090909092
11298,10185,6,12,25.0
11298,10185,7,12,9.090909090909092
11298,10208,1,5,20.0
11298,10208,2,5,0.0
11298,10208,3,4,0.0
11298,10208,4,4,25.0
11298,10208,5,4,25.0
11298,10208,6,4,0.0
11298,10208,7,4,50.0
11298,10257,1,5,60.0
11298,10257,2,5,40.0
11298,10257,3,4,25.0
11298,10257,4,4,25.0
11298,10257,5,4,66.66666666666666
11298,10257,6,4,0.0
11298,10257,7,4,50.0
11298,10279,1,36,19.444444444444446
11298,10279,2,30,0.0
11298,10279,3,28,17.857142857142858
11298,10279,4,31,12.903225806451612
11298,10279,5,28,16.0
11298,10279,6,24,16.666666666666664
11298,10279,7,32,18.75
11298,10299,1,6,33.33333333333333
11298,10299,2,5,20.0
11298,10299,3,4,0.0
11298,10299,4,4,25.0
11298,10299,5,4,50.0
11298,10299,6,4,0.0
11298,10299,7,4,0.0
11298,10372,1,16,31.25
11298,10372,2,12,8.333333333333332
11298,10372,3,12,8.333333333333332
11298,10372,4,12,16.666666666666664
11298,10372,5,12,25.0
11298,10372,6,12,9.090909090909092
11298,10372,7,12,33.33333333333333
11298,10397,1,91,15.555555555555555
11298,10397,2,85,7.0588235294117645
11298,10397,3,68,25.37313432835821
11298,10397,4,79,12.658227848101266
11298,10397,5,72,24.285714285714285
11298,10397,6,70,11.594202898550725
11298,10397,7,80,21.25
11298,10408,1,5,40.0
11298,10408,2,5,20.0
11298,10408,3,4,0.0
11298,10408,4,4,25.0
11298,10408,5,4,25.0
11298,10408,6,4,0.0
11298,10408,7,4,25.0
11298,10423,1,60,31.666666666666664
11298,10423,2,58,13.793103448275861
11298,10423,3,47,21.73913043478261
11298,10423,4,54,18.51851851851852
11298,10423,5,48,23.809523809523807
11298,10423,6,47,19.148936170212767
11298,10423,7,56,30.909090909090907
11298,10431,1,10,30.0
11298,10431,2,10,30.0
11298,10431,3,8,0.0
11298,10431,4,8,12.5
11298,10431,5,8,37.5
11298,10431,6,8,0.0
11298,10431,7,8,25.0
11298,10529,1,11,27.27272727272727
11298,10529,2,10,30.0
11298,10529,3,8,50.0
11298,10529,4,11,27.27272727272727
11298,10529,5,8,37.5
11298,10529,6,7,0.0
11298,10529,7,12,25.0
11298,10561,1,5,60.0
11298,10561,2,5,60.0
11298,10561,3,4,0.0
11298,10561,4,4,75.0
11298,10561,5,4,33.33333333333333
11298,10561,6,4,25.0
11298,10561,7,4,33.33333333333333
11298,10599,1,31,19.35483870967742
11298,10599,2,30,0.0
11298,10599,3,23,13.043478260869565
11298,10599,4,27,22.22222222222222
11298,10599,5,24,13.636363636363635
11298,10599,6,23,8.695652173913043
11298,10599,7,27,11.538461538461538
11298,10620,1,10,20.0
11298,10620,2,10,30.0
11298,10620,3,8,0.0
11298,10620,4,8,12.5
11298,10620,5,8,28.57142857142857
11298,10620,6,8,0.0
11298,10620,7,8,12.5
11298,10627,1,10,40.0
11298,10627,2,10,30.0
11298,10627,3,8,37.5
11298,10627,4,8,25.0
11298,10627,5,8,37.5
11298,10627,6,8,12.5
11298,10627,7,8,12.5
11298,10685,1,10,10.0
11298,10685,2,10,0.0
11298,10685,3,8,25.0
11298,10685,4,8,12.5
11298,10685,5,8,42.857142857142854
11298,10685,6,8,12.5
11298,10685,7,8,25.0
11298,10693,1,52,35.294117647058826
11298,10693,2,45,17.77777777777778
11298,10693,3,36,22.22222222222222
11298,10693,4,39,25.64102564102564
11298,10693,5,40,27.77777777777778
11298,10693,6,35,23.52941176470588
11298,10693,7,40,25.64102564102564
11298,10713,1,10,50.0
11298,10713,2,10,30.0
11298,10713,3,8,25.0
11298,10713,4,8,37.5
11298,10713,5,8,0.0
11298,10713,6,8,37.5
11298,10713,7,8,0.0
11298,10721,1,55,52.72727272727272
11298,10721,2,54,29.629629629629626
11298,10721,3,43,42.5
11298,10721,4,43,64.28571428571429
11298,10721,5,43,55.00000000000001
11298,10721,6,31,20.0
11298,10721,7,44,47.72727272727273
11298,10728,1,9,33.33333333333333
11298,10728,2,10,0.0
11298,10728,3,7,0.0
11298,10728,4,8,12.5
11298,10728,5,8,14.285714285714285
11298,10728,6,8,12.5
11298,10728,7,8,12.5
11298,10747,1,20,30.0
11298,10747,2,20,10.0
11298,10747,3,16,43.75
11298,10747,4,16,6.25
11298,10747,5,16,26.666666666666668
11298,10747,6,16,12.5
11298,10747,7,16,6.25
11298,10781,1,30,23.333333333333332
11298,10781,2,29,13.793103448275861
11298,10781,3,24,16.666666666666664
11298,10781,4,24,12.5
11298,10781,5,24,14.285714285714285
11298,10781,6,24,16.666666666666664
11298,10781,7,24,25.0
11298,10792,1,10,11.11111111111111
11298,10792,2,10,10.0
11298,10792,3,8,25.0
11298,10792,4,8,25.0
11298,10792,5,8,28.57142857142857
11298,10792,6,8,25.0
11298,10792,7,8,37.5
11298,10800,1,10,40.0
11298,10800,2,10,10.0
11298,10800,3,8,25.0
11298,10800,4,8,50.0
11298,10800,5,8,14.285714285714285
11298,10800,6,8,12.5
11298,10800,7,8,37.5
11298,10821,1,21,42.857142857142854
11298,10821,2,10,10.0
11298,10821,3,8,25.0
11298,10821,4,19,26.31578947368421
11298,10821,5,16,28.57142857142857
11298,10821,6,12,0.0
11298,10821,7,20,25.0
11298,10849,1,15,35.714285714285715
11298,10849,2,11,36.36363636363637
11298,10849,3,8,25.0
11298,10849,4,12,8.333333333333332
11298,10849,5,12,27.27272727272727
11298,10849,6,12,0.0
11298,10849,7,12,8.333333333333332
11298,10868,1,11,27.27272727272727
11298,10868,2,10,30.0
11298,10868,3,8,12.5
11298,10868,4,11,27.27272727272727
11298,10868,5,8,14.285714285714285
11298,10868,6,8,37.5
11298,10868,7,12,33.33333333333333
11298,10980,1,21,42.857142857142854
11298,10980,2,20,10.0
11298,10980,3,16,25.0
11298,10980,4,19,31.57894736842105
11298,10980,5,16,33.33333333333333
11298,10980,6,16,18.75
11298,10980,7,20,15.0
11298,10994,1,11,36.36363636363637
11298,10994,2,10,20.0
11298,10994,3,8,37.5
11298,10994,4,11,27.27272727272727
11298,10994,5,8,14.285714285714285
11298,10994,6,8,0.0
11298,10994,7,12,33.33333333333333
11298,11003,1,20,25.0
11298,11003,2,15,6.666666666666667
11298,11003,3,12,0.0
11298,11003,4,16,6.25
11298,11003,5,16,20.0
11298,11003,6,15,13.333333333333334
11298,11003,7,16,25.0
11298,11042,1,26,40.0
11298,11042,2,20,10.0
11298,11042,3,16,31.25
11298,11042,4,23,8.695652173913043
11298,11042,5,20,31.57894736842105
11298,11042,6,15,33.33333333333333
11298,11042,7,24,16.666666666666664
11298,11049,1,20,15.0
11298,11049,2,20,0.0
11298,11049,3,16,31.25
11298,11049,4,16,6.25
11298,11049,5,15,14.285714285714285
11298,11049,6,16,6.25
11298,11049,7,16,6.25
11298,11057,1,55,30.909090909090907
11298,11057,2,50,10.0
11298,11057,3,40,12.5
11298,11057,4,43,20.930232558139537
11298,11057,5,44,29.268292682926827
11298,11057,6,42,12.82051282051282
11298,11057,7,44,18.181818181818183
11298,11066,1,21,23.809523809523807
11298,11066,2,20,10.0
11298,11066,3,16,31.25
11298,11066,4,19,26.31578947368421
11298,11066,5,16,20.0
11298,11066,6,15,6.666666666666667
11298,11066,7,20,10.526315789473683
11298,11067,1,10,10.0
11298,11067,2,10,0.0
11298,11067,3,8,12.5
11298,11067,4,8,0.0
11298,11067,5,8,28.57142857142857
11298,11067,6,8,25.0
11298,11067,7,8,12.5
11298,11109,1,30,24.137931034482758
11298,11109,2,30,30.0
11298,11109,3,24,17.391304347826086
11298,11109,4,24,16.666666666666664
11298,11109,5,24,14.285714285714285
11298,11109,6,24,12.5
11298,11109,7,24,41.66666666666667
11298,11111,1,19,21.052631578947366
11298,11111,2,19,15.789473684210526
11298,11111,3,16,37.5
11298,11111,4,16,25.0
11298,11111,5,16,28.57142857142857
11298,11111,6,16,0.0
11298,11111,7,16,12.5
11298,11140,1,31,19.35483870967742
11298,11140,2,30,6.666666666666667
11298,11140,3,24,20.833333333333336
11298,11140,4,27,14.814814814814813
11298,11140,5,24,27.27272727272727
11298,11140,6,24,12.5
11298,11140,7,28,10.714285714285714
11298,11193,1,25,20.833333333333336
11298,11193,2,20,20.0
11298,11193,3,16,25.0
11298,11193,4,23,21.73913043478261
11298,11193,5,20,26.31578947368421
11298,11193,6,15,20.0
11298,11193,7,24,47.82608695652174
11298,11267,1,20,15.0
11298,11267,2,19,15.789473684210526
11298,11267,3,16,12.5
11298,11267,4,16,25.0
11298,11267,5,16,37.5
11298,11267,6,16,18.75
11298,11267,7,16,31.25
11298,11278,1,45,28.888888888888886
11298,11278,2,45,22.22222222222222
11298,11278,3,36,55.55555555555556
11298,11278,4,36,25.0
11298,11278,5,36,21.875
11298,11278,6,36,23.52941176470588
11298,11278,7,36,17.142857142857142
11298,11292,1,82,32.098765432098766
11298,11292,2,70,25.71428571428571
11298,11292,3,56,27.27272727272727
11298,11292,4,71,15.492957746478872
11298,11292,5,64,27.419354838709676
11298,11292,6,51,22.448979591836736
11298,11292,7,68,31.818181818181817
11298,11413,1,17,41.17647058823529
11298,11413,2,16,18.75
11298,11413,3,13,23.076923076923077
11298,11413,4,12,58.333333333333336
11298,11413,5,12,27.27272727272727
11298,11413,6,12,75.0
11298,11413,7,12,33.33333333333333
11298,11423,1,20,40.0
11298,11423,2,20,30.0
11298,11423,3,16,31.25
11298,11423,4,16,43.75
11298,11423,5,16,46.666666666666664
11298,11423,6,15,0.0
11298,11423,7,16,37.5
11298,11433,1,51,22.0
11298,11433,2,45,11.11111111111111
11298,11433,3,36,13.88888888888889
11298,11433,4,39,5.128205128205128
11298,11433,5,40,21.052631578947366
11298,11433,6,34,18.181818181818183
11298,11433,7,44,13.636363636363635
11298,11481,1,16,25.0
11298,11481,2,16,6.25
11298,11481,3,12,33.33333333333333
11298,11481,4,12,16.666666666666664
11298,11481,5,12,36.36363636363637
11298,11481,6,12,16.666666666666664
11298,11481,7,12,25.0
11298,11503,1,11,36.36363636363637
11298,11503,2,11,27.27272727272727
11298,11503,3,8,25.0
11298,11503,4,8,25.0
11298,11503,5,8,14.285714285714285
11298,11503,6,8,37.5
11298,11503,7,8,25.0
11298,11540,1,31,27.586206896551722
11298,11540,2,30,20.0
11298,11540,3,24,33.33333333333333
11298,11540,4,27,25.925925925925924
11298,11540,5,24,35.0
11298,11540,6,24,25.0
11298,11540,7,28,25.0
11298,11612,1,15,20.0
11298,11612,2,15,13.333333333333334
11298,11612,3,12,25.0
11298,11612,4,12,8.333333333333332
11298,11612,5,12,18.181818181818183
11298,11612,6,12,16.666666666666664
11298,11612,7,12,16.666666666666664
11298,11618,1,50,22.0
11298,11618,2,49,20.408163265306122
11298,11618,3,39,20.51282051282051
11298,11618,4,40,40.0
11298,11618,5,40,17.94871794871795
11298,11618,6,31,39.285714285714285
11298,11618,7,40,12.82051282051282
11298,11624,1,1,100.0
11298,11624,2,1,0.0
11298,11637,1,15,20.0
11298,11637,2,15,6.666666666666667
11298,11637,3,12,41.66666666666667
11298,11637,4,12,8.333333333333332
11298,11637,5,12,18.181818181818183
11298,11637,6,12,8.333333333333332
11298,11637,7,12,16.666666666666664
11298,11638,1,20,42.10526315789473
11298,11638,2,20,20.0
11298,11638,3,16,25.0
11298,11638,4,16,31.25
11298,11638,5,16,14.285714285714285
11298,11638,6,16,12.5
11298,11638,7,16,31.25
11298,11648,1,10,40.0
11298,11648,2,10,10.0
11298,11648,3,8,37.5
11298,11648,4,8,12.5
11298,11648,5,8,0.0
11298,11648,6,8,25.0
11298,11648,7,8,0.0
11298,11695,1,5,20.0
11298,11695,2,5,0.0
11298,11695,3,4,0.0
11298,11695,4,4,75.0
11298,11695,5,4,0.0
11298,11695,6,4,25.0
11298,11695,7,4,25.0
11298,11697,1,35,41.17647058823529
11298,11697,2,30,13.793103448275861
11298,11697,3,24,25.0
11298,11697,4,31,19.35483870967742
11298,11697,5,28,44.44444444444444
11298,11697,6,23,4.761904761904762
11298,11697,7,32,16.129032258064516
11298,11775,1,15,35.714285714285715
11298,11775,2,15,33.33333333333333
11298,11775,3,12,16.666666666666664
11298,11775,4,12,58.333333333333336
11298,11775,5,12,40.0
11298,11775,6,12,58.333333333333336
11298,11775,7,12,25.0
11298,11778,1,19,21.052631578947366
11298,11778,2,19,5.263157894736842
11298,11778,3,16,12.5
11298,11778,4,16,0.0
11298,11778,5,16,20.0
11298,11778,6,16,6.25
11298,11778,7,16,18.75
11298,11823,1,15,20.0
11298,11823,2,15,13.333333333333334
11298,11823,3,12,16.666666666666664
11298,11823,4,12,8.333333333333332
11298,11823,5,12,18.181818181818183
11298,11823,6,12,8.333333333333332
11298,11823,7,12,25.0
11298,11867,1,10,30.0
11298,11867,2,10,30.0
11298,11867,3,8,25.0
11298,11867,4,8,12.5
11298,11867,5,8,14.285714285714285
11298,11867,6,8,25.0
11298,11867,7,8,25.0
11298,11884,1,10,22.22222222222222
11298,11884,2,10,20.0
11298,11884,3,8,25.0
11298,11884,4,8,37.5
11298,11884,5,8,12.5
11298,11884,6,8,25.0
11298,11884,7,8,25.0
11298,11905,1,10,30.0
11298,11905,2,10,0.0
11298,11905,3,8,12.5
11298,11905,4,8,12.5
11298,11905,5,8,28.57142857142857
11298,11905,6,8,0.0
11298,11905,7,8,12.5
11298,11921,1,14,21.428571428571427
11298,11921,2,14,14.285714285714285
11298,11921,3,12,8.333333333333332
11298,11921,4,12,8.333333333333332
11298,11921,5,12,27.27272727272727
11298,11921,6,12,25.0
11298,11921,7,12,8.333333333333332
11298,11953,1,10,10.0
11298,11953,2,10,10.0
11298,11953,3,8,12.5
11298,11953,4,8,12.5
11298,11953,5,8,14.285714285714285
11298,11953,6,8,0.0
11298,11953,7,8,12.5
11298,11973,1,15,20.0
11298,11973,2,15,0.0
11298,11973,3,12,16.666666666666664
11298,11973,4,12,8.333333333333332
11298,11973,5,12,18.181818181818183
11298,11973,6,12,0.0
11298,11973,7,12,8.333333333333332
11298,11980,1,10,20.0
11298,11980,2,10,0.0
11298,11980,3,8,0.0
11298,11980,4,8,37.5
11298,11980,5,8,14.285714285714285
11298,11980,6,8,25.0
11298,11980,7,8,37.5
11298,11982,1,21,15.0
11298,11982,2,20,10.0
11298,11982,3,16,25.0
11298,11982,4,19,26.31578947368421
11298,11982,5,16,26.666666666666668
11298,11982,6,16,18.75
11298,11982,7,20,30.0
11298,11986,1,15,42.857142857142854
11298,11986,2,15,6.666666666666667
11298,11986,3,12,16.666666666666664
11298,11986,4,12,16.666666666666664
11298,11986,5,12,30.0
11298,11986,6,12,33.33333333333333
11298,11986,7,12,9.090909090909092
11298,11995,1,15,46.666666666666664
11298,11995,2,15,20.0
11298,11995,3,12,18.181818181818183
11298,11995,4,12,33.33333333333333
11298,11995,5,12,25.0
11298,11995,6,12,27.27272727272727
11298,11995,7,12,16.666666666666664
11298,11996,1,16,25.0
11298,11996,2,15,0.0
11298,11996,3,12,25.0
11298,11996,4,15,20.0
11298,11996,5,12,30.0
11298,11996,6,12,25.0
11298,11996,7,16,12.5
11298,12007,1,5,20.0
11298,12007,2,5,0.0
11298,12007,3,4,25.0
11298,12007,4,4,25.0
11298,12007,5,4,50.0
11298,12007,6,4,25.0
11298,12007,7,4,0.0
11298,12173,1,5,40.0
11298,12173,2,5,60.0
11298,12173,3,4,25.0
11298,12173,4,4,0.0
11298,12173,5,4,50.0
11298,12173,6,4,25.0
11298,12173,7,4,25.0
11298,12191,1,30,36.666666666666664
11298,12191,2,30,6.666666666666667
11298,12191,3,24,25.0
11298,12191,4,27,11.11111111111111
11298,12191,5,24,29.166666666666668
11298,12191,6,23,13.043478260869565
11298,12191,7,28,21.428571428571427
11298,12206,1,20,45.0
11298,12206,2,20,0.0
11298,12206,3,16,12.5
11298,12206,4,16,6.25
11298,12206,5,16,20.0
11298,12206,6,16,0.0
11298,12206,7,16,25.0
11298,12217,1,26,30.76923076923077
11298,12217,2,25,4.0
11298,12217,3,20,30.0
11298,12217,4,23,30.434782608695656
11298,12217,5,20,22.22222222222222
11298,12217,6,20,15.0
11298,12217,7,24,33.33333333333333
11298,12264,1,35,14.705882352941178
11298,12264,2,24,8.333333333333332
11298,12264,3,20,15.0
11298,12264,4,27,11.11111111111111
11298,12264,5,28,25.925925925925924
11298,12264,6,23,0.0
11298,12264,7,28,3.571428571428571
11298,12266,1,85,35.714285714285715
11298,12266,2,80,17.5
11298,12266,3,68,30.303030303030305
11298,12266,4,70,31.428571428571427
11298,12266,5,67,29.508196721311474
11298,12266,6,60,33.89830508474576
11298,12266,7,68,26.865671641791046
11298,12278,1,36,30.555555555555557
11298,12278,2,30,3.3333333333333335
11298,12278,3,28,17.857142857142858
11298,12278,4,31,22.58064516129032
11298,12278,5,28,36.0
11298,12278,6,24,8.695652173913043
11298,12278,7,32,20.0
11298,12280,1,10,30.0
11298,12280,2,10,30.0
11298,12280,3,8,25.0
11298,12280,4,8,12.5
11298,12280,5,8,28.57142857142857
11298,12280,6,8,37.5
11298,12280,7,8,37.5
11298,12323,1,10,40.0
11298,12323,2,10,20.0
11298,12323,3,8,50.0
11298,12323,4,8,50.0
11298,12323,5,8,57.14285714285714
11298,12323,6,8,28.57142857142857
11298,12323,7,8,62.5
11298,12339,1,35,23.52941176470588
11298,12339,2,30,13.333333333333334
11298,12339,3,24,26.08695652173913
11298,12339,4,28,39.285714285714285
11298,12339,5,28,42.30769230769231
11298,12339,6,23,18.181818181818183
11298,12339,7,32,21.875
11298,12441,1,15,26.666666666666668
11298,12441,2,15,33.33333333333333
11298,12441,3,12,25.0
11298,12441,4,12,58.333333333333336
11298,12441,5,12,45.45454545454545
11298,12441,6,12,25.0
11298,12441,7,12,16.666666666666664
11298,12448,1,26,15.384615384615385
11298,12448,2,25,4.0
11298,12448,3,20,25.0
11298,12448,4,23,13.043478260869565
11298,12448,5,20,5.555555555555555
11298,12448,6,19,0.0
11298,12448,7,24,4.166666666666666
11298,12451,1,21,45.0
11298,12451,2,20,10.0
11298,12451,3,16,31.25
11298,12451,4,19,31.57894736842105
11298,12451,5,16,14.285714285714285
11298,12451,6,15,13.333333333333334
11298,12451,7,20,20.0
11298,12478,1,31,32.25806451612903
11298,12478,2,31,3.225806451612903
11298,12478,3,24,12.5
11298,12478,4,25,20.833333333333336
11298,12478,5,24,13.043478260869565
11298,12478,6,25,20.833333333333336
11298,12478,7,25,20.833333333333336
11298,12889,1,71,27.142857142857142
11298,12889,2,64,14.0625
11298,12889,3,53,18.867924528301888
11298,12889,4,59,35.59322033898305
11298,12889,5,60,55.55555555555556
11298,12889,6,55,20.37037037037037
11298,12889,7,64,29.03225806451613
11298,12891,1,15,33.33333333333333
11298,12891,2,15,26.666666666666668
11298,12891,3,12,8.333333333333332
11298,12891,4,12,0.0
11298,12891,5,12,27.27272727272727
11298,12891,6,12,0.0
11298,12891,7,12,33.33333333333333
11298,12892,1,83,20.73170731707317
11298,12892,2,80,22.5
11298,12892,3,61,16.39344262295082
11298,12892,4,67,20.8955223880597
11298,12892,5,64,35.0
11298,12892,6,62,23.333333333333332
11298,12892,7,68,26.47058823529412
11298,12896,1,45,22.22222222222222
11298,12896,2,39,12.82051282051282
11298,12896,3,36,22.857142857142858
11298,12896,4,39,18.421052631578945
11298,12896,5,36,14.705882352941178
11298,12896,6,31,6.451612903225806
11298,12896,7,40,30.0
11298,12915,1,15,20.0
11298,12915,2,15,20.0
11298,12915,3,12,16.666666666666664
11298,12915,4,12,16.666666666666664
11298,12915,5,12,18.181818181818183
11298,12915,6,12,8.333333333333332
11298,12915,7,12,16.666666666666664
11298,12945,1,20,30.0
11298,12945,2,20,15.0
11298,12945,3,16,18.75
11298,12945,4,16,18.75
11298,12945,5,16,28.57142857142857
11298,12945,6,16,12.5
11298,12945,7,16,0.0
11298,12951,1,25,28.000000000000004
11298,12951,2,25,8.0
11298,12951,3,20,20.0
11298,12951,4,20,20.0
11298,12951,5,20,23.52941176470588
11298,12951,6,20,5.0
11298,12951,7,20,10.0
11298,12953,1,105,26.21359223300971
11298,12953,2,105,10.476190476190476
11298,12953,3,84,25.609756097560975
11298,12953,4,84,23.809523809523807
11298,12953,5,84,23.75
11298,12953,6,52,22.0
11298,12953,7,76,14.666666666666666
11298,12992,1,41,30.0
11298,12992,2,40,7.5
11298,12992,3,32,15.625
11298,12992,4,35,14.285714285714285
11298,12992,5,32,17.24137931034483
11298,12992,6,32,12.5
11298,12992,7,36,16.666666666666664
11298,13061,1,20,15.0
11298,13061,2,20,20.0
11298,13061,3,16,25.0
11298,13061,4,16,18.75
11298,13061,5,16,21.428571428571427
11298,13061,6,16,18.75
11298,13061,7,16,12.5
11298,13158,1,46,17.391304347826086
11298,13158,2,41,14.634146341463413
11298,13158,3,36,16.666666666666664
11298,13158,4,39,15.384615384615385
11298,13158,5,36,25.71428571428571
11298,13158,6,31,12.903225806451612
11298,13158,7,40,22.5
11298,13198,1,36,38.88888888888889
11298,13198,2,35,20.0
11298,13198,3,28,37.03703703703704
11298,13198,4,31,9.67741935483871
11298,13198,5,28,28.000000000000004
11298,13198,6,27,30.76923076923077
11298,13198,7,32,28.125
11298,13204,1,64,32.25806451612903
11298,13204,2,54,5.555555555555555
11298,13204,3,42,26.190476190476193
11298,13204,4,55,16.363636363636363
11298,13204,5,54,23.52941176470588
11298,13204,6,50,16.0
11298,13204,7,56,23.214285714285715
11298,13230,1,5,40.0
11298,13230,2,5,20.0
11298,13230,3,4,25.0
11298,13230,4,4,25.0
11298,13230,5,4,100.0
11298,13230,6,4,0.0
11298,13230,7,4,50.0
11298,13232,1,8,12.5
11298,13232,4,4,0.0
11298,13232,5,8,25.0
11298,13232,6,4,25.0
11298,13232,7,4,0.0
11298,13244,1,35,34.285714285714285
11298,13244,2,35,11.428571428571429
11298,13244,3,28,17.857142857142858
11298,13244,4,31,12.903225806451612
11298,13244,5,28,24.0
11298,13244,6,28,3.571428571428571
11298,13244,7,32,9.375
11298,13256,1,31,41.935483870967744
11298,13256,2,30,13.333333333333334
11298,13256,3,24,39.130434782608695
11298,13256,4,27,40.74074074074074
11298,13256,5,24,27.27272727272727
11298,13256,6,24,13.043478260869565
11298,13256,7,28,25.0
11298,13277,1,15,26.666666666666668
11298,13277,2,15,0.0
11298,13277,3,12,25.0
11298,13277,4,12,0.0
11298,13277,5,12,18.181818181818183
11298,13277,6,12,16.666666666666664
11298,13277,7,12,8.333333333333332
11298,13290,1,15,20.0
11298,13290,2,15,13.333333333333334
11298,13290,3,12,25.0
11298,13290,4,12,0.0
11298,13290,5,12,9.090909090909092
11298,13290,6,12,25.0
11298,13290,7,12,18.181818181818183
11298,13303,1,70,38.80597014925373
11298,13303,2,65,12.307692307692308
11298,13303,3,51,30.0
11298,13303,4,56,21.428571428571427
11298,13303,5,55,28.000000000000004
11298,13303,6,51,8.51063829787234
11298,13303,7,56,21.428571428571427
11298,13342,1,15,21.428571428571427
11298,13342,2,15,6.666666666666667
11298,13342,3,12,25.0
11298,13342,4,12,25.0
11298,13342,5,12,18.181818181818183
11298,13342,6,12,16.666666666666664
11298,13342,7,12,33.33333333333333
11298,13367,1,15,13.333333333333334
11298,13367,2,15,6.666666666666667
11298,13367,3,12,25.0
11298,13367,4,12,16.666666666666664
11298,13367,5,12,18.181818181818183
11298,13367,6,12,0.0
11298,13367,7,12,16.666666666666664
11298,13377,1,15,20.0
11298,13377,2,15,0.0
11298,13377,3,12,8.333333333333332
11298,13377,4,12,8.333333333333332
11298,13377,5,12,27.27272727272727
11298,13377,6,12,8.333333333333332
11298,13377,7,12,25.0
11298,13422,1,15,6.666666666666667
11298,13422,2,15,13.333333333333334
11298,13422,3,12,25.0
11298,13422,4,12,25.0
11298,13422,5,12,40.0
11298,13422,6,12,16.666666666666664
11298,13422,7,12,25.0
11298,13476,1,5,20.0
11298,13476,2,5,20.0
11298,13476,3,4,25.0
11298,13476,4,4,0.0
11298,13476,5,4,25.0
11298,13476,6,4,33.33333333333333
11298,13476,7,4,25.0
11298,13485,1,15,64.28571428571429
11298,13485,2,15,53.333333333333336
11298,13485,3,12,41.66666666666667
11298,13485,4,12,75.0
11298,13485,5,12,45.45454545454545
11298,13485,6,12,33.33333333333333
11298,13485,7,12,25.0
11298,13486,1,5,20.0
11298,13486,2,4,25.0
11298,13486,3,3,33.33333333333333
11298,13486,4,3,33.33333333333333
11298,13486,5,3,0.0
11298,13486,6,3,0.0
11298,13486,7,3,0.0
11298,13487,1,46,28.26086956521739
11298,13487,2,40,7.5
11298,13487,3,31,16.666666666666664
11298,13487,4,36,16.666666666666664
11298,13487,5,36,28.57142857142857
11298,13487,6,30,10.344827586206897
11298,13487,7,36,22.22222222222222
11298,13495,1,41,36.58536585365854
11298,13495,2,35,17.142857142857142
11298,13495,3,27,22.22222222222222
11298,13495,4,35,25.71428571428571
11298,13495,5,32,33.33333333333333
11298,13495,6,27,19.230769230769234
11298,13495,7,36,8.571428571428571
11298,13502,1,10,30.0
11298,13502,2,6,16.666666666666664
11298,13502,3,8,37.5
11298,13502,4,8,12.5
11298,13502,5,8,0.0
11298,13502,6,8,12.5
11298,13502,7,8,12.5
11298,13577,1,9,50.0
11298,13577,2,9,22.22222222222222
11298,13577,3,8,12.5
11298,13577,4,8,37.5
11298,13577,5,8,28.57142857142857
11298,13577,6,8,12.5
11298,13577,7,8,37.5
11298,13830,1,5,60.0
11298,13830,2,5,20.0
11298,13830,3,4,25.0
11298,13830,4,4,25.0
11298,13830,5,4,50.0
11298,13830,6,4,0.0
11298,13830,7,4,0.0
11298,13851,1,46,25.0
11298,13851,2,45,11.11111111111111
11298,13851,3,36,22.22222222222222
11298,13851,4,39,15.384615384615385
11298,13851,5,36,22.58064516129032
11298,13851,6,35,14.285714285714285
11298,13851,7,41,17.073170731707318
11298,13871,1,21,10.0
11298,13871,2,20,15.0
11298,13871,3,16,25.0
11298,13871,4,16,37.5
11298,13871,5,16,20.0
11298,13871,6,15,13.333333333333334
11298,13871,7,16,37.5
11298,13891,1,30,20.689655172413794
11298,13891,2,26,30.76923076923077
11298,13891,3,20,40.0
11298,13891,4,31,22.58064516129032
11298,13891,5,24,27.27272727272727
11298,13891,6,20,26.31578947368421
11298,13891,7,32,25.0
11298,13930,1,91,28.888888888888886
11298,13930,2,86,12.790697674418606
11298,13930,3,67,25.37313432835821
11298,13930,4,74,20.54794520547945
11298,13930,5,72,39.130434782608695
11298,13930,6,64,31.147540983606557
11298,13930,7,80,30.0
11298,13931,1,16,62.5
11298,13931,2,10,30.0
11298,13931,3,8,12.5
11298,13931,4,11,9.090909090909092
11298,13931,5,12,18.181818181818183
11298,13931,6,8,25.0
11298,13931,7,12,41.66666666666667
11298,14027,1,11,27.27272727272727
11298,14027,2,10,11.11111111111111
11298,14027,3,8,37.5
11298,14027,4,11,18.181818181818183
11298,14027,5,8,28.57142857142857
11298,14027,6,8,28.57142857142857
11298,14027,7,12,33.33333333333333
11298,14057,1,36,36.11111111111111
11298,14057,2,31,29.03225806451613
11298,14057,3,24,20.833333333333336
11298,14057,4,28,25.0
11298,14057,5,28,38.46153846153847
11298,14057,6,28,21.428571428571427
11298,14057,7,24,37.5
11298,14100,1,47,32.608695652173914
11298,14100,2,41,14.634146341463413
11298,14100,3,32,21.875
11298,14100,4,36,36.11111111111111
11298,14100,5,36,50.0
11298,14100,6,31,33.33333333333333
11298,14100,7,37,35.13513513513514
11298,14107,1,67,33.33333333333333
11298,14107,2,63,15.873015873015872
11298,14107,3,48,32.608695652173914
11298,14107,4,60,21.666666666666668
11298,14107,5,54,38.297872340425535
11298,14107,6,51,12.76595744680851
11298,14107,7,59,16.94915254237288
11298,14108,1,15,26.666666666666668
11298,14108,2,15,6.666666666666667
11298,14108,3,12,0.0
11298,14108,4,12,16.666666666666664
11298,14108,5,12,27.27272727272727
11298,14108,6,12,0.0
11298,14108,7,12,41.66666666666667
11298,14122,1,21,30.0
11298,14122,2,20,5.0
11298,14122,3,16,31.25
11298,14122,4,16,12.5
11298,14122,5,16,13.333333333333334
11298,14122,6,15,7.6923076923076925
11298,14122,7,16,18.75
11298,14193,1,21,23.809523809523807
11298,14193,2,20,10.0
11298,14193,3,16,31.25
11298,14193,4,19,15.789473684210526
11298,14193,5,16,13.333333333333334
11298,14193,6,16,6.25
11298,14193,7,20,21.052631578947366
11298,14262,1,10,20.0
11298,14262,2,10,20.0
11298,14262,3,8,25.0
11298,14262,4,8,25.0
11298,14262,5,8,14.285714285714285
11298,14262,6,8,50.0
11298,14262,7,8,50.0
11298,14314,1,10,20.0
11298,14314,2,10,20.0
11298,14314,3,8,12.5
11298,14314,4,8,37.5
11298,14314,5,8,25.0
11298,14314,6,8,0.0
11298,14314,7,8,25.0
11298,14321,1,5,0.0
11298,14321,2,5,0.0
11298,14321,3,4,25.0
11298,14321,4,4,25.0
11298,14321,5,4,50.0
11298,14321,6,4,75.0
11298,14321,7,4,0.0
11298,14457,1,15,26.666666666666668
11298,14457,2,15,13.333333333333334
11298,14457,3,12,25.0
11298,14457,4,12,16.666666666666664
11298,14457,5,12,18.181818181818183
11298,14457,6,12,16.666666666666664
11298,14457,7,12,16.666666666666664
11298,14489,1,1,0.0
11298,14489,2,1,100.0
11298,14492,1,36,17.647058823529413
11298,14492,2,25,16.0
11298,14492,3,20,15.0
11298,14492,4,23,13.043478260869565
11298,14492,5,28,23.076923076923077
11298,14492,6,19,11.11111111111111
11298,14492,7,28,10.714285714285714
11298,14524,1,16,25.0
11298,14524,2,11,27.27272727272727
11298,14524,3,8,25.0
11298,14524,4,15,20.0
11298,14524,5,12,25.0
11298,14524,6,8,42.857142857142854
11298,14524,7,16,18.75
11298,14570,1,16,6.666666666666667
11298,14570,2,15,6.666666666666667
11298,14570,3,12,16.666666666666664
11298,14570,4,12,0.0
11298,14570,5,12,9.090909090909092
11298,14570,6,12,27.27272727272727
11298,14570,7,12,8.333333333333332
11298,14588,1,13,7.6923076923076925
11298,14588,2,12,25.0
11298,14588,3,10,10.0
11298,14588,4,8,12.5
11298,14588,5,8,14.285714285714285
11298,14588,6,8,0.0
11298,14588,7,9,25.0
11298,14635,1,11,54.54545454545454
11298,14635,2,10,10.0
11298,14635,3,8,12.5
11298,14635,4,11,18.181818181818183
11298,14635,5,8,28.57142857142857
11298,14635,6,8,0.0
11298,14635,7,12,16.666666666666664
11298,14674,1,30,23.333333333333332
11298,14674,2,30,13.333333333333334
11298,14674,3,24,12.5
11298,14674,4,24,25.0
11298,14674,5,24,9.523809523809524
11298,14674,6,24,12.5
11298,14674,7,24,39.130434782608695
11298,14679,1,47,42.22222222222222
11298,14679,2,40,15.0
11298,14679,3,32,37.5
11298,14679,4,39,41.02564102564102
11298,14679,5,36,36.36363636363637
11298,14679,6,31,28.57142857142857
11298,14679,7,40,35.0
11298,14683,1,61,27.586206896551722
11298,14683,2,60,23.333333333333332
11298,14683,3,48,29.166666666666668
11298,14683,4,51,19.607843137254903
11298,14683,5,48,30.952380952380953
11298,14683,6,47,17.77777777777778
11298,14683,7,52,21.568627450980394
11298,14685,1,12,27.27272727272727
11298,14685,2,11,27.27272727272727
11298,14685,3,8,14.285714285714285
11298,14685,4,11,45.45454545454545
11298,14685,5,8,71.42857142857143
11298,14685,6,8,12.5
11298,14685,7,12,27.27272727272727
11298,14689,1,5,0.0
11298,14689,2,5,0.0
11298,14689,3,4,25.0
11298,14689,4,4,25.0
11298,14689,5,4,0.0
11298,14689,6,4,66.66666666666666
11298,14689,7,4,0.0
11298,14696,1,15,20.0
11298,14696,2,15,6.666666666666667
11298,14696,3,12,8.333333333333332
11298,14696,4,12,16.666666666666664
11298,14696,5,12,27.27272727272727
11298,14696,6,12,41.66666666666667
11298,14696,7,12,33.33333333333333
11298,14698,1,4,25.0
11298,14698,2,4,0.0
11298,14698,3,3,0.0
11298,14698,4,4,0.0
11298,14698,5,4,25.0
11298,14698,6,4,50.0
11298,14698,7,4,0.0
11298,14730,1,30,32.142857142857146
11298,14730,2,30,13.333333333333334
11298,14730,3,24,25.0
11298,14730,4,24,29.166666666666668
11298,14730,5,24,36.36363636363637
11298,14730,6,24,20.833333333333336
11298,14730,7,24,30.434782608695656
11298,14747,1,76,26.666666666666668
11298,14747,2,65,23.076923076923077
11298,14747,3,52,19.230769230769234
11298,14747,4,63,28.57142857142857
11298,14747,5,59,33.92857142857143
11298,14747,6,50,14.583333333333334
11298,14747,7,64,26.5625
11298,14771,1,53,26.923076923076923
11298,14771,2,47,14.893617021276595
11298,14771,3,36,19.444444444444446
11298,14771,4,44,15.909090909090908
11298,14771,5,41,32.432432432432435
11298,14771,6,36,8.333333333333332
11298,14771,7,45,44.44444444444444
11298,14783,1,46,28.26086956521739
11298,14783,2,45,11.11111111111111
11298,14783,3,36,25.0
11298,14783,4,39,17.94871794871795
11298,14783,5,36,19.444444444444446
11298,14783,6,35,11.428571428571429
11298,14783,7,40,22.5
11298,14794,1,10,20.0
11298,14794,2,10,10.0
11298,14794,3,8,25.0
11298,14794,4,8,37.5
11298,14794,5,8,28.57142857142857
11298,14794,6,8,25.0
11298,14794,7,8,12.5
11298,14814,1,30,26.666666666666668
11298,14814,2,30,10.0
11298,14814,3,24,12.5
11298,14814,4,24,12.5
11298,14814,5,24,28.57142857142857
11298,14814,6,24,13.043478260869565
11298,14814,7,24,29.166666666666668
11298,14831,1,15,26.666666666666668
11298,14831,2,15,20.0
11298,14831,3,12,33.33333333333333
11298,14831,4,12,25.0
11298,14831,5,12,36.36363636363637
11298,14831,6,12,16.666666666666664
11298,14831,7,12,8.333333333333332
11298,14842,1,15,13.333333333333334
11298,14842,2,15,6.666666666666667
11298,14842,3,12,8.333333333333332
11298,14842,4,12,16.666666666666664
11298,14842,5,12,10.0
11298,14842,6,12,33.33333333333333
11298,14842,7,12,25.0
11298,14843,1,10,20.0
11298,14843,2,1,0.0
11298,14843,4,8,0.0
11298,14843,5,8,12.5
11298,14843,6,4,0.0
11298,14843,7,8,12.5
11298,14869,1,50,22.0
11298,14869,2,50,32.0
11298,14869,3,40,27.500000000000004
11298,14869,4,44,18.181818181818183
11298,14869,5,40,50.0
11298,14869,6,40,12.5
11298,14869,7,44,18.6046511627907
11298,14893,1,21,47.61904761904761
11298,14893,2,21,23.809523809523807
11298,14893,3,16,18.75
11298,14893,4,16,37.5
11298,14893,5,16,33.33333333333333
11298,14893,6,16,18.75
11298,14893,7,16,12.5
11298,14908,1,41,22.5
11298,14908,2,40,12.82051282051282
11298,14908,3,32,25.0
11298,14908,4,35,17.142857142857142
11298,14908,5,32,13.793103448275861
11298,14908,6,31,30.0
11298,14908,7,36,2.857142857142857
11298,14960,1,10,22.22222222222222
11298,14960,2,10,10.0
11298,14960,3,8,0.0
11298,14960,4,8,0.0
11298,14960,5,8,28.57142857142857
11298,14960,6,8,25.0
11298,14960,7,8,0.0
11298,14986,1,5,0.0
11298,14986,2,5,20.0
11298,14986,3,4,25.0
11298,14986,4,4,0.0
11298,14986,5,4,25.0
11298,14986,6,4,33.33333333333333
11298,14986,7,4,0.0
11298,15016,1,31,33.33333333333333
11298,15016,2,30,13.333333333333334
11298,15016,3,24,20.833333333333336
11298,15016,4,31,19.35483870967742
11298,15016,5,24,14.285714285714285
11298,15016,6,23,13.043478260869565
11298,15016,7,32,35.483870967741936
11298,15023,1,5,20.0
11298,15023,2,5,0.0
11298,15023,3,4,25.0
11298,15023,4,4,25.0
11298,15023,5,4,0.0
11298,15023,6,4,0.0
11298,15023,7,4,0.0
11298,15074,1,10,22.22222222222222
11298,15074,2,10,0.0
11298,15074,3,8,0.0
11298,15074,4,8,25.0
11298,15074,5,8,14.285714285714285
11298,15074,6,8,12.5
11298,15074,7,8,14.285714285714285
11298,15096,1,5,40.0
11298,15096,2,5,40.0
11298,15096,3,4,25.0
11298,15096,4,4,25.0
11298,15096,5,4,66.66666666666666
11298,15096,6,4,25.0
11298,15096,7,4,25.0
11298,15249,1,15,40.0
11298,15249,2,15,6.666666666666667
11298,15249,3,12,33.33333333333333
11298,15249,4,12,8.333333333333332
11298,15249,5,12,18.181818181818183
11298,15249,6,12,16.666666666666664
11298,15249,7,12,25.0
11298,15304,1,40,35.0
11298,15304,2,31,12.903225806451612
11298,15304,3,24,34.78260869565217
11298,15304,4,28,21.428571428571427
11298,15304,5,32,30.0
11298,15304,6,23,4.3478260869565215
11298,15304,7,28,25.0
11298,15323,1,10,10.0
11298,15323,2,10,0.0
11298,15323,3,8,37.5
11298,15323,4,8,12.5
11298,15323,5,8,14.285714285714285
11298,15323,6,8,0.0
11298,15323,7,8,25.0
11298,15370,1,41,25.64102564102564
11298,15370,2,40,15.0
11298,15370,3,32,31.25
11298,15370,4,35,20.0
11298,15370,5,32,22.22222222222222
11298,15370,6,31,12.903225806451612
11298,15370,7,36,22.857142857142858
11298,15376,1,29,34.48275862068966
11298,15376,2,29,24.137931034482758
11298,15376,3,24,30.434782608695656
11298,15376,4,24,33.33333333333333
11298,15376,5,24,45.0
11298,15376,6,24,26.08695652173913
11298,15376,7,24,17.391304347826086
11298,15380,1,5,40.0
11298,15380,2,5,40.0
11298,15380,3,4,25.0
11298,15380,4,4,50.0
11298,15380,5,4,75.0
11298,15380,6,4,25.0
11298,15380,7,4,50.0
11298,15401,1,10,30.0
11298,15401,2,10,10.0
11298,15401,3,8,25.0
11298,15401,4,8,0.0
11298,15401,5,8,42.857142857142854
11298,15401,6,8,12.5
11298,15401,7,8,25.0
11298,15411,1,15,26.666666666666668
11298,15411,2,15,13.333333333333334
11298,15411,3,12,41.66666666666667
11298,15411,4,12,8.333333333333332
11298,15411,5,12,18.181818181818183
11298,15411,6,12,16.666666666666664
11298,15411,7,12,16.666666666666664
11298,15412,1,25,20.833333333333336
11298,15412,2,25,8.0
11298,15412,3,20,45.0
11298,15412,4,20,30.0
11298,15412,5,20,22.22222222222222
11298,15412,6,20,10.0
11298,15412,7,20,45.0
11298,15624,1,16,18.75
11298,15624,2,15,20.0
11298,15624,3,12,18.181818181818183
11298,15624,4,15,26.666666666666668
11298,15624,5,12,27.27272727272727
11298,15624,6,12,16.666666666666664
11298,15624,7,16,18.75
11298,15919,1,50,40.0
11298,15919,2,49,24.489795918367346
11298,15919,3,40,32.5
11298,15919,4,43,27.906976744186046
11298,15919,5,40,28.57142857142857
11298,15919,6,35,25.71428571428571
11298,15919,7,44,29.545454545454547
11298,16218,1,5,20.0
11298,16218,2,5,0.0
11298,16218,3,4,50.0
11298,16218,4,4,50.0
11298,16218,5,4,33.33333333333333
11298,16218,6,4,0.0
11298,16218,7,4,0.0
11315,11292,1,10,10.0
11315,11292,2,10,30.0
11315,11292,3,8,12.5
11315,11292,4,8,0.0
11315,11292,5,8,37.5
11315,11292,6,5,20.0
11315,11292,7,8,0.0
11336,10299,1,5,0.0
11336,10299,2,5,20.0
11336,10299,3,4,25.0
11336,10299,4,4,25.0
11336,10299,5,4,0.0
11336,10299,6,4,25.0
11336,10299,7,4,25.0
11337,13487,1,16,6.25
11337,13487,2,16,18.75
11337,13487,3,12,25.0
11337,13487,4,14,42.857142857142854
11337,13487,5,14,21.428571428571427
11337,13487,6,11,0.0
11337,13487,7,14,14.285714285714285
11337,13930,1,20,30.0
11337,13930,2,20,15.0
11337,13930,3,16,6.25
11337,13930,4,16,25.0
11337,13930,5,16,25.0
11337,13930,6,15,38.46153846153847
11337,13930,7,16,18.75
11413,11292,1,30,33.33333333333333
11413,11292,2,30,16.666666666666664
11413,11292,3,24,12.5
11413,11292,4,24,20.833333333333336
11413,11292,5,24,25.0
11413,11292,6,24,12.5
11413,11292,7,24,4.166666666666666
11413,11298,1,17,35.294117647058826
11413,11298,2,17,35.294117647058826
11413,11298,3,12,27.27272727272727
11413,11298,4,12,33.33333333333333
11413,11298,5,12,27.27272727272727
11413,11298,6,12,50.0
11413,11298,7,12,27.27272727272727
11413,14107,1,15,20.0
11413,14107,2,10,10.0
11413,14107,3,8,0.0
11413,14107,4,11,18.181818181818183
11413,14107,5,8,12.5
11413,14107,6,8,37.5
11413,14107,7,12,25.0
11423,10397,1,20,10.0
11423,10397,2,19,5.263157894736842
11423,10397,3,15,13.333333333333334
11423,10397,4,15,0.0
11423,10397,5,15,6.666666666666667
11423,10397,6,12,8.333333333333332
11423,10397,7,16,0.0
11423,10423,4,4,0.0
11423,10423,7,4,50.0
11423,10466,1,5,0.0
11423,10466,5,4,50.0
11423,10693,1,5,0.0
11423,10693,4,4,0.0
11423,10693,5,4,0.0
11423,10693,7,4,25.0
11423,10721,1,5,0.0
11423,10721,5,4,25.0
11423,11057,1,11,9.090909090909092
11423,11057,2,11,18.181818181818183
11423,11057,3,8,0.0
11423,11057,4,8,0.0
11423,11057,5,8,0.0
11423,11057,6,8,25.0
11423,11057,7,8,12.5
11423,11278,1,10,10.0
11423,11278,2,10,40.0
11423,11278,3,8,37.5
11423,11278,4,8,12.5
11423,11278,5,8,37.5
11423,11278,6,8,37.5
11423,11278,7,8,25.0
11423,11292,1,40,15.0
11423,11292,2,35,14.285714285714285
11423,11292,3,28,17.857142857142858
11423,11292,4,32,15.625
11423,11292,5,32,9.375
11423,11292,6,24,8.333333333333332
11423,11292,7,32,6.25
11423,11298,1,20,35.0
11423,11298,2,20,25.0
11423,11298,3,16,18.75
11423,11298,4,16,43.75
11423,11298,5,16,35.714285714285715
11423,11298,6,15,7.142857142857142
11423,11298,7,16,25.0
11423,11618,1,5,0.0
11423,11618,5,4,0.0
11423,12266,1,5,0.0
11423,12266,2,5,20.0
11423,12266,3,4,0.0
11423,12266,4,4,0.0
11423,12266,5,4,25.0
11423,12266,6,4,0.0
11423,12266,7,4,0.0
11423,12451,4,4,0.0
11423,12451,7,4,0.0
11423,12889,1,10,0.0
11423,12889,2,5,40.0
11423,12889,3,4,0.0
11423,12889,4,8,12.5
11423,12889,5,8,37.5
11423,12889,6,4,0.0
11423,12889,7,8,12.5
11423,12953,1,5,20.0
11423,12953,2,5,0.0
11423,12953,3,4,0.0
11423,12953,4,4,50.0
11423,12953,5,4,0.0
11423,13487,1,2,0.0
11423,13487,2,2,50.0
11423,13487,3,2,0.0
11423,13487,4,1,0.0
11423,13487,5,1,0.0
11423,13487,6,5,0.0
11423,13487,7,1,100.0
11423,13930,1,51,13.725490196078432
11423,13930,2,42,7.142857142857142
11423,13930,3,31,19.35483870967742
11423,13930,4,39,12.82051282051282
11423,13930,5,35,25.71428571428571
11423,13930,6,27,42.30769230769231
11423,13930,7,40,17.5
11423,14057,4,4,0.0
11423,14057,7,4,0.0
11423,14082,4,4,25.0
11423,14082,7,4,0.0
11423,14100,1,10,0.0
11423,14100,2,10,10.0
11423,14100,3,8,0.0
11423,14100,4,8,25.0
11423,14100,5,8,0.0
11423,14100,6,8,14.285714285714285
11423,14100,7,8,25.0
11423,14107,1,15,20.0
11423,14107,2,10,0.0
11423,14107,3,8,37.5
11423,14107,4,11,18.181818181818183
11423,14107,5,8,25.0
11423,14107,6,4,0.0
11423,14107,7,12,8.333333333333332
11423,14112,1,5,20.0
11423,14112,5,4,0.0
11423,14761,1,5,0.0
11423,14761,3,4,0.0
11423,14761,5,4,25.0
11423,14908,4,4,0.0
11423,14908,7,4,50.0
11423,15016,1,10,10.0
11423,15016,2,10,10.0
11423,15016,3,8,0.0
11423,15016,4,8,12.5
11423,15016,5,8,0.0
11423,15016,6,4,25.0
11423,15016,7,8,25.0
11433,10257,1,13,15.384615384615385
11433,10257,2,13,7.6923076923076925
11433,10257,3,10,10.0
11433,10257,4,11,9.090909090909092
11433,10257,5,11,0.0
11433,10257,6,8,12.5
11433,10257,7,11,18.181818181818183
11433,10299,1,1,100.0
11433,10299,2,1,0.0
11433,10299,3,1,0.0
11433,10299,4,1,0.0
11433,10299,5,1,0.0
11433,10299,6,2,50.0
11433,10299,7,1,0.0
11433,10333,1,10,0.0
11433,10333,2,7,0.0
11433,10333,3,4,0.0
11433,10333,4,8,0.0
11433,10333,5,8,0.0
11433,10333,6,8,12.5
11433,10333,7,8,0.0
11433,10397,1,74,10.81081081081081
11433,10397,2,64,6.25
11433,10397,3,51,5.88235294117647
11433,10397,4,59,10.16949152542373
11433,10397,5,63,17.46031746031746
11433,10397,6,52,7.6923076923076925
11433,10397,7,63,11.11111111111111
11433,10408,1,15,0.0
11433,10408,2,15,0.0
11433,10408,3,12,8.333333333333332
11433,10408,4,12,8.333333333333332
11433,10408,5,12,16.666666666666664
11433,10408,6,12,8.333333333333332
11433,10408,7,12,16.666666666666664
11433,10423,1,23,17.391304347826086
11433,10423,2,18,11.11111111111111
11433,10423,3,14,7.142857142857142
11433,10423,4,15,0.0
11433,10423,5,19,10.526315789473683
11433,10423,6,12,8.333333333333332
11433,10423,7,15,0.0
11433,10469,1,15,6.666666666666667
11433,10469,2,15,20.0
11433,10469,3,12,16.666666666666664
11433,10469,4,12,0.0
11433,10469,5,11,9.090909090909092
11433,10469,6,8,12.5
11433,10469,7,12,0.0
11433,10529,1,19,10.526315789473683
11433,10529,2,19,5.263157894736842
11433,10529,3,14,0.0
11433,10529,4,15,20.0
11433,10529,5,15,6.666666666666667
11433,10529,6,12,16.666666666666664
11433,10529,7,15,20.0
11433,10577,1,5,0.0
11433,10577,2,5,0.0
11433,10577,3,4,0.0
11433,10577,4,4,25.0
11433,10577,5,4,25.0
11433,10577,6,4,25.0
11433,10577,7,4,25.0
11433,10599,1,1,0.0
11433,10693,1,35,8.571428571428571
11433,10693,2,30,6.666666666666667
11433,10693,3,24,8.333333333333332
11433,10693,4,28,14.285714285714285
11433,10693,5,28,3.571428571428571
11433,10693,6,24,20.833333333333336
11433,10693,7,32,9.375
11433,10721,1,43,30.23255813953488
11433,10721,2,38,10.526315789473683
11433,10721,3,30,16.666666666666664
11433,10721,4,35,52.94117647058824
11433,10721,5,35,25.71428571428571
11433,10721,6,28,14.285714285714285
11433,10721,7,35,37.142857142857146
11433,10792,1,8,12.5
11433,10792,2,8,0.0
11433,10792,3,6,33.33333333333333
11433,10792,4,7,0.0
11433,10792,5,7,14.285714285714285
11433,10792,6,11,9.090909090909092
11433,10792,7,7,14.285714285714285
11433,10821,1,38,10.526315789473683
11433,10821,2,33,9.090909090909092
11433,10821,3,26,3.8461538461538463
11433,10821,4,27,22.22222222222222
11433,10821,5,31,16.129032258064516
11433,10821,6,28,17.857142857142858
11433,10821,7,35,11.428571428571429
11433,10849,6,1,0.0
11433,10994,1,15,33.33333333333333
11433,10994,2,15,6.666666666666667
11433,10994,3,12,0.0
11433,10994,4,12,16.666666666666664
11433,10994,5,12,33.33333333333333
11433,10994,6,12,16.666666666666664
11433,10994,7,12,16.666666666666664
11433,11013,1,5,40.0
11433,11013,2,5,20.0
11433,11013,3,4,0.0
11433,11013,4,4,25.0
11433,11013,5,4,25.0
11433,11013,6,4,0.0
11433,11013,7,4,25.0
11433,11042,1,12,25.0
11433,11042,2,12,8.333333333333332
11433,11042,3,10,0.0
11433,11042,4,9,11.11111111111111
11433,11042,5,10,10.0
11433,11042,6,12,0.0
11433,11042,7,9,11.11111111111111
11433,11057,1,51,13.725490196078432
11433,11057,2,46,4.3478260869565215
11433,11057,3,36,16.666666666666664
11433,11057,4,43,4.651162790697675
11433,11057,5,39,12.82051282051282
11433,11057,6,24,8.333333333333332
11433,11057,7,44,18.181818181818183
11433,11066,1,17,5.88235294117647
11433,11066,2,16,6.25
11433,11066,3,13,7.6923076923076925
11433,11066,4,11,0.0
11433,11066,5,13,0.0
11433,11066,6,10,10.0
11433,11066,7,14,14.285714285714285
11433,11193,3,1,0.0
11433,11278,1,44,9.090909090909092
11433,11278,2,42,7.142857142857142
11433,11278,3,34,35.294117647058826
11433,11278,4,36,27.77777777777778
11433,11278,5,36,22.22222222222222
11433,11278,6,24,4.166666666666666
11433,11278,7,31,9.67741935483871
11433,11292,1,44,15.909090909090908
11433,11292,2,40,15.0
11433,11292,3,29,6.896551724137931
11433,11292,4,39,12.82051282051282
11433,11292,5,34,11.76470588235294
11433,11292,6,32,3.125
11433,11292,7,39,5.128205128205128
11433,11298,1,51,19.607843137254903
11433,11298,2,45,9.090909090909092
11433,11298,3,35,17.142857142857142
11433,11298,4,39,10.256410256410255
11433,11298,5,40,35.13513513513514
11433,11298,6,34,9.090909090909092
11433,11298,7,45,15.555555555555555
11433,11537,1,13,0.0
11433,11537,2,13,7.6923076923076925
11433,11537,3,10,10.0
11433,11537,4,11,9.090909090909092
11433,11537,5,11,18.181818181818183
11433,11537,6,8,0.0
11433,11537,7,11,18.181818181818183
11433,11587,1,5,20.0
11433,11587,2,5,0.0
11433,11587,3,4,0.0
11433,11587,4,4,25.0
11433,11587,5,4,0.0
11433,11587,6,4,0.0
11433,11587,7,4,0.0
11433,11618,1,63,14.285714285714285
11433,11618,2,62,14.516129032258066
11433,11618,3,50,8.0
11433,11618,4,50,28.000000000000004
11433,11618,5,50,16.666666666666664
11433,11618,6,35,18.181818181818183
11433,11618,7,49,14.583333333333334
11433,11697,1,29,17.24137931034483
11433,11697,2,25,0.0
11433,11697,3,20,5.0
11433,11697,4,23,17.391304347826086
11433,11697,5,23,8.695652173913043
11433,11697,6,24,8.333333333333332
11433,11697,7,23,17.391304347826086
11433,11823,1,10,20.0
11433,11823,2,10,10.0
11433,11823,3,8,0.0
11433,11823,4,8,12.5
11433,11823,5,8,25.0
11433,11823,6,8,0.0
11433,11823,7,8,25.0
11433,11977,1,4,25.0
11433,11977,2,3,33.33333333333333
11433,11977,3,2,50.0
11433,11977,4,3,33.33333333333333
11433,11977,5,3,33.33333333333333
11433,11977,6,5,0.0
11433,11977,7,4,25.0
11433,11986,1,15,20.0
11433,11986,2,15,13.333333333333334
11433,11986,3,13,7.6923076923076925
11433,11986,4,14,14.285714285714285
11433,11986,5,12,0.0
11433,11986,6,8,0.0
11433,11986,7,11,9.090909090909092
11433,11995,1,3,0.0
11433,11995,2,3,0.0
11433,11995,3,2,0.0
11433,11995,4,3,0.0
11433,11995,5,2,0.0
11433,11995,7,2,0.0
11433,11996,1,8,0.0
11433,11996,2,8,25.0
11433,11996,3,6,16.666666666666664
11433,11996,4,7,14.285714285714285
11433,11996,5,7,42.857142857142854
11433,11996,6,8,0.0
11433,11996,7,8,12.5
11433,12173,1,1,0.0
11433,12173,2,1,0.0
11433,12173,3,4,0.0
11433,12173,4,1,0.0
11433,12173,5,4,0.0
11433,12173,6,1,0.0
11433,12173,7,4,0.0
11433,12217,1,8,12.5
11433,12217,2,6,0.0
11433,12217,3,5,20.0
11433,12217,4,6,0.0
11433,12217,5,6,0.0
11433,12217,7,6,0.0
11433,12264,1,12,8.333333333333332
11433,12264,2,13,7.6923076923076925
11433,12264,3,7,14.285714285714285
11433,12264,4,12,16.666666666666664
11433,12264,5,12,8.333333333333332
11433,12264,6,10,0.0
11433,12264,7,13,23.076923076923077
11433,12266,1,32,3.125
11433,12266,2,28,0.0
11433,12266,3,23,17.391304347826086
11433,12266,4,27,11.11111111111111
11433,12266,5,26,7.6923076923076925
11433,12266,6,19,0.0
11433,12266,7,26,0.0
11433,12335,1,5,40.0
11433,12335,2,5,20.0
11433,12335,3,4,0.0
11433,12335,4,4,0.0
11433,12335,5,4,25.0
11433,12335,6,4,25.0
11433,12335,7,4,0.0
11433,12339,1,12,25.0
11433,12339,2,13,0.0
11433,12339,3,10,0.0
11433,12339,4,11,9.090909090909092
11433,12339,5,12,8.333333333333332
11433,12339,6,13,0.0
11433,12339,7,11,9.090909090909092
11433,12451,1,10,10.0
11433,12451,2,9,22.22222222222222
11433,12451,3,7,0.0
11433,12451,4,7,14.285714285714285
11433,12451,5,7,0.0
11433,12451,6,4,0.0
11433,12451,7,7,42.857142857142854
11433,12478,1,24,0.0
11433,12478,2,20,5.0
11433,12478,3,16,6.25
11433,12478,4,20,15.0
11433,12478,5,20,0.0
11433,12478,6,18,16.666666666666664
11433,12478,7,20,25.0
11433,12884,1,15,6.666666666666667
11433,12884,2,15,6.666666666666667
11433,12884,3,12,8.333333333333332
11433,12884,4,12,0.0
11433,12884,5,12,25.0
11433,12884,6,8,0.0
11433,12884,7,12,33.33333333333333
11433,12889,1,42,26.190476190476193
11433,12889,2,34,5.88235294117647
11433,12889,3,27,11.11111111111111
11433,12889,4,35,11.428571428571429
11433,12889,5,35,25.71428571428571
11433,12889,6,31,12.903225806451612
11433,12889,7,35,31.428571428571427
11433,12892,1,40,12.5
11433,12892,2,36,2.7777777777777777
11433,12892,3,29,6.896551724137931
11433,12892,4,32,12.5
11433,12892,5,32,12.5
11433,12892,6,28,14.285714285714285
11433,12892,7,32,21.875
11433,12945,1,8,12.5
11433,12945,2,8,0.0
11433,12945,3,7,0.0
11433,12945,4,8,0.0
11433,12945,5,9,11.11111111111111
11433,12945,6,8,12.5
11433,12945,7,8,37.5
11433,12953,1,63,17.46031746031746
11433,12953,2,63,9.523809523809524
11433,12953,3,51,15.686274509803921
11433,12953,4,52,30.0
11433,12953,5,52,5.88235294117647
11433,12953,6,36,16.666666666666664
11433,12953,7,48,22.916666666666664
11433,13029,5,1,0.0
11433,13184,1,20,10.0
11433,13184,2,20,15.0
11433,13184,3,16,6.25
11433,13184,4,16,18.75
11433,13184,5,16,6.25
11433,13184,6,12,0.0
11433,13184,7,16,18.75
11433,13198,1,18,11.11111111111111
11433,13198,2,18,16.666666666666664
11433,13198,3,14,14.285714285714285
11433,13198,4,15,6.666666666666667
11433,13198,5,15,26.666666666666668
11433,13198,6,12,25.0
11433,13198,7,15,6.666666666666667
11433,13204,1,46,17.391304347826086
11433,13204,2,35,5.714285714285714
11433,13204,3,28,7.142857142857142
11433,13204,4,36,11.11111111111111
11433,13204,5,36,16.666666666666664
11433,13204,6,33,9.090909090909092
11433,13204,7,36,22.22222222222222
11433,13230,5,1,0.0
11433,13230,7,1,100.0
11433,13232,1,25,16.0
11433,13232,2,25,16.0
11433,13232,3,20,10.0
11433,13232,4,20,15.0
11433,13232,5,19,10.526315789473683
11433,13232,6,21,19.047619047619047
11433,13232,7,20,15.0
11433,13244,1,18,22.22222222222222
11433,13244,2,18,11.11111111111111
11433,13244,3,14,28.57142857142857
11433,13244,4,15,0.0
11433,13244,5,15,20.0
11433,13244,6,11,18.181818181818183
11433,13244,7,14,21.428571428571427
11433,13303,1,20,20.0
11433,13303,2,20,5.0
11433,13303,3,16,6.25
11433,13303,4,16,12.5
11433,13303,5,16,0.0
11433,13303,6,16,18.75
11433,13303,7,16,12.5
11433,13342,1,21,4.761904761904762
11433,13342,2,17,5.88235294117647
11433,13342,3,14,14.285714285714285
11433,13342,4,16,0.0
11433,13342,5,16,6.25
11433,13342,6,12,16.666666666666664
11433,13342,7,16,18.75
11433,13459,1,5,0.0
11433,13459,2,5,0.0
11433,13459,3,4,25.0
11433,13459,4,4,25.0
11433,13459,5,4,0.0
11433,13459,6,4,25.0
11433,13459,7,4,0.0
11433,13485,1,14,14.285714285714285
11433,13485,2,14,14.285714285714285
11433,13485,3,11,27.27272727272727
11433,13485,4,13,15.384615384615385
11433,13485,5,13,23.076923076923077
11433,13485,6,7,14.285714285714285
11433,13485,7,15,0.0
11433,13487,1,26,15.384615384615385
11433,13487,2,26,15.384615384615385
11433,13487,3,20,30.0
11433,13487,4,20,50.0
11433,13487,5,20,30.0
11433,13487,6,20,5.0
11433,13487,7,20,15.0
11433,13495,1,10,10.0
11433,13495,2,5,20.0
11433,13495,3,5,0.0
11433,13495,4,8,12.5
11433,13495,5,8,12.5
11433,13495,6,8,12.5
11433,13495,7,8,37.5
11433,13577,1,6,0.0
11433,13577,2,6,0.0
11433,13577,3,5,0.0
11433,13577,4,8,25.0
11433,13577,5,4,25.0
11433,13577,6,5,20.0
11433,13577,7,8,12.5
11433,13851,4,1,0.0
11433,13851,5,4,25.0
11433,13851,7,1,0.0
11433,13871,1,20,5.0
11433,13871,2,18,11.11111111111111
11433,13871,3,14,7.142857142857142
11433,13871,4,15,6.666666666666667
11433,13871,5,15,13.333333333333334
11433,13871,6,12,8.333333333333332
11433,13871,7,15,13.333333333333334
11433,13930,1,85,9.411764705882353
11433,13930,2,81,16.049382716049383
11433,13930,3,64,20.3125
11433,13930,4,65,21.53846153846154
11433,13930,5,68,27.941176470588236
11433,13930,6,49,25.53191489361702
11433,13930,7,69,18.84057971014493
11433,13931,1,12,25.0
11433,13931,2,11,18.181818181818183
11433,13931,3,8,12.5
11433,13931,4,10,20.0
11433,13931,5,10,40.0
11433,13931,6,7,57.14285714285714
11433,13931,7,10,30.0
11433,14027,1,5,20.0
11433,14027,2,5,0.0
11433,14027,3,4,0.0
11433,14027,4,4,0.0
11433,14027,5,4,0.0
11433,14027,6,4,25.0
11433,14027,7,4,0.0
11433,14057,1,8,0.0
11433,14057,2,5,0.0
11433,14057,3,4,0.0
11433,14057,4,7,28.57142857142857
11433,14057,5,7,0.0
11433,14057,6,4,0.0
11433,14057,7,7,28.57142857142857
11433,14100,1,48,10.416666666666668
11433,14100,2,42,4.761904761904762
11433,14100,3,33,21.21212121212121
11433,14100,4,38,21.052631578947366
11433,14100,5,38,7.894736842105263
11433,14100,6,28,17.857142857142858
11433,14100,7,39,10.526315789473683
11433,14107,1,36,16.666666666666664
11433,14107,2,23,17.391304347826086
11433,14107,3,18,11.11111111111111
11433,14107,4,28,7.142857142857142
11433,14107,5,26,23.076923076923077
11433,14107,6,22,9.090909090909092
11433,14107,7,30,13.333333333333334
11433,14122,1,15,6.666666666666667
11433,14122,2,15,13.333333333333334
11433,14122,3,11,0.0
11433,14122,4,12,8.333333333333332
11433,14122,5,11,0.0
11433,14122,6,9,11.11111111111111
11433,14122,7,12,25.0
11433,14150,1,10,20.0
11433,14150,2,10,0.0
11433,14150,3,8,12.5
11433,14150,4,8,25.0
11433,14150,5,8,12.5
11433,14150,6,8,0.0
11433,14150,7,8,12.5
11433,14193,1,1,0.0
11433,14193,5,4,25.0
11433,14193,6,4,0.0
11433,14193,7,4,0.0
11433,14307,1,15,20.0
11433,14307,2,14,7.142857142857142
11433,14307,3,11,9.090909090909092
11433,14307,4,11,27.27272727272727
11433,14307,5,11,18.181818181818183
11433,14307,6,8,0.0
11433,14307,7,12,16.666666666666664
11433,14321,1,10,0.0
11433,14321,2,10,10.0
11433,14321,3,8,12.5
11433,14321,4,8,12.5
11433,14321,5,8,12.5
11433,14321,6,8,25.0
11433,14321,7,8,37.5
11433,14492,1,26,15.384615384615385
11433,14492,2,19,0.0
11433,14492,3,15,6.666666666666667
11433,14492,4,19,15.789473684210526
11433,14492,5,19,0.0
11433,14492,6,12,25.0
11433,14492,7,20,10.0
11433,14524,1,13,23.076923076923077
11433,14524,2,13,15.384615384615385
11433,14524,3,10,10.0
11433,14524,4,11,9.090909090909092
11433,14524,5,11,0.0
11433,14524,6,8,0.0
11433,14524,7,11,9.090909090909092
11433,14576,1,5,0.0
11433,14576,2,5,0.0
11433,14576,3,4,25.0
11433,14576,4,4,25.0
11433,14576,5,4,0.0
11433,14576,6,4,0.0
11433,14576,7,4,0.0
11433,14635,1,15,6.666666666666667
11433,14635,2,11,9.090909090909092
11433,14635,3,9,0.0
11433,14635,4,12,25.0
11433,14635,5,12,0.0
11433,14635,6,8,0.0
11433,14635,7,12,25.0
11433,14679,1,23,22.727272727272727
11433,14679,2,17,17.647058823529413
11433,14679,3,13,7.6923076923076925
11433,14679,4,18,41.17647058823529
11433,14679,5,18,16.666666666666664
11433,14679,6,11,0.0
11433,14679,7,19,21.052631578947366
11433,14683,1,15,13.333333333333334
11433,14683,2,14,7.142857142857142
11433,14683,3,11,18.181818181818183
11433,14683,4,11,9.090909090909092
11433,14683,5,11,27.27272727272727
11433,14683,6,8,0.0
11433,14683,7,12,25.0
11433,14685,1,10,10.0
11433,14685,2,9,0.0
11433,14685,3,7,0.0
11433,14685,4,7,14.285714285714285
11433,14685,5,7,14.285714285714285
11433,14685,6,7,0.0
11433,14685,7,8,25.0
11433,14696,1,10,30.0
11433,14696,2,10,10.0
11433,14696,3,8,0.0
11433,14696,4,8,25.0
11433,14696,5,8,25.0
11433,14696,6,8,0.0
11433,14696,7,8,50.0
11433,14730,1,12,8.333333333333332
11433,14730,2,12,8.333333333333332
11433,14730,3,10,0.0
11433,14730,4,9,0.0
11433,14730,5,9,11.11111111111111
11433,14730,6,12,0.0
11433,14730,7,9,0.0
11433,14747,1,30,3.3333333333333335
11433,14747,2,30,3.3333333333333335
11433,14747,3,24,8.333333333333332
11433,14747,4,24,25.0
11433,14747,5,24,16.666666666666664
11433,14747,6,20,15.0
11433,14747,7,24,4.166666666666666
11433,14771,1,25,0.0
11433,14771,2,24,0.0
11433,14771,3,19,15.789473684210526
11433,14771,4,19,10.526315789473683
11433,14771,5,19,10.526315789473683
11433,14771,6,19,0.0
11433,14771,7,20,10.0
11433,14831,1,1,0.0
11433,14831,2,1,0.0
11433,14831,3,1,0.0
11433,14831,4,1,0.0
11433,14831,5,1,0.0
11433,14831,6,1,0.0
11433,14831,7,1,0.0
11433,14843,1,5,20.0
11433,14843,3,1,0.0
11433,14843,4,4,50.0
11433,14843,5,3,0.0
11433,14843,6,4,25.0
11433,14843,7,4,25.0
11433,14869,1,21,9.523809523809524
11433,14869,2,20,0.0
11433,14869,3,17,17.647058823529413
11433,14869,4,16,6.25
11433,14869,5,17,5.88235294117647
11433,14869,6,16,0.0
11433,14869,7,16,12.5
11433,14893,1,5,20.0
11433,14893,2,5,0.0
11433,14893,3,4,0.0
11433,14893,4,4,0.0
11433,14893,5,4,0.0
11433,14893,6,4,0.0
11433,14893,7,4,0.0
11433,14908,1,6,16.666666666666664
11433,14908,2,5,0.0
11433,14908,3,5,0.0
11433,14908,4,4,0.0
11433,14908,5,4,50.0
11433,14908,6,3,0.0
11433,14908,7,4,0.0
11433,15016,1,29,0.0
11433,15016,2,23,0.0
11433,15016,3,18,11.11111111111111
11433,15016,4,23,13.043478260869565
11433,15016,5,20,20.0
11433,15016,6,16,6.25
11433,15016,7,19,10.526315789473683
11433,15096,1,5,20.0
11433,15096,2,5,0.0
11433,15096,3,4,25.0
11433,15096,4,4,25.0
11433,15096,5,4,0.0
11433,15096,6,4,0.0
11433,15096,7,4,50.0
11433,15304,1,28,7.142857142857142
11433,15304,2,20,5.0
11433,15304,3,16,0.0
11433,15304,4,23,4.3478260869565215
11433,15304,5,23,8.695652173913043
11433,15304,6,16,0.0
11433,15304,7,23,0.0
11433,15380,1,16,0.0
11433,15380,2,16,18.75
11433,15380,3,13,0.0
11433,15380,4,13,30.76923076923077
11433,15380,5,13,0.0
11433,15380,6,12,8.333333333333332
11433,15380,7,13,15.384615384615385
11433,15624,6,1,0.0
11433,15919,5,1,0.0
11433,15919,7,1,0.0
11447,11292,1,10,30.0
11447,11292,2,5,40.0
11447,11292,3,8,12.5
11447,11292,4,8,25.0
11447,11292,5,8,37.5
11447,11292,6,4,25.0
11447,11292,7,8,12.5
11468,11292,1,10,0.0
11468,11292,2,5,20.0
11468,11292,3,4,0.0
11468,11292,4,8,12.5
11468,11292,5,8,37.5
11468,11292,6,8,12.5
11468,11292,7,8,0.0
11471,13930,1,10,10.0
11471,13930,2,5,0.0
11471,13930,3,4,0.0
11471,13930,4,8,0.0
11471,13930,5,8,25.0
11471,13930,6,7,16.666666666666664
11471,13930,7,8,25.0
11481,10397,1,33,21.21212121212121
11481,10397,2,30,6.666666666666667
11481,10397,3,24,4.166666666666666
11481,10397,4,27,11.11111111111111
11481,10397,5,27,11.11111111111111
11481,10397,6,24,4.166666666666666
11481,10397,7,27,14.814814814814813
11481,10423,1,10,10.0
11481,10423,2,5,20.0
11481,10423,3,4,25.0
11481,10423,4,8,25.0
11481,10423,5,8,25.0
11481,10423,6,8,12.5
11481,10423,7,8,0.0
11481,10693,1,15,0.0
11481,10693,2,15,0.0
11481,10693,3,12,0.0
11481,10693,4,12,8.333333333333332
11481,10693,5,12,8.333333333333332
11481,10693,6,12,0.0
11481,10693,7,12,0.0
11481,10821,6,4,0.0
11481,11057,1,12,8.333333333333332
11481,11057,2,11,9.090909090909092
11481,11057,3,8,0.0
11481,11057,4,11,18.181818181818183
11481,11057,5,8,0.0
11481,11057,6,8,0.0
11481,11057,7,12,8.333333333333332
11481,11259,1,10,10.0
11481,11259,2,5,20.0
11481,11259,3,4,25.0
11481,11259,4,8,0.0
11481,11259,5,8,0.0
11481,11259,6,8,25.0
11481,11259,7,8,0.0
11481,11278,1,5,0.0
11481,11278,2,5,20.0
11481,11278,3,4,25.0
11481,11278,4,4,50.0
11481,11278,5,4,25.0
11481,11278,6,4,0.0
11481,11278,7,4,0.0
11481,11292,6,8,0.0
11481,11298,1,16,18.75
11481,11298,2,16,0.0
11481,11298,3,12,33.33333333333333
11481,11298,4,12,16.666666666666664
11481,11298,5,12,9.090909090909092
11481,11298,6,12,16.666666666666664
11481,11298,7,12,8.333333333333332
11481,12191,1,5,20.0
11481,12191,2,5,0.0
11481,12191,3,4,0.0
11481,12191,4,4,0.0
11481,12191,5,4,0.0
11481,12191,6,4,0.0
11481,12191,7,4,0.0
11481,13198,6,4,50.0
11481,13198,7,4,0.0
11481,13232,1,5,20.0
11481,13232,4,4,0.0
11481,13232,5,4,0.0
11481,13232,6,4,25.0
11481,13232,7,4,25.0
11481,13930,1,5,0.0
11481,13930,2,5,20.0
11481,13930,3,4,0.0
11481,13930,4,4,0.0
11481,13930,5,4,0.0
11481,13930,6,4,25.0
11481,13930,7,4,0.0
11481,14100,1,1,100.0
11481,14100,2,1,0.0
11481,15016,1,5,20.0
11481,15016,2,5,0.0
11481,15016,3,4,25.0
11481,15016,4,4,0.0
11481,15016,5,4,25.0
11481,15016,6,8,12.5
11481,15016,7,4,0.0
11503,11292,1,15,26.666666666666668
11503,11292,2,15,20.0
11503,11292,3,12,16.666666666666664
11503,11292,4,12,16.666666666666664
11503,11292,5,12,33.33333333333333
11503,11292,6,12,25.0
11503,11292,7,12,8.333333333333332
11503,11298,1,11,27.27272727272727
11503,11298,2,11,45.45454545454545
11503,11298,3,8,37.5
11503,11298,4,8,25.0
11503,11298,5,8,28.57142857142857
11503,11298,6,8,28.57142857142857
11503,11298,7,8,12.5
11503,13930,6,3,33.33333333333333
11503,13930,7,3,33.33333333333333
11525,14869,1,8,0.0
11525,14869,2,5,0.0
11525,14869,3,4,0.0
11525,14869,4,8,0.0
11525,14869,5,8,0.0
11525,14869,6,5,0.0
11525,14869,7,8,0.0
11537,11433,1,13,0.0
11537,11433,2,13,0.0
11537,11433,3,10,0.0
11537,11433,4,11,0.0
11537,11433,5,11,9.090909090909092
11537,11433,6,8,12.5
11537,11433,7,11,0.0
11537,14112,4,4,0.0
11537,14112,7,4,25.0
11537,14761,1,5,0.0
11537,14761,5,4,50.0
11540,10397,1,10,10.0
11540,10397,2,10,0.0
11540,10397,3,8,12.5
11540,10397,4,8,0.0
11540,10397,5,8,0.0
11540,10397,6,8,0.0
11540,10397,7,8,0.0
11540,10423,1,15,0.0
11540,10423,2,15,13.333333333333334
11540,10423,3,12,0.0
11540,10423,4,12,8.333333333333332
11540,10423,5,12,16.666666666666664
11540,10423,6,8,25.0
11540,10423,7,12,16.666666666666664
11540,11259,1,25,4.0
11540,11259,2,25,8.0
11540,11259,3,20,15.0
11540,11259,4,20,5.0
11540,11259,5,20,30.0
11540,11259,6,16,25.0
11540,11259,7,20,5.0
11540,11292,1,25,20.0
11540,11292,2,20,20.0
11540,11292,3,20,10.0
11540,11292,4,20,40.0
11540,11292,5,20,45.0
11540,11292,6,16,12.5
11540,11292,7,20,5.0
11540,11298,1,31,23.333333333333332
11540,11298,2,30,13.793103448275861
11540,11298,3,24,29.166666666666668
11540,11298,4,27,14.814814814814813
11540,11298,5,24,21.73913043478261
11540,11298,6,24,28.57142857142857
11540,11298,7,28,32.142857142857146
11540,12191,1,15,6.666666666666667
11540,12191,2,10,0.0
11540,12191,3,8,12.5
11540,12191,4,12,8.333333333333332
11540,12191,5,12,25.0
11540,12191,6,12,8.333333333333332
11540,12191,7,12,25.0
11540,12266,1,2,0.0
11540,12266,4,1,0.0
11540,12266,5,1,100.0
11540,12889,1,20,5.0
11540,12889,2,10,20.0
11540,12889,3,8,12.5
11540,12889,4,16,25.0
11540,12889,5,16,37.5
11540,12889,6,16,6.25
11540,12889,7,16,0.0
11540,12892,1,15,0.0
11540,12892,2,15,13.333333333333334
11540,12892,3,12,0.0
11540,12892,4,12,0.0
11540,12892,5,12,25.0
11540,12892,6,12,0.0
11540,12892,7,12,16.666666666666664
11540,12954,1,5,20.0
11540,12954,4,4,0.0
11540,12954,5,4,75.0
11540,12954,7,4,50.0
11540,13232,1,5,0.0
11540,13232,2,5,0.0
11540,13232,3,4,0.0
11540,13232,4,4,0.0
11540,13232,5,4,0.0
11540,13232,6,4,50.0
11540,13232,7,4,0.0
11540,13930,1,10,10.0
11540,13930,2,10,30.0
11540,13930,3,8,12.5
11540,13930,4,8,25.0
11540,13930,5,8,0.0
11540,13930,6,8,37.5
11540,13930,7,8,0.0
11540,14107,1,40,20.0
11540,14107,2,30,13.333333333333334
11540,14107,3,24,4.166666666666666
11540,14107,4,31,29.03225806451613
11540,14107,5,28,24.0
11540,14107,6,12,9.090909090909092
11540,14107,7,28,14.285714285714285
11540,14679,1,5,20.0
11540,14679,2,5,20.0
11540,14679,3,4,25.0
11540,14679,4,4,25.0
11540,14679,5,4,0.0
11540,14679,6,4,0.0
11540,14679,7,4,0.0
11540,14683,1,15,6.666666666666667
11540,14683,2,10,0.0
11540,14683,3,8,12.5
11540,14683,4,12,0.0
11540,14683,5,12,8.333333333333332
11540,14683,6,4,0.0
11540,14683,7,12,8.333333333333332
11587,11433,1,5,0.0
11587,11433,2,5,20.0
11587,11433,3,4,0.0
11587,11433,4,4,0.0
11587,11433,5,4,0.0
11587,11433,6,4,0.0
11587,11433,7,4,25.0
11587,13487,1,5,0.0
11587,13487,2,2,0.0
11587,13487,3,4,0.0
11587,13487,4,4,0.0
11587,13487,5,4,25.0
11587,13487,7,4,0.0
11603,10466,1,5,0.0
11603,10466,5,4,25.0
11603,11292,1,20,35.0
11603,11292,2,20,15.0
11603,11292,3,16,18.75
11603,11292,4,16,18.75
11603,11292,5,16,18.75
11603,11292,6,12,9.090909090909092
11603,11292,7,16,18.75
11603,12889,1,5,20.0
11603,12889,2,5,40.0
11603,12889,3,4,0.0
11603,12889,4,8,25.0
11603,12889,5,4,25.0
11603,12889,6,4,0.0
11603,12889,7,8,25.0
11603,12892,1,5,20.0
11603,12892,2,5,20.0
11603,12892,3,4,25.0
11603,12892,4,4,50.0
11603,12892,5,4,75.0
11603,12892,6,4,25.0
11603,12892,7,4,25.0
11603,13230,5,1,100.0
11603,13796,1,5,0.0
11603,13796,2,5,20.0
11603,13796,3,4,0.0
11603,13796,4,4,0.0
11603,13796,5,4,0.0
11603,13796,6,4,0.0
11603,13796,7,4,0.0
11603,13851,7,1,100.0
11603,14057,1,5,20.0
11603,14057,2,5,20.0
11603,14057,3,4,0.0
11603,14057,4,4,0.0
11603,14057,5,4,0.0
11603,14057,6,4,0.0
11603,14057,7,4,0.0
11603,14107,1,5,0.0
11603,14107,2,5,0.0
11603,14107,3,4,0.0
11603,14107,4,4,25.0
11603,14107,5,4,25.0
11603,14107,6,4,50.0
11603,14107,7,5,40.0
11603,14679,1,5,25.0
11603,14679,2,5,0.0
11603,14679,3,4,0.0
11603,14679,4,4,50.0
11603,14679,5,4,0.0
11603,14679,6,4,0.0
11603,14679,7,4,0.0
11603,14747,1,35,8.571428571428571
11603,14747,2,35,2.857142857142857
11603,14747,3,28,10.714285714285714
11603,14747,4,28,14.814814814814813
11603,14747,5,28,10.714285714285714
11603,14747,6,28,7.142857142857142
11603,14747,7,28,7.142857142857142
11603,14771,1,15,6.666666666666667
11603,14771,2,15,21.428571428571427
11603,14771,3,12,9.090909090909092
11603,14771,4,12,8.333333333333332
11603,14771,5,12,25.0
11603,14771,6,12,25.0
11603,14771,7,12,33.33333333333333
11603,14831,1,5,0.0
11603,14831,4,4,25.0
11603,14831,5,4,0.0
11603,14831,7,4,25.0
11603,14869,1,10,0.0
11603,14869,2,10,0.0
11603,14869,3,8,0.0
11603,14869,4,8,0.0
11603,14869,5,8,0.0
11603,14869,6,8,0.0
11603,14869,7,8,12.5
11603,14893,1,5,0.0
11603,14893,2,5,0.0
11603,14893,3,4,0.0
11603,14893,4,4,0.0
11603,14893,5,4,0.0
11603,14893,6,4,0.0
11603,14893,7,4,0.0
11612,11298,1,15,20.0
11612,11298,2,15,6.666666666666667
11612,11298,3,12,16.666666666666664
11612,11298,4,12,8.333333333333332
11612,11298,5,12,0.0
11612,11298,6,12,8.333333333333332
11612,11298,7,12,8.333333333333332
11612,13930,1,10,0.0
11612,13930,2,10,10.0
11612,13930,3,7,0.0
11612,13930,4,7,0.0
11612,13930,5,8,12.5
11612,13930,6,7,28.57142857142857
11612,13930,7,8,12.5
11612,14112,4,4,25.0
11612,14112,7,4,50.0
11612,14761,4,4,25.0
11612,14761,6,1,0.0
11612,14761,7,4,50.0
11612,15624,1,1,0.0
11617,11057,1,6,0.0
11617,11057,2,6,16.666666666666664
11617,11057,3,4,25.0
11617,11057,4,4,0.0
11617,11057,5,4,0.0
11617,11057,6,4,0.0
11617,11057,7,4,0.0
11618,10299,1,1,0.0
11618,10397,1,90,13.333333333333334
11618,10397,2,88,10.227272727272728
11618,10397,3,70,11.428571428571429
11618,10397,4,72,19.718309859154928
11618,10397,5,72,12.676056338028168
11618,10397,6,56,37.5
11618,10397,7,72,15.277777777777779
11618,10423,1,28,10.714285714285714
11618,10423,2,26,0.0
11618,10423,3,21,23.809523809523807
11618,10423,4,24,25.0
11618,10423,5,24,4.3478260869565215
11618,10423,6,13,23.076923076923077
11618,10423,7,24,12.5
11618,10431,4,4,0.0
11618,10431,7,4,0.0
11618,10581,1,14,7.142857142857142
11618,10581,2,13,7.6923076923076925
11618,10581,3,12,16.666666666666664
11618,10581,4,11,18.181818181818183
11618,10581,5,10,0.0
11618,10581,6,10,37.5
11618,10581,7,11,9.090909090909092
11618,10599,1,5,20.0
11618,10599,5,4,50.0
11618,10693,1,32,25.0
11618,10693,2,29,6.896551724137931
11618,10693,3,24,16.666666666666664
11618,10693,4,27,29.629629629629626
11618,10693,5,27,26.923076923076923
11618,10693,6,16,31.25
11618,10693,7,27,7.4074074074074066
11618,10721,1,58,36.206896551724135
11618,10721,2,59,38.983050847457626
11618,10721,3,48,50.0
11618,10721,4,47,59.523809523809526
11618,10721,5,47,52.17391304347826
11618,10721,6,31,37.93103448275862
11618,10721,7,46,50.0
11618,10732,1,5,20.0
11618,10732,2,5,40.0
11618,10732,3,4,25.0
11618,10732,4,4,0.0
11618,10732,5,4,0.0
11618,10732,6,4,50.0
11618,10732,7,4,50.0
11618,10785,1,15,0.0
11618,10785,2,16,0.0
11618,10785,3,12,0.0
11618,10785,4,13,23.076923076923077
11618,10785,5,13,0.0
11618,10785,6,8,28.57142857142857
11618,10785,7,13,7.6923076923076925
11618,10792,1,1,0.0
11618,10792,2,1,100.0
11618,10792,4,1,100.0
11618,10792,5,1,0.0
11618,10792,6,1,0.0
11618,10792,7,1,0.0
11618,10849,1,9,0.0
11618,10849,2,9,0.0
11618,10849,3,8,0.0
11618,10849,4,7,0.0
11618,10849,5,7,0.0
11618,10849,6,7,14.285714285714285
11618,10849,7,7,0.0
11618,10868,2,1,0.0
11618,10868,4,4,0.0
11618,10868,7,4,0.0
11618,10980,1,5,20.0
11618,10980,5,3,0.0
11618,10994,1,20,10.0
11618,10994,2,15,20.0
11618,10994,3,12,8.333333333333332
11618,10994,4,16,6.25
11618,10994,5,16,18.75
11618,10994,6,8,0.0
11618,10994,7,16,12.5
11618,11042,1,30,20.0
11618,11042,2,30,16.666666666666664
11618,11042,3,24,20.833333333333336
11618,11042,4,24,34.78260869565217
11618,11042,5,24,20.833333333333336
11618,11042,6,16,25.0
11618,11042,7,24,8.333333333333332
11618,11057,1,47,17.02127659574468
11618,11057,2,46,0.0
11618,11057,3,36,11.11111111111111
11618,11057,4,42,26.190476190476193
11618,11057,5,36,11.11111111111111
11618,11057,6,28,30.76923076923077
11618,11057,7,44,11.627906976744185
11618,11066,1,37,13.513513513513514
11618,11066,2,34,2.941176470588235
11618,11066,3,28,7.142857142857142
11618,11066,4,27,16.666666666666664
11618,11066,5,31,20.0
11618,11066,6,16,30.76923076923077
11618,11066,7,27,7.4074074074074066
11618,11193,1,4,0.0
11618,11193,2,4,0.0
11618,11193,3,3,33.33333333333333
11618,11193,4,3,33.33333333333333
11618,11193,5,4,0.0
11618,11193,6,3,33.33333333333333
11618,11193,7,3,0.0
11618,11278,1,2,0.0
11618,11278,2,2,0.0
11618,11278,4,2,0.0
11618,11278,5,2,0.0
11618,11278,7,1,0.0
11618,11292,1,51,5.88235294117647
11618,11292,2,50,16.0
11618,11292,3,40,15.0
11618,11292,4,41,20.0
11618,11292,5,40,10.0
11618,11292,6,36,25.71428571428571
11618,11292,7,40,7.5
11618,11298,1,50,20.0
11618,11298,2,49,8.16326530612245
11618,11298,3,38,15.789473684210526
11618,11298,4,40,20.0
11618,11298,5,40,25.0
11618,11298,6,31,24.137931034482758
11618,11298,7,40,17.5
11618,11423,1,5,0.0
11618,11423,5,4,0.0
11618,11433,1,63,12.698412698412698
11618,11433,2,62,11.29032258064516
11618,11433,3,50,10.0
11618,11433,4,50,26.0
11618,11433,5,50,12.5
11618,11433,6,35,24.242424242424242
11618,11433,7,49,16.666666666666664
11618,11624,1,5,0.0
11618,11624,2,5,0.0
11618,11624,3,4,0.0
11618,11624,4,4,0.0
11618,11624,5,4,0.0
11618,11624,6,4,25.0
11618,11624,7,4,0.0
11618,11697,1,52,20.0
11618,11697,2,48,14.583333333333334
11618,11697,3,36,13.88888888888889
11618,11697,4,41,20.0
11618,11697,5,41,19.51219512195122
11618,11697,6,33,22.58064516129032
11618,11697,7,41,10.0
11618,11721,1,1,0.0
11618,11986,1,14,0.0
11618,11986,2,15,0.0
11618,11986,3,12,8.333333333333332
11618,11986,4,12,8.333333333333332
11618,11986,5,12,16.666666666666664
11618,11986,6,8,14.285714285714285
11618,11986,7,12,0.0
11618,11995,1,1,0.0
11618,11995,4,1,100.0
11618,11995,5,1,0.0
11618,11995,7,1,0.0
11618,11996,1,15,0.0
11618,11996,2,15,13.333333333333334
11618,11996,3,12,8.333333333333332
11618,11996,4,12,16.666666666666664
11618,11996,5,12,0.0
11618,11996,6,8,28.57142857142857
11618,11996,7,12,0.0
11618,12124,1,5,0.0
11618,12124,2,5,0.0
11618,12124,3,4,25.0
11618,12124,4,4,0.0
11618,12124,5,4,25.0
11618,12124,6,4,0.0
11618,12124,7,4,25.0
11618,12264,1,20,15.0
11618,12264,2,20,30.0
11618,12264,3,16,25.0
11618,12264,4,16,43.75
11618,12264,5,16,25.0
11618,12264,6,17,23.52941176470588
11618,12264,7,17,11.76470588235294
11618,12266,1,55,10.909090909090908
11618,12266,2,55,7.2727272727272725
11618,12266,3,40,17.5
11618,12266,4,45,20.0
11618,12266,5,44,6.8181818181818175
11618,12266,6,44,18.181818181818183
11618,12266,7,44,9.090909090909092
11618,12339,1,34,8.823529411764707
11618,12339,2,34,5.88235294117647
11618,12339,3,28,21.428571428571427
11618,12339,4,27,24.0
11618,12339,5,27,7.4074074074074066
11618,12339,6,20,27.77777777777778
11618,12339,7,29,10.344827586206897
11618,12441,1,4,0.0
11618,12441,4,3,0.0
11618,12441,5,3,66.66666666666666
11618,12441,6,3,0.0
11618,12441,7,3,0.0
11618,12451,1,16,0.0
11618,12451,2,15,6.666666666666667
11618,12451,3,12,16.666666666666664
11618,12451,4,12,16.666666666666664
11618,12451,5,12,0.0
11618,12451,6,8,50.0
11618,12451,7,12,8.333333333333332
11618,12889,1,40,5.0
11618,12889,2,40,15.0
11618,12889,3,32,6.25
11618,12889,4,32,18.75
11618,12889,5,32,22.58064516129032
11618,12889,6,28,17.857142857142858
11618,12889,7,32,12.5
11618,12892,1,80,18.75
11618,12892,2,76,17.105263157894736
11618,12892,3,60,20.0
11618,12892,4,63,25.423728813559322
11618,12892,5,64,25.0
11618,12892,6,59,29.310344827586203
11618,12892,7,64,32.8125
11618,13198,1,10,10.0
11618,13198,2,10,0.0
11618,13198,3,8,0.0
11618,13198,4,8,25.0
11618,13198,5,8,0.0
11618,13198,6,4,0.0
11618,13198,7,8,0.0
11618,13204,1,86,12.790697674418606
11618,13204,2,82,9.876543209876543
11618,13204,3,66,22.727272727272727
11618,13204,4,69,23.88059701492537
11618,13204,5,68,14.925373134328357
11618,13204,6,60,16.94915254237288
11618,13204,7,68,10.294117647058822
11618,13244,1,10,30.0
11618,13244,2,10,20.0
11618,13244,3,8,25.0
11618,13244,4,8,25.0
11618,13244,5,8,25.0
11618,13244,6,4,33.33333333333333
11618,13244,7,8,25.0
11618,13303,1,49,16.3265306122449
11618,13303,2,46,13.043478260869565
11618,13303,3,36,16.666666666666664
11618,13303,4,40,22.5
11618,13303,5,40,25.0
11618,13303,6,32,31.25
11618,13303,7,40,28.205128205128204
11618,13342,1,15,20.0
11618,13342,2,15,6.666666666666667
11618,13342,3,12,16.666666666666664
11618,13342,4,12,36.36363636363637
11618,13342,5,12,8.333333333333332
11618,13342,6,5,0.0
11618,13342,7,12,8.333333333333332
11618,13485,1,5,20.0
11618,13485,2,5,0.0
11618,13485,3,4,25.0
11618,13485,4,4,66.66666666666666
11618,13485,5,4,25.0
11618,13485,6,4,50.0
11618,13485,7,4,25.0
11618,13487,1,35,14.285714285714285
11618,13487,2,35,11.428571428571429
11618,13487,3,28,10.714285714285714
11618,13487,4,28,28.57142857142857
11618,13487,5,28,28.57142857142857
11618,13487,6,21,23.809523809523807
11618,13487,7,28,17.857142857142858
11618,13495,1,11,18.181818181818183
11618,13495,2,11,0.0
11618,13495,3,8,12.5
11618,13495,4,13,46.15384615384615
11618,13495,5,9,0.0
11618,13495,6,9,22.22222222222222
11618,13495,7,13,23.076923076923077
11618,13577,1,20,10.0
11618,13577,2,16,12.5
11618,13577,3,13,7.6923076923076925
11618,13577,4,16,18.75
11618,13577,5,16,18.75
11618,13577,6,16,20.0
11618,13577,7,16,18.75
11618,13930,1,82,14.634146341463413
11618,13930,2,80,13.750000000000002
11618,13930,3,63,19.047619047619047
11618,13930,4,63,20.967741935483872
11618,13930,5,65,22.22222222222222
11618,13930,6,55,39.62264150943396
11618,13930,7,66,12.307692307692308
11618,13931,1,6,33.33333333333333
11618,13931,2,6,33.33333333333333
11618,13931,3,4,25.0
11618,13931,4,5,25.0
11618,13931,5,4,50.0
11618,13931,6,4,50.0
11618,13931,7,5,20.0
11618,14027,1,35,14.285714285714285
11618,14027,2,36,13.88888888888889
11618,14027,3,28,3.571428571428571
11618,14027,4,28,39.285714285714285
11618,14027,5,28,10.714285714285714
11618,14027,6,20,25.0
11618,14027,7,28,21.428571428571427
11618,14057,1,15,0.0
11618,14057,2,15,13.333333333333334
11618,14057,3,12,16.666666666666664
11618,14057,4,12,27.27272727272727
11618,14057,5,12,8.333333333333332
11618,14057,6,12,8.333333333333332
11618,14057,7,12,8.333333333333332
11618,14107,1,35,11.428571428571429
11618,14107,2,30,6.666666666666667
11618,14107,3,24,25.0
11618,14107,4,27,19.230769230769234
11618,14107,5,24,30.434782608695656
11618,14107,6,20,36.84210526315789
11618,14107,7,28,10.714285714285714
11618,14122,1,31,12.903225806451612
11618,14122,2,30,10.0
11618,14122,3,24,25.0
11618,14122,4,28,28.000000000000004
11618,14122,5,24,4.3478260869565215
11618,14122,6,18,18.75
11618,14122,7,28,17.857142857142858
11618,14321,1,21,4.761904761904762
11618,14321,2,21,9.523809523809524
11618,14321,3,16,6.25
11618,14321,4,17,18.75
11618,14321,5,16,18.75
11618,14321,6,9,37.5
11618,14321,7,17,11.76470588235294
11618,14492,1,26,19.230769230769234
11618,14492,2,21,9.523809523809524
11618,14492,3,16,18.75
11618,14492,4,21,23.809523809523807
11618,14492,5,20,26.31578947368421
11618,14492,6,16,25.0
11618,14492,7,21,10.0
11618,14524,1,5,0.0
11618,14524,2,5,0.0
11618,14524,3,4,0.0
11618,14524,4,4,0.0
11618,14524,5,5,0.0
11618,14524,6,1,0.0
11618,14524,7,4,0.0
11618,14570,1,1,0.0
11618,14576,1,9,11.11111111111111
11618,14576,2,9,0.0
11618,14576,3,8,12.5
11618,14576,4,7,0.0
11618,14576,5,7,14.285714285714285
11618,14576,6,6,20.0
11618,14576,7,10,0.0
11618,14635,1,21,19.047619047619047
11618,14635,2,17,11.76470588235294
11618,14635,3,12,16.666666666666664
11618,14635,4,17,29.411764705882355
11618,14635,5,17,0.0
11618,14635,6,16,50.0
11618,14635,7,17,11.76470588235294
11618,14679,1,25,8.0
11618,14679,2,25,8.0
11618,14679,3,20,5.0
11618,14679,4,20,35.0
11618,14679,5,20,5.0
11618,14679,6,13,8.333333333333332
11618,14679,7,20,25.0
11618,14683,1,6,16.666666666666664
11618,14683,2,6,0.0
11618,14683,3,4,0.0
11618,14683,4,5,0.0
11618,14683,5,5,0.0
11618,14683,6,4,25.0
11618,14683,7,4,0.0
11618,14685,1,17,5.88235294117647
11618,14685,2,16,12.5
11618,14685,3,12,8.333333333333332
11618,14685,4,13,7.6923076923076925
11618,14685,5,13,23.076923076923077
11618,14685,6,12,25.0
11618,14685,7,12,16.666666666666664
11618,14696,5,2,0.0
11618,14730,1,11,0.0
11618,14730,2,11,18.181818181818183
11618,14730,3,8,12.5
11618,14730,4,9,25.0
11618,14730,5,9,11.11111111111111
11618,14730,6,6,20.0
11618,14730,7,9,0.0
11618,14747,1,40,7.6923076923076925
11618,14747,2,38,10.526315789473683
11618,14747,3,32,3.125
11618,14747,4,31,35.483870967741936
11618,14747,5,31,6.451612903225806
11618,14747,6,24,29.166666666666668
11618,14747,7,31,6.666666666666667
11618,14771,1,60,21.666666666666668
11618,14771,2,61,26.666666666666668
11618,14771,3,48,20.833333333333336
11618,14771,4,49,28.26086956521739
11618,14771,5,49,24.489795918367346
11618,14771,6,44,30.23255813953488
11618,14771,7,46,17.391304347826086
11618,14843,1,26,26.923076923076923
11618,14843,2,26,19.230769230769234
11618,14843,3,20,30.0
11618,14843,4,20,20.0
11618,14843,5,20,20.0
11618,14843,6,20,35.0
11618,14843,7,20,30.0
11618,14869,1,15,0.0
11618,14869,2,15,0.0
11618,14869,3,12,0.0
11618,14869,4,12,16.666666666666664
11618,14869,5,12,16.666666666666664
11618,14869,6,12,25.0
11618,14869,7,12,8.333333333333332
11618,14893,1,5,20.0
11618,14893,2,5,20.0
11618,14893,3,4,0.0
11618,14893,4,4,33.33333333333333
11618,14893,5,4,25.0
11618,14893,6,4,50.0
11618,14893,7,4,0.0
11618,14908,1,15,13.333333333333334
11618,14908,2,15,0.0
11618,14908,3,12,16.666666666666664
11618,14908,4,12,16.666666666666664
11618,14908,5,12,8.333333333333332
11618,14908,6,12,16.666666666666664
11618,14908,7,12,25.0
11618,14986,1,10,0.0
11618,14986,2,10,40.0
11618,14986,3,8,0.0
11618,14986,4,8,25.0
11618,14986,5,8,12.5
11618,14986,6,8,50.0
11618,14986,7,8,0.0
11618,15016,1,18,11.11111111111111
11618,15016,2,19,0.0
11618,15016,3,15,20.0
11618,15016,4,15,14.285714285714285
11618,15016,5,15,26.666666666666668
11618,15016,6,9,14.285714285714285
11618,15016,7,15,6.666666666666667
11618,15024,6,4,0.0
11618,15024,7,1,0.0
11618,15096,1,9,0.0
11618,15096,2,10,0.0
11618,15096,3,7,14.285714285714285
11618,15096,4,7,16.666666666666664
11618,15096,5,8,0.0
11618,15096,6,4,25.0
11618,15096,7,8,0.0
11618,15304,1,33,12.121212121212121
11618,15304,2,28,7.142857142857142
11618,15304,3,20,15.0
11618,15304,4,25,24.0
11618,15304,5,25,24.0
11618,15304,6,17,25.0
11618,15304,7,25,4.0
11618,15412,1,5,0.0
11618,15412,5,4,0.0
11618,15624,2,1,0.0
11618,15624,4,4,0.0
11618,15624,7,4,0.0
11618,15919,5,1,0.0
11618,15919,7,1,0.0
11624,10397,1,20,0.0
11624,10397,2,20,5.0
11624,10397,3,16,6.25
11624,10397,4,16,25.0
11624,10397,5,16,12.5
11624,10397,6,16,18.75
11624,10397,7,16,12.5
11624,10431,2,1,0.0
11624,10431,4,4,25.0
11624,10431,7,4,0.0
11624,11057,1,15,0.0
11624,11057,2,14,21.428571428571427
11624,11057,3,12,8.333333333333332
11624,11057,4,12,0.0
11624,11057,5,12,8.333333333333332
11624,11057,6,12,25.0
11624,11057,7,12,16.666666666666664
11624,11193,1,5,0.0
11624,11193,5,4,0.0
11624,11278,1,5,20.0
11624,11278,2,5,0.0
11624,11278,3,4,25.0
11624,11278,4,4,25.0
11624,11278,5,4,25.0
11624,11278,6,8,28.57142857142857
11624,11278,7,4,0.0
11624,11298,1,1,100.0
11624,11298,2,1,100.0
11624,11618,1,5,0.0
11624,11618,2,5,0.0
11624,11618,3,4,50.0
11624,11618,4,4,25.0
11624,11618,5,4,0.0
11624,11618,6,4,75.0
11624,11618,7,4,0.0
11624,13303,1,15,20.0
11624,13303,2,15,20.0
11624,13303,3,12,8.333333333333332
11624,13303,4,12,8.333333333333332
11624,13303,5,12,25.0
11624,13303,6,12,16.666666666666664
11624,13303,7,12,8.333333333333332
11624,14100,1,5,40.0
11624,14100,2,5,20.0
11624,14100,3,4,0.0
11624,14100,4,4,25.0
11624,14100,5,4,0.0
11624,14100,6,4,25.0
11624,14100,7,4,25.0
11624,14112,1,5,0.0
11624,14112,3,4,0.0
11624,14112,4,4,25.0
11624,14112,5,4,0.0
11624,14112,6,4,0.0
11624,14112,7,4,0.0
11624,14122,1,1,0.0
11630,10299,1,10,0.0
11630,10299,2,10,22.22222222222222
11630,10299,3,8,0.0
11630,10299,4,8,0.0
11630,10299,5,8,0.0
11630,10299,6,8,0.0
11630,10299,7,8,0.0
11630,11292,1,4,0.0
11630,11292,2,4,0.0
11630,11292,3,4,0.0
11630,11292,4,3,0.0
11630,11292,5,3,0.0
11630,11292,6,3,0.0
11630,11292,7,3,0.0
11630,13487,1,1,100.0
11630,13487,2,1,0.0
11630,13487,3,1,0.0
11630,13487,4,1,0.0
11630,13487,5,1,0.0
11630,13487,6,1,100.0
11630,13487,7,1,0.0
11630,13930,1,4,0.0
11630,13930,2,4,0.0
11630,13930,3,4,0.0
11630,13930,4,3,33.33333333333333
11630,13930,5,3,33.33333333333333
11630,13930,6,3,33.33333333333333
11630,13930,7,3,0.0
11630,14747,1,40,17.5
11630,14747,2,40,20.0
11630,14747,3,28,17.857142857142858
11630,14747,4,32,9.375
11630,14747,5,32,21.875
11630,14747,6,32,15.625
11630,14747,7,32,18.75
11630,14869,1,2,0.0
11630,14869,2,1,0.0
11630,14869,3,1,0.0
11630,14869,4,1,0.0
11630,14869,5,1,0.0
11630,14869,6,1,0.0
11630,14869,7,1,0.0
11637,10466,1,1,100.0
11637,10466,2,4,25.0
11637,10466,4,4,25.0
11637,10466,6,4,25.0
11637,10466,7,4,0.0
11637,10693,4,4,0.0
11637,10693,7,4,0.0
11637,11292,1,25,16.0
11637,11292,2,20,15.0
11637,11292,3,16,12.5
11637,11292,4,20,25.0
11637,11292,5,20,15.0
11637,11292,6,12,33.33333333333333
11637,11292,7,20,5.0
11637,11298,1,15,26.666666666666668
11637,11298,2,15,13.333333333333334
11637,11298,3,12,16.666666666666664
11637,11298,4,12,8.333333333333332
11637,11298,5,12,9.090909090909092
11637,11298,6,12,0.0
11637,11298,7,12,16.666666666666664
11637,12889,1,5,20.0
11637,12889,5,4,75.0
11637,13487,1,22,18.181818181818183
11637,13487,2,22,9.090909090909092
11637,13487,3,18,27.77777777777778
11637,13487,4,17,23.52941176470588
11637,13487,5,18,5.555555555555555
11637,13487,6,17,17.647058823529413
11637,13487,7,17,5.88235294117647
11637,13930,1,33,6.0606060606060606
11637,13930,2,28,14.285714285714285
11637,13930,3,27,33.33333333333333
11637,13930,4,26,19.230769230769234
11637,13930,5,26,11.538461538461538
11637,13930,6,22,30.0
11637,13930,7,26,23.076923076923077
11638,10397,1,1,0.0
11638,10397,4,1,0.0
11638,10397,5,1,0.0
11638,10397,6,1,0.0
11638,10397,7,1,0.0
11638,11292,1,20,5.0
11638,11292,2,20,10.0
11638,11292,3,16,6.25
11638,11292,4,16,12.5
11638,11292,5,16,18.75
11638,11292,6,16,6.25
11638,11292,7,16,0.0
11638,11298,1,20,20.0
11638,11298,2,20,15.789473684210526
11638,11298,3,16,25.0
11638,11298,4,16,31.25
11638,11298,5,16,13.333333333333334
11638,11298,6,16,0.0
11638,11298,7,16,12.5
11638,12889,1,25,20.0
11638,12889,2,20,10.0
11638,12889,3,16,6.25
11638,12889,4,20,35.0
11638,12889,5,24,47.82608695652174
11638,12889,6,16,12.5
11638,12889,7,24,16.666666666666664
11638,12892,1,15,13.333333333333334
11638,12892,2,15,0.0
11638,12892,3,12,8.333333333333332
11638,12892,4,11,9.090909090909092
11638,12892,5,12,8.333333333333332
11638,12892,6,8,0.0
11638,12892,7,12,0.0
11638,13930,1,5,40.0
11638,13930,2,5,20.0
11638,13930,3,4,25.0
11638,13930,4,4,50.0
11638,13930,5,4,0.0
11638,13930,6,4,50.0
11638,13930,7,4,75.0
11638,14057,1,15,6.666666666666667
11638,14057,2,15,13.333333333333334
11638,14057,3,12,0.0
11638,14057,4,12,8.333333333333332
11638,14057,5,12,0.0
11638,14057,6,8,0.0
11638,14057,7,12,0.0
11638,14107,1,16,12.5
11638,14107,2,15,13.333333333333334
11638,14107,3,12,0.0
11638,14107,4,15,20.0
11638,14107,5,12,9.090909090909092
11638,14107,6,12,25.0
11638,14107,7,12,0.0
11638,14679,1,20,25.0
11638,14679,2,15,0.0
11638,14679,3,12,8.333333333333332
11638,14679,4,16,26.666666666666668
11638,14679,5,16,12.5
11638,14679,6,12,0.0
11638,14679,7,16,25.0
11638,14747,1,20,25.0
11638,14747,2,15,13.333333333333334
11638,14747,3,12,8.333333333333332
11638,14747,4,16,31.25
11638,14747,5,16,18.75
11638,14747,6,12,8.333333333333332
11638,14747,7,16,31.25
11638,14771,1,21,38.095238095238095
11638,14771,2,21,33.33333333333333
11638,14771,3,16,12.5
11638,14771,4,16,25.0
11638,14771,5,14,57.14285714285714
11638,14771,6,13,7.6923076923076925
11638,14771,7,17,41.17647058823529
11638,14869,1,20,0.0
11638,14869,2,18,5.555555555555555
11638,14869,3,14,14.285714285714285
11638,14869,4,15,6.666666666666667
11638,14869,5,15,13.333333333333334
11638,14869,6,12,0.0
11638,14869,7,16,12.5
11641,11057,1,9,0.0
11641,11057,2,9,0.0
11641,11057,3,7,0.0
11641,11057,4,8,0.0
11641,11057,5,8,25.0
11641,11057,6,8,0.0
11641,11057,7,8,0.0
11648,11292,1,20,15.0
11648,11292,2,20,30.0
11648,11292,3,16,12.5
11648,11292,4,16,6.25
11648,11292,5,16,12.5
11648,11292,6,16,0.0
11648,11292,7,16,6.25
11648,11298,1,10,40.0
11648,11298,2,10,10.0
11648,11298,3,8,25.0
11648,11298,4,8,25.0
11648,11298,5,8,12.5
11648,11298,6,8,0.0
11648,11298,7,8,25.0
11648,12889,4,4,100.0
11648,12889,7,4,25.0
11648,12892,1,4,0.0
11648,12892,2,1,0.0
11648,12892,3,1,0.0
11648,12892,4,3,0.0
11648,12892,5,3,33.33333333333333
11648,12892,6,3,0.0
11648,12892,7,3,0.0
11648,13487,1,8,37.5
11648,13487,2,8,0.0
11648,13487,3,7,0.0
11648,13487,4,7,28.57142857142857
11648,13487,5,7,14.285714285714285
11648,13487,6,6,16.666666666666664
11648,13487,7,6,33.33333333333333
11648,13930,1,19,31.57894736842105
11648,13930,2,14,21.428571428571427
11648,13930,3,12,25.0
11648,13930,4,14,21.428571428571427
11648,13930,5,11,0.0
11648,13930,6,11,27.27272727272727
11648,13930,7,15,46.666666666666664
11648,14771,1,5,0.0
11648,14771,2,5,20.0
11648,14771,3,4,25.0
11648,14771,4,4,0.0
11648,14771,5,4,25.0
11648,14771,6,7,0.0
11648,14771,7,7,42.857142857142854
11648,14869,1,15,0.0
11648,14869,2,15,0.0
11648,14869,3,12,16.666666666666664
11648,14869,4,12,0.0
11648,14869,5,12,0.0
11648,14869,6,12,0.0
11648,14869,7,12,8.333333333333332
11695,11298,1,5,20.0
11695,11298,2,5,20.0
11695,11298,3,4,25.0
11695,11298,4,4,0.0
11695,11298,5,4,25.0
11695,11298,6,4,0.0
11695,11298,7,4,0.0
11695,14107,1,19,31.57894736842105
11695,14107,2,14,0.0
11695,14107,3,16,0.0
11695,14107,4,16,31.25
11695,14107,5,16,21.428571428571427
11695,14107,6,12,16.666666666666664
11695,14107,7,16,18.75
11697,10158,1,10,0.0
11697,10158,2,6,0.0
11697,10158,3,5,0.0
11697,10158,4,8,0.0
11697,10158,5,8,0.0
11697,10158,6,8,0.0
11697,10158,7,8,12.5
11697,10257,1,5,0.0
11697,10257,2,2,0.0
11697,10257,4,4,0.0
11697,10257,5,4,25.0
11697,10257,6,4,0.0
11697,10257,7,4,0.0
11697,10397,1,78,21.794871794871796
11697,10397,2,70,12.857142857142856
11697,10397,3,56,12.5
11697,10397,4,67,19.402985074626866
11697,10397,5,63,20.634920634920633
11697,10397,6,56,5.357142857142857
11697,10397,7,63,20.634920634920633
11697,10423,1,10,30.0
11697,10423,2,5,0.0
11697,10423,3,4,0.0
11697,10423,4,8,25.0
11697,10423,5,8,50.0
11697,10423,6,8,0.0
11697,10423,7,8,25.0
11697,10431,1,10,10.0
11697,10431,2,1,0.0
11697,10431,3,4,0.0
11697,10431,4,8,25.0
11697,10431,5,8,0.0
11697,10431,6,4,0.0
11697,10431,7,8,12.5
11697,10529,1,9,11.11111111111111
11697,10529,2,1,100.0
11697,10529,4,4,0.0
11697,10529,5,8,12.5
11697,10529,6,4,0.0
11697,10529,7,4,0.0
11697,10599,1,5,60.0
11697,10599,4,4,0.0
11697,10599,5,4,25.0
11697,10599,7,4,50.0
11697,10676,1,1,0.0
11697,10693,1,29,24.137931034482758
11697,10693,2,24,4.166666666666666
11697,10693,3,19,15.789473684210526
11697,10693,4,28,11.11111111111111
11697,10693,5,24,16.666666666666664
11697,10693,6,16,6.25
11697,10693,7,20,10.0
11697,10721,1,42,40.476190476190474
11697,10721,2,36,27.77777777777778
11697,10721,3,29,20.689655172413794
11697,10721,4,32,41.935483870967744
11697,10721,5,33,37.5
11697,10721,6,28,11.538461538461538
11697,10721,7,32,28.125
11697,10732,1,1,100.0
11697,10732,2,1,100.0
11697,10792,1,2,0.0
11697,10792,2,2,50.0
11697,10792,3,5,0.0
11697,10792,4,5,0.0
11697,10792,5,5,0.0
11697,10792,6,5,0.0
11697,10792,7,5,20.0
11697,10821,1,40,17.5
11697,10821,2,35,8.571428571428571
11697,10821,3,28,3.571428571428571
11697,10821,4,32,6.25
11697,10821,5,32,21.875
11697,10821,6,33,15.151515151515152
11697,10821,7,36,11.428571428571429
11697,10868,1,5,0.0
11697,10868,5,4,0.0
11697,10868,6,4,0.0
11697,10980,2,1,0.0
11697,10980,4,4,50.0
11697,10980,7,4,0.0
11697,10994,1,10,10.0
11697,10994,2,1,0.0
11697,10994,4,8,12.5
11697,10994,5,8,12.5
11697,10994,7,8,0.0
11697,11042,1,15,20.0
11697,11042,3,5,0.0
11697,11042,4,8,12.5
11697,11042,5,12,16.666666666666664
11697,11042,6,8,0.0
11697,11042,7,8,25.0
11697,11057,1,41,12.195121951219512
11697,11057,2,31,12.903225806451612
11697,11057,3,24,16.666666666666664
11697,11057,4,35,5.714285714285714
11697,11057,5,32,25.806451612903224
11697,11057,6,28,10.714285714285714
11697,11057,7,36,16.666666666666664
11697,11066,1,14,42.857142857142854
11697,11066,2,5,20.0
11697,11066,3,4,0.0
11697,11066,4,12,16.666666666666664
11697,11066,5,12,33.33333333333333
11697,11066,6,8,12.5
11697,11066,7,12,8.333333333333332
11697,11193,1,15,6.666666666666667
11697,11193,2,5,20.0
11697,11193,3,4,0.0
11697,11193,4,4,50.0
11697,11193,5,12,16.666666666666664
11697,11193,6,8,12.5
11697,11193,7,8,25.0
11697,11259,1,5,20.0
11697,11259,2,5,0.0
11697,11259,3,4,25.0
11697,11259,4,4,0.0
11697,11259,5,4,25.0
11697,11259,6,8,0.0
11697,11259,7,4,0.0
11697,11278,1,26,19.230769230769234
11697,11278,2,22,27.27272727272727
11697,11278,3,16,37.5
11697,11278,4,20,15.0
11697,11278,5,20,5.0
11697,11278,6,20,10.0
11697,11278,7,20,30.0
11697,11292,1,17,5.88235294117647
11697,11292,2,11,18.181818181818183
11697,11292,3,8,25.0
11697,11292,4,13,7.6923076923076925
11697,11292,5,13,23.076923076923077
11697,11292,6,13,7.6923076923076925
11697,11292,7,13,46.15384615384615
11697,11298,1,35,33.33333333333333
11697,11298,2,30,16.666666666666664
11697,11298,3,25,32.0
11697,11298,4,31,16.129032258064516
11697,11298,5,28,55.55555555555556
11697,11298,6,23,9.523809523809524
11697,11298,7,32,25.0
11697,11433,1,29,13.793103448275861
11697,11433,2,25,0.0
11697,11433,3,20,10.0
11697,11433,4,23,8.695652173913043
11697,11433,5,23,17.391304347826086
11697,11433,6,24,8.333333333333332
11697,11433,7,23,30.434782608695656
11697,11618,1,51,24.0
11697,11618,2,48,14.583333333333334
11697,11618,3,36,16.666666666666664
11697,11618,4,41,39.02439024390244
11697,11618,5,41,20.0
11697,11618,6,36,36.11111111111111
11697,11618,7,38,18.421052631578945
11697,12191,1,10,30.0
11697,12191,2,10,30.0
11697,12191,3,8,0.0
11697,12191,4,8,12.5
11697,12191,5,8,0.0
11697,12191,6,8,12.5
11697,12191,7,8,37.5
11697,12197,1,10,30.0
11697,12197,2,6,16.666666666666664
11697,12197,3,7,0.0
11697,12197,4,8,0.0
11697,12197,5,8,0.0
11697,12197,6,8,0.0
11697,12197,7,8,12.5
11697,12264,1,5,0.0
11697,12264,2,5,0.0
11697,12264,3,4,0.0
11697,12264,4,4,0.0
11697,12264,5,4,25.0
11697,12264,6,4,25.0
11697,12264,7,4,0.0
11697,12266,1,33,27.27272727272727
11697,12266,2,32,9.375
11697,12266,3,24,8.333333333333332
11697,12266,4,25,16.0
11697,12266,5,27,18.51851851851852
11697,12266,6,27,0.0
11697,12266,7,27,22.22222222222222
11697,12339,1,14,7.142857142857142
11697,12339,2,5,40.0
11697,12339,3,4,0.0
11697,12339,4,16,6.25
11697,12339,5,12,33.33333333333333
11697,12339,6,12,16.666666666666664
11697,12339,7,16,37.5
11697,12391,1,5,0.0
11697,12391,2,1,0.0
11697,12391,3,4,0.0
11697,12391,5,4,0.0
11697,12391,6,4,0.0
11697,12478,1,46,13.043478260869565
11697,12478,2,40,10.0
11697,12478,3,32,12.5
11697,12478,4,36,19.444444444444446
11697,12478,5,36,13.88888888888889
11697,12478,6,32,6.25
11697,12478,7,36,27.77777777777778
11697,12544,1,5,0.0
11697,12544,5,4,50.0
11697,12889,1,11,20.0
11697,12889,2,10,30.0
11697,12889,3,7,0.0
11697,12889,4,8,37.5
11697,12889,5,8,37.5
11697,12889,6,8,0.0
11697,12889,7,8,12.5
11697,12892,1,30,16.666666666666664
11697,12892,2,25,20.0
11697,12892,3,20,15.0
11697,12892,4,20,0.0
11697,12892,5,24,4.166666666666666
11697,12892,6,20,5.0
11697,12892,7,20,10.0
11697,12898,4,4,25.0
11697,12898,7,4,50.0
11697,12945,4,4,0.0
11697,12945,7,4,0.0
11697,12953,1,55,20.0
11697,12953,2,51,15.686274509803921
11697,12953,3,40,10.0
11697,12953,4,44,15.909090909090908
11697,12953,5,44,15.909090909090908
11697,12953,6,33,15.151515151515152
11697,12953,7,44,32.55813953488372
11697,13198,1,10,10.0
11697,13198,2,5,0.0
11697,13198,3,4,0.0
11697,13198,4,4,0.0
11697,13198,5,8,0.0
11697,13198,6,4,50.0
11697,13198,7,4,0.0
11697,13204,1,20,5.0
11697,13204,2,20,10.0
11697,13204,3,16,0.0
11697,13204,4,16,6.25
11697,13204,5,16,12.5
11697,13204,6,16,12.5
11697,13204,7,16,18.75
11697,13232,1,15,35.714285714285715
11697,13232,2,10,20.0
11697,13232,3,8,0.0
11697,13232,4,12,8.333333333333332
11697,13232,5,12,25.0
11697,13232,6,12,16.666666666666664
11697,13232,7,12,8.333333333333332
11697,13244,1,5,40.0
11697,13244,4,4,25.0
11697,13244,5,4,50.0
11697,13244,7,4,0.0
11697,13487,1,5,0.0
11697,13487,2,5,20.0
11697,13487,3,4,25.0
11697,13487,4,4,0.0
11697,13487,5,4,25.0
11697,13487,6,4,25.0
11697,13487,7,4,25.0
11697,13495,1,19,33.33333333333333
11697,13495,2,10,10.0
11697,13495,3,8,0.0
11697,13495,4,16,18.75
11697,13495,5,16,31.25
11697,13495,6,12,16.666666666666664
11697,13495,7,16,18.75
11697,13577,1,5,20.0
11697,13577,2,5,20.0
11697,13577,3,4,0.0
11697,13577,4,4,0.0
11697,13577,5,4,75.0
11697,13577,6,4,0.0
11697,13577,7,4,0.0
11697,13930,1,35,11.76470588235294
11697,13930,2,34,11.76470588235294
11697,13930,3,28,17.857142857142858
11697,13930,4,28,10.714285714285714
11697,13930,5,28,17.857142857142858
11697,13930,6,25,20.0
11697,13930,7,28,17.857142857142858
11697,13931,1,1,0.0
11697,13931,2,1,0.0
11697,13931,3,4,0.0
11697,13931,4,4,0.0
11697,13931,5,4,0.0
11697,13931,6,4,25.0
11697,13931,7,4,0.0
11697,13933,1,1,0.0
11697,13933,2,1,0.0
11697,13933,4,4,0.0
11697,13933,7,4,25.0
11697,14100,1,41,19.51219512195122
11697,14100,2,27,18.51851851851852
11697,14100,3,19,5.263157894736842
11697,14100,4,35,14.285714285714285
11697,14100,5,31,16.129032258064516
11697,14100,6,24,0.0
11697,14100,7,36,25.0
11697,14107,1,4,0.0
11697,14107,4,4,0.0
11697,14107,5,4,0.0
11697,14107,7,4,25.0
11697,14122,1,13,30.76923076923077
11697,14122,2,9,0.0
11697,14122,3,8,0.0
11697,14122,4,12,16.666666666666664
11697,14122,5,12,41.66666666666667
11697,14122,6,8,25.0
11697,14122,7,12,41.66666666666667
11697,14193,1,5,40.0
11697,14193,2,5,40.0
11697,14193,3,4,25.0
11697,14193,4,4,25.0
11697,14193,5,4,25.0
11697,14193,6,4,0.0
11697,14193,7,4,25.0
11697,14307,1,5,40.0
11697,14307,2,1,0.0
11697,14307,4,4,25.0
11697,14307,5,4,50.0
11697,14307,6,4,25.0
11697,14307,7,4,25.0
11697,14492,1,15,20.0
11697,14492,2,10,20.0
11697,14492,3,8,25.0
11697,14492,4,12,0.0
11697,14492,5,12,25.0
11697,14492,6,8,0.0
11697,14492,7,16,37.5
11697,14524,1,6,16.666666666666664
11697,14524,2,1,0.0
11697,14524,3,4,25.0
11697,14524,4,8,25.0
11697,14524,5,8,37.5
11697,14524,7,8,25.0
11697,14576,4,4,25.0
11697,14576,7,4,25.0
11697,14683,1,5,0.0
11697,14683,4,4,25.0
11697,14683,5,4,50.0
11697,14683,7,4,50.0
11697,14696,1,5,0.0
11697,14696,5,4,0.0
11697,14730,1,10,20.0
11697,14730,4,4,25.0
11697,14730,5,8,0.0
11697,14730,6,4,0.0
11697,14730,7,4,0.0
11697,14747,1,10,30.0
11697,14747,2,10,30.0
11697,14747,3,8,37.5
11697,14747,4,8,25.0
11697,14747,5,8,12.5
11697,14747,6,8,0.0
11697,14747,7,8,42.857142857142854
11697,14771,1,11,45.45454545454545
11697,14771,2,11,9.090909090909092
11697,14771,3,8,0.0
11697,14771,4,9,22.22222222222222
11697,14771,5,9,22.22222222222222
11697,14771,6,9,11.11111111111111
11697,14771,7,9,11.11111111111111
11697,14843,1,28,14.285714285714285
11697,14843,2,13,30.76923076923077
11697,14843,3,8,0.0
11697,14843,4,20,20.0
11697,14843,5,20,30.0
11697,14843,6,12,8.333333333333332
11697,14843,7,20,20.0
11697,14869,1,5,40.0
11697,14869,2,5,40.0
11697,14869,3,4,0.0
11697,14869,4,4,50.0
11697,14869,5,4,25.0
11697,14869,6,4,25.0
11697,14869,7,4,0.0
11697,15016,1,5,0.0
11697,15016,2,5,0.0
11697,15016,3,4,0.0
11697,15016,4,8,0.0
11697,15016,5,4,0.0
11697,15016,6,8,0.0
11697,15016,7,12,8.333333333333332
11697,15024,1,5,20.0
11697,15024,2,5,0.0
11697,15024,4,4,25.0
11697,15024,5,4,50.0
11697,15024,6,4,0.0
11697,15024,7,4,0.0
11697,15027,1,5,0.0
11697,15027,2,1,0.0
11697,15027,3,1,0.0
11697,15027,5,4,25.0
11697,15070,1,1,0.0
11697,15096,4,4,25.0
11697,15096,7,4,75.0
11697,15304,1,20,25.0
11697,15304,2,15,0.0
11697,15304,3,12,16.666666666666664
11697,15304,4,16,12.5
11697,15304,5,16,37.5
11697,15304,6,12,8.333333333333332
11697,15304,7,16,13.333333333333334
11697,15380,1,1,0.0
11697,15412,1,5,20.0
11697,15412,3,4,25.0
11697,15412,4,5,20.0
11697,15412,5,4,25.0
11697,15412,6,5,20.0
11697,15412,7,5,20.0
11711,11292,1,5,20.0
11711,11292,2,5,40.0
11711,11292,3,4,0.0
11711,11292,4,4,0.0
11711,11292,5,4,75.0
11711,11292,6,4,0.0
11711,11292,7,4,25.0
11721,10466,4,4,0.0
11721,10466,7,4,0.0
11721,10693,4,4,0.0
11721,10693,7,4,0.0
11721,11618,1,1,0.0
11721,12889,1,5,40.0
11721,12889,5,4,25.0
11721,13930,1,30,13.333333333333334
11721,13930,2,29,17.24137931034483
11721,13930,3,23,17.391304347826086
11721,13930,4,23,21.73913043478261
11721,13930,5,24,25.0
11721,13930,6,23,27.27272727272727
11721,13930,7,24,45.83333333333333
11721,14057,1,1,0.0
11721,14082,1,5,0.0
11721,14082,3,1,0.0
11721,14082,4,3,0.0
11721,14082,5,4,0.0
11721,14082,7,3,0.0
11721,14112,1,5,20.0
11721,14112,4,4,25.0
11721,14112,5,4,0.0
11721,14112,7,4,25.0
11721,14761,1,5,40.0
11721,14761,3,2,0.0
11721,14761,4,4,0.0
11721,14761,5,4,25.0
11721,14761,7,4,0.0
11721,14986,4,2,50.0
11721,14986,7,2,50.0
11721,15624,3,4,0.0
11721,15624,6,4,0.0
11725,13930,1,10,0.0
11725,13930,2,5,0.0
11725,13930,3,8,25.0
11725,13930,4,8,0.0
11725,13930,5,8,12.5
11725,13930,6,4,25.0
11725,13930,7,8,12.5
11775,10397,1,5,0.0
11775,10397,2,5,0.0
11775,10397,3,4,0.0
11775,10397,4,4,0.0
11775,10397,5,4,25.0
11775,10397,6,4,0.0
11775,10397,7,4,25.0
11775,10466,1,5,0.0
11775,10466,3,4,0.0
11775,10466,5,4,25.0
11775,10466,6,1,0.0
11775,10693,1,5,60.0
11775,10693,5,4,0.0
11775,11292,1,30,20.689655172413794
11775,11292,2,25,24.0
11775,11292,3,20,20.0
11775,11292,4,20,10.0
11775,11292,5,24,16.666666666666664
11775,11292,6,16,12.5
11775,11292,7,24,25.0
11775,11298,1,15,40.0
11775,11298,2,15,14.285714285714285
11775,11298,3,12,16.666666666666664
11775,11298,4,12,25.0
11775,11298,5,12,36.36363636363637
11775,11298,6,12,54.54545454545454
11775,11298,7,12,16.666666666666664
11775,12889,1,5,0.0
11775,12889,5,4,0.0
11775,13487,1,11,0.0
11775,13487,2,11,0.0
11775,13487,3,8,25.0
11775,13487,4,10,10.0
11775,13487,5,10,30.0
11775,13487,6,10,40.0
11775,13487,7,10,10.0
11775,13930,1,29,24.137931034482758
11775,13930,2,24,29.166666666666668
11775,13930,3,20,15.0
11775,13930,4,23,26.08695652173913
11775,13930,5,19,31.57894736842105
11775,13930,6,18,35.294117647058826
11775,13930,7,23,30.434782608695656
11775,14107,1,5,0.0
11775,14107,2,5,20.0
11775,14107,3,4,0.0
11775,14107,4,4,0.0
11775,14107,5,4,25.0
11775,14107,6,4,50.0
11775,14107,7,4,0.0
11778,11298,1,19,15.789473684210526
11778,11298,2,19,10.526315789473683
11778,11298,3,16,12.5
11778,11298,4,16,12.5
11778,11298,5,16,26.666666666666668
11778,11298,6,16,6.25
11778,11298,7,16,6.25
11823,10397,1,15,0.0
11823,10397,2,14,0.0
11823,10397,3,11,18.181818181818183
11823,10397,4,11,18.181818181818183
11823,10397,5,11,18.181818181818183
11823,10397,6,8,0.0
11823,10397,7,12,8.333333333333332
11823,11298,1,15,20.0
11823,11298,2,15,6.666666666666667
11823,11298,3,12,33.33333333333333
11823,11298,4,12,25.0
11823,11298,5,12,9.090909090909092
11823,11298,6,12,8.333333333333332
11823,11298,7,12,25.0
11823,11433,1,10,10.0
11823,11433,2,10,0.0
11823,11433,3,8,0.0
11823,11433,4,8,0.0
11823,11433,5,8,37.5
11823,11433,6,8,0.0
11823,11433,7,8,0.0
11823,12889,1,4,0.0
11823,12889,5,4,0.0
11823,13487,1,5,20.0
11823,13487,2,5,40.0
11823,13487,3,4,0.0
11823,13487,4,4,0.0
11823,13487,5,4,25.0
11823,13487,6,4,0.0
11823,13487,7,4,25.0
11823,13930,1,35,20.0
11823,13930,2,36,30.555555555555557
11823,13930,3,31,29.03225806451613
11823,13930,4,30,23.333333333333332
11823,13930,5,31,22.58064516129032
11823,13930,6,30,21.428571428571427
11823,13930,7,28,32.142857142857146
11823,14082,2,3,33.33333333333333
11823,14082,4,4,50.0
11823,14082,7,4,50.0
11823,14112,1,5,0.0
11823,14112,5,4,25.0
11823,14761,4,4,25.0
11823,14761,6,4,0.0
11823,14761,7,4,50.0
11865,11292,1,10,0.0
11865,11292,2,10,10.0
11865,11292,3,8,0.0
11865,11292,4,8,12.5
11865,11292,5,8,12.5
11865,11292,6,8,0.0
11865,11292,7,8,25.0
11867,11298,1,10,0.0
11867,11298,2,10,0.0
11867,11298,3,8,25.0
11867,11298,4,8,12.5
11867,11298,5,8,14.285714285714285
11867,11298,6,8,25.0
11867,11298,7,8,12.5
11884,10397,1,5,20.0
11884,10397,2,5,20.0
11884,10397,3,4,0.0
11884,10397,4,7,0.0
11884,10397,5,7,28.57142857142857
11884,10397,6,4,0.0
11884,10397,7,7,0.0
11884,10466,1,1,0.0
11884,10713,1,5,20.0
11884,10713,2,5,0.0
11884,10713,3,4,0.0
11884,10713,4,4,25.0
11884,10713,5,4,0.0
11884,10713,6,4,0.0
11884,10713,7,4,25.0
11884,11292,1,30,30.0
11884,11292,2,25,20.0
11884,11292,3,20,5.0
11884,11292,4,28,25.0
11884,11292,5,28,14.285714285714285
11884,11292,6,24,8.333333333333332
11884,11292,7,28,10.714285714285714
11884,11298,1,10,10.0
11884,11298,2,10,33.33333333333333
11884,11298,3,8,12.5
11884,11298,4,8,37.5
11884,11298,5,8,25.0
11884,11298,6,8,25.0
11884,11298,7,8,12.5
11884,12889,1,10,0.0
11884,12889,2,10,0.0
11884,12889,3,8,12.5
11884,12889,4,12,33.33333333333333
11884,12889,5,8,37.5
11884,12889,6,8,0.0
11884,12889,7,12,33.33333333333333
11884,12892,1,16,0.0
11884,12892,2,15,6.666666666666667
11884,12892,3,12,0.0
11884,12892,4,12,8.333333333333332
11884,12892,5,12,8.333333333333332
11884,12892,6,12,0.0
11884,12892,7,12,0.0
11884,13232,1,5,20.0
11884,13232,4,4,25.0
11884,13232,5,4,50.0
11884,13232,7,4,0.0
11884,13487,1,10,0.0
11884,13487,2,10,10.0
11884,13487,3,8,12.5
11884,13487,4,8,12.5
11884,13487,5,8,0.0
11884,13487,6,8,0.0
11884,13487,7,8,0.0
11884,13796,1,10,10.0
11884,13796,2,5,0.0
11884,13796,3,4,0.0
11884,13796,4,8,12.5
11884,13796,5,8,25.0
11884,13796,6,4,25.0
11884,13796,7,4,0.0
11884,13930,1,12,33.33333333333333
11884,13930,2,14,28.57142857142857
11884,13930,3,7,28.57142857142857
11884,13930,4,10,10.0
11884,13930,5,10,60.0
11884,13930,6,9,33.33333333333333
11884,13930,7,10,20.0
11884,14057,1,15,0.0
11884,14057,2,15,13.333333333333334
11884,14057,3,12,8.333333333333332
11884,14057,4,11,18.181818181818183
11884,14057,5,11,0.0
11884,14057,6,12,8.333333333333332
11884,14057,7,12,16.666666666666664
11884,14107,1,10,10.0
11884,14107,2,10,0.0
11884,14107,3,8,12.5
11884,14107,4,8,12.5
11884,14107,5,8,12.5
11884,14107,6,8,12.5
11884,14107,7,12,0.0
11884,14679,1,5,0.0
11884,14679,2,5,0.0
11884,14679,3,4,0.0
11884,14679,4,4,0.0
11884,14679,5,4,0.0
11884,14679,6,4,0.0
11884,14679,7,4,25.0
11884,14747,1,73,9.58904109589041
11884,14747,2,72,15.277777777777779
11884,14747,3,58,8.620689655172415
11884,14747,4,59,27.11864406779661
11884,14747,5,59,20.33898305084746
11884,14747,6,56,5.357142857142857
11884,14747,7,59,15.254237288135593
11884,14771,1,14,21.428571428571427
11884,14771,2,14,14.285714285714285
11884,14771,3,12,0.0
11884,14771,4,12,25.0
11884,14771,5,12,16.666666666666664
11884,14771,6,9,11.11111111111111
11884,14771,7,9,22.22222222222222
11884,14831,1,5,0.0
11884,14831,2,5,0.0
11884,14831,3,4,0.0
11884,14831,4,4,50.0
11884,14831,5,4,0.0
11884,14831,6,4,0.0
11884,14831,7,4,50.0
11884,14869,1,23,8.695652173913043
11884,14869,2,23,17.391304347826086
11884,14869,3,18,5.555555555555555
11884,14869,4,19,5.263157894736842
11884,14869,5,19,0.0
11884,14869,6,16,18.75
11884,14869,7,19,10.526315789473683
11884,14893,1,10,10.0
11884,14893,2,10,10.0
11884,14893,3,8,25.0
11884,14893,4,8,25.0
11884,14893,5,8,28.57142857142857
11884,14893,6,4,0.0
11884,14893,7,8,0.0
11898,12889,4,4,0.0
11898,12889,7,4,25.0
11898,13487,1,15,20.0
11898,13487,2,15,13.333333333333334
11898,13487,3,12,25.0
11898,13487,4,12,50.0
11898,13487,5,12,25.0
11898,13487,6,12,16.666666666666664
11898,13487,7,12,8.333333333333332
11905,11298,1,10,40.0
11905,11298,2,10,10.0
11905,11298,3,8,12.5
11905,11298,4,8,12.5
11905,11298,5,8,14.285714285714285
11905,11298,6,8,0.0
11905,11298,7,8,0.0
11921,11292,1,30,30.0
11921,11292,2,30,30.0
11921,11292,3,24,8.333333333333332
11921,11292,4,24,20.833333333333336
11921,11292,5,24,33.33333333333333
11921,11292,6,24,33.33333333333333
11921,11292,7,24,8.333333333333332
11921,11298,1,14,7.142857142857142
11921,11298,2,14,28.57142857142857
11921,11298,3,12,16.666666666666664
11921,11298,4,12,16.666666666666664
11921,11298,5,12,18.181818181818183
11921,11298,6,12,16.666666666666664
11921,11298,7,12,0.0
11921,14107,1,15,20.0
11921,14107,2,6,0.0
11921,14107,3,8,0.0
11921,14107,4,11,18.181818181818183
11921,14107,5,8,0.0
11921,14107,6,8,14.285714285714285
11921,14107,7,12,25.0
11921,14869,1,10,0.0
11921,14869,2,7,0.0
11921,14869,3,8,0.0
11921,14869,4,8,0.0
11921,14869,5,8,12.5
11921,14869,6,4,0.0
11921,14869,7,8,0.0
11953,10397,1,23,8.695652173913043
11953,10397,2,23,4.3478260869565215
11953,10397,3,18,5.555555555555555
11953,10397,4,19,5.263157894736842
11953,10397,5,19,0.0
11953,10397,6,16,6.25
11953,10397,7,19,5.263157894736842
11953,11057,1,1,0.0
11953,11057,2,1,0.0
11953,11057,3,1,0.0
11953,11298,1,10,10.0
11953,11298,2,10,10.0
11953,11298,3,8,25.0
11953,11298,4,8,12.5
11953,11298,5,8,0.0
11953,11298,6,8,0.0
11953,11298,7,8,25.0
11953,13303,1,5,20.0
11953,13303,2,5,20.0
11953,13303,3,4,0.0
11953,13303,4,4,0.0
11953,13303,5,5,0.0
11953,13303,6,4,0.0
11953,13303,7,5,0.0
11973,10397,1,18,16.666666666666664
11973,10397,2,18,5.555555555555555
11973,10397,3,14,7.142857142857142
11973,10397,4,15,6.666666666666667
11973,10397,5,15,6.666666666666667
11973,10397,6,12,25.0
11973,10397,7,15,6.666666666666667
11973,11057,1,15,0.0
11973,11057,2,15,6.666666666666667
11973,11057,3,12,0.0
11973,11057,4,12,8.333333333333332
11973,11057,5,12,8.333333333333332
11973,11057,6,12,0.0
11973,11057,7,12,0.0
11973,11298,1,15,20.0
11973,11298,2,15,0.0
11973,11298,3,12,25.0
11973,11298,4,12,8.333333333333332
11973,11298,5,12,0.0
11973,11298,6,12,8.333333333333332
11973,11298,7,12,8.333333333333332
11977,10397,1,5,0.0
11977,10397,2,5,0.0
11977,10397,3,4,0.0
11977,10397,4,4,0.0
11977,10397,5,4,0.0
11977,10397,6,4,0.0
11977,10397,7,4,0.0
11977,11278,4,1,0.0
11977,11278,5,1,0.0
11977,11433,1,4,0.0
11977,11433,2,3,0.0
11977,11433,3,2,0.0
11977,11433,4,3,0.0
11977,11433,5,3,33.33333333333333
11977,11433,6,5,0.0
11977,11433,7,4,0.0
11977,13487,1,7,14.285714285714285
11977,13487,2,7,57.14285714285714
11977,13487,3,6,66.66666666666666
11977,13487,4,5,60.0
11977,13487,5,5,60.0
11977,13487,6,5,40.0
11977,13487,7,5,20.0
11977,13930,1,38,28.947368421052634
11977,13930,2,30,13.333333333333334
11977,13930,3,23,13.043478260869565
11977,13930,4,27,11.11111111111111
11977,13930,5,24,25.0
11977,13930,6,25,17.391304347826086
11977,13930,7,28,25.0
11980,10466,4,4,0.0
11980,10466,7,4,0.0
11980,11298,1,10,10.0
11980,11298,2,10,0.0
11980,11298,3,8,37.5
11980,11298,4,8,0.0
11980,11298,5,8,12.5
11980,11298,6,8,28.57142857142857
11980,11298,7,8,0.0
11980,12889,4,4,25.0
11980,12889,7,4,0.0
11982,11298,1,21,25.0
11982,11298,2,20,5.0
11982,11298,3,16,37.5
11982,11298,4,19,26.31578947368421
11982,11298,5,16,13.333333333333334
11982,11298,6,16,18.75
11982,11298,7,20,25.0
11986,10397,1,20,0.0
11986,10397,2,20,0.0
11986,10397,3,14,7.142857142857142
11986,10397,4,15,6.666666666666667
11986,10397,5,15,6.666666666666667
11986,10397,6,12,8.333333333333332
11986,10397,7,15,0.0
11986,10423,1,5,0.0
11986,10423,5,4,50.0
11986,10466,1,3,33.33333333333333
11986,10466,2,2,0.0
11986,10466,4,4,0.0
11986,10466,5,2,50.0
11986,10466,6,1,0.0
11986,10466,7,4,25.0
11986,10693,1,5,40.0
11986,10693,4,4,25.0
11986,10693,5,4,0.0
11986,10693,7,8,12.5
11986,10721,4,4,25.0
11986,10721,7,4,0.0
11986,10821,1,5,20.0
11986,10821,2,5,0.0
11986,10821,3,4,25.0
11986,10821,4,4,75.0
11986,10821,5,4,75.0
11986,10821,6,4,0.0
11986,10821,7,4,25.0
11986,11057,1,15,6.666666666666667
11986,11057,2,15,0.0
11986,11057,3,12,8.333333333333332
11986,11057,4,12,25.0
11986,11057,5,12,8.333333333333332
11986,11057,6,8,12.5
11986,11057,7,12,0.0
11986,11278,1,10,10.0
11986,11278,2,10,20.0
11986,11278,3,8,12.5
11986,11278,4,8,12.5
11986,11278,5,8,25.0
11986,11278,6,8,0.0
11986,11278,7,8,0.0
11986,11292,1,19,15.789473684210526
11986,11292,2,15,20.0
11986,11292,3,12,8.333333333333332
11986,11292,4,16,18.75
11986,11292,5,16,6.25
11986,11292,6,16,12.5
11986,11292,7,20,10.0
11986,11298,1,15,16.666666666666664
11986,11298,2,15,33.33333333333333
11986,11298,3,12,25.0
11986,11298,4,12,16.666666666666664
11986,11298,5,12,20.0
11986,11298,6,12,18.181818181818183
11986,11298,7,12,41.66666666666667
11986,11433,1,14,14.285714285714285
11986,11433,2,15,0.0
11986,11433,3,14,7.142857142857142
11986,11433,4,14,14.285714285714285
11986,11433,5,12,8.333333333333332
11986,11433,6,9,0.0
11986,11433,7,11,9.090909090909092
11986,11618,1,14,21.428571428571427
11986,11618,2,15,13.333333333333334
11986,11618,3,12,25.0
11986,11618,4,12,8.333333333333332
11986,11618,5,12,0.0
11986,11618,6,8,28.57142857142857
11986,11618,7,12,8.333333333333332
11986,12451,1,5,0.0
11986,12451,5,4,25.0
11986,12889,1,10,0.0
11986,12889,4,8,12.5
11986,12889,5,8,25.0
11986,12889,6,4,0.0
11986,12889,7,8,25.0
11986,12953,1,20,5.0
11986,12953,2,20,10.0
11986,12953,3,16,6.25
11986,12953,4,16,18.75
11986,12953,5,16,6.25
11986,12953,6,8,12.5
11986,12953,7,16,12.5
11986,13204,1,1,0.0
11986,13204,4,4,0.0
11986,13204,7,4,0.0
11986,13232,1,15,33.33333333333333
11986,13232,2,15,20.0
11986,13232,3,12,50.0
11986,13232,4,12,25.0
11986,13232,5,12,41.66666666666667
11986,13232,6,8,0.0
11986,13232,7,12,33.33333333333333
11986,13487,1,18,11.11111111111111
11986,13487,2,18,11.11111111111111
11986,13487,3,14,28.57142857142857
11986,13487,4,15,33.33333333333333
11986,13487,5,15,26.666666666666668
11986,13487,6,12,8.333333333333332
11986,13487,7,15,13.333333333333334
11986,13930,1,55,20.0
11986,13930,2,46,32.608695652173914
11986,13930,3,38,28.947368421052634
11986,13930,4,41,26.82926829268293
11986,13930,5,45,28.888888888888886
11986,13930,6,38,25.0
11986,13930,7,45,31.11111111111111
11986,14082,2,3,0.0
11986,14082,4,4,25.0
11986,14082,6,2,0.0
11986,14082,7,4,0.0
11986,14100,1,9,11.11111111111111
11986,14100,2,9,0.0
11986,14100,3,7,14.285714285714285
11986,14100,4,8,25.0
11986,14100,5,8,12.5
11986,14100,6,8,0.0
11986,14100,7,8,25.0
11986,14112,1,5,40.0
11986,14112,3,1,0.0
11986,14112,4,4,0.0
11986,14112,5,4,25.0
11986,14112,7,4,0.0
11986,14761,1,5,60.0
11986,14761,2,3,33.33333333333333
11986,14761,4,4,25.0
11986,14761,5,4,0.0
11986,14761,7,4,50.0
11986,14986,4,4,0.0
11986,14986,7,4,25.0
11995,10397,1,41,4.878048780487805
11995,10397,2,38,0.0
11995,10397,3,30,0.0
11995,10397,4,34,11.76470588235294
11995,10397,5,34,0.0
11995,10397,6,28,7.142857142857142
11995,10397,7,34,8.823529411764707
11995,11057,1,19,10.526315789473683
11995,11057,2,16,6.25
11995,11057,3,12,8.333333333333332
11995,11057,4,16,0.0
11995,11057,5,16,6.25
11995,11057,6,12,25.0
11995,11057,7,16,0.0
11995,11278,1,14,21.428571428571427
11995,11278,2,14,0.0
11995,11278,3,12,41.66666666666667
11995,11278,4,12,25.0
11995,11278,5,12,8.333333333333332
11995,11278,6,4,25.0
11995,11278,7,12,8.333333333333332
11995,11292,1,5,0.0
11995,11292,2,5,20.0
11995,11292,3,4,25.0
11995,11292,4,4,0.0
11995,11292,5,4,0.0
11995,11292,6,4,25.0
11995,11292,7,4,0.0
11995,11298,1,15,28.57142857142857
11995,11298,2,15,13.333333333333334
11995,11298,3,12,27.27272727272727
11995,11298,4,12,0.0
11995,11298,5,12,0.0
11995,11298,6,12,16.666666666666664
11995,11298,7,12,8.333333333333332
11995,11433,1,3,0.0
11995,11433,2,3,0.0
11995,11433,3,2,0.0
11995,11433,4,3,0.0
11995,11433,5,2,0.0
11995,11433,7,2,0.0
11995,11618,1,1,0.0
11995,11618,4,1,100.0
11995,11618,5,1,0.0
11995,11618,7,1,0.0
11995,12953,1,29,3.4482758620689653
11995,12953,2,29,0.0
11995,12953,3,24,20.833333333333336
11995,12953,4,24,21.73913043478261
11995,12953,5,25,13.043478260869565
11995,12953,6,12,8.333333333333332
11995,12953,7,21,23.809523809523807
11995,13303,1,5,0.0
11995,13303,2,5,0.0
11995,13303,3,4,0.0
11995,13303,4,4,0.0
11995,13303,5,4,0.0
11995,13303,6,4,0.0
11995,13303,7,4,0.0
11995,13930,1,23,4.3478260869565215
11995,13930,2,18,5.555555555555555
11995,13930,3,16,12.5
11995,13930,4,19,10.526315789473683
11995,13930,5,15,13.333333333333334
11995,13930,6,16,31.25
11995,13930,7,20,15.0
11995,14100,1,5,0.0
11995,14100,2,1,0.0
11995,14100,4,3,33.33333333333333
11995,14100,5,3,33.33333333333333
11995,14100,6,3,0.0
11995,14100,7,4,25.0
11995,14112,1,5,40.0
11995,14112,5,4,50.0
11996,10397,1,41,2.4390243902439024
11996,10397,2,38,2.631578947368421
11996,10397,3,30,3.3333333333333335
11996,10397,4,34,5.88235294117647
11996,10397,5,33,6.0606060606060606
11996,10397,6,28,7.142857142857142
11996,10397,7,34,17.647058823529413
11996,10693,1,5,0.0
11996,10693,2,5,0.0
11996,10693,3,4,0.0
11996,10693,4,4,25.0
11996,10693,5,4,0.0
11996,10693,6,4,0.0
11996,10693,7,4,0.0
11996,10821,1,10,0.0
11996,10821,2,10,0.0
11996,10821,3,8,12.5
11996,10821,4,8,0.0
11996,10821,5,8,0.0
11996,10821,6,8,12.5
11996,10821,7,8,12.5
11996,11057,1,17,11.76470588235294
11996,11057,2,15,6.666666666666667
11996,11057,3,12,0.0
11996,11057,4,15,0.0
11996,11057,5,12,0.0
11996,11057,6,12,0.0
11996,11057,7,16,6.25
11996,11278,1,15,13.333333333333334
11996,11278,2,15,40.0
11996,11278,3,12,58.333333333333336
11996,11278,4,12,33.33333333333333
11996,11278,5,12,25.0
11996,11278,6,12,25.0
11996,11278,7,12,25.0
11996,11292,1,5,20.0
11996,11292,2,5,40.0
11996,11292,3,4,25.0
11996,11292,4,4,25.0
11996,11292,5,4,0.0
11996,11292,6,4,0.0
11996,11292,7,4,25.0
11996,11298,1,16,37.5
11996,11298,2,15,0.0
11996,11298,3,12,25.0
11996,11298,4,15,33.33333333333333
11996,11298,5,12,18.181818181818183
11996,11298,6,12,9.090909090909092
11996,11298,7,16,18.75
11996,11433,1,8,0.0
11996,11433,2,8,12.5
11996,11433,3,6,16.666666666666664
11996,11433,4,7,14.285714285714285
11996,11433,5,7,14.285714285714285
11996,11433,6,8,0.0
11996,11433,7,8,12.5
11996,11618,1,15,6.666666666666667
11996,11618,2,15,6.666666666666667
11996,11618,3,12,8.333333333333332
11996,11618,4,12,16.666666666666664
11996,11618,5,12,16.666666666666664
11996,11618,6,8,14.285714285714285
11996,11618,7,12,25.0
11996,12191,1,5,20.0
11996,12191,2,5,0.0
11996,12191,3,4,0.0
11996,12191,4,4,0.0
11996,12191,5,4,0.0
11996,12191,7,4,0.0
11996,12953,1,15,13.333333333333334
11996,12953,2,15,0.0
11996,12953,3,12,8.333333333333332
11996,12953,4,12,9.090909090909092
11996,12953,5,12,16.666666666666664
11996,12953,6,4,0.0
11996,12953,7,8,12.5
11996,13303,1,6,16.666666666666664
11996,13303,2,6,0.0
11996,13303,3,4,0.0
11996,13303,4,4,0.0
11996,13303,5,4,0.0
11996,13303,6,4,0.0
11996,13303,7,4,0.0
11996,13930,1,25,8.0
11996,13930,2,19,0.0
11996,13930,3,16,18.75
11996,13930,4,19,10.526315789473683
11996,13930,5,16,12.5
11996,13930,6,13,18.181818181818183
11996,13930,7,20,20.0
11996,14100,1,12,0.0
11996,14100,2,12,8.333333333333332
11996,14100,3,11,9.090909090909092
11996,14100,4,11,0.0
11996,14100,5,11,0.0
11996,14100,6,8,0.0
11996,14100,7,11,0.0
11996,14112,1,5,20.0
11996,14112,5,4,50.0
11996,14761,4,4,25.0
11996,14761,7,4,25.0
11996,14986,4,4,0.0
11996,14986,7,4,0.0
12003,11292,1,10,10.0
12003,11292,2,10,30.0
12003,11292,3,8,12.5
12003,11292,4,8,12.5
12003,11292,5,8,25.0
12003,11292,6,8,12.5
12003,11292,7,8,0.0
12003,12889,1,5,20.0
12003,12889,5,4,0.0
12003,13487,1,1,0.0
12003,13487,2,1,100.0
12003,13487,3,1,0.0
12003,13487,4,1,0.0
12003,13487,5,1,0.0
12003,13487,6,1,0.0
12003,13487,7,1,0.0
12003,14747,1,5,0.0
12003,14747,2,5,0.0
12003,14747,3,4,0.0
12003,14747,4,4,50.0
12003,14747,5,4,25.0
12003,14747,6,4,0.0
12003,14747,7,4,50.0
12003,14869,1,15,6.666666666666667
12003,14869,2,15,0.0
12003,14869,3,12,0.0
12003,14869,4,12,8.333333333333332
12003,14869,5,12,0.0
12003,14869,6,12,8.333333333333332
12003,14869,7,12,0.0
12007,11298,1,5,40.0
12007,11298,2,5,0.0
12007,11298,3,4,25.0
12007,11298,4,4,25.0
12007,11298,5,4,50.0
12007,11298,6,4,25.0
12007,11298,7,4,25.0
12012,11292,1,15,26.666666666666668
12012,11292,2,15,26.666666666666668
12012,11292,3,12,16.666666666666664
12012,11292,4,12,16.666666666666664
12012,11292,5,12,8.333333333333332
12012,11292,6,12,33.33333333333333
12012,11292,7,12,8.333333333333332
12016,12173,1,5,20.0
12016,12173,2,5,0.0
12016,12173,3,4,0.0
12016,12173,4,4,0.0
12016,12173,5,4,0.0
12016,12173,6,4,0.0
12016,12173,7,4,0.0
12016,14955,1,5,20.0
12016,14955,2,5,0.0
12016,14955,3,4,0.0
12016,14955,4,4,0.0
12016,14955,5,4,0.0
12016,14955,6,4,0.0
12016,14955,7,4,0.0
12094,11292,1,20,10.0
12094,11292,2,15,20.0
12094,11292,3,12,0.0
12094,11292,4,16,25.0
12094,11292,5,16,18.75
12094,11292,6,16,18.75
12094,11292,7,16,0.0
12119,13577,1,5,0.0
12119,13577,5,4,100.0
12119,14761,1,5,40.0
12119,14761,5,4,100.0
12124,10397,1,5,0.0
12124,10397,2,5,20.0
12124,10397,3,4,0.0
12124,10397,4,4,50.0
12124,10397,5,4,0.0
12124,10397,6,4,0.0
12124,10397,7,4,0.0
12124,11057,1,15,6.666666666666667
12124,11057,2,15,0.0
12124,11057,3,12,0.0
12124,11057,4,12,0.0
12124,11057,5,12,8.333333333333332
12124,11057,6,12,16.666666666666664
12124,11057,7,12,0.0
12124,11278,1,5,0.0
12124,11278,2,5,0.0
12124,11278,3,4,50.0
12124,11278,4,4,0.0
12124,11278,5,4,0.0
12124,11278,6,8,0.0
12124,11278,7,4,0.0
12124,11618,1,5,0.0
12124,11618,2,5,0.0
12124,11618,3,4,0.0
12124,11618,4,4,25.0
12124,11618,5,4,0.0
12124,11618,6,4,33.33333333333333
12124,11618,7,4,25.0
12124,12953,1,5,0.0
12124,12953,2,5,20.0
12124,12953,3,4,25.0
12124,12953,4,4,50.0
12124,12953,5,4,0.0
12124,12953,6,4,25.0
12124,12953,7,4,0.0
12124,13930,6,4,25.0
12124,14100,1,1,0.0
12124,14100,2,1,0.0
12129,13487,1,9,22.22222222222222
12129,13487,2,6,33.33333333333333
12129,13487,3,4,50.0
12129,13487,4,8,12.5
12129,13487,5,8,25.0
12129,13487,6,8,12.5
12129,13487,7,8,12.5
12156,11292,1,15,26.666666666666668
12156,11292,2,15,26.666666666666668
12156,11292,3,12,16.666666666666664
12156,11292,4,12,16.666666666666664
12156,11292,5,12,16.666666666666664
12156,11292,6,12,33.33333333333333
12156,11292,7,12,33.33333333333333
12156,14869,1,10,10.0
12156,14869,2,10,0.0
12156,14869,3,8,0.0
12156,14869,4,8,0.0
12156,14869,5,8,0.0
12156,14869,6,8,0.0
12156,14869,7,8,0.0
12173,10299,1,5,40.0
12173,10299,2,5,20.0
12173,10299,3,4,25.0
12173,10299,4,4,0.0
12173,10299,5,4,25.0
12173,10299,6,4,33.33333333333333
12173,10299,7,4,25.0
12173,10397,1,5,40.0
12173,10397,2,5,20.0
12173,10397,3,4,0.0
12173,10397,4,4,0.0
12173,10397,5,4,25.0
12173,10397,6,4,0.0
12173,10397,7,4,0.0
12173,10721,1,5,20.0
12173,10721,3,4,0.0
12173,10721,6,4,25.0
12173,10721,7,4,0.0
12173,11292,1,6,50.0
12173,11292,2,6,0.0
12173,11292,3,4,0.0
12173,11292,4,5,0.0
12173,11292,5,5,0.0
12173,11292,6,8,14.285714285714285
12173,11292,7,5,0.0
12173,11298,1,5,40.0
12173,11298,2,5,0.0
12173,11298,3,4,0.0
12173,11298,4,4,25.0
12173,11298,5,4,50.0
12173,11298,6,4,0.0
12173,11298,7,4,33.33333333333333
12173,11433,1,1,0.0
12173,11433,2,5,0.0
12173,11433,3,1,100.0
12173,11433,4,4,0.0
12173,11433,5,1,0.0
12173,11433,6,4,0.0
12173,11433,7,1,0.0
12173,12016,1,5,0.0
12173,12016,2,5,0.0
12173,12016,3,4,0.0
12173,12016,4,4,25.0
12173,12016,5,4,25.0
12173,12016,6,4,25.0
12173,12016,7,4,25.0
12173,12264,6,4,25.0
12173,12266,1,5,0.0
12173,12266,2,5,0.0
12173,12266,3,4,0.0
12173,12266,4,4,0.0
12173,12266,5,4,0.0
12173,12266,6,4,0.0
12173,12266,7,4,25.0
12173,12402,1,84,2.380952380952381
12173,12402,2,80,6.25
12173,12402,3,64,3.125
12173,12402,4,68,4.411764705882353
12173,12402,5,68,10.294117647058822
12173,12402,6,68,4.411764705882353
12173,12402,7,64,4.6875
12173,12478,1,10,0.0
12173,12478,2,6,33.33333333333333
12173,12478,3,8,0.0
12173,12478,4,5,0.0
12173,12478,5,8,25.0
12173,12478,6,5,40.0
12173,12478,7,8,25.0
12173,12758,1,95,4.2105263157894735
12173,12758,2,95,7.368421052631578
12173,12758,3,72,1.3888888888888888
12173,12758,4,80,10.126582278481013
12173,12758,5,80,7.5
12173,12758,6,76,2.666666666666667
12173,12758,7,72,1.3888888888888888
12173,12889,1,30,23.333333333333332
12173,12889,2,30,6.666666666666667
12173,12889,3,24,4.166666666666666
12173,12889,4,24,8.333333333333332
12173,12889,5,24,20.833333333333336
12173,12889,6,24,4.166666666666666
12173,12889,7,24,16.666666666666664
12173,12892,1,65,12.307692307692308
12173,12892,2,65,13.846153846153847
12173,12892,3,52,7.6923076923076925
12173,12892,4,48,12.5
12173,12892,5,52,3.8461538461538463
12173,12892,6,52,5.769230769230769
12173,12892,7,52,9.615384615384617
12173,12954,1,10,10.0
12173,12954,2,10,0.0
12173,12954,3,8,0.0
12173,12954,4,8,12.5
12173,12954,5,8,0.0
12173,12954,6,8,12.5
12173,12954,7,8,0.0
12173,12982,1,104,4.901960784313726
12173,12982,2,105,1.9047619047619049
12173,12982,3,80,7.5
12173,12982,4,84,15.66265060240964
12173,12982,5,92,14.130434782608695
12173,12982,6,80,5.063291139240507
12173,12982,7,80,5.0
12173,13487,1,5,20.0
12173,13487,2,5,0.0
12173,13487,3,4,0.0
12173,13487,4,4,25.0
12173,13487,5,4,0.0
12173,13487,6,4,0.0
12173,13487,7,4,0.0
12173,13796,1,10,0.0
12173,13796,2,10,10.0
12173,13796,3,8,12.5
12173,13796,4,8,25.0
12173,13796,5,8,12.5
12173,13796,6,8,0.0
12173,13796,7,8,12.5
12173,13830,1,140,5.714285714285714
12173,13830,2,145,3.4482758620689653
12173,13830,3,116,2.586206896551724
12173,13830,4,112,10.714285714285714
12173,13830,5,116,6.896551724137931
12173,13830,6,112,3.571428571428571
12173,13830,7,112,5.357142857142857
12173,13891,1,5,20.0
12173,13891,2,5,0.0
12173,13891,3,4,0.0
12173,13891,4,4,0.0
12173,13891,5,4,25.0
12173,13891,6,4,25.0
12173,13891,7,4,0.0
12173,13930,1,5,0.0
12173,13930,2,5,20.0
12173,13930,3,4,0.0
12173,13930,4,4,0.0
12173,13930,5,4,0.0
12173,13930,6,4,0.0
12173,13930,7,4,25.0
12173,14057,1,10,10.0
12173,14057,2,10,10.0
12173,14057,3,8,12.5
12173,14057,4,11,27.27272727272727
12173,14057,5,12,16.666666666666664
12173,14057,6,8,0.0
12173,14057,7,12,8.333333333333332
12173,14107,1,16,12.5
12173,14107,2,16,6.25
12173,14107,3,12,16.666666666666664
12173,14107,4,12,0.0
12173,14107,5,12,0.0
12173,14107,6,12,0.0
12173,14107,7,12,8.333333333333332
12173,14222,1,5,20.0
12173,14222,2,5,0.0
12173,14222,4,4,25.0
12173,14679,1,20,5.0
12173,14679,2,20,0.0
12173,14679,3,20,0.0
12173,14679,4,20,20.0
12173,14679,5,20,25.0
12173,14679,6,20,0.0
12173,14679,7,20,20.0
12173,14747,1,40,20.0
12173,14747,2,40,25.0
12173,14747,3,32,18.75
12173,14747,4,32,31.25
12173,14747,5,32,21.875
12173,14747,6,32,15.625
12173,14747,7,32,28.125
12173,14771,1,26,19.230769230769234
12173,14771,2,21,0.0
12173,14771,3,16,0.0
12173,14771,4,20,0.0
12173,14771,5,21,9.523809523809524
12173,14771,6,21,19.047619047619047
12173,14771,7,21,14.285714285714285
12173,14831,1,10,10.0
12173,14831,2,10,0.0
12173,14831,3,8,25.0
12173,14831,4,8,0.0
12173,14831,5,8,12.5
12173,14831,6,8,12.5
12173,14831,7,8,0.0
12173,14869,1,10,11.11111111111111
12173,14869,2,10,0.0
12173,14869,3,8,0.0
12173,14869,4,8,0.0
12173,14869,5,8,0.0
12173,14869,6,8,12.5
12173,14869,7,8,28.57142857142857
12173,14893,1,10,40.0
12173,14893,2,10,20.0
12173,14893,3,8,12.5
12173,14893,4,8,12.5
12173,14893,5,8,25.0
12173,14893,6,8,37.5
12173,14893,7,8,25.0
12177,11292,1,5,0.0
12177,11292,2,5,20.0
12177,11292,3,4,25.0
12177,11292,4,4,25.0
12177,11292,5,4,0.0
12177,11292,6,4,0.0
12177,11292,7,4,0.0
12177,12266,1,5,0.0
12177,12266,2,5,0.0
12177,12266,3,4,0.0
12177,12266,4,4,0.0
12177,12266,5,4,0.0
12177,12266,6,4,0.0
12177,12266,7,4,0.0
12191,10140,1,15,13.333333333333334
12191,10140,2,10,20.0
12191,10140,3,8,25.0
12191,10140,4,12,8.333333333333332
12191,10140,5,12,8.333333333333332
12191,10140,6,8,12.5
12191,10140,7,12,25.0
12191,10397,1,45,6.666666666666667
12191,10397,2,40,2.5
12191,10397,3,32,12.5
12191,10397,4,36,8.333333333333332
12191,10397,5,36,11.11111111111111
12191,10397,6,28,0.0
12191,10397,7,33,12.121212121212121
12191,10423,1,25,16.0
12191,10423,2,20,0.0
12191,10423,3,16,18.75
12191,10423,4,20,10.0
12191,10423,5,20,20.0
12191,10423,6,16,6.25
12191,10423,7,19,31.57894736842105
12191,10599,1,5,0.0
12191,10599,2,5,0.0
12191,10599,3,4,0.0
12191,10599,4,4,0.0
12191,10599,5,4,0.0
12191,10599,6,4,0.0
12191,10599,7,12,25.0
12191,10693,1,25,12.0
12191,10693,2,20,5.0
12191,10693,3,16,18.75
12191,10693,4,20,15.0
12191,10693,5,20,30.0
12191,10693,6,16,0.0
12191,10693,7,21,19.047619047619047
12191,10800,1,5,20.0
12191,10800,2,5,0.0
12191,10800,3,4,25.0
12191,10800,4,4,0.0
12191,10800,5,4,50.0
12191,10800,7,4,25.0
12191,10821,1,20,25.0
12191,10821,2,20,10.0
12191,10821,3,16,18.75
12191,10821,4,16,18.75
12191,10821,5,16,25.0
12191,10821,6,16,25.0
12191,10821,7,20,5.0
12191,10994,6,4,25.0
12191,10994,7,4,0.0
12191,11057,7,4,25.0
12191,11066,1,5,0.0
12191,11066,2,5,0.0
12191,11066,3,4,25.0
12191,11066,4,4,0.0
12191,11066,5,4,0.0
12191,11066,6,4,0.0
12191,11066,7,4,50.0
12191,11109,6,4,0.0
12191,11109,7,4,0.0
12191,11140,1,15,6.666666666666667
12191,11140,2,10,0.0
12191,11140,3,8,25.0
12191,11140,4,12,25.0
12191,11140,5,12,33.33333333333333
12191,11140,6,8,0.0
12191,11140,7,12,16.666666666666664
12191,11259,1,58,12.068965517241379
12191,11259,2,60,10.0
12191,11259,3,48,8.333333333333332
12191,11259,4,45,11.11111111111111
12191,11259,5,45,20.0
12191,11259,6,36,11.11111111111111
12191,11259,7,40,22.5
12191,11278,1,15,13.333333333333334
12191,11278,2,15,6.666666666666667
12191,11278,3,12,41.66666666666667
12191,11278,4,12,16.666666666666664
12191,11278,5,12,25.0
12191,11278,6,8,37.5
12191,11278,7,12,25.0
12191,11292,1,35,25.71428571428571
12191,11292,2,30,16.666666666666664
12191,11292,3,23,30.434782608695656
12191,11292,4,28,17.857142857142858
12191,11292,5,28,25.0
12191,11292,6,16,18.75
12191,11292,7,28,28.57142857142857
12191,11298,1,30,33.33333333333333
12191,11298,2,30,6.666666666666667
12191,11298,3,24,33.33333333333333
12191,11298,4,27,22.22222222222222
12191,11298,5,24,17.391304347826086
12191,11298,6,23,8.695652173913043
12191,11298,7,28,22.22222222222222
12191,11481,1,5,20.0
12191,11481,2,5,0.0
12191,11481,3,4,75.0
12191,11481,4,4,0.0
12191,11481,5,4,25.0
12191,11481,6,4,0.0
12191,11481,7,4,0.0
12191,11540,1,15,26.666666666666668
12191,11540,2,10,0.0
12191,11540,3,8,25.0
12191,11540,4,12,8.333333333333332
12191,11540,5,12,16.666666666666664
12191,11540,6,12,0.0
12191,11540,7,12,16.666666666666664
12191,11697,1,10,10.0
12191,11697,2,10,10.0
12191,11697,3,8,37.5
12191,11697,4,8,12.5
12191,11697,5,8,25.0
12191,11697,6,8,0.0
12191,11697,7,8,0.0
12191,11996,1,5,0.0
12191,11996,2,5,0.0
12191,11996,3,4,25.0
12191,11996,4,4,0.0
12191,11996,5,4,0.0
12191,11996,7,4,0.0
12191,12206,1,20,10.0
12191,12206,2,20,5.0
12191,12206,3,16,25.0
12191,12206,4,16,6.25
12191,12206,5,16,12.5
12191,12206,6,8,12.5
12191,12206,7,16,6.25
12191,12339,1,5,20.0
12191,12339,2,5,0.0
12191,12339,3,4,0.0
12191,12339,4,4,0.0
12191,12339,5,4,25.0
12191,12339,6,4,25.0
12191,12339,7,8,25.0
12191,12448,1,10,10.0
12191,12448,2,10,0.0
12191,12448,3,8,12.5
12191,12448,4,8,25.0
12191,12448,5,8,25.0
12191,12448,6,8,12.5
12191,12448,7,8,50.0
12191,12451,1,5,40.0
12191,12451,4,4,25.0
12191,12451,5,4,25.0
12191,12451,6,4,25.0
12191,12451,7,4,0.0
12191,12889,1,31,9.67741935483871
12191,12889,2,20,5.0
12191,12889,3,16,6.25
12191,12889,4,24,25.0
12191,12889,5,24,29.166666666666668
12191,12889,6,16,18.75
12191,12889,7,24,20.833333333333336
12191,12892,1,20,30.0
12191,12892,2,15,6.666666666666667
12191,12892,3,12,8.333333333333332
12191,12892,4,16,12.5
12191,12892,5,16,12.5
12191,12892,6,8,0.0
12191,12892,7,12,41.66666666666667
12191,12896,6,4,25.0
12191,12896,7,4,25.0
12191,12953,1,20,15.0
12191,12953,2,20,15.0
12191,12953,3,16,25.0
12191,12953,4,16,12.5
12191,12953,5,16,18.75
12191,12953,6,8,25.0
12191,12953,7,12,0.0
12191,12954,1,10,0.0
12191,12954,2,10,0.0
12191,12954,3,8,25.0
12191,12954,4,8,12.5
12191,12954,5,8,0.0
12191,12954,6,4,0.0
12191,12954,7,4,0.0
12191,12992,7,4,0.0
12191,13158,1,20,5.0
12191,13158,2,20,0.0
12191,13158,3,16,12.5
12191,13158,4,16,0.0
12191,13158,5,16,6.25
12191,13158,6,8,0.0
12191,13158,7,12,25.0
12191,13198,1,15,26.666666666666668
12191,13198,2,10,30.0
12191,13198,3,8,12.5
12191,13198,4,12,25.0
12191,13198,5,12,16.666666666666664
12191,13198,6,8,12.5
12191,13198,7,12,8.333333333333332
12191,13204,1,25,12.0
12191,13204,2,20,10.0
12191,13204,3,16,25.0
12191,13204,4,20,5.0
12191,13204,5,20,15.0
12191,13204,6,17,0.0
12191,13204,7,20,5.0
12191,13232,1,31,12.903225806451612
12191,13232,2,25,8.0
12191,13232,3,20,15.0
12191,13232,4,25,12.0
12191,13232,5,26,16.0
12191,13232,6,16,0.0
12191,13232,7,20,10.0
12191,13244,1,15,13.333333333333334
12191,13244,2,10,0.0
12191,13244,3,8,12.5
12191,13244,4,12,16.666666666666664
12191,13244,5,12,8.333333333333332
12191,13244,6,4,50.0
12191,13244,7,8,12.5
12191,13303,1,5,40.0
12191,13303,4,4,0.0
12191,13303,5,4,0.0
12191,13303,6,8,0.0
12191,13303,7,4,50.0
12191,13495,1,30,10.0
12191,13495,2,30,3.3333333333333335
12191,13495,3,24,8.333333333333332
12191,13495,4,24,16.666666666666664
12191,13495,5,24,4.166666666666666
12191,13495,6,20,5.0
12191,13495,7,24,12.5
12191,13796,1,5,60.0
12191,13796,2,5,60.0
12191,13796,3,4,25.0
12191,13796,4,4,100.0
12191,13796,5,4,50.0
12191,13796,6,4,0.0
12191,13796,7,4,25.0
12191,13851,1,20,20.0
12191,13851,2,15,6.666666666666667
12191,13851,3,12,8.333333333333332
12191,13851,4,16,18.75
12191,13851,5,16,12.5
12191,13851,6,12,0.0
12191,13851,7,12,16.666666666666664
12191,13871,1,5,0.0
12191,13871,2,5,0.0
12191,13871,3,4,0.0
12191,13871,4,4,0.0
12191,13871,5,4,0.0
12191,13871,6,4,0.0
12191,13871,7,4,0.0
12191,13891,1,5,20.0
12191,13891,2,5,0.0
12191,13891,3,4,25.0
12191,13891,4,4,0.0
12191,13891,5,4,0.0
12191,13891,6,4,0.0
12191,13891,7,4,25.0
12191,14107,1,30,23.333333333333332
12191,14107,2,20,0.0
12191,14107,3,16,12.5
12191,14107,4,24,25.0
12191,14107,5,24,34.78260869565217
12191,14107,6,16,25.0
12191,14107,7,20,20.0
12191,14122,1,5,20.0
12191,14122,2,5,0.0
12191,14122,3,4,50.0
12191,14122,4,4,25.0
12191,14122,5,4,0.0
12191,14122,7,4,25.0
12191,14193,1,5,0.0
12191,14193,2,5,0.0
12191,14193,3,4,25.0
12191,14193,4,4,25.0
12191,14193,5,4,25.0
12191,14193,6,4,0.0
12191,14193,7,4,25.0
12191,14314,4,4,25.0
12191,14314,7,4,25.0
12191,14492,1,5,20.0
12191,14492,4,4,0.0
12191,14492,5,4,25.0
12191,14492,6,4,0.0
12191,14492,7,4,25.0
12191,14635,6,4,25.0
12191,14679,1,10,10.0
12191,14679,2,10,10.0
12191,14679,3,8,28.57142857142857
12191,14679,4,8,25.0
12191,14679,5,8,12.5
12191,14679,6,8,12.5
12191,14679,7,8,25.0
12191,14683,1,25,16.0
12191,14683,2,20,0.0
12191,14683,3,16,12.5
12191,14683,4,20,5.0
12191,14683,5,20,10.0
12191,14683,6,20,0.0
12191,14683,7,20,10.0
12191,14685,1,5,20.0
12191,14685,4,4,0.0
12191,14685,5,4,0.0
12191,14685,6,4,25.0
12191,14685,7,4,0.0
12191,14696,5,1,0.0
12191,14730,1,5,20.0
12191,14730,4,4,0.0
12191,14730,5,4,25.0
12191,14730,6,4,0.0
12191,14730,7,4,0.0
12191,14747,1,5,40.0
12191,14747,2,5,0.0
12191,14747,3,4,25.0
12191,14747,4,4,25.0
12191,14747,5,4,25.0
12191,14747,6,4,0.0
12191,14747,7,4,0.0
12191,14831,1,5,40.0
12191,14831,2,5,40.0
12191,14831,3,4,50.0
12191,14831,4,4,25.0
12191,14831,5,4,0.0
12191,14831,6,4,0.0
12191,14831,7,4,50.0
12191,14869,1,5,0.0
12191,14869,2,5,20.0
12191,14869,3,4,0.0
12191,14869,4,4,0.0
12191,14869,5,4,0.0
12191,14869,6,4,0.0
12191,14869,7,8,0.0
12191,14893,1,5,0.0
12191,14893,2,5,20.0
12191,14893,3,4,25.0
12191,14893,4,4,0.0
12191,14893,5,4,0.0
12191,14893,6,4,0.0
12191,14893,7,4,0.0
12191,14986,1,5,0.0
12191,14986,2,5,20.0
12191,14986,3,4,25.0
12191,14986,4,4,0.0
12191,14986,5,4,0.0
12191,14986,6,4,0.0
12191,14986,7,4,0.0
12191,15016,1,25,20.0
12191,15016,2,20,10.0
12191,15016,3,16,0.0
12191,15016,4,20,10.0
12191,15016,5,20,25.0
12191,15016,6,8,0.0
12191,15016,7,16,6.25
12191,15304,1,15,13.333333333333334
12191,15304,2,10,10.0
12191,15304,3,8,25.0
12191,15304,4,12,8.333333333333332
12191,15304,5,12,8.333333333333332
12191,15304,6,8,0.0
12191,15304,7,12,0.0
12191,15370,1,10,0.0
12191,15370,2,5,0.0
12191,15370,3,4,0.0
12191,15370,4,8,12.5
12191,15370,5,8,0.0
12191,15370,6,8,0.0
12191,15370,7,12,25.0
12191,15376,1,5,0.0
12191,15376,2,5,20.0
12191,15376,3,4,25.0
12191,15376,4,4,25.0
12191,15376,5,4,25.0
12191,15376,6,4,0.0
12191,15376,7,4,0.0
12191,15624,1,5,0.0
12191,15624,4,4,0.0
12191,15624,5,4,25.0
12191,15624,6,4,0.0
12191,15624,7,4,0.0
12197,10154,1,6,0.0
12197,10154,2,6,0.0
12197,10154,3,4,0.0
12197,10154,4,4,0.0
12197,10154,5,4,0.0
12197,10154,6,4,0.0
12197,10154,7,4,25.0
12197,10397,1,10,20.0
12197,10397,2,10,10.0
12197,10397,3,8,12.5
12197,10397,4,8,14.285714285714285
12197,10397,5,8,12.5
12197,10397,6,8,50.0
12197,10397,7,8,0.0
12197,11057,1,20,10.0
12197,11057,2,14,14.285714285714285
12197,11057,3,12,16.666666666666664
12197,11057,4,16,25.0
12197,11057,5,16,6.25
12197,11057,6,16,25.0
12197,11057,7,16,12.5
12197,11278,1,20,40.0
12197,11278,2,20,30.0
12197,11278,3,16,43.75
12197,11278,4,16,18.75
12197,11278,5,16,6.666666666666667
12197,11278,6,8,12.5
12197,11278,7,16,50.0
12197,11697,1,10,10.0
12197,11697,2,6,0.0
12197,11697,3,7,14.285714285714285
12197,11697,4,8,62.5
12197,11697,5,8,0.0
12197,11697,6,8,25.0
12197,11697,7,8,12.5
12197,13204,1,20,25.0
12197,13204,2,20,0.0
12197,13204,3,15,6.666666666666667
12197,13204,4,16,18.75
12197,13204,5,16,6.25
12197,13204,6,16,0.0
12197,13204,7,16,0.0
12197,13930,1,20,5.0
12197,13930,2,20,5.0
12197,13930,3,15,13.333333333333334
12197,13930,4,15,20.0
12197,13930,5,16,18.75
12197,13930,6,15,13.333333333333334
12197,13930,7,16,0.0
12197,14027,1,19,26.31578947368421
12197,14027,2,15,6.666666666666667
12197,14027,3,15,6.666666666666667
12197,14027,4,16,37.5
12197,14027,5,16,6.666666666666667
12197,14027,6,16,18.75
12197,14027,7,16,26.666666666666668
12197,14635,1,10,20.0
12197,14635,2,10,0.0
12197,14635,3,7,14.285714285714285
12197,14635,4,8,25.0
12197,14635,5,8,12.5
12197,14635,6,8,0.0
12197,14635,7,8,0.0
12197,14843,1,5,20.0
12197,14843,2,5,60.0
12197,14843,3,4,25.0
12197,14843,4,4,25.0
12197,14843,5,4,0.0
12197,14843,6,4,0.0
12197,14843,7,4,25.0
12197,15304,1,5,0.0
12197,15304,2,5,0.0
12197,15304,3,4,0.0
12197,15304,4,4,0.0
12197,15304,5,4,0.0
12197,15304,6,4,25.0
12197,15304,7,4,0.0
12206,10423,1,10,10.0
12206,10423,2,10,10.0
12206,10423,3,8,12.5
12206,10423,4,8,0.0
12206,10423,5,8,25.0
12206,10423,6,4,0.0
12206,10423,7,4,0.0
12206,11259,1,5,20.0
12206,11259,2,5,0.0
12206,11259,3,4,25.0
12206,11259,4,4,0.0
12206,11259,5,4,0.0
12206,11259,6,4,0.0
12206,11259,7,4,0.0
12206,11298,1,20,35.0
12206,11298,2,20,10.0
12206,11298,3,16,6.25
12206,11298,4,16,12.5
12206,11298,5,16,25.0
12206,11298,6,16,13.333333333333334
12206,11298,7,16,18.75
12206,12191,1,20,10.0
12206,12191,2,20,5.0
12206,12191,3,16,6.25
12206,12191,4,16,6.25
12206,12191,5,16,12.5
12206,12191,6,8,37.5
12206,12191,7,16,12.5
12217,10397,1,29,3.4482758620689653
12217,10397,2,26,0.0
12217,10397,3,21,9.523809523809524
12217,10397,4,25,4.0
12217,10397,5,26,0.0
12217,10397,6,20,15.0
12217,10397,7,26,0.0
12217,11057,1,18,11.11111111111111
12217,11057,2,18,5.555555555555555
12217,11057,3,16,6.25
12217,11057,4,16,31.25
12217,11057,5,16,6.25
12217,11057,6,16,6.25
12217,11057,7,16,6.25
12217,11278,1,20,10.0
12217,11278,2,20,26.31578947368421
12217,11278,3,16,43.75
12217,11278,4,16,18.75
12217,11278,5,16,31.25
12217,11278,6,8,12.5
12217,11278,7,16,25.0
12217,11292,1,10,10.0
12217,11292,2,10,30.0
12217,11292,3,8,25.0
12217,11292,4,8,25.0
12217,11292,5,8,0.0
12217,11292,6,8,25.0
12217,11292,7,8,12.5
12217,11298,1,26,38.46153846153847
12217,11298,2,25,8.0
12217,11298,3,20,25.0
12217,11298,4,23,30.434782608695656
12217,11298,5,20,23.52941176470588
12217,11298,6,20,20.0
12217,11298,7,24,29.166666666666668
12217,11433,1,8,12.5
12217,11433,2,6,0.0
12217,11433,3,4,25.0
12217,11433,4,6,0.0
12217,11433,5,6,0.0
12217,11433,7,6,0.0
12217,13930,1,24,25.0
12217,13930,2,22,22.727272727272727
12217,13930,3,16,0.0
12217,13930,4,14,28.57142857142857
12217,13930,5,18,27.77777777777778
12217,13930,6,15,53.333333333333336
12217,13930,7,15,20.0
12223,14112,1,5,20.0
12223,14112,3,4,25.0
12223,14112,5,4,75.0
12223,14761,4,4,25.0
12223,14761,7,4,25.0
12223,15624,1,1,0.0
12250,11278,1,1,0.0
12250,11278,2,1,0.0
12250,12478,1,5,20.0
12250,12478,2,5,20.0
12250,12478,3,4,0.0
12250,12478,4,4,0.0
12250,12478,5,4,25.0
12250,12478,6,4,0.0
12250,12478,7,4,0.0
12250,12953,1,1,0.0
12250,12953,2,1,0.0
12250,14100,1,1,0.0
12250,14100,2,1,0.0
12255,11292,1,10,20.0
12255,11292,2,5,0.0
12255,11292,3,8,12.5
12255,11292,4,8,12.5
12255,11292,5,8,25.0
12255,11292,6,4,0.0
12255,11292,7,8,12.5
12264,10140,1,5,40.0
12264,10140,2,5,0.0
12264,10140,3,4,0.0
12264,10140,4,4,25.0
12264,10140,5,4,0.0
12264,10140,6,4,0.0
12264,10140,7,4,25.0
12264,10299,1,1,100.0
12264,10299,2,1,0.0
12264,10299,3,1,0.0
12264,10299,4,1,0.0
12264,10299,5,1,0.0
12264,10299,6,1,0.0
12264,10299,7,1,0.0
12264,10397,1,56,5.357142857142857
12264,10397,2,48,2.083333333333333
12264,10397,3,38,10.526315789473683
12264,10397,4,46,17.391304347826086
12264,10397,5,46,17.391304347826086
12264,10397,6,35,14.285714285714285
12264,10397,7,46,17.391304347826086
12264,10423,1,18,5.555555555555555
12264,10423,2,19,0.0
12264,10423,3,16,18.75
12264,10423,4,15,6.666666666666667
12264,10423,5,15,0.0
12264,10423,6,11,18.181818181818183
12264,10423,7,15,6.666666666666667
12264,10431,1,5,0.0
12264,10431,5,4,0.0
12264,10529,1,18,27.77777777777778
12264,10529,2,19,5.263157894736842
12264,10529,3,16,12.5
12264,10529,4,15,13.333333333333334
12264,10529,5,15,0.0
12264,10529,6,13,15.384615384615385
12264,10529,7,11,9.090909090909092
12264,10693,1,15,0.0
12264,10693,2,11,9.090909090909092
12264,10693,3,8,12.5
12264,10693,4,12,25.0
12264,10693,5,12,8.333333333333332
12264,10693,6,9,11.11111111111111
12264,10693,7,12,0.0
12264,10721,1,24,37.5
12264,10721,2,23,30.434782608695656
12264,10721,3,19,44.44444444444444
12264,10721,4,19,68.42105263157895
12264,10721,5,19,36.84210526315789
12264,10721,6,19,27.77777777777778
12264,10721,7,19,52.63157894736842
12264,10785,1,9,0.0
12264,10785,2,5,20.0
12264,10785,4,4,0.0
12264,10785,5,5,20.0
12264,10785,6,7,28.57142857142857
12264,10785,7,2,50.0
12264,10792,1,1,0.0
12264,10792,3,4,25.0
12264,10792,4,3,33.33333333333333
12264,10792,5,3,66.66666666666666
12264,10792,6,3,33.33333333333333
12264,10849,6,3,0.0
12264,10849,7,3,0.0
12264,10994,1,10,10.0
12264,10994,2,5,0.0
12264,10994,3,4,0.0
12264,10994,4,8,0.0
12264,10994,5,8,12.5
12264,10994,6,7,0.0
12264,10994,7,8,12.5
12264,11042,1,20,15.0
12264,11042,2,20,10.0
12264,11042,3,16,6.25
12264,11042,4,13,15.384615384615385
12264,11042,5,9,22.22222222222222
12264,11042,6,6,16.666666666666664
12264,11042,7,13,15.384615384615385
12264,11057,1,25,8.0
12264,11057,2,21,0.0
12264,11057,3,22,4.545454545454546
12264,11057,4,26,4.0
12264,11057,5,23,0.0
12264,11057,6,17,17.647058823529413
12264,11057,7,30,6.666666666666667
12264,11066,1,23,17.391304347826086
12264,11066,2,23,13.043478260869565
12264,11066,3,19,15.789473684210526
12264,11066,4,19,31.57894736842105
12264,11066,5,19,15.789473684210526
12264,11066,6,14,21.428571428571427
12264,11066,7,19,10.526315789473683
12264,11193,1,10,0.0
12264,11193,2,5,0.0
12264,11193,3,4,0.0
12264,11193,4,7,14.285714285714285
12264,11193,5,8,12.5
12264,11193,6,8,0.0
12264,11193,7,8,12.5
12264,11292,1,50,16.0
12264,11292,2,50,14.000000000000002
12264,11292,3,41,9.75609756097561
12264,11292,4,41,21.951219512195124
12264,11292,5,40,15.0
12264,11292,6,36,16.666666666666664
12264,11292,7,36,11.11111111111111
12264,11298,1,35,8.571428571428571
12264,11298,2,24,8.695652173913043
12264,11298,3,20,40.0
12264,11298,4,27,7.4074074074074066
12264,11298,5,28,25.925925925925924
12264,11298,6,23,8.695652173913043
12264,11298,7,28,17.857142857142858
12264,11433,1,13,0.0
12264,11433,2,9,0.0
12264,11433,3,9,33.33333333333333
12264,11433,4,12,8.333333333333332
12264,11433,5,12,0.0
12264,11433,6,10,10.0
12264,11433,7,13,15.384615384615385
12264,11618,1,20,30.0
12264,11618,2,20,30.0
12264,11618,3,16,18.75
12264,11618,4,16,37.5
12264,11618,5,16,25.0
12264,11618,6,17,41.17647058823529
12264,11618,7,17,17.647058823529413
12264,11697,1,5,0.0
12264,11697,2,5,0.0
12264,11697,3,4,0.0
12264,11697,4,4,50.0
12264,11697,5,4,0.0
12264,11697,6,4,0.0
12264,11697,7,4,25.0
12264,12173,6,4,0.0
12264,12266,1,34,5.88235294117647
12264,12266,2,34,8.823529411764707
12264,12266,3,25,8.0
12264,12266,4,24,12.5
12264,12266,5,27,7.4074074074074066
12264,12266,6,24,8.333333333333332
12264,12266,7,27,3.7037037037037033
12264,12339,1,15,0.0
12264,12339,2,14,14.285714285714285
12264,12339,3,12,8.333333333333332
12264,12339,4,12,8.333333333333332
12264,12339,5,12,0.0
12264,12339,6,12,41.66666666666667
12264,12339,7,12,16.666666666666664
12264,12451,1,10,10.0
12264,12451,2,10,0.0
12264,12451,3,8,12.5
12264,12451,4,8,25.0
12264,12451,5,8,0.0
12264,12451,6,8,0.0
12264,12451,7,5,20.0
12264,12559,1,5,40.0
12264,12559,2,5,0.0
12264,12559,3,4,25.0
12264,12559,4,4,0.0
12264,12559,5,4,0.0
12264,12559,6,4,0.0
12264,12559,7,4,25.0
12264,12889,1,16,12.5
12264,12889,2,15,13.333333333333334
12264,12889,3,12,0.0
12264,12889,4,12,0.0
12264,12889,5,12,8.333333333333332
12264,12889,6,12,0.0
12264,12889,7,12,25.0
12264,12892,1,30,13.333333333333334
12264,12892,2,27,3.7037037037037033
12264,12892,3,20,5.0
12264,12892,4,24,12.5
12264,12892,5,25,4.166666666666666
12264,12892,6,24,16.666666666666664
12264,12892,7,24,12.5
12264,12953,1,18,27.77777777777778
12264,12953,2,20,0.0
12264,12953,3,16,31.25
12264,12953,4,15,30.76923076923077
12264,12953,5,15,13.333333333333334
12264,12953,6,12,0.0
12264,12953,7,15,20.0
12264,13204,1,30,10.0
12264,13204,2,25,0.0
12264,13204,3,20,5.0
12264,13204,4,24,16.666666666666664
12264,13204,5,24,12.5
12264,13204,6,24,4.166666666666666
12264,13204,7,24,16.666666666666664
12264,13282,1,5,0.0
12264,13282,2,5,0.0
12264,13282,3,4,25.0
12264,13282,4,4,25.0
12264,13282,5,4,25.0
12264,13282,6,4,50.0
12264,13282,7,4,25.0
12264,13303,1,10,10.0
12264,13303,2,5,0.0
12264,13303,3,4,0.0
12264,13303,4,8,12.5
12264,13303,5,8,0.0
12264,13303,6,4,0.0
12264,13303,7,8,12.5
12264,13487,1,7,0.0
12264,13487,2,7,14.285714285714285
12264,13487,3,6,0.0
12264,13487,4,5,0.0
12264,13487,5,5,0.0
12264,13487,6,5,0.0
12264,13487,7,5,20.0
12264,13495,1,10,0.0
12264,13495,2,5,0.0
12264,13495,3,4,0.0
12264,13495,4,8,12.5
12264,13495,5,8,0.0
12264,13495,6,5,20.0
12264,13495,7,5,0.0
12264,13930,1,35,22.857142857142858
12264,13930,2,35,14.285714285714285
12264,13930,3,28,10.714285714285714
12264,13930,4,27,33.33333333333333
12264,13930,5,27,14.814814814814813
12264,13930,6,24,33.33333333333333
12264,13930,7,27,22.22222222222222
12264,13931,1,12,0.0
12264,13931,2,9,0.0
12264,13931,3,9,0.0
12264,13931,4,10,20.0
12264,13931,5,10,0.0
12264,13931,6,6,0.0
12264,13931,7,12,8.333333333333332
12264,14027,1,1,0.0
12264,14027,2,1,0.0
12264,14027,4,1,0.0
12264,14027,5,1,0.0
12264,14027,6,1,0.0
12264,14027,7,1,0.0
12264,14057,1,5,0.0
12264,14057,2,5,20.0
12264,14057,3,4,25.0
12264,14057,4,4,25.0
12264,14057,5,4,0.0
12264,14057,6,4,25.0
12264,14057,7,4,25.0
12264,14100,4,1,100.0
12264,14107,1,15,20.0
12264,14107,2,15,13.333333333333334
12264,14107,3,12,33.33333333333333
12264,14107,4,12,33.33333333333333
12264,14107,5,12,33.33333333333333
12264,14107,6,9,33.33333333333333
12264,14107,7,12,8.333333333333332
12264,14122,1,20,10.0
12264,14122,2,20,10.0
12264,14122,3,16,6.25
12264,14122,4,16,25.0
12264,14122,5,15,6.666666666666667
12264,14122,6,8,0.0
12264,14122,7,16,6.25
12264,14307,1,5,0.0
12264,14307,2,5,20.0
12264,14307,3,4,0.0
12264,14307,4,4,0.0
12264,14307,5,1,0.0
12264,14307,6,4,25.0
12264,14307,7,1,0.0
12264,14321,1,16,0.0
12264,14321,2,14,7.142857142857142
12264,14321,3,13,7.6923076923076925
12264,14321,4,13,30.76923076923077
12264,14321,5,13,0.0
12264,14321,6,12,9.090909090909092
12264,14321,7,13,0.0
12264,14492,1,23,8.695652173913043
12264,14492,2,24,8.333333333333332
12264,14492,3,19,10.526315789473683
12264,14492,4,19,11.11111111111111
12264,14492,5,19,15.789473684210526
12264,14492,6,18,22.22222222222222
12264,14492,7,18,11.11111111111111
12264,14524,6,1,0.0
12264,14635,1,5,20.0
12264,14635,2,5,0.0
12264,14635,3,4,25.0
12264,14635,4,4,0.0
12264,14635,5,4,0.0
12264,14635,6,4,50.0
12264,14635,7,4,0.0
12264,14679,1,20,5.0
12264,14679,2,20,0.0
12264,14679,3,16,6.25
12264,14679,4,16,25.0
12264,14679,5,16,12.5
12264,14679,6,15,0.0
12264,14679,7,16,25.0
12264,14683,1,10,10.0
12264,14683,2,5,0.0
12264,14683,3,4,0.0
12264,14683,4,8,12.5
12264,14683,5,8,0.0
12264,14683,6,8,25.0
12264,14683,7,8,12.5
12264,14685,1,5,0.0
12264,14685,2,1,0.0
12264,14685,4,4,25.0
12264,14685,5,4,0.0
12264,14685,6,3,0.0
12264,14685,7,4,0.0
12264,14696,1,5,0.0
12264,14696,2,5,0.0
12264,14696,3,4,25.0
12264,14696,4,4,50.0
12264,14696,5,4,25.0
12264,14696,6,4,0.0
12264,14696,7,4,0.0
12264,14730,1,4,0.0
12264,14730,2,4,0.0
12264,14730,3,4,0.0
12264,14730,4,3,0.0
12264,14730,5,3,0.0
12264,14730,6,3,0.0
12264,14730,7,3,0.0
12264,14747,1,30,3.3333333333333335
12264,14747,2,29,3.4482758620689653
12264,14747,3,24,16.666666666666664
12264,14747,4,24,16.666666666666664
12264,14747,5,24,4.166666666666666
12264,14747,6,24,8.333333333333332
12264,14747,7,24,4.166666666666666
12264,14771,1,37,10.81081081081081
12264,14771,2,32,6.25
12264,14771,3,24,4.166666666666666
12264,14771,4,29,20.689655172413794
12264,14771,5,29,20.689655172413794
12264,14771,6,26,11.538461538461538
12264,14771,7,29,13.793103448275861
12264,14843,1,2,0.0
12264,14843,2,1,100.0
12264,14843,4,1,0.0
12264,14843,5,1,0.0
12264,14843,6,4,25.0
12264,14843,7,4,25.0
12264,14869,1,10,10.0
12264,14869,2,10,0.0
12264,14869,3,8,25.0
12264,14869,4,8,25.0
12264,14869,5,8,12.5
12264,14869,6,8,12.5
12264,14869,7,8,12.5
12264,14893,1,5,20.0
12264,14893,2,5,0.0
12264,14893,3,4,0.0
12264,14893,4,4,25.0
12264,14893,5,4,0.0
12264,14893,6,4,25.0
12264,14893,7,4,25.0
12264,15024,6,4,0.0
12264,15096,1,1,0.0
12264,15096,3,4,0.0
12264,15096,4,3,33.33333333333333
12264,15096,7,3,0.0
12264,15304,1,24,16.666666666666664
12264,15304,2,15,6.666666666666667
12264,15304,3,11,63.63636363636363
12264,15304,4,19,10.526315789473683
12264,15304,5,19,15.789473684210526
12264,15304,6,15,13.333333333333334
12264,15304,7,19,21.052631578947366
12264,15412,1,1,0.0
12264,15624,2,1,0.0
12264,15624,4,4,75.0
12264,15624,7,4,0.0
12265,13577,1,4,0.0
12265,13577,5,4,25.0
12265,14082,1,5,20.0
12265,14082,5,4,25.0
12265,14112,4,4,50.0
12265,14112,7,4,25.0
12265,14761,1,1,0.0
12266,10140,1,5,40.0
12266,10140,2,5,40.0
12266,10140,3,4,0.0
12266,10140,4,4,50.0
12266,10140,5,4,25.0
12266,10140,6,4,75.0
12266,10140,7,4,25.0
12266,10299,1,4,25.0
12266,10299,2,4,0.0
12266,10299,3,4,25.0
12266,10299,4,3,0.0
12266,10299,5,3,0.0
12266,10299,6,3,0.0
12266,10299,7,3,0.0
12266,10372,1,5,20.0
12266,10372,2,5,0.0
12266,10372,3,4,25.0
12266,10372,4,4,25.0
12266,10372,5,4,0.0
12266,10372,6,4,0.0
12266,10372,7,4,50.0
12266,10397,1,67,13.432835820895523
12266,10397,2,59,8.620689655172415
12266,10397,3,46,10.869565217391305
12266,10397,4,55,12.727272727272727
12266,10397,5,55,7.2727272727272725
12266,10397,6,48,0.0
12266,10397,7,54,7.4074074074074066
12266,10423,1,40,7.5
12266,10423,2,39,10.256410256410255
12266,10423,3,32,9.375
12266,10423,4,32,15.625
12266,10423,5,32,12.5
12266,10423,6,30,6.666666666666667
12266,10423,7,32,25.0
12266,10693,1,20,15.0
12266,10693,2,14,7.142857142857142
12266,10693,3,12,8.333333333333332
12266,10693,4,16,31.25
12266,10693,5,16,18.75
12266,10693,6,15,20.0
12266,10693,7,16,18.75
12266,10721,1,27,33.33333333333333
12266,10721,2,27,33.33333333333333
12266,10721,3,20,52.63157894736842
12266,10721,4,21,66.66666666666666
12266,10721,5,21,47.61904761904761
12266,10721,6,21,14.285714285714285
12266,10721,7,21,57.14285714285714
12266,10781,1,1,0.0
12266,10781,2,1,0.0
12266,10781,4,1,0.0
12266,10781,5,1,0.0
12266,10781,6,1,0.0
12266,10781,7,1,0.0
12266,10821,1,19,26.31578947368421
12266,10821,2,15,26.666666666666668
12266,10821,3,12,16.666666666666664
12266,10821,4,16,6.25
12266,10821,5,16,18.75
12266,10821,6,12,8.333333333333332
12266,10821,7,16,18.75
12266,10849,5,3,0.0
12266,10849,6,3,0.0
12266,11042,1,10,20.0
12266,11042,2,10,10.0
12266,11042,3,8,0.0
12266,11042,4,8,12.5
12266,11042,5,8,0.0
12266,11042,6,8,0.0
12266,11042,7,8,25.0
12266,11057,1,31,25.806451612903224
12266,11057,2,25,12.0
12266,11057,3,20,15.0
12266,11057,4,27,3.7037037037037033
12266,11057,5,24,12.5
12266,11057,6,20,10.526315789473683
12266,11057,7,28,3.571428571428571
12266,11066,1,10,10.0
12266,11066,2,10,0.0
12266,11066,3,8,25.0
12266,11066,4,8,25.0
12266,11066,5,8,25.0
12266,11066,6,8,0.0
12266,11066,7,4,0.0
12266,11109,1,5,20.0
12266,11109,2,5,20.0
12266,11109,3,4,25.0
12266,11109,4,4,25.0
12266,11109,5,4,0.0
12266,11109,6,4,25.0
12266,11109,7,4,0.0
12266,11140,1,10,0.0
12266,11140,2,10,10.0
12266,11140,3,8,12.5
12266,11140,4,8,0.0
12266,11140,5,7,0.0
12266,11140,6,7,0.0
12266,11140,7,8,0.0
12266,11193,1,11,36.36363636363637
12266,11193,2,10,10.0
12266,11193,3,8,50.0
12266,11193,4,11,9.090909090909092
12266,11193,5,8,37.5
12266,11193,6,7,14.285714285714285
12266,11193,7,11,18.181818181818183
12266,11278,1,47,12.76595744680851
12266,11278,2,47,14.893617021276595
12266,11278,3,40,35.0
12266,11278,4,40,20.0
12266,11278,5,39,20.51282051282051
12266,11278,6,24,4.166666666666666
12266,11278,7,35,25.71428571428571
12266,11292,1,66,28.78787878787879
12266,11292,2,61,14.754098360655737
12266,11292,3,48,16.666666666666664
12266,11292,4,52,17.307692307692307
12266,11292,5,52,11.538461538461538
12266,11292,6,52,13.461538461538462
12266,11292,7,52,21.568627450980394
12266,11298,1,85,27.710843373493976
12266,11298,2,80,8.75
12266,11298,3,68,23.52941176470588
12266,11298,4,70,20.0
12266,11298,5,67,21.875
12266,11298,6,60,14.035087719298245
12266,11298,7,68,19.11764705882353
12266,11423,1,5,20.0
12266,11423,2,5,20.0
12266,11423,3,4,25.0
12266,11423,4,4,25.0
12266,11423,5,4,50.0
12266,11423,6,4,0.0
12266,11423,7,4,25.0
12266,11433,1,32,15.625
12266,11433,2,28,7.142857142857142
12266,11433,3,23,13.043478260869565
12266,11433,4,26,7.6923076923076925
12266,11433,5,26,0.0
12266,11433,6,19,15.789473684210526
12266,11433,7,26,15.384615384615385
12266,11540,1,2,0.0
12266,11540,4,1,0.0
12266,11540,5,1,0.0
12266,11618,1,55,10.909090909090908
12266,11618,2,55,10.909090909090908
12266,11618,3,40,20.0
12266,11618,4,44,22.727272727272727
12266,11618,5,44,11.363636363636363
12266,11618,6,44,38.63636363636363
12266,11618,7,44,15.909090909090908
12266,11697,1,33,15.625
12266,11697,2,32,3.125
12266,11697,3,24,12.5
12266,11697,4,27,11.11111111111111
12266,11697,5,27,11.11111111111111
12266,11697,6,27,7.4074074074074066
12266,11697,7,27,14.814814814814813
12266,12173,1,5,20.0
12266,12173,2,5,0.0
12266,12173,3,4,0.0
12266,12173,4,4,25.0
12266,12173,5,4,25.0
12266,12173,6,4,0.0
12266,12173,7,4,0.0
12266,12177,1,5,0.0
12266,12177,2,5,0.0
12266,12177,3,4,25.0
12266,12177,4,4,0.0
12266,12177,5,4,0.0
12266,12177,6,4,0.0
12266,12177,7,4,50.0
12266,12264,1,34,8.823529411764707
12266,12264,2,30,10.0
12266,12264,3,24,8.333333333333332
12266,12264,4,27,0.0
12266,12264,5,27,11.11111111111111
12266,12264,6,24,4.166666666666666
12266,12264,7,27,7.4074074074074066
12266,12278,1,10,10.0
12266,12278,2,6,0.0
12266,12278,3,4,0.0
12266,12278,4,8,25.0
12266,12278,5,8,12.5
12266,12278,6,8,25.0
12266,12278,7,8,37.5
12266,12339,1,10,20.0
12266,12339,2,10,10.0
12266,12339,3,8,37.5
12266,12339,4,8,37.5
12266,12339,5,8,0.0
12266,12339,6,8,12.5
12266,12339,7,8,0.0
12266,12451,1,6,0.0
12266,12451,2,6,0.0
12266,12451,3,4,25.0
12266,12451,4,5,40.0
12266,12451,5,5,0.0
12266,12451,6,5,0.0
12266,12451,7,5,0.0
12266,12478,1,4,0.0
12266,12478,2,4,0.0
12266,12478,3,3,0.0
12266,12478,4,3,33.33333333333333
12266,12478,5,3,0.0
12266,12478,6,3,0.0
12266,12478,7,3,0.0
12266,12889,1,46,13.043478260869565
12266,12889,2,35,2.857142857142857
12266,12889,3,31,16.129032258064516
12266,12889,4,37,24.324324324324326
12266,12889,5,37,35.13513513513514
12266,12889,6,32,15.625
12266,12889,7,37,10.81081081081081
12266,12892,1,75,9.333333333333334
12266,12892,2,65,9.230769230769232
12266,12892,3,54,12.962962962962962
12266,12892,4,63,26.984126984126984
12266,12892,5,64,14.0625
12266,12892,6,57,12.280701754385964
12266,12892,7,62,9.67741935483871
12266,12915,1,5,0.0
12266,12915,2,1,0.0
12266,12915,4,4,0.0
12266,12915,5,4,0.0
12266,12915,7,4,0.0
12266,12951,1,5,0.0
12266,12951,2,5,20.0
12266,12951,3,4,0.0
12266,12951,4,4,0.0
12266,12951,5,4,25.0
12266,12951,6,6,0.0
12266,12951,7,4,25.0
12266,12953,1,65,7.6923076923076925
12266,12953,2,65,9.230769230769232
12266,12953,3,52,23.076923076923077
12266,12953,4,52,19.607843137254903
12266,12953,5,52,9.615384615384617
12266,12953,6,31,9.67741935483871
12266,12953,7,52,21.153846153846153
12266,12992,1,5,20.0
12266,12992,2,5,20.0
12266,12992,3,4,25.0
12266,12992,4,4,0.0
12266,12992,5,5,0.0
12266,12992,6,5,0.0
12266,12992,7,4,0.0
12266,13158,1,14,14.285714285714285
12266,13158,2,11,18.181818181818183
12266,13158,3,9,33.33333333333333
12266,13158,4,11,18.181818181818183
12266,13158,5,10,0.0
12266,13158,6,7,0.0
12266,13158,7,12,16.666666666666664
12266,13198,1,5,20.0
12266,13198,2,5,20.0
12266,13198,3,4,0.0
12266,13198,4,4,25.0
12266,13198,5,4,0.0
12266,13198,6,4,25.0
12266,13198,7,4,0.0
12266,13204,1,45,13.333333333333334
12266,13204,2,45,6.666666666666667
12266,13204,3,36,11.11111111111111
12266,13204,4,36,19.444444444444446
12266,13204,5,36,13.88888888888889
12266,13204,6,37,0.0
12266,13204,7,36,5.555555555555555
12266,13232,1,5,20.0
12266,13232,4,4,25.0
12266,13232,5,4,0.0
12266,13232,7,4,25.0
12266,13241,1,10,0.0
12266,13241,2,5,0.0
12266,13241,3,8,12.5
12266,13241,4,8,0.0
12266,13241,5,8,0.0
12266,13241,6,4,25.0
12266,13241,7,8,37.5
12266,13244,1,19,10.526315789473683
12266,13244,2,15,6.666666666666667
12266,13244,3,12,0.0
12266,13244,4,15,13.333333333333334
12266,13244,5,14,0.0
12266,13244,6,12,16.666666666666664
12266,13244,7,14,7.142857142857142
12266,13256,1,6,33.33333333333333
12266,13256,2,6,0.0
12266,13256,3,4,25.0
12266,13256,4,5,20.0
12266,13256,5,5,20.0
12266,13256,6,5,0.0
12266,13256,7,5,0.0
12266,13303,1,51,27.450980392156865
12266,13303,2,41,14.634146341463413
12266,13303,3,32,25.0
12266,13303,4,37,16.666666666666664
12266,13303,5,41,21.951219512195124
12266,13303,6,37,10.81081081081081
12266,13303,7,37,13.513513513513514
12266,13342,1,5,40.0
12266,13342,2,5,0.0
12266,13342,3,4,0.0
12266,13342,4,4,0.0
12266,13342,5,4,0.0
12266,13342,6,4,0.0
12266,13342,7,4,0.0
12266,13487,1,23,13.043478260869565
12266,13487,2,23,8.695652173913043
12266,13487,3,18,5.555555555555555
12266,13487,4,19,15.789473684210526
12266,13487,5,19,21.052631578947366
12266,13487,6,16,0.0
12266,13487,7,19,21.052631578947366
12266,13495,1,48,10.416666666666668
12266,13495,2,44,11.363636363636363
12266,13495,3,35,20.0
12266,13495,4,40,2.5
12266,13495,5,40,7.5
12266,13495,6,33,6.0606060606060606
12266,13495,7,40,0.0
12266,13851,1,15,20.0
12266,13851,2,11,0.0
12266,13851,3,8,12.5
12266,13851,4,12,16.666666666666664
12266,13851,5,12,16.666666666666664
12266,13851,6,10,30.0
12266,13851,7,12,0.0
12266,13871,1,10,20.0
12266,13871,2,10,10.0
12266,13871,3,8,25.0
12266,13871,4,8,25.0
12266,13871,5,8,12.5
12266,13871,6,8,25.0
12266,13871,7,8,25.0
12266,13891,1,6,16.666666666666664
12266,13891,2,5,0.0
12266,13891,3,4,50.0
12266,13891,4,8,25.0
12266,13891,5,8,0.0
12266,13891,6,4,25.0
12266,13891,7,8,25.0
12266,13930,1,90,14.444444444444443
12266,13930,2,84,17.857142857142858
12266,13930,3,66,7.575757575757576
12266,13930,4,70,11.428571428571429
12266,13930,5,76,7.894736842105263
12266,13930,6,67,25.37313432835821
12266,13930,7,78,14.285714285714285
12266,14027,1,1,0.0
12266,14027,2,1,0.0
12266,14027,4,1,100.0
12266,14027,5,1,0.0
12266,14027,6,1,0.0
12266,14027,7,1,0.0
12266,14057,1,16,25.0
12266,14057,2,16,12.5
12266,14057,3,12,25.0
12266,14057,4,13,7.6923076923076925
12266,14057,5,13,15.384615384615385
12266,14057,6,13,7.6923076923076925
12266,14057,7,13,15.384615384615385
12266,14100,1,26,15.384615384615385
12266,14100,2,20,0.0
12266,14100,3,15,13.333333333333334
12266,14100,4,20,20.0
12266,14100,5,20,15.0
12266,14100,6,15,6.666666666666667
12266,14100,7,21,14.285714285714285
12266,14107,1,37,10.81081081081081
12266,14107,2,23,13.043478260869565
12266,14107,3,16,18.75
12266,14107,4,30,13.333333333333334
12266,14107,5,30,20.0
12266,14107,6,25,16.666666666666664
12266,14107,7,30,30.0
12266,14109,1,10,0.0
12266,14109,2,5,40.0
12266,14109,3,8,25.0
12266,14109,4,8,0.0
12266,14109,5,8,25.0
12266,14109,6,4,0.0
12266,14109,7,8,25.0
12266,14122,1,10,20.0
12266,14122,2,6,33.33333333333333
12266,14122,3,4,25.0
12266,14122,4,8,25.0
12266,14122,5,8,25.0
12266,14122,6,5,20.0
12266,14122,7,8,12.5
12266,14193,1,10,20.0
12266,14193,2,10,10.0
12266,14193,3,8,0.0
12266,14193,4,8,37.5
12266,14193,5,8,12.5
12266,14193,6,8,25.0
12266,14193,7,8,12.5
12266,14321,6,1,100.0
12266,14492,1,15,0.0
12266,14492,2,10,20.0
12266,14492,3,8,0.0
12266,14492,4,12,25.0
12266,14492,5,12,0.0
12266,14492,6,5,0.0
12266,14492,7,12,0.0
12266,14635,1,6,0.0
12266,14635,2,6,50.0
12266,14635,3,4,0.0
12266,14635,4,5,20.0
12266,14635,5,5,0.0
12266,14635,6,5,0.0
12266,14635,7,5,60.0
12266,14679,1,25,12.0
12266,14679,2,20,0.0
12266,14679,3,16,13.333333333333334
12266,14679,4,20,25.0
12266,14679,5,20,0.0
12266,14679,6,16,12.5
12266,14679,7,20,15.0
12266,14683,1,40,20.0
12266,14683,2,39,5.128205128205128
12266,14683,3,32,9.375
12266,14683,4,30,13.333333333333334
12266,14683,5,30,23.333333333333332
12266,14683,6,27,11.11111111111111
12266,14683,7,31,6.451612903225806
12266,14696,5,2,0.0
12266,14747,1,35,11.428571428571429
12266,14747,2,29,10.344827586206897
12266,14747,3,24,29.166666666666668
12266,14747,4,28,10.714285714285714
12266,14747,5,27,7.4074074074074066
12266,14747,6,28,14.285714285714285
12266,14747,7,28,17.857142857142858
12266,14771,1,50,18.0
12266,14771,2,46,6.521739130434782
12266,14771,3,40,15.0
12266,14771,4,40,12.5
12266,14771,5,36,5.555555555555555
12266,14771,6,37,5.405405405405405
12266,14771,7,40,10.0
12266,14814,1,20,25.0
12266,14814,2,20,15.0
12266,14814,3,16,18.75
12266,14814,4,16,6.25
12266,14814,5,16,6.25
12266,14814,6,16,18.75
12266,14814,7,15,13.333333333333334
12266,14831,1,5,0.0
12266,14831,2,5,0.0
12266,14831,3,4,0.0
12266,14831,4,4,25.0
12266,14831,5,4,0.0
12266,14831,6,3,0.0
12266,14831,7,4,0.0
12266,14843,1,10,0.0
12266,14843,2,10,0.0
12266,14843,3,8,37.5
12266,14843,4,12,16.666666666666664
12266,14843,5,8,0.0
12266,14843,6,8,0.0
12266,14843,7,12,16.666666666666664
12266,14869,1,27,7.4074074074074066
12266,14869,2,27,3.7037037037037033
12266,14869,3,22,22.727272727272727
12266,14869,4,22,9.090909090909092
12266,14869,5,22,4.545454545454546
12266,14869,6,19,0.0
12266,14869,7,22,18.181818181818183
12266,14877,1,5,20.0
12266,14877,2,5,0.0
12266,14877,3,4,0.0
12266,14877,4,4,0.0
12266,14877,5,4,0.0
12266,14877,6,4,0.0
12266,14877,7,4,0.0
12266,14893,1,10,10.0
12266,14893,2,10,10.0
12266,14893,3,8,37.5
12266,14893,4,8,25.0
12266,14893,5,8,0.0
12266,14893,6,7,0.0
12266,14893,7,7,42.857142857142854
12266,14908,1,15,0.0
12266,14908,2,15,0.0
12266,14908,3,12,8.333333333333332
12266,14908,4,12,33.33333333333333
12266,14908,5,12,16.666666666666664
12266,14908,6,12,16.666666666666664
12266,14908,7,12,16.666666666666664
12266,15016,1,9,22.22222222222222
12266,15016,2,5,20.0
12266,15016,3,4,25.0
12266,15016,4,8,50.0
12266,15016,5,9,0.0
12266,15016,6,7,28.57142857142857
12266,15016,7,8,0.0
12266,15024,6,1,0.0
12266,15304,1,25,12.0
12266,15304,2,19,10.526315789473683
12266,15304,3,15,6.666666666666667
12266,15304,4,20,15.0
12266,15304,5,20,10.0
12266,15304,6,16,0.0
12266,15304,7,20,20.0
12266,15370,1,20,5.0
12266,15370,2,20,10.0
12266,15370,3,17,29.411764705882355
12266,15370,4,17,11.76470588235294
12266,15370,5,17,23.52941176470588
12266,15370,6,14,30.76923076923077
12266,15370,7,15,13.333333333333334
12266,15376,1,1,0.0
12266,15376,2,1,0.0
12266,15376,3,4,25.0
12266,15376,4,1,100.0
12266,15376,5,1,100.0
12266,15376,6,1,0.0
12266,15376,7,2,50.0
12266,15569,1,8,12.5
12266,15569,2,5,0.0
12266,15569,3,6,16.666666666666664
12266,15569,4,6,0.0
12266,15569,5,8,0.0
12266,15569,6,5,20.0
12266,15569,7,8,25.0
12266,15919,1,1,0.0
12266,15919,2,1,0.0
12266,15919,4,1,0.0
12266,15919,5,1,0.0
12266,15919,6,1,0.0
12266,15919,7,1,0.0
12278,10397,1,20,5.0
12278,10397,2,19,5.263157894736842
12278,10397,3,15,20.0
12278,10397,4,15,20.0
12278,10397,5,15,0.0
12278,10397,6,12,8.333333333333332
12278,10397,7,16,0.0
12278,10466,4,4,0.0
12278,10466,7,4,0.0
12278,11278,1,5,20.0
12278,11278,2,5,60.0
12278,11278,3,4,25.0
12278,11278,4,4,0.0
12278,11278,5,4,50.0
12278,11278,7,4,25.0
12278,11292,1,35,22.857142857142858
12278,11292,2,34,26.47058823529412
12278,11292,3,28,21.428571428571427
12278,11292,4,28,14.285714285714285
12278,11292,5,28,21.428571428571427
12278,11292,6,24,20.833333333333336
12278,11292,7,28,14.285714285714285
12278,11298,1,36,19.444444444444446
12278,11298,2,30,10.0
12278,11298,3,28,17.857142857142858
12278,11298,4,31,19.35483870967742
12278,11298,5,28,19.230769230769234
12278,11298,6,24,0.0
12278,11298,7,32,25.806451612903224
12278,12266,1,10,0.0
12278,12266,2,10,10.0
12278,12266,3,4,0.0
12278,12266,4,4,0.0
12278,12266,5,8,0.0
12278,12266,6,8,25.0
12278,12266,7,8,0.0
12278,12889,1,6,33.33333333333333
12278,12889,2,5,20.0
12278,12889,3,4,0.0
12278,12889,4,8,37.5
12278,12889,5,4,0.0
12278,12889,6,4,0.0
12278,12889,7,8,50.0
12278,13487,1,10,0.0
12278,13487,2,10,20.0
12278,13487,3,8,37.5
12278,13487,4,8,37.5
12278,13487,5,8,37.5
12278,13487,6,4,0.0
12278,13487,7,8,0.0
12278,13930,1,31,35.483870967741936
12278,13930,2,25,24.0
12278,13930,3,20,35.0
12278,13930,4,23,26.08695652173913
12278,13930,5,21,19.047619047619047
12278,13930,6,17,26.666666666666668
12278,13930,7,25,12.0
12278,14107,1,5,20.0
12278,14107,2,5,20.0
12278,14107,3,4,0.0
12278,14107,4,4,0.0
12278,14107,5,4,0.0
12278,14107,6,4,0.0
12278,14107,7,4,0.0
12278,14112,1,1,0.0
12278,15016,1,10,20.0
12278,15016,2,10,10.0
12278,15016,3,8,12.5
12278,15016,4,8,25.0
12278,15016,5,8,12.5
12278,15016,6,4,0.0
12278,15016,7,8,12.5
12280,10466,1,5,40.0
12280,10466,4,4,0.0
12280,10466,5,4,50.0
12280,10466,7,4,25.0
12280,11292,1,29,24.137931034482758
12280,11292,2,24,20.833333333333336
12280,11292,3,24,12.5
12280,11292,4,22,9.090909090909092
12280,11292,5,23,26.08695652173913
12280,11292,6,19,21.052631578947366
12280,11292,7,23,17.391304347826086
12280,11298,1,10,50.0
12280,11298,2,10,0.0
12280,11298,3,8,12.5
12280,11298,4,8,12.5
12280,11298,5,8,0.0
12280,11298,6,8,12.5
12280,11298,7,8,0.0
12280,12889,1,5,20.0
12280,12889,5,4,25.0
12280,13796,1,1,0.0
12280,13930,1,5,60.0
12280,13930,2,5,20.0
12280,13930,3,4,50.0
12280,13930,4,4,50.0
12280,13930,5,4,75.0
12280,13930,6,4,25.0
12280,13930,7,4,25.0
12280,14869,1,16,0.0
12280,14869,2,16,0.0
12280,14869,3,13,0.0
12280,14869,4,13,7.6923076923076925
12280,14869,5,13,0.0
12280,14869,6,13,0.0
12280,14869,7,13,23.076923076923077
12280,14908,1,5,40.0
12280,14908,5,4,75.0
12323,10397,1,20,5.0
12323,10397,2,20,0.0
12323,10397,3,16,0.0
12323,10397,4,16,6.25
12323,10397,5,15,0.0
12323,10397,6,12,8.333333333333332
12323,10397,7,15,6.666666666666667
12323,10721,1,11,45.45454545454545
12323,10721,2,10,20.0
12323,10721,3,8,62.5
12323,10721,4,8,57.14285714285714
12323,10721,5,8,37.5
12323,10721,6,12,0.0
12323,10721,7,12,41.66666666666667
12323,11057,1,34,8.823529411764707
12323,11057,2,32,6.25
12323,11057,3,28,10.714285714285714
12323,11057,4,34,5.88235294117647
12323,11057,5,28,10.714285714285714
12323,11057,6,28,18.51851851851852
12323,11057,7,36,16.666666666666664
12323,11278,1,15,0.0
12323,11278,2,15,13.333333333333334
12323,11278,3,12,41.66666666666667
12323,11278,4,12,20.0
12323,11278,5,12,16.666666666666664
12323,11278,6,12,16.666666666666664
12323,11278,7,12,16.666666666666664
12323,11298,1,10,20.0
12323,11298,2,10,10.0
12323,11298,3,8,12.5
12323,11298,4,8,25.0
12323,11298,5,8,28.57142857142857
12323,11298,6,8,14.285714285714285
12323,11298,7,8,25.0
12323,12953,1,15,0.0
12323,12953,2,15,0.0
12323,12953,3,12,8.333333333333332
12323,12953,4,12,18.181818181818183
12323,12953,5,12,0.0
12323,12953,6,4,0.0
12323,12953,7,8,25.0
12323,13303,1,5,20.0
12323,13303,2,5,0.0
12323,13303,3,4,0.0
12323,13303,4,4,25.0
12323,13303,5,4,0.0
12323,13303,6,4,0.0
12323,13303,7,4,0.0
12323,13487,1,1,0.0
12323,13487,6,1,0.0
12323,13487,7,1,100.0
12323,13930,1,6,0.0
12323,13930,2,5,40.0
12323,13930,3,4,0.0
12323,13930,4,4,0.0
12323,13930,5,4,0.0
12323,13930,6,4,25.0
12323,13930,7,4,0.0
12323,14100,1,1,0.0
12323,14100,2,1,0.0
12323,14100,3,1,0.0
12335,11433,1,5,0.0
12335,11433,2,5,0.0
12335,11433,3,4,25.0
12335,11433,4,4,25.0
12335,11433,5,4,25.0
12335,11433,6,4,0.0
12335,11433,7,4,0.0
12335,13487,1,5,20.0
12335,13487,2,5,20.0
12335,13487,3,4,25.0
12335,13487,4,4,0.0
12335,13487,5,4,25.0
12335,13487,6,4,25.0
12335,13487,7,4,0.0
12339,10397,1,51,7.8431372549019605
12339,10397,2,43,2.3255813953488373
12339,10397,3,34,5.88235294117647
12339,10397,4,38,2.631578947368421
12339,10397,5,42,2.380952380952381
12339,10397,6,32,12.5
12339,10397,7,38,5.263157894736842
12339,10423,1,15,13.333333333333334
12339,10423,2,10,0.0
12339,10423,3,8,12.5
12339,10423,4,12,8.333333333333332
12339,10423,5,12,0.0
12339,10423,6,8,0.0
12339,10423,7,12,16.666666666666664
12339,10693,1,5,40.0
12339,10693,2,5,0.0
12339,10693,3,4,0.0
12339,10693,4,4,25.0
12339,10693,5,4,25.0
12339,10693,6,4,0.0
12339,10693,7,4,0.0
12339,10721,1,28,35.714285714285715
12339,10721,2,28,42.857142857142854
12339,10721,3,22,28.57142857142857
12339,10721,4,23,55.00000000000001
12339,10721,5,23,47.82608695652174
12339,10721,6,16,6.25
12339,10721,7,20,50.0
12339,10821,1,16,6.25
12339,10821,2,15,0.0
12339,10821,3,12,25.0
12339,10821,4,12,16.666666666666664
12339,10821,5,12,8.333333333333332
12339,10821,6,12,16.666666666666664
12339,10821,7,16,31.25
12339,11057,1,25,24.0
12339,11057,2,20,0.0
12339,11057,3,16,18.75
12339,11057,4,27,14.814814814814813
12339,11057,5,20,15.0
12339,11057,6,12,0.0
12339,11057,7,28,10.714285714285714
12339,11259,1,10,0.0
12339,11259,2,5,0.0
12339,11259,3,4,0.0
12339,11259,4,8,0.0
12339,11259,5,8,37.5
12339,11259,6,4,25.0
12339,11259,7,8,12.5
12339,11278,1,30,13.333333333333334
12339,11278,2,30,23.333333333333332
12339,11278,3,24,39.130434782608695
12339,11278,4,24,25.0
12339,11278,5,24,16.666666666666664
12339,11278,6,16,6.666666666666667
12339,11278,7,24,12.5
12339,11292,1,40,32.5
12339,11292,2,25,12.0
12339,11292,3,24,16.666666666666664
12339,11292,4,32,28.125
12339,11292,5,32,15.625
12339,11292,6,24,4.166666666666666
12339,11292,7,36,8.333333333333332
12339,11298,1,35,23.52941176470588
12339,11298,2,30,13.333333333333334
12339,11298,3,24,13.043478260869565
12339,11298,4,28,7.142857142857142
12339,11298,5,28,25.925925925925924
12339,11298,6,23,19.047619047619047
12339,11298,7,32,25.0
12339,11433,1,12,16.666666666666664
12339,11433,2,13,0.0
12339,11433,3,10,0.0
12339,11433,4,11,0.0
12339,11433,5,12,8.333333333333332
12339,11433,6,13,0.0
12339,11433,7,11,9.090909090909092
12339,11618,1,34,11.76470588235294
12339,11618,2,34,5.88235294117647
12339,11618,3,28,10.714285714285714
12339,11618,4,27,18.51851851851852
12339,11618,5,30,7.142857142857142
12339,11618,6,20,15.789473684210526
12339,11618,7,26,3.8461538461538463
12339,11697,1,14,14.285714285714285
12339,11697,2,5,20.0
12339,11697,3,4,0.0
12339,11697,4,16,13.333333333333334
12339,11697,5,12,16.666666666666664
12339,11697,6,12,0.0
12339,11697,7,16,31.25
12339,12191,1,5,20.0
12339,12191,2,5,0.0
12339,12191,3,4,25.0
12339,12191,4,4,0.0
12339,12191,5,4,0.0
12339,12191,6,4,25.0
12339,12191,7,8,12.5
12339,12264,1,15,6.666666666666667
12339,12264,2,14,14.285714285714285
12339,12264,3,12,8.333333333333332
12339,12264,4,12,16.666666666666664
12339,12264,5,12,0.0
12339,12264,6,12,16.666666666666664
12339,12264,7,12,16.666666666666664
12339,12266,1,10,20.0
12339,12266,2,10,0.0
12339,12266,3,8,12.5
12339,12266,4,8,12.5
12339,12266,5,8,0.0
12339,12266,6,8,0.0
12339,12266,7,8,0.0
12339,12478,1,15,6.666666666666667
12339,12478,2,15,0.0
12339,12478,3,12,8.333333333333332
12339,12478,4,12,16.666666666666664
12339,12478,5,12,0.0
12339,12478,6,16,18.75
12339,12478,7,12,8.333333333333332
12339,12889,1,20,15.0
12339,12889,2,10,20.0
12339,12889,3,8,12.5
12339,12889,4,16,18.75
12339,12889,5,16,31.25
12339,12889,6,12,16.666666666666664
12339,12889,7,16,6.25
12339,12892,1,12,8.333333333333332
12339,12892,2,6,16.666666666666664
12339,12892,3,8,0.0
12339,12892,4,12,25.0
12339,12892,5,9,11.11111111111111
12339,12892,6,5,25.0
12339,12892,7,12,8.333333333333332
12339,12953,1,40,5.0
12339,12953,2,40,10.0
12339,12953,3,33,15.151515151515152
12339,12953,4,32,9.375
12339,12953,5,32,15.625
12339,12953,6,12,8.333333333333332
12339,12953,7,29,20.689655172413794
12339,13198,1,5,0.0
12339,13198,2,5,20.0
12339,13198,3,4,0.0
12339,13198,4,4,0.0
12339,13198,5,4,25.0
12339,13198,6,4,0.0
12339,13198,7,4,0.0
12339,13204,1,28,17.857142857142858
12339,13204,2,15,20.0
12339,13204,3,12,8.333333333333332
12339,13204,4,24,25.0
12339,13204,5,24,4.166666666666666
12339,13204,6,24,4.166666666666666
12339,13204,7,24,29.166666666666668
12339,13232,1,10,20.0
12339,13232,2,10,10.0
12339,13232,3,8,12.5
12339,13232,4,8,12.5
12339,13232,5,8,12.5
12339,13232,6,8,0.0
12339,13232,7,8,12.5
12339,13303,1,11,9.090909090909092
12339,13303,2,5,20.0
12339,13303,3,4,25.0
12339,13303,4,8,12.5
12339,13303,5,8,12.5
12339,13303,6,8,25.0
12339,13303,7,8,50.0
12339,13487,1,18,22.22222222222222
12339,13487,2,18,23.52941176470588
12339,13487,3,14,14.285714285714285
12339,13487,4,15,33.33333333333333
12339,13487,5,15,6.666666666666667
12339,13487,6,12,8.333333333333332
12339,13487,7,15,13.333333333333334
12339,13930,1,70,21.428571428571427
12339,13930,2,65,12.307692307692308
12339,13930,3,48,14.583333333333334
12339,13930,4,53,15.09433962264151
12339,13930,5,52,19.230769230769234
12339,13930,6,47,23.91304347826087
12339,13930,7,56,20.0
12339,14057,1,1,0.0
12339,14082,1,8,12.5
12339,14082,5,7,0.0
12339,14082,6,3,33.33333333333333
12339,14100,1,21,15.0
12339,14100,2,15,26.666666666666668
12339,14100,3,12,25.0
12339,14100,4,15,21.428571428571427
12339,14100,5,15,20.0
12339,14100,6,8,0.0
12339,14100,7,16,0.0
12339,14107,1,20,15.0
12339,14107,2,15,13.333333333333334
12339,14107,3,12,0.0
12339,14107,4,15,26.666666666666668
12339,14107,5,12,8.333333333333332
12339,14107,6,8,12.5
12339,14107,7,16,31.25
12339,14112,1,2,0.0
12339,14112,3,1,0.0
12339,14112,4,4,0.0
12339,14112,5,1,0.0
12339,14112,7,4,0.0
12339,14492,1,1,0.0
12339,14635,1,5,20.0
12339,14635,2,5,20.0
12339,14635,3,4,0.0
12339,14635,4,4,25.0
12339,14635,5,4,0.0
12339,14635,6,4,25.0
12339,14635,7,4,0.0
12339,14679,1,5,40.0
12339,14679,2,5,0.0
12339,14679,3,4,0.0
12339,14679,4,4,50.0
12339,14679,5,4,25.0
12339,14679,6,4,25.0
12339,14679,7,4,75.0
12339,14747,1,10,20.0
12339,14747,2,5,20.0
12339,14747,3,8,50.0
12339,14747,4,8,12.5
12339,14747,5,8,12.5
12339,14747,6,4,25.0
12339,14747,7,8,37.5
12339,14761,1,4,0.0
12339,14761,3,1,0.0
12339,14761,5,4,0.0
12339,14761,6,1,100.0
12339,14771,1,6,0.0
12339,14771,2,5,0.0
12339,14771,3,4,0.0
12339,14771,4,5,0.0
12339,14771,5,5,20.0
12339,14771,6,4,0.0
12339,14771,7,5,40.0
12339,14869,1,5,20.0
12339,14869,2,5,0.0
12339,14869,3,4,0.0
12339,14869,4,4,0.0
12339,14869,5,4,0.0
12339,14869,6,4,0.0
12339,14869,7,4,0.0
12339,14986,1,5,0.0
12339,14986,5,4,25.0
12339,14986,6,5,0.0
12339,15304,1,19,5.263157894736842
12339,15304,2,5,0.0
12339,15304,3,4,0.0
12339,15304,4,12,25.0
12339,15304,5,15,13.333333333333334
12339,15304,6,12,25.0
12339,15304,7,12,16.666666666666664
12339,15624,6,4,0.0
12343,13487,1,10,10.0
12343,13487,2,7,14.285714285714285
12343,13487,3,6,16.666666666666664
12343,13487,4,8,0.0
12343,13487,5,8,12.5
12343,13487,6,9,11.11111111111111
12343,13487,7,8,25.0
12391,10821,1,15,0.0
12391,10821,2,15,0.0
12391,10821,3,12,8.333333333333332
12391,10821,4,12,0.0
12391,10821,5,12,8.333333333333332
12391,10821,6,12,8.333333333333332
12391,10821,7,12,8.333333333333332
12391,11697,1,5,40.0
12391,11697,2,1,0.0
12391,11697,3,4,25.0
12391,11697,5,4,50.0
12391,11697,6,4,0.0
12391,13204,1,16,6.25
12391,13204,2,20,20.0
12391,13204,3,16,18.75
12391,13204,4,12,8.333333333333332
12391,13204,5,12,16.666666666666664
12391,13204,6,16,37.5
12391,13204,7,16,18.75
12391,13577,1,5,0.0
12391,13577,5,4,0.0
12391,13577,6,4,0.0
12391,14027,1,15,46.666666666666664
12391,14027,2,15,33.33333333333333
12391,14027,3,12,16.666666666666664
12391,14027,4,12,8.333333333333332
12391,14027,5,12,8.333333333333332
12391,14027,6,8,12.5
12391,14027,7,12,33.33333333333333
12391,15304,1,5,20.0
12391,15304,4,4,0.0
12391,15304,5,8,25.0
12391,15304,6,7,28.57142857142857
12391,15304,7,12,27.27272727272727
12402,12173,1,84,5.952380952380952
12402,12173,2,80,5.0
12402,12173,3,64,3.125
12402,12173,4,68,7.352941176470589
12402,12173,5,68,10.44776119402985
12402,12173,6,64,3.125
12402,12173,7,68,2.941176470588235
12402,13830,1,5,0.0
12402,13830,2,5,0.0
12402,13830,3,4,25.0
12402,13830,4,4,25.0
12402,13830,5,4,0.0
12402,13830,6,4,0.0
12441,10397,1,5,20.0
12441,10397,2,5,50.0
12441,10397,3,4,25.0
12441,10397,4,4,50.0
12441,10397,5,4,25.0
12441,10397,6,4,0.0
12441,10397,7,4,50.0
12441,11057,1,5,20.0
12441,11057,2,5,0.0
12441,11057,3,4,25.0
12441,11057,4,4,50.0
12441,11057,5,4,25.0
12441,11057,6,4,50.0
12441,11057,7,4,0.0
12441,11292,1,25,24.0
12441,11292,2,25,32.0
12441,11292,3,20,15.0
12441,11292,4,20,25.0
12441,11292,5,20,10.0
12441,11292,6,20,25.0
12441,11292,7,20,20.0
12441,11298,1,15,26.666666666666668
12441,11298,2,15,20.0
12441,11298,3,12,41.66666666666667
12441,11298,4,12,8.333333333333332
12441,11298,5,12,27.27272727272727
12441,11298,6,12,33.33333333333333
12441,11298,7,12,8.333333333333332
12441,11618,1,4,0.0
12441,11618,2,4,75.0
12441,11618,5,3,0.0
12441,11618,6,3,0.0
12441,11618,7,3,50.0
12441,12892,1,14,7.142857142857142
12441,12892,2,11,9.090909090909092
12441,12892,3,8,0.0
12441,12892,4,11,36.36363636363637
12441,12892,5,11,9.090909090909092
12441,12892,6,12,16.666666666666664
12441,12892,7,11,9.090909090909092
12441,13487,7,1,100.0
12441,13930,1,19,31.57894736842105
12441,13930,2,19,10.526315789473683
12441,13930,3,16,31.25
12441,13930,4,16,12.5
12441,13930,5,15,33.33333333333333
12441,13930,6,15,33.33333333333333
12441,13930,7,16,18.75
12441,14747,1,5,0.0
12441,14747,2,5,20.0
12441,14747,3,4,0.0
12441,14747,4,4,0.0
12441,14747,5,4,0.0
12441,14747,6,4,0.0
12441,14747,7,4,25.0
12441,14771,1,4,0.0
12441,14771,2,4,0.0
12441,14771,3,4,25.0
12441,14771,4,3,0.0
12441,14771,5,3,66.66666666666666
12441,14771,6,4,25.0
12441,14771,7,3,0.0
12441,14869,1,18,0.0
12441,14869,2,15,13.333333333333334
12441,14869,3,12,16.666666666666664
12441,14869,4,15,13.333333333333334
12441,14869,5,15,0.0
12441,14869,6,12,8.333333333333332
12441,14869,7,15,26.666666666666668
12448,10397,1,30,13.333333333333334
12448,10397,2,30,3.3333333333333335
12448,10397,3,24,8.333333333333332
12448,10397,4,24,4.166666666666666
12448,10397,5,24,16.666666666666664
12448,10397,6,20,5.0
12448,10397,7,24,8.333333333333332
12448,10693,1,5,0.0
12448,10693,2,5,0.0
12448,10693,3,4,0.0
12448,10693,4,4,25.0
12448,10693,5,4,0.0
12448,10693,6,4,0.0
12448,10693,7,4,0.0
12448,10821,1,5,0.0
12448,10821,2,5,0.0
12448,10821,3,4,0.0
12448,10821,4,4,0.0
12448,10821,5,4,0.0
12448,10821,7,4,25.0
12448,11057,1,9,0.0
12448,11057,2,9,0.0
12448,11057,3,8,25.0
12448,11057,4,8,12.5
12448,11057,5,8,0.0
12448,11057,6,8,0.0
12448,11057,7,8,12.5
12448,11278,1,5,20.0
12448,11278,2,5,0.0
12448,11278,3,4,0.0
12448,11278,4,4,0.0
12448,11278,5,4,0.0
12448,11278,7,4,0.0
12448,11298,1,26,26.923076923076923
12448,11298,2,25,4.0
12448,11298,3,20,20.0
12448,11298,4,23,8.695652173913043
12448,11298,5,20,5.555555555555555
12448,11298,6,19,0.0
12448,11298,7,24,8.333333333333332
12448,12191,1,10,10.0
12448,12191,2,10,0.0
12448,12191,3,8,25.0
12448,12191,4,8,25.0
12448,12191,5,8,0.0
12448,12191,6,8,0.0
12448,12191,7,8,12.5
12451,10397,1,51,0.0
12451,10397,2,45,4.444444444444445
12451,10397,3,38,10.526315789473683
12451,10397,4,46,10.869565217391305
12451,10397,5,41,9.75609756097561
12451,10397,6,36,8.333333333333332
12451,10397,7,46,6.521739130434782
12451,10423,1,5,0.0
12451,10423,2,5,0.0
12451,10423,3,4,0.0
12451,10423,4,4,25.0
12451,10423,5,4,25.0
12451,10423,6,4,0.0
12451,10423,7,4,0.0
12451,10693,1,15,13.333333333333334
12451,10693,2,15,0.0
12451,10693,3,12,0.0
12451,10693,4,12,16.666666666666664
12451,10693,5,12,0.0
12451,10693,6,8,12.5
12451,10693,7,12,16.666666666666664
12451,10721,1,23,52.17391304347826
12451,10721,2,19,31.57894736842105
12451,10721,3,14,46.15384615384615
12451,10721,4,19,72.22222222222221
12451,10721,5,19,47.368421052631575
12451,10721,6,12,0.0
12451,10721,7,19,57.89473684210527
12451,10821,1,20,5.0
12451,10821,2,15,0.0
12451,10821,3,12,0.0
12451,10821,4,16,12.5
12451,10821,5,16,0.0
12451,10821,6,12,16.666666666666664
12451,10821,7,16,18.75
12451,10874,1,1,0.0
12451,11057,1,23,8.695652173913043
12451,11057,2,18,11.11111111111111
12451,11057,3,13,7.6923076923076925
12451,11057,4,19,15.789473684210526
12451,11057,5,16,6.25
12451,11057,6,16,31.25
12451,11057,7,20,10.0
12451,11193,1,5,20.0
12451,11193,5,4,25.0
12451,11259,1,5,60.0
12451,11259,2,5,0.0
12451,11259,3,4,25.0
12451,11259,4,4,25.0
12451,11259,5,4,75.0
12451,11259,7,4,50.0
12451,11278,1,20,25.0
12451,11278,2,20,5.0
12451,11278,3,16,43.75
12451,11278,4,16,25.0
12451,11278,5,16,31.25
12451,11278,6,12,8.333333333333332
12451,11278,7,16,43.75
12451,11292,1,11,18.181818181818183
12451,11292,2,11,27.27272727272727
12451,11292,3,8,0.0
12451,11292,4,9,22.22222222222222
12451,11292,5,9,22.22222222222222
12451,11292,6,9,0.0
12451,11292,7,9,33.33333333333333
12451,11298,1,21,15.0
12451,11298,2,20,10.0
12451,11298,3,16,18.75
12451,11298,4,19,10.526315789473683
12451,11298,5,16,6.666666666666667
12451,11298,6,15,28.57142857142857
12451,11298,7,20,15.0
12451,11423,4,4,0.0
12451,11423,7,4,0.0
12451,11433,1,10,0.0
12451,11433,2,9,11.11111111111111
12451,11433,3,7,0.0
12451,11433,4,7,0.0
12451,11433,5,7,0.0
12451,11433,6,4,0.0
12451,11433,7,7,42.857142857142854
12451,11618,1,16,12.5
12451,11618,2,15,6.666666666666667
12451,11618,3,12,9.090909090909092
12451,11618,4,12,8.333333333333332
12451,11618,5,12,8.333333333333332
12451,11618,6,8,37.5
12451,11618,7,12,0.0
12451,11986,1,5,0.0
12451,11986,5,4,0.0
12451,12191,1,5,0.0
12451,12191,4,4,0.0
12451,12191,5,4,0.0
12451,12191,6,4,0.0
12451,12191,7,4,0.0
12451,12264,1,10,0.0
12451,12264,2,10,0.0
12451,12264,3,8,0.0
12451,12264,4,8,0.0
12451,12264,5,8,0.0
12451,12264,6,8,0.0
12451,12264,7,5,25.0
12451,12266,1,6,0.0
12451,12266,2,6,0.0
12451,12266,3,4,0.0
12451,12266,4,5,0.0
12451,12266,5,5,0.0
12451,12266,6,5,0.0
12451,12266,7,5,20.0
12451,12478,1,19,21.052631578947366
12451,12478,2,19,26.31578947368421
12451,12478,3,13,30.76923076923077
12451,12478,4,13,30.76923076923077
12451,12478,5,16,12.5
12451,12478,6,16,20.0
12451,12478,7,16,20.0
12451,12953,1,3,0.0
12451,12953,2,3,0.0
12451,12953,3,2,50.0
12451,12953,4,3,66.66666666666666
12451,12953,5,3,0.0
12451,12953,6,4,50.0
12451,12953,7,3,0.0
12451,13230,1,1,0.0
12451,13232,1,5,40.0
12451,13232,2,5,0.0
12451,13232,3,4,0.0
12451,13232,4,4,50.0
12451,13232,5,4,25.0
12451,13232,6,4,0.0
12451,13232,7,4,0.0
12451,13303,1,20,15.0
12451,13303,2,20,10.0
12451,13303,3,16,12.5
12451,13303,4,16,18.75
12451,13303,5,15,26.666666666666668
12451,13303,6,16,12.5
12451,13303,7,15,33.33333333333333
12451,13487,1,5,0.0
12451,13487,2,5,20.0
12451,13487,3,4,0.0
12451,13487,4,4,0.0
12451,13487,5,4,0.0
12451,13487,6,4,25.0
12451,13487,7,4,0.0
12451,13930,1,30,16.666666666666664
12451,13930,2,20,25.0
12451,13930,3,16,25.0
12451,13930,4,23,8.695652173913043
12451,13930,5,17,11.76470588235294
12451,13930,6,16,31.25
12451,13930,7,24,8.333333333333332
12451,14100,1,25,24.0
12451,14100,2,15,13.333333333333334
12451,14100,3,11,27.27272727272727
12451,14100,4,19,21.052631578947366
12451,14100,5,19,0.0
12451,14100,6,8,0.0
12451,14100,7,20,10.0
12451,14107,1,5,20.0
12451,14107,2,5,20.0
12451,14107,3,3,33.33333333333333
12451,14107,4,4,0.0
12451,14107,5,4,25.0
12451,14107,6,4,33.33333333333333
12451,14122,4,4,0.0
12451,14122,7,4,0.0
12451,15016,1,10,0.0
12451,15016,2,10,10.0
12451,15016,3,8,0.0
12451,15016,4,8,25.0
12451,15016,5,8,0.0
12451,15016,6,4,0.0
12451,15016,7,8,0.0
12451,15412,1,1,0.0
12451,15412,4,4,50.0
12451,15412,7,4,0.0
12478,10140,1,5,20.0
12478,10140,2,5,40.0
12478,10140,3,4,25.0
12478,10140,4,4,75.0
12478,10140,5,4,25.0
12478,10140,7,4,75.0
12478,10154,1,7,42.857142857142854
12478,10154,2,7,0.0
12478,10154,3,5,0.0
12478,10154,4,5,20.0
12478,10154,5,5,0.0
12478,10154,6,5,0.0
12478,10154,7,5,40.0
12478,10397,1,66,16.666666666666664
12478,10397,2,65,4.615384615384616
12478,10397,3,52,5.769230769230769
12478,10397,4,49,28.57142857142857
12478,10397,5,52,19.230769230769234
12478,10397,6,52,25.49019607843137
12478,10397,7,52,11.538461538461538
12478,10423,1,30,10.0
12478,10423,2,30,6.666666666666667
12478,10423,3,23,13.043478260869565
12478,10423,4,24,25.0
12478,10423,5,24,12.5
12478,10423,6,20,25.0
12478,10423,7,23,13.043478260869565
12478,10529,1,5,0.0
12478,10529,2,5,0.0
12478,10529,3,4,25.0
12478,10529,4,4,75.0
12478,10529,5,4,25.0
12478,10529,6,4,0.0
12478,10529,7,4,25.0
12478,10693,1,20,20.0
12478,10693,2,24,8.333333333333332
12478,10693,3,20,10.0
12478,10693,4,20,40.0
12478,10693,5,20,10.0
12478,10693,6,20,15.789473684210526
12478,10693,7,20,25.0
12478,10721,1,89,25.842696629213485
12478,10721,2,90,25.555555555555554
12478,10721,3,74,38.028169014084504
12478,10721,4,73,58.82352941176471
12478,10721,5,73,36.986301369863014
12478,10721,6,74,11.267605633802818
12478,10721,7,74,44.5945945945946
12478,10732,1,6,16.666666666666664
12478,10732,2,6,16.666666666666664
12478,10732,3,4,25.0
12478,10732,4,4,50.0
12478,10732,5,4,25.0
12478,10732,6,4,25.0
12478,10732,7,4,50.0
12478,10792,1,20,15.0
12478,10792,2,20,15.0
12478,10792,3,16,31.25
12478,10792,4,16,25.0
12478,10792,5,16,18.75
12478,10792,6,16,13.333333333333334
12478,10792,7,16,18.75
12478,10800,1,5,20.0
12478,10800,2,5,20.0
12478,10800,3,4,25.0
12478,10800,4,4,50.0
12478,10800,5,4,0.0
12478,10800,6,4,25.0
12478,10800,7,4,25.0
12478,10849,2,1,0.0
12478,10849,6,1,0.0
12478,10849,7,1,0.0
12478,10994,1,10,0.0
12478,10994,2,6,0.0
12478,10994,3,4,0.0
12478,10994,4,8,0.0
12478,10994,5,8,0.0
12478,10994,6,4,0.0
12478,10994,7,8,12.5
12478,11042,1,10,0.0
12478,11042,2,10,10.0
12478,11042,3,8,12.5
12478,11042,4,8,12.5
12478,11042,5,8,0.0
12478,11042,6,8,14.285714285714285
12478,11042,7,8,12.5
12478,11057,1,33,3.125
12478,11057,2,33,6.0606060606060606
12478,11057,3,28,21.428571428571427
12478,11057,4,28,32.142857142857146
12478,11057,5,28,7.142857142857142
12478,11057,6,28,21.428571428571427
12478,11057,7,28,22.22222222222222
12478,11066,1,25,0.0
12478,11066,2,25,12.0
12478,11066,3,20,15.0
12478,11066,4,20,35.0
12478,11066,5,20,20.0
12478,11066,6,20,11.11111111111111
12478,11066,7,20,40.0
12478,11193,1,10,0.0
12478,11193,2,10,0.0
12478,11193,3,8,25.0
12478,11193,4,8,12.5
12478,11193,5,8,0.0
12478,11193,6,8,14.285714285714285
12478,11193,7,8,0.0
12478,11278,1,43,4.651162790697675
12478,11278,2,43,16.27906976744186
12478,11278,3,36,22.22222222222222
12478,11278,4,36,38.88888888888889
12478,11278,5,36,11.11111111111111
12478,11278,6,32,3.571428571428571
12478,11278,7,36,22.22222222222222
12478,11292,1,21,14.285714285714285
12478,11292,2,21,9.523809523809524
12478,11292,3,16,6.25
12478,11292,4,16,25.0
12478,11292,5,16,6.25
12478,11292,6,13,15.384615384615385
12478,11292,7,16,6.25
12478,11298,1,31,9.67741935483871
12478,11298,2,31,3.225806451612903
12478,11298,3,25,28.000000000000004
12478,11298,4,25,32.0
12478,11298,5,24,22.727272727272727
12478,11298,6,25,16.0
12478,11298,7,25,25.0
12478,11433,1,24,8.333333333333332
12478,11433,2,20,5.0
12478,11433,3,16,6.25
12478,11433,4,20,35.0
12478,11433,5,20,10.0
12478,11433,6,17,5.88235294117647
12478,11433,7,20,20.0
12478,11697,1,47,12.76595744680851
12478,11697,2,40,10.0
12478,11697,3,32,18.75
12478,11697,4,36,30.555555555555557
12478,11697,5,36,19.444444444444446
12478,11697,6,32,12.903225806451612
12478,11697,7,36,36.11111111111111
12478,12173,1,10,0.0
12478,12173,2,10,10.0
12478,12173,3,5,20.0
12478,12173,4,8,37.5
12478,12173,5,5,20.0
12478,12173,6,8,12.5
12478,12173,7,6,0.0
12478,12250,1,5,40.0
12478,12250,2,5,20.0
12478,12250,3,4,0.0
12478,12250,4,4,0.0
12478,12250,5,4,0.0
12478,12250,6,4,0.0
12478,12250,7,4,0.0
12478,12266,1,4,25.0
12478,12266,2,4,0.0
12478,12266,3,3,0.0
12478,12266,4,3,33.33333333333333
12478,12266,5,3,33.33333333333333
12478,12266,6,3,0.0
12478,12266,7,3,0.0
12478,12339,1,15,6.666666666666667
12478,12339,2,15,20.0
12478,12339,3,12,16.666666666666664
12478,12339,4,12,41.66666666666667
12478,12339,5,12,25.0
12478,12339,6,16,25.0
12478,12339,7,12,8.333333333333332
12478,12451,1,19,21.052631578947366
12478,12451,2,15,20.0
12478,12451,3,13,30.76923076923077
12478,12451,4,16,31.25
12478,12451,5,16,31.25
12478,12451,6,16,20.0
12478,12451,7,16,13.333333333333334
12478,12889,1,59,8.47457627118644
12478,12889,2,54,12.962962962962962
12478,12889,3,44,13.636363636363635
12478,12889,4,48,27.083333333333332
12478,12889,5,48,20.833333333333336
12478,12889,6,36,19.444444444444446
12478,12889,7,48,27.083333333333332
12478,12892,1,150,8.666666666666668
12478,12892,2,142,9.219858156028367
12478,12892,3,111,14.414414414414415
12478,12892,4,119,26.72413793103448
12478,12892,5,119,24.369747899159663
12478,12892,6,96,16.842105263157894
12478,12892,7,119,21.008403361344538
12478,13204,1,62,19.35483870967742
12478,13204,2,55,16.363636363636363
12478,13204,3,44,11.363636363636363
12478,13204,4,48,29.166666666666668
12478,13204,5,48,10.416666666666668
12478,13204,6,44,6.976744186046512
12478,13204,7,48,22.916666666666664
12478,13296,1,1,0.0
12478,13296,2,1,100.0
12478,13303,1,60,13.333333333333334
12478,13303,2,60,13.333333333333334
12478,13303,3,47,21.27659574468085
12478,13303,4,48,33.33333333333333
12478,13303,5,48,12.5
12478,13303,6,48,19.148936170212767
12478,13303,7,48,31.25
12478,13487,1,15,0.0
12478,13487,2,15,0.0
12478,13487,3,12,16.666666666666664
12478,13487,4,12,33.33333333333333
12478,13487,5,12,0.0
12478,13487,6,12,8.333333333333332
12478,13487,7,12,8.333333333333332
12478,13495,1,15,6.666666666666667
12478,13495,2,11,9.090909090909092
12478,13495,3,8,12.5
12478,13495,4,12,33.33333333333333
12478,13495,5,12,8.333333333333332
12478,13495,6,12,8.333333333333332
12478,13495,7,12,8.333333333333332
12478,13541,1,7,14.285714285714285
12478,13541,2,7,14.285714285714285
12478,13541,3,5,0.0
12478,13541,4,5,20.0
12478,13541,5,5,20.0
12478,13541,6,5,0.0
12478,13541,7,5,20.0
12478,13891,1,5,0.0
12478,13891,2,5,20.0
12478,13891,3,4,25.0
12478,13891,4,4,50.0
12478,13891,5,4,50.0
12478,13891,6,4,50.0
12478,13891,7,4,50.0
12478,13930,1,29,10.344827586206897
12478,13930,2,25,0.0
12478,13930,3,19,15.789473684210526
12478,13930,4,24,43.47826086956522
12478,13930,5,24,12.5
12478,13930,6,20,26.31578947368421
12478,13930,7,24,8.333333333333332
12478,13931,1,10,0.0
12478,13931,2,10,10.0
12478,13931,3,8,12.5
12478,13931,4,8,37.5
12478,13931,5,8,0.0
12478,13931,6,8,0.0
12478,13931,7,8,12.5
12478,14027,1,25,28.000000000000004
12478,14027,2,21,19.047619047619047
12478,14027,3,20,20.0
12478,14027,4,20,35.0
12478,14027,5,20,30.0
12478,14027,6,20,5.0
12478,14027,7,20,21.052631578947366
12478,14057,1,15,0.0
12478,14057,2,15,6.666666666666667
12478,14057,3,12,25.0
12478,14057,4,12,33.33333333333333
12478,14057,5,12,16.666666666666664
12478,14057,6,12,18.181818181818183
12478,14057,7,12,0.0
12478,14107,1,35,8.571428571428571
12478,14107,2,30,10.0
12478,14107,3,24,33.33333333333333
12478,14107,4,28,32.142857142857146
12478,14107,5,28,21.428571428571427
12478,14107,6,24,21.73913043478261
12478,14107,7,28,21.428571428571427
12478,14122,1,29,6.896551724137931
12478,14122,2,29,13.793103448275861
12478,14122,3,24,20.833333333333336
12478,14122,4,24,27.27272727272727
12478,14122,5,24,29.166666666666668
12478,14122,6,24,9.523809523809524
12478,14122,7,24,20.833333333333336
12478,14254,1,1,0.0
12478,14254,2,1,0.0
12478,14307,1,5,40.0
12478,14307,2,5,20.0
12478,14307,3,4,0.0
12478,14307,4,4,50.0
12478,14307,5,4,25.0
12478,14307,6,4,0.0
12478,14307,7,4,25.0
12478,14321,1,10,0.0
12478,14321,2,6,0.0
12478,14321,3,4,25.0
12478,14321,4,8,62.5
12478,14321,5,8,25.0
12478,14321,6,4,0.0
12478,14321,7,8,25.0
12478,14492,1,35,14.285714285714285
12478,14492,2,31,12.903225806451612
12478,14492,3,23,21.73913043478261
12478,14492,4,27,40.74074074074074
12478,14492,5,27,22.22222222222222
12478,14492,6,27,4.166666666666666
12478,14492,7,27,14.814814814814813
12478,14570,1,1,0.0
12478,14570,2,1,0.0
12478,14576,1,10,10.0
12478,14576,2,10,20.0
12478,14576,3,8,12.5
12478,14576,4,8,50.0
12478,14576,5,8,25.0
12478,14576,6,8,12.5
12478,14576,7,8,12.5
12478,14635,1,15,13.333333333333334
12478,14635,2,15,0.0
12478,14635,3,12,0.0
12478,14635,4,12,8.333333333333332
12478,14635,5,12,8.333333333333332
12478,14635,6,9,0.0
12478,14635,7,12,16.666666666666664
12478,14679,1,35,14.705882352941178
12478,14679,2,35,14.285714285714285
12478,14679,3,28,3.571428571428571
12478,14679,4,28,42.30769230769231
12478,14679,5,28,28.57142857142857
12478,14679,6,24,31.818181818181817
12478,14679,7,28,32.142857142857146
12478,14683,1,5,0.0
12478,14683,2,5,0.0
12478,14683,3,4,0.0
12478,14683,4,4,25.0
12478,14683,5,4,0.0
12478,14683,6,4,25.0
12478,14683,7,4,25.0
12478,14685,1,10,0.0
12478,14685,2,6,16.666666666666664
12478,14685,3,3,0.0
12478,14685,4,7,14.285714285714285
12478,14685,5,7,28.57142857142857
12478,14685,6,7,0.0
12478,14685,7,7,14.285714285714285
12478,14747,1,45,2.2222222222222223
12478,14747,2,45,13.333333333333334
12478,14747,3,36,13.88888888888889
12478,14747,4,36,44.11764705882353
12478,14747,5,36,13.88888888888889
12478,14747,6,36,16.666666666666664
12478,14747,7,36,13.88888888888889
12478,14771,1,100,11.0
12478,14771,2,95,9.473684210526317
12478,14771,3,76,6.578947368421052
12478,14771,4,80,25.31645569620253
12478,14771,5,80,20.0
12478,14771,6,68,16.417910447761194
12478,14771,7,80,12.5
12478,14843,1,43,20.930232558139537
12478,14843,2,42,23.809523809523807
12478,14843,3,32,18.75
12478,14843,4,32,40.625
12478,14843,5,32,34.375
12478,14843,6,32,12.5
12478,14843,7,32,43.75
12478,14869,1,25,4.0
12478,14869,2,25,8.0
12478,14869,3,20,15.0
12478,14869,4,20,35.0
12478,14869,5,20,15.0
12478,14869,6,20,15.0
12478,14869,7,20,20.0
12478,14893,1,5,40.0
12478,14893,2,5,40.0
12478,14893,3,4,50.0
12478,14893,4,4,50.0
12478,14893,5,4,25.0
12478,14893,6,4,25.0
12478,14893,7,4,75.0
12478,14908,1,5,20.0
12478,14908,2,5,0.0
12478,14908,3,4,25.0
12478,14908,4,4,0.0
12478,14908,5,4,0.0
12478,14908,6,4,0.0
12478,14908,7,4,25.0
12478,14986,1,5,0.0
12478,14986,2,5,0.0
12478,14986,3,4,0.0
12478,14986,4,4,50.0
12478,14986,5,4,0.0
12478,14986,6,4,0.0
12478,14986,7,4,25.0
12478,15024,1,1,0.0
12478,15024,2,1,0.0
12478,15096,1,5,0.0
12478,15096,2,5,20.0
12478,15096,3,4,25.0
12478,15096,4,4,75.0
12478,15096,5,4,0.0
12478,15096,6,4,0.0
12478,15096,7,4,0.0
12478,15304,1,31,9.67741935483871
12478,15304,2,31,3.225806451612903
12478,15304,3,24,8.333333333333332
12478,15304,4,24,20.833333333333336
12478,15304,5,24,16.666666666666664
12478,15304,6,24,16.666666666666664
12478,15304,7,24,16.666666666666664
12511,11292,1,5,40.0
12511,11292,2,5,40.0
12511,11292,3,4,100.0
12511,11292,4,4,25.0
12511,11292,5,4,25.0
12511,11292,6,4,0.0
12511,11292,7,4,50.0
12511,13930,1,5,20.0
12511,13930,2,5,0.0
12511,13930,3,4,50.0
12511,13930,4,4,25.0
12511,13930,5,4,0.0
12511,13930,6,4,25.0
12511,13930,7,4,25.0
12519,11292,1,10,10.0
12519,11292,2,5,40.0
12519,11292,3,8,12.5
12519,11292,4,8,25.0
12519,11292,5,8,37.5
12519,11292,6,4,0.0
12519,11292,7,8,0.0
12523,10299,1,20,5.0
12523,10299,2,20,15.0
12523,10299,3,16,13.333333333333334
12523,10299,4,16,18.75
12523,10299,5,16,14.285714285714285
12523,10299,6,16,12.5
12523,10299,7,16,20.0
12523,12819,1,5,20.0
12523,12819,2,5,0.0
12523,12819,3,4,0.0
12523,12819,4,4,25.0
12523,12819,5,4,0.0
12523,12819,6,4,0.0
12523,12819,7,4,0.0
12523,14256,1,5,0.0
12523,14256,2,5,0.0
12523,14256,3,4,25.0
12523,14256,4,4,25.0
12523,14256,5,4,0.0
12523,14256,6,4,25.0
12523,14256,7,4,0.0
12523,14747,1,30,13.333333333333334
12523,14747,2,30,20.689655172413794
12523,14747,3,24,26.08695652173913
12523,14747,4,24,25.0
12523,14747,5,24,27.27272727272727
12523,14747,6,24,37.5
12523,14747,7,24,4.166666666666666
12523,14828,1,10,10.0
12523,14828,2,10,0.0
12523,14828,3,8,37.5
12523,14828,4,8,12.5
12523,14828,5,8,12.5
12523,14828,6,8,0.0
12523,14828,7,8,0.0
12523,15991,1,5,0.0
12523,15991,2,5,0.0
12523,15991,3,4,0.0
12523,15991,4,4,25.0
12523,15991,5,4,0.0
12523,15991,6,4,0.0
12523,15991,7,4,0.0
12544,11697,1,5,20.0
12544,11697,5,4,100.0
12544,14082,1,5,0.0
12544,14082,5,4,0.0
12544,14112,1,4,25.0
12544,14112,2,1,100.0
12544,14112,4,4,0.0
12544,14112,5,4,50.0
12544,14112,7,4,25.0
12544,14761,1,5,20.0
12544,14761,4,4,0.0
12544,14761,5,4,50.0
12544,14761,7,4,100.0
12559,12264,1,5,60.0
12559,12264,2,5,20.0
12559,12264,3,4,0.0
12559,12264,4,4,0.0
12559,12264,5,4,25.0
12559,12264,6,4,0.0
12559,12264,7,4,0.0
12559,13930,1,5,40.0
12559,13930,2,5,0.0
12559,13930,3,4,0.0
12559,13930,4,4,0.0
12559,13930,5,4,0.0
12559,13930,6,4,25.0
12559,13930,7,4,25.0
12758,11292,1,5,0.0
12758,11292,2,5,0.0
12758,11292,3,4,25.0
12758,11292,4,4,0.0
12758,11292,5,4,25.0
12758,11292,6,4,0.0
12758,11292,7,4,0.0
12758,12173,1,95,5.263157894736842
12758,12173,2,95,4.2105263157894735
12758,12173,3,72,4.166666666666666
12758,12173,4,80,7.59493670886076
12758,12173,5,80,10.126582278481013
12758,12173,6,76,5.333333333333334
12758,12173,7,72,1.3888888888888888
12758,12889,1,5,0.0
12758,12889,2,5,0.0
12758,12889,3,4,0.0
12758,12889,4,4,0.0
12758,12889,5,4,0.0
12758,12889,6,4,0.0
12758,12889,7,4,0.0
12758,12892,1,20,15.0
12758,12892,2,20,10.0
12758,12892,3,16,0.0
12758,12892,4,16,6.25
12758,12892,5,16,0.0
12758,12892,6,16,12.5
12758,12892,7,16,0.0
12758,12982,1,5,0.0
12758,12982,2,5,0.0
12758,12982,3,4,0.0
12758,12982,4,4,0.0
12758,12982,5,4,0.0
12758,12982,6,4,0.0
12758,12982,7,4,0.0
12758,13830,1,20,0.0
12758,13830,2,20,5.0
12758,13830,3,16,0.0
12758,13830,4,16,12.5
12758,13830,5,16,12.5
12758,13830,6,16,0.0
12758,13830,7,16,6.25
12758,14057,1,5,20.0
12758,14057,2,5,0.0
12758,14057,3,4,50.0
12758,14057,4,4,25.0
12758,14057,5,4,0.0
12758,14057,6,4,50.0
12758,14057,7,4,25.0
12758,14107,1,5,0.0
12758,14107,2,5,0.0
12758,14107,3,4,0.0
12758,14107,4,4,0.0
12758,14107,5,4,0.0
12758,14107,6,4,0.0
12758,14107,7,4,25.0
12758,14679,1,5,0.0
12758,14679,2,5,0.0
12758,14679,3,4,0.0
12758,14679,4,4,0.0
12758,14679,5,4,0.0
12758,14679,6,4,25.0
12758,14679,7,4,25.0
12758,14747,1,20,10.0
12758,14747,2,15,6.666666666666667
12758,14747,3,12,25.0
12758,14747,4,16,25.0
12758,14747,5,16,12.5
12758,14747,6,16,6.666666666666667
12758,14747,7,16,12.5
12758,14771,1,10,0.0
12758,14771,2,15,20.0
12758,14771,3,8,12.5
12758,14771,4,12,0.0
12758,14771,5,8,0.0
12758,14771,6,12,8.333333333333332
12758,14771,7,12,0.0
12758,14831,1,5,20.0
12758,14831,3,4,0.0
12758,14831,5,4,0.0
12758,14893,1,10,10.0
12758,14893,2,5,0.0
12758,14893,3,8,0.0
12758,14893,4,4,0.0
12758,14893,5,4,25.0
12758,14893,6,8,0.0
12758,14893,7,4,25.0
12819,12523,1,5,0.0
12819,12523,2,5,0.0
12819,12523,3,4,0.0
12819,12523,4,4,0.0
12819,12523,5,4,75.0
12819,12523,6,4,0.0
12819,12523,7,4,0.0
12819,14747,1,20,15.0
12819,14747,2,20,0.0
12819,14747,3,16,31.25
12819,14747,4,16,25.0
12819,14747,5,16,13.333333333333334
12819,14747,6,16,20.0
12819,14747,7,16,6.25
12819,14828,1,5,0.0
12819,14828,2,5,0.0
12819,14828,3,4,0.0
12819,14828,4,4,25.0
12819,14828,5,4,0.0
12819,14828,6,4,0.0
12819,14828,7,4,75.0
12819,15841,1,5,20.0
12819,15841,2,5,40.0
12819,15841,3,4,25.0
12819,15841,4,4,0.0
12819,15841,5,4,50.0
12819,15841,6,4,25.0
12819,15841,7,4,0.0
12878,13930,1,10,20.0
12878,13930,2,5,20.0
12878,13930,3,4,25.0
12878,13930,4,8,12.5
12878,13930,5,8,0.0
12878,13930,6,4,0.0
12878,13930,7,8,25.0
12884,11278,1,5,0.0
12884,11278,2,5,40.0
12884,11278,3,4,50.0
12884,11278,4,4,25.0
12884,11278,5,4,50.0
12884,11278,7,4,0.0
12884,11433,1,15,6.666666666666667
12884,11433,2,15,6.666666666666667
12884,11433,3,12,0.0
12884,11433,4,12,16.666666666666664
12884,11433,5,12,8.333333333333332
12884,11433,6,8,0.0
12884,11433,7,12,25.0
12884,13930,1,11,27.27272727272727
12884,13930,2,10,10.0
12884,13930,3,8,12.5
12884,13930,4,8,12.5
12884,13930,5,8,0.0
12884,13930,6,8,12.5
12884,13930,7,8,25.0
12888,11292,1,10,20.0
12888,11292,2,5,60.0
12888,11292,3,8,12.5
12888,11292,4,8,25.0
12888,11292,5,8,25.0
12888,11292,6,4,25.0
12888,11292,7,8,25.0
12889,10140,1,25,8.0
12889,10140,2,20,25.0
12889,10140,3,16,18.75
12889,10140,4,24,70.83333333333334
12889,10140,5,20,50.0
12889,10140,6,12,16.666666666666664
12889,10140,7,24,29.166666666666668
12889,10257,1,5,0.0
12889,10257,4,4,25.0
12889,10257,5,4,25.0
12889,10257,7,4,25.0
12889,10279,1,5,0.0
12889,10279,2,5,40.0
12889,10279,3,4,0.0
12889,10279,4,4,0.0
12889,10279,5,4,25.0
12889,10279,6,4,25.0
12889,10279,7,4,0.0
12889,10299,5,4,25.0
12889,10299,7,4,50.0
12889,10397,1,70,10.0
12889,10397,2,62,1.6129032258064515
12889,10397,3,46,2.1739130434782608
12889,10397,4,51,17.647058823529413
12889,10397,5,58,18.96551724137931
12889,10397,6,50,16.0
12889,10397,7,52,15.384615384615385
12889,10408,1,3,0.0
12889,10408,4,4,25.0
12889,10408,5,2,100.0
12889,10408,7,4,25.0
12889,10423,1,44,6.8181818181818175
12889,10423,2,30,3.3333333333333335
12889,10423,3,24,8.333333333333332
12889,10423,4,32,37.5
12889,10423,5,36,55.88235294117647
12889,10423,6,20,15.0
12889,10423,7,32,18.75
12889,10431,4,4,0.0
12889,10431,7,4,0.0
12889,10599,1,5,20.0
12889,10599,2,5,20.0
12889,10599,3,4,25.0
12889,10599,4,4,25.0
12889,10599,5,4,50.0
12889,10599,6,4,0.0
12889,10599,7,4,0.0
12889,10620,1,5,40.0
12889,10620,5,4,0.0
12889,10627,4,4,0.0
12889,10627,7,4,25.0
12889,10666,1,10,0.0
12889,10666,3,4,0.0
12889,10666,4,8,0.0
12889,10666,5,8,25.0
12889,10666,7,8,0.0
12889,10693,1,31,6.451612903225806
12889,10693,2,30,3.3333333333333335
12889,10693,3,23,13.043478260869565
12889,10693,4,24,25.0
12889,10693,5,24,40.909090909090914
12889,10693,6,16,12.5
12889,10693,7,24,12.5
12889,10713,1,25,12.0
12889,10713,2,10,10.0
12889,10713,3,8,25.0
12889,10713,4,20,50.0
12889,10713,5,20,57.89473684210527
12889,10713,6,12,8.333333333333332
12889,10713,7,20,30.0
12889,10721,1,26,15.384615384615385
12889,10721,2,19,21.052631578947366
12889,10721,3,16,43.75
12889,10721,4,23,47.82608695652174
12889,10721,5,23,39.130434782608695
12889,10721,6,16,6.25
12889,10721,7,23,65.21739130434783
12889,10792,1,5,20.0
12889,10792,2,5,40.0
12889,10792,3,4,0.0
12889,10792,4,4,25.0
12889,10792,5,4,50.0
12889,10792,6,4,25.0
12889,10792,7,4,50.0
12889,10800,1,67,13.432835820895523
12889,10800,2,52,19.230769230769234
12889,10800,3,41,7.317073170731707
12889,10800,4,53,43.39622641509434
12889,10800,5,53,38.0
12889,10800,6,37,5.405405405405405
12889,10800,7,49,14.285714285714285
12889,10821,1,28,21.428571428571427
12889,10821,2,24,4.166666666666666
12889,10821,3,23,8.695652173913043
12889,10821,4,24,12.5
12889,10821,5,24,20.833333333333336
12889,10821,6,16,6.25
12889,10821,7,28,28.57142857142857
12889,10849,1,10,20.0
12889,10849,2,5,0.0
12889,10849,3,4,0.0
12889,10849,4,12,16.666666666666664
12889,10849,5,8,50.0
12889,10849,6,4,0.0
12889,10849,7,12,16.666666666666664
12889,11003,1,5,40.0
12889,11003,5,4,50.0
12889,11042,1,10,20.0
12889,11042,2,10,0.0
12889,11042,3,12,0.0
12889,11042,4,12,41.66666666666667
12889,11042,5,12,25.0
12889,11042,6,8,0.0
12889,11042,7,12,8.333333333333332
12889,11057,1,26,7.6923076923076925
12889,11057,2,25,16.0
12889,11057,3,20,15.0
12889,11057,4,26,11.538461538461538
12889,11057,5,20,10.0
12889,11057,6,20,0.0
12889,11057,7,28,10.714285714285714
12889,11066,1,15,20.0
12889,11066,2,14,7.142857142857142
12889,11066,3,11,0.0
12889,11066,4,12,50.0
12889,11066,5,12,50.0
12889,11066,6,8,25.0
12889,11066,7,12,16.666666666666664
12889,11109,1,15,26.666666666666668
12889,11109,2,10,0.0
12889,11109,3,8,0.0
12889,11109,4,12,50.0
12889,11109,5,12,45.45454545454545
12889,11109,6,4,25.0
12889,11109,7,12,8.333333333333332
12889,11193,1,10,20.0
12889,11193,2,5,0.0
12889,11193,3,4,0.0
12889,11193,4,12,25.0
12889,11193,5,8,12.5
12889,11193,6,4,0.0
12889,11193,7,12,8.333333333333332
12889,11259,1,35,14.285714285714285
12889,11259,2,30,16.666666666666664
12889,11259,3,24,4.166666666666666
12889,11259,4,28,21.428571428571427
12889,11259,5,28,28.57142857142857
12889,11259,6,20,20.0
12889,11259,7,32,18.75
12889,11278,1,10,30.0
12889,11278,2,10,10.0
12889,11278,3,8,50.0
12889,11278,4,8,50.0
12889,11278,5,8,50.0
12889,11278,6,8,0.0
12889,11278,7,8,25.0
12889,11292,1,102,26.47058823529412
12889,11292,2,66,21.21212121212121
12889,11292,3,60,13.333333333333334
12889,11292,4,81,40.74074074074074
12889,11292,5,81,46.25
12889,11292,6,58,24.137931034482758
12889,11292,7,91,13.186813186813188
12889,11298,1,71,13.043478260869565
12889,11298,2,63,4.761904761904762
12889,11298,3,52,9.615384615384617
12889,11298,4,58,10.344827586206897
12889,11298,5,60,29.629629629629626
12889,11298,6,55,16.363636363636363
12889,11298,7,64,15.873015873015872
12889,11423,1,10,10.0
12889,11423,2,5,40.0
12889,11423,3,4,0.0
12889,11423,4,8,62.5
12889,11423,5,8,50.0
12889,11423,6,4,0.0
12889,11423,7,8,50.0
12889,11433,1,42,23.809523809523807
12889,11433,2,34,5.88235294117647
12889,11433,3,27,3.7037037037037033
12889,11433,4,35,25.71428571428571
12889,11433,5,35,28.57142857142857
12889,11433,6,31,3.225806451612903
12889,11433,7,35,28.57142857142857
12889,11540,1,20,25.0
12889,11540,2,10,10.0
12889,11540,3,8,12.5
12889,11540,4,16,25.0
12889,11540,5,16,25.0
12889,11540,6,16,6.25
12889,11540,7,16,25.0
12889,11603,1,5,0.0
12889,11603,2,5,0.0
12889,11603,3,4,25.0
12889,11603,4,8,12.5
12889,11603,5,4,25.0
12889,11603,6,4,0.0
12889,11603,7,8,50.0
12889,11618,1,40,10.0
12889,11618,2,40,15.0
12889,11618,3,33,18.181818181818183
12889,11618,4,32,30.0
12889,11618,5,32,40.625
12889,11618,6,28,35.714285714285715
12889,11618,7,32,12.5
12889,11637,1,5,20.0
12889,11637,5,4,75.0
12889,11638,1,25,20.0
12889,11638,2,20,25.0
12889,11638,3,16,18.75
12889,11638,4,20,40.0
12889,11638,5,24,34.78260869565217
12889,11638,6,16,0.0
12889,11638,7,24,8.333333333333332
12889,11648,4,4,0.0
12889,11648,7,4,50.0
12889,11697,1,11,30.0
12889,11697,2,10,0.0
12889,11697,3,7,28.57142857142857
12889,11697,4,8,12.5
12889,11697,5,8,50.0
12889,11697,6,8,0.0
12889,11697,7,8,37.5
12889,11721,1,5,40.0
12889,11721,5,4,50.0
12889,11775,1,5,0.0
12889,11775,5,4,0.0
12889,11823,1,4,0.0
12889,11823,5,4,0.0
12889,11884,1,10,20.0
12889,11884,2,10,20.0
12889,11884,3,8,0.0
12889,11884,4,12,25.0
12889,11884,5,8,37.5
12889,11884,6,8,25.0
12889,11884,7,12,25.0
12889,11898,4,4,0.0
12889,11898,7,4,0.0
12889,11980,4,4,25.0
12889,11980,7,4,0.0
12889,11986,1,10,0.0
12889,11986,4,8,12.5
12889,11986,5,8,50.0
12889,11986,6,4,0.0
12889,11986,7,8,25.0
12889,12003,1,5,20.0
12889,12003,5,4,25.0
12889,12173,1,30,20.0
12889,12173,2,30,30.0
12889,12173,3,24,16.666666666666664
12889,12173,4,24,20.833333333333336
12889,12173,5,24,29.166666666666668
12889,12173,6,24,20.833333333333336
12889,12173,7,24,33.33333333333333
12889,12191,1,30,3.3333333333333335
12889,12191,2,20,5.0
12889,12191,3,16,6.25
12889,12191,4,24,33.33333333333333
12889,12191,5,25,33.33333333333333
12889,12191,6,16,12.5
12889,12191,7,24,16.666666666666664
12889,12264,1,15,0.0
12889,12264,2,15,0.0
12889,12264,3,12,0.0
12889,12264,4,12,8.333333333333332
12889,12264,5,12,16.666666666666664
12889,12264,6,12,0.0
12889,12264,7,12,16.666666666666664
12889,12266,1,46,21.73913043478261
12889,12266,2,35,5.714285714285714
12889,12266,3,32,3.125
12889,12266,4,36,13.88888888888889
12889,12266,5,37,21.62162162162162
12889,12266,6,32,6.25
12889,12266,7,37,24.324324324324326
12889,12278,1,6,16.666666666666664
12889,12278,2,5,0.0
12889,12278,3,4,0.0
12889,12278,4,8,50.0
12889,12278,5,4,25.0
12889,12278,6,4,50.0
12889,12278,7,8,37.5
12889,12280,1,5,20.0
12889,12280,5,4,50.0
12889,12339,1,20,20.0
12889,12339,2,10,20.0
12889,12339,3,8,0.0
12889,12339,4,16,37.5
12889,12339,5,16,25.0
12889,12339,6,12,16.666666666666664
12889,12339,7,16,25.0
12889,12478,1,59,10.16949152542373
12889,12478,2,54,11.320754716981133
12889,12478,3,43,11.627906976744185
12889,12478,4,48,34.04255319148936
12889,12478,5,48,36.17021276595745
12889,12478,6,36,13.88888888888889
12889,12478,7,48,22.916666666666664
12889,12758,1,5,0.0
12889,12758,2,5,0.0
12889,12758,3,4,0.0
12889,12758,4,4,25.0
12889,12758,5,4,25.0
12889,12758,6,4,0.0
12889,12758,7,4,0.0
12889,12892,1,123,23.770491803278688
12889,12892,2,98,14.285714285714285
12889,12892,3,81,7.4074074074074066
12889,12892,4,98,29.591836734693878
12889,12892,5,100,42.42424242424242
12889,12892,6,83,13.414634146341465
12889,12892,7,108,17.59259259259259
12889,12896,1,5,0.0
12889,12896,2,5,0.0
12889,12896,3,4,0.0
12889,12896,4,4,25.0
12889,12896,5,4,50.0
12889,12896,6,4,0.0
12889,12896,7,4,0.0
12889,12954,1,35,17.142857142857142
12889,12954,2,25,12.0
12889,12954,3,20,15.0
12889,12954,4,28,32.142857142857146
12889,12954,5,28,39.285714285714285
12889,12954,6,24,0.0
12889,12954,7,28,17.857142857142858
12889,12982,1,5,0.0
12889,12982,2,5,20.0
12889,12982,3,4,0.0
12889,12982,4,4,0.0
12889,12982,5,4,25.0
12889,12982,6,4,50.0
12889,12982,7,4,25.0
12889,12992,1,5,40.0
12889,12992,2,5,0.0
12889,12992,3,4,0.0
12889,12992,4,4,50.0
12889,12992,5,4,66.66666666666666
12889,12992,6,4,0.0
12889,12992,7,4,0.0
12889,13061,1,4,0.0
12889,13061,3,1,0.0
12889,13061,5,4,50.0
12889,13158,1,5,0.0
12889,13158,2,5,20.0
12889,13158,3,4,0.0
12889,13158,4,4,0.0
12889,13158,5,4,0.0
12889,13158,6,4,25.0
12889,13158,7,4,0.0
12889,13198,1,30,13.333333333333334
12889,13198,2,20,5.0
12889,13198,3,16,12.5
12889,13198,4,24,33.33333333333333
12889,13198,5,25,45.83333333333333
12889,13198,6,12,16.666666666666664
12889,13198,7,24,29.166666666666668
12889,13204,1,21,14.285714285714285
12889,13204,2,19,0.0
12889,13204,3,15,0.0
12889,13204,4,16,31.25
12889,13204,5,16,31.25
12889,13204,6,16,25.0
12889,13204,7,16,37.5
12889,13232,1,41,12.195121951219512
12889,13232,2,35,14.285714285714285
12889,13232,3,28,3.571428571428571
12889,13232,4,28,28.57142857142857
12889,13232,5,29,39.285714285714285
12889,13232,6,20,20.0
12889,13232,7,31,6.451612903225806
12889,13244,1,16,6.25
12889,13244,2,5,0.0
12889,13244,3,4,0.0
12889,13244,4,8,0.0
12889,13244,5,12,0.0
12889,13244,6,4,0.0
12889,13244,7,8,0.0
12889,13256,1,6,16.666666666666664
12889,13256,2,1,0.0
12889,13256,3,5,20.0
12889,13256,4,6,16.666666666666664
12889,13256,5,5,20.0
12889,13256,6,5,0.0
12889,13256,7,8,12.5
12889,13264,1,5,20.0
12889,13264,3,1,0.0
12889,13264,4,2,100.0
12889,13264,5,4,50.0
12889,13264,7,2,0.0
12889,13303,1,21,10.0
12889,13303,2,16,12.5
12889,13303,3,15,33.33333333333333
12889,13303,4,16,18.75
12889,13303,5,16,25.0
12889,13303,6,12,16.666666666666664
12889,13303,7,16,18.75
12889,13342,1,15,13.333333333333334
12889,13342,2,15,26.666666666666668
12889,13342,3,12,0.0
12889,13342,4,16,46.666666666666664
12889,13342,5,12,41.66666666666667
12889,13342,6,8,0.0
12889,13342,7,16,18.75
12889,13367,4,4,0.0
12889,13367,7,4,25.0
12889,13433,1,5,0.0
12889,13433,4,4,25.0
12889,13476,1,5,0.0
12889,13476,5,4,50.0
12889,13486,1,4,50.0
12889,13486,5,3,33.33333333333333
12889,13487,1,33,9.090909090909092
12889,13487,2,25,0.0
12889,13487,3,20,0.0
12889,13487,4,27,14.814814814814813
12889,13487,5,28,39.285714285714285
12889,13487,6,24,0.0
12889,13487,7,27,18.51851851851852
12889,13495,1,15,0.0
12889,13495,2,10,10.0
12889,13495,3,8,12.5
12889,13495,4,12,33.33333333333333
12889,13495,5,12,36.36363636363637
12889,13495,6,4,0.0
12889,13495,7,12,8.333333333333332
12889,13796,1,57,19.298245614035086
12889,13796,2,41,19.51219512195122
12889,13796,3,33,12.121212121212121
12889,13796,4,45,40.0
12889,13796,5,45,52.27272727272727
12889,13796,6,33,9.090909090909092
12889,13796,7,46,45.65217391304348
12889,13830,1,10,10.0
12889,13830,2,10,10.0
12889,13830,3,8,12.5
12889,13830,4,8,12.5
12889,13830,5,8,12.5
12889,13830,6,8,0.0
12889,13830,7,8,0.0
12889,13851,1,19,10.526315789473683
12889,13851,2,15,6.666666666666667
12889,13851,3,12,8.333333333333332
12889,13851,4,12,41.66666666666667
12889,13851,5,16,56.25
12889,13851,6,8,0.0
12889,13851,7,12,0.0
12889,13871,1,16,12.5
12889,13871,2,10,0.0
12889,13871,3,8,12.5
12889,13871,4,12,41.66666666666667
12889,13871,5,12,41.66666666666667
12889,13871,6,8,12.5
12889,13871,7,9,44.44444444444444
12889,13891,1,40,20.0
12889,13891,2,25,4.0
12889,13891,3,20,10.0
12889,13891,4,32,37.5
12889,13891,5,32,40.625
12889,13891,6,20,5.0
12889,13891,7,32,25.0
12889,13930,1,89,17.97752808988764
12889,13930,2,74,13.513513513513514
12889,13930,3,55,16.363636363636363
12889,13930,4,65,35.38461538461539
12889,13930,5,73,36.61971830985916
12889,13930,6,56,27.27272727272727
12889,13930,7,69,11.594202898550725
12889,14004,4,4,25.0
12889,14004,7,4,0.0
12889,14057,1,49,4.081632653061225
12889,14057,2,40,12.5
12889,14057,3,32,15.625
12889,14057,4,40,40.0
12889,14057,5,39,46.15384615384615
12889,14057,6,24,8.333333333333332
12889,14057,7,40,12.5
12889,14100,1,21,19.047619047619047
12889,14100,2,17,11.76470588235294
12889,14100,3,16,12.5
12889,14100,4,19,21.052631578947366
12889,14100,5,15,40.0
12889,14100,6,16,18.75
12889,14100,7,20,15.0
12889,14107,1,85,11.76470588235294
12889,14107,2,57,3.508771929824561
12889,14107,3,51,9.803921568627452
12889,14107,4,65,48.4375
12889,14107,5,68,44.26229508196721
12889,14107,6,42,12.195121951219512
12889,14107,7,63,15.873015873015872
12889,14108,1,5,0.0
12889,14108,5,4,0.0
12889,14122,1,15,6.666666666666667
12889,14122,2,14,14.285714285714285
12889,14122,3,11,9.090909090909092
12889,14122,4,12,41.66666666666667
12889,14122,5,12,27.27272727272727
12889,14122,6,12,8.333333333333332
12889,14122,7,12,16.666666666666664
12889,14252,1,5,0.0
12889,14252,5,4,25.0
12889,14262,1,5,20.0
12889,14262,2,5,0.0
12889,14262,3,4,25.0
12889,14262,4,4,25.0
12889,14262,5,4,100.0
12889,14262,6,4,25.0
12889,14262,7,8,37.5
12889,14457,4,4,25.0
12889,14457,7,4,25.0
12889,14492,1,10,10.0
12889,14492,2,5,0.0
12889,14492,3,4,0.0
12889,14492,4,8,62.5
12889,14492,5,8,25.0
12889,14492,6,8,0.0
12889,14492,7,8,0.0
12889,14512,4,4,25.0
12889,14512,7,4,0.0
12889,14570,1,59,10.16949152542373
12889,14570,2,51,13.725490196078432
12889,14570,3,41,2.4390243902439024
12889,14570,4,48,35.41666666666667
12889,14570,5,48,39.130434782608695
12889,14570,6,28,7.142857142857142
12889,14570,7,48,18.75
12889,14576,1,5,0.0
12889,14576,4,4,0.0
12889,14576,5,4,0.0
12889,14576,7,4,50.0
12889,14679,1,112,24.107142857142858
12889,14679,2,92,13.043478260869565
12889,14679,3,74,8.333333333333332
12889,14679,4,89,49.43820224719101
12889,14679,5,89,48.837209302325576
12889,14679,6,61,23.333333333333332
12889,14679,7,93,22.58064516129032
12889,14683,1,34,8.823529411764707
12889,14683,2,24,4.166666666666666
12889,14683,3,19,10.526315789473683
12889,14683,4,32,31.25
12889,14683,5,28,34.61538461538461
12889,14683,6,20,10.0
12889,14683,7,32,28.125
12889,14689,1,15,40.0
12889,14689,2,10,30.0
12889,14689,3,8,12.5
12889,14689,4,12,41.66666666666667
12889,14689,5,12,58.333333333333336
12889,14689,6,4,25.0
12889,14689,7,8,25.0
12889,14696,4,4,0.0
12889,14696,7,4,0.0
12889,14716,1,8,50.0
12889,14716,3,2,0.0
12889,14716,4,7,14.285714285714285
12889,14716,5,8,12.5
12889,14716,7,8,25.0
12889,14730,1,9,22.22222222222222
12889,14730,2,5,40.0
12889,14730,3,4,0.0
12889,14730,4,8,12.5
12889,14730,5,8,37.5
12889,14730,6,4,50.0
12889,14730,7,8,12.5
12889,14747,1,77,10.38961038961039
12889,14747,2,68,10.294117647058822
12889,14747,3,54,1.8867924528301887
12889,14747,4,61,27.86885245901639
12889,14747,5,62,37.096774193548384
12889,14747,6,56,8.928571428571429
12889,14747,7,63,25.396825396825395
12889,14771,1,91,36.26373626373626
12889,14771,2,70,24.285714285714285
12889,14771,3,60,23.333333333333332
12889,14771,4,76,47.368421052631575
12889,14771,5,76,59.45945945945946
12889,14771,6,60,18.333333333333332
12889,14771,7,80,41.25
12889,14783,1,5,20.0
12889,14783,5,4,50.0
12889,14814,1,5,20.0
12889,14814,5,4,0.0
12889,14831,1,72,11.267605633802818
12889,14831,2,55,12.727272727272727
12889,14831,3,44,0.0
12889,14831,4,56,35.714285714285715
12889,14831,5,60,43.103448275862064
12889,14831,6,36,8.333333333333332
12889,14831,7,52,28.846153846153843
12889,14869,1,58,13.793103448275861
12889,14869,2,44,2.272727272727273
12889,14869,3,35,8.571428571428571
12889,14869,4,48,43.75
12889,14869,5,48,42.5531914893617
12889,14869,6,33,12.121212121212121
12889,14869,7,48,18.75
12889,14893,1,70,20.0
12889,14893,2,60,16.666666666666664
12889,14893,3,48,8.333333333333332
12889,14893,4,60,31.666666666666664
12889,14893,5,60,42.3728813559322
12889,14893,6,44,11.363636363636363
12889,14893,7,65,20.0
12889,14905,4,4,50.0
12889,14905,7,4,25.0
12889,14908,1,65,18.461538461538463
12889,14908,2,50,14.000000000000002
12889,14908,3,40,10.0
12889,14908,4,52,34.61538461538461
12889,14908,5,52,37.5
12889,14908,6,36,19.444444444444446
12889,14908,7,52,23.076923076923077
12889,15016,1,35,8.571428571428571
12889,15016,2,20,15.0
12889,15016,3,16,6.25
12889,15016,4,24,33.33333333333333
12889,15016,5,28,37.03703703703704
12889,15016,6,16,18.75
12889,15016,7,26,11.538461538461538
12889,15023,1,5,20.0
12889,15023,2,5,40.0
12889,15023,3,4,50.0
12889,15023,4,4,50.0
12889,15023,5,4,50.0
12889,15023,6,4,0.0
12889,15023,7,4,25.0
12889,15304,1,15,6.666666666666667
12889,15304,2,13,15.384615384615385
12889,15304,3,10,20.0
12889,15304,4,12,25.0
12889,15304,5,12,25.0
12889,15304,6,12,0.0
12889,15304,7,16,18.75
12889,15370,1,15,6.666666666666667
12889,15370,2,10,10.0
12889,15370,3,8,25.0
12889,15370,4,8,37.5
12889,15370,5,12,33.33333333333333
12889,15370,6,4,25.0
12889,15370,7,8,25.0
12889,15376,1,24,20.833333333333336
12889,15376,2,15,26.666666666666668
12889,15376,3,12,0.0
12889,15376,4,16,56.25
12889,15376,5,20,38.88888888888889
12889,15376,6,8,25.0
12889,15376,7,16,25.0
12889,15412,1,5,20.0
12889,15412,4,2,0.0
12889,15412,5,4,50.0
12889,15412,7,2,0.0
12889,15919,4,4,0.0
12889,15919,7,4,0.0
12891,11298,1,15,26.666666666666668
12891,11298,2,15,0.0
12891,11298,3,12,8.333333333333332
12891,11298,4,12,16.666666666666664
12891,11298,5,12,18.181818181818183
12891,11298,6,12,0.0
12891,11298,7,12,25.0
12892,10140,1,28,10.714285714285714
12892,10140,2,28,14.285714285714285
12892,10140,3,22,18.181818181818183
12892,10140,4,23,4.3478260869565215
12892,10140,5,23,21.73913043478261
12892,10140,6,19,0.0
12892,10140,7,23,13.043478260869565
12892,10157,1,5,0.0
12892,10157,2,5,0.0
12892,10157,3,4,0.0
12892,10157,4,4,0.0
12892,10157,5,4,25.0
12892,10157,6,4,0.0
12892,10157,7,4,0.0
12892,10299,1,5,0.0
12892,10299,2,5,20.0
12892,10299,3,1,0.0
12892,10299,4,4,0.0
12892,10299,5,4,0.0
12892,10299,7,4,0.0
12892,10372,1,11,18.181818181818183
12892,10372,2,10,10.0
12892,10372,3,8,0.0
12892,10372,4,8,50.0
12892,10372,5,8,0.0
12892,10372,6,8,0.0
12892,10372,7,8,12.5
12892,10397,1,78,14.102564102564102
12892,10397,2,70,8.571428571428571
12892,10397,3,56,12.5
12892,10397,4,64,12.5
12892,10397,5,65,10.9375
12892,10397,6,58,12.068965517241379
12892,10397,7,64,14.0625
12892,10423,1,49,4.081632653061225
12892,10423,2,39,10.256410256410255
12892,10423,3,34,8.823529411764707
12892,10423,4,42,4.761904761904762
12892,10423,5,38,10.526315789473683
12892,10423,6,25,4.0
12892,10423,7,43,2.3255813953488373
12892,10666,4,4,25.0
12892,10666,7,4,0.0
12892,10693,1,33,6.0606060606060606
12892,10693,2,25,8.0
12892,10693,3,21,0.0
12892,10693,4,27,18.51851851851852
12892,10693,5,27,7.4074074074074066
12892,10693,6,24,4.166666666666666
12892,10693,7,31,6.666666666666667
12892,10713,1,20,0.0
12892,10713,2,20,5.0
12892,10713,3,17,5.88235294117647
12892,10713,4,16,12.5
12892,10713,5,16,6.25
12892,10713,6,16,6.25
12892,10713,7,16,6.25
12892,10721,1,65,23.076923076923077
12892,10721,2,60,16.666666666666664
12892,10721,3,45,44.44444444444444
12892,10721,4,51,35.294117647058826
12892,10721,5,51,21.568627450980394
12892,10721,6,40,15.0
12892,10721,7,51,35.294117647058826
12892,10792,1,1,0.0
12892,10792,2,1,0.0
12892,10821,1,30,6.666666666666667
12892,10821,2,26,15.384615384615385
12892,10821,3,24,8.333333333333332
12892,10821,4,24,33.33333333333333
12892,10821,5,24,12.5
12892,10821,6,17,11.76470588235294
12892,10821,7,24,29.166666666666668
12892,10849,1,5,20.0
12892,10849,2,5,0.0
12892,10849,3,8,0.0
12892,10849,4,7,28.57142857142857
12892,10849,5,7,28.57142857142857
12892,10849,6,7,14.285714285714285
12892,10849,7,7,0.0
12892,11042,1,10,0.0
12892,11042,2,5,20.0
12892,11042,3,8,0.0
12892,11042,4,8,0.0
12892,11042,5,8,0.0
12892,11042,6,4,0.0
12892,11042,7,8,0.0
12892,11057,1,31,9.67741935483871
12892,11057,2,29,6.896551724137931
12892,11057,3,23,13.043478260869565
12892,11057,4,27,14.814814814814813
12892,11057,5,24,8.333333333333332
12892,11057,6,24,8.333333333333332
12892,11057,7,28,17.857142857142858
12892,11066,1,5,20.0
12892,11066,4,8,12.5
12892,11066,5,4,0.0
12892,11066,6,4,0.0
12892,11066,7,7,0.0
12892,11193,1,5,0.0
12892,11193,2,5,0.0
12892,11193,3,4,0.0
12892,11193,4,4,0.0
12892,11193,5,4,0.0
12892,11193,7,4,0.0
12892,11259,1,20,15.0
12892,11259,2,15,6.666666666666667
12892,11259,3,12,8.333333333333332
12892,11259,4,16,25.0
12892,11259,5,16,25.0
12892,11259,6,12,16.666666666666664
12892,11259,7,12,33.33333333333333
12892,11278,1,20,20.0
12892,11278,2,20,5.0
12892,11278,3,16,31.25
12892,11278,4,16,18.75
12892,11278,5,16,31.25
12892,11278,6,16,18.75
12892,11278,7,16,6.25
12892,11292,1,118,22.88135593220339
12892,11292,2,96,22.916666666666664
12892,11292,3,83,9.63855421686747
12892,11292,4,92,25.0
12892,11292,5,96,21.27659574468085
12892,11292,6,76,15.789473684210526
12892,11292,7,88,12.5
12892,11298,1,83,19.51219512195122
12892,11298,2,81,14.814814814814813
12892,11298,3,62,11.29032258064516
12892,11298,4,67,22.388059701492537
12892,11298,5,63,31.57894736842105
12892,11298,6,63,19.047619047619047
12892,11298,7,68,14.705882352941178
12892,11433,1,39,2.564102564102564
12892,11433,2,36,16.666666666666664
12892,11433,3,29,6.896551724137931
12892,11433,4,32,15.625
12892,11433,5,32,6.25
12892,11433,6,28,14.285714285714285
12892,11433,7,32,15.625
12892,11540,1,15,13.333333333333334
12892,11540,2,15,20.0
12892,11540,3,12,8.333333333333332
12892,11540,4,12,33.33333333333333
12892,11540,5,12,16.666666666666664
12892,11540,6,12,8.333333333333332
12892,11540,7,12,8.333333333333332
12892,11603,1,5,0.0
12892,11603,2,5,0.0
12892,11603,3,4,0.0
12892,11603,4,4,25.0
12892,11603,5,4,0.0
12892,11603,6,4,0.0
12892,11603,7,4,0.0
12892,11618,1,80,10.0
12892,11618,2,76,7.894736842105263
12892,11618,3,60,13.333333333333334
12892,11618,4,64,21.875
12892,11618,5,64,15.0
12892,11618,6,59,23.728813559322035
12892,11618,7,64,6.25
12892,11638,1,15,0.0
12892,11638,2,15,13.333333333333334
12892,11638,3,12,0.0
12892,11638,4,12,0.0
12892,11638,5,12,0.0
12892,11638,6,8,0.0
12892,11638,7,12,16.666666666666664
12892,11648,1,4,25.0
12892,11648,2,1,0.0
12892,11648,3,1,0.0
12892,11648,4,3,0.0
12892,11648,5,3,33.33333333333333
12892,11648,6,3,0.0
12892,11648,7,3,0.0
12892,11697,1,30,6.666666666666667
12892,11697,2,25,4.0
12892,11697,3,20,5.0
12892,11697,4,20,5.0
12892,11697,5,24,8.333333333333332
12892,11697,6,20,5.0
12892,11697,7,20,5.0
12892,11884,1,16,0.0
12892,11884,2,15,0.0
12892,11884,3,12,8.333333333333332
12892,11884,4,12,0.0
12892,11884,5,12,25.0
12892,11884,6,12,0.0
12892,11884,7,12,8.333333333333332
12892,12173,1,65,13.846153846153847
12892,12173,2,65,16.923076923076923
12892,12173,3,52,17.307692307692307
12892,12173,4,48,18.75
12892,12173,5,52,5.769230769230769
12892,12173,6,52,5.769230769230769
12892,12173,7,52,25.0
12892,12191,1,20,10.0
12892,12191,2,15,6.666666666666667
12892,12191,3,12,8.333333333333332
12892,12191,4,16,0.0
12892,12191,5,16,25.0
12892,12191,6,8,12.5
12892,12191,7,12,8.333333333333332
12892,12264,1,30,3.3333333333333335
12892,12264,2,27,11.11111111111111
12892,12264,3,20,0.0
12892,12264,4,24,12.5
12892,12264,5,25,8.333333333333332
12892,12264,6,24,8.333333333333332
12892,12264,7,24,12.5
12892,12266,1,75,13.333333333333334
12892,12266,2,61,9.836065573770492
12892,12266,3,54,5.555555555555555
12892,12266,4,63,3.1746031746031744
12892,12266,5,64,9.375
12892,12266,6,57,8.771929824561402
12892,12266,7,65,3.076923076923077
12892,12339,1,11,18.181818181818183
12892,12339,2,6,33.33333333333333
12892,12339,3,8,12.5
12892,12339,4,12,33.33333333333333
12892,12339,5,9,0.0
12892,12339,6,5,20.0
12892,12339,7,13,15.384615384615385
12892,12441,1,14,14.285714285714285
12892,12441,2,11,0.0
12892,12441,3,8,12.5
12892,12441,4,11,9.090909090909092
12892,12441,5,11,9.090909090909092
12892,12441,6,12,25.0
12892,12441,7,11,27.27272727272727
12892,12478,1,151,13.90728476821192
12892,12478,2,142,14.788732394366196
12892,12478,3,111,21.62162162162162
12892,12478,4,119,26.495726495726498
12892,12478,5,119,11.76470588235294
12892,12478,6,96,11.458333333333332
12892,12478,7,119,13.559322033898304
12892,12758,1,20,15.0
12892,12758,2,20,20.0
12892,12758,3,16,12.5
12892,12758,4,16,12.5
12892,12758,5,16,0.0
12892,12758,6,16,18.75
12892,12758,7,16,6.25
12892,12889,1,121,11.570247933884298
12892,12889,2,98,11.224489795918368
12892,12889,3,82,7.317073170731707
12892,12889,4,98,45.91836734693878
12892,12889,5,100,44.329896907216494
12892,12889,6,83,16.867469879518072
12892,12889,7,108,17.75700934579439
12892,12982,1,20,10.0
12892,12982,2,15,0.0
12892,12982,3,16,18.75
12892,12982,4,16,18.75
12892,12982,5,16,0.0
12892,12982,6,16,0.0
12892,12982,7,16,6.25
12892,13198,1,20,5.0
12892,13198,2,18,16.666666666666664
12892,13198,3,14,14.285714285714285
12892,13198,4,15,13.333333333333334
12892,13198,5,15,6.666666666666667
12892,13198,6,15,6.666666666666667
12892,13198,7,16,6.25
12892,13204,1,48,8.333333333333332
12892,13204,2,32,15.625
12892,13204,3,30,3.3333333333333335
12892,13204,4,39,15.384615384615385
12892,13204,5,39,12.82051282051282
12892,13204,6,28,7.142857142857142
12892,13204,7,39,0.0
12892,13232,1,20,15.0
12892,13232,2,20,10.0
12892,13232,3,16,0.0
12892,13232,4,16,18.75
12892,13232,5,16,12.5
12892,13232,6,12,8.333333333333332
12892,13232,7,16,6.25
12892,13244,1,5,20.0
12892,13244,3,4,25.0
12892,13244,4,4,75.0
12892,13244,5,4,25.0
12892,13244,7,4,0.0
12892,13303,1,36,13.88888888888889
12892,13303,2,36,16.666666666666664
12892,13303,3,27,18.51851851851852
12892,13303,4,28,14.285714285714285
12892,13303,5,28,3.571428571428571
12892,13303,6,29,3.4482758620689653
12892,13303,7,28,14.285714285714285
12892,13476,1,15,6.666666666666667
12892,13476,2,14,0.0
12892,13476,3,12,8.333333333333332
12892,13476,4,12,8.333333333333332
12892,13476,5,12,0.0
12892,13476,6,11,0.0
12892,13476,7,12,8.333333333333332
12892,13486,1,1,0.0
12892,13487,1,30,10.0
12892,13487,2,30,10.0
12892,13487,3,24,8.333333333333332
12892,13487,4,24,16.666666666666664
12892,13487,5,24,16.666666666666664
12892,13487,6,24,12.5
12892,13487,7,24,0.0
12892,13495,1,22,22.727272727272727
12892,13495,2,19,0.0
12892,13495,3,16,0.0
12892,13495,4,19,0.0
12892,13495,5,19,10.526315789473683
12892,13495,6,8,37.5
12892,13495,7,19,21.052631578947366
12892,13796,1,31,16.129032258064516
12892,13796,2,30,3.3333333333333335
12892,13796,3,24,0.0
12892,13796,4,24,16.666666666666664
12892,13796,5,24,25.0
12892,13796,6,20,15.0
12892,13796,7,28,35.714285714285715
12892,13830,1,21,14.285714285714285
12892,13830,2,21,19.047619047619047
12892,13830,3,16,31.25
12892,13830,4,16,0.0
12892,13830,5,16,12.5
12892,13830,6,16,6.25
12892,13830,7,16,25.0
12892,13851,1,14,0.0
12892,13851,2,14,7.142857142857142
12892,13851,3,12,16.666666666666664
12892,13851,4,12,0.0
12892,13851,5,12,0.0
12892,13851,6,12,25.0
12892,13851,7,12,8.333333333333332
12892,13871,1,5,40.0
12892,13871,2,5,20.0
12892,13871,3,4,0.0
12892,13871,4,4,25.0
12892,13871,5,4,0.0
12892,13871,6,4,25.0
12892,13871,7,4,0.0
12892,13930,1,109,12.844036697247708
12892,13930,2,95,10.638297872340425
12892,13930,3,71,23.943661971830984
12892,13930,4,87,22.988505747126435
12892,13930,5,88,18.181818181818183
12892,13930,6,78,25.64102564102564
12892,13930,7,86,16.27906976744186
12892,14057,1,68,10.294117647058822
12892,14057,2,54,9.25925925925926
12892,14057,3,42,7.142857142857142
12892,14057,4,54,12.962962962962962
12892,14057,5,55,10.909090909090908
12892,14057,6,44,2.272727272727273
12892,14057,7,55,10.909090909090908
12892,14100,1,37,16.216216216216218
12892,14100,2,32,21.875
12892,14100,3,24,16.666666666666664
12892,14100,4,28,32.142857142857146
12892,14100,5,28,14.814814814814813
12892,14100,6,28,10.714285714285714
12892,14100,7,32,21.875
12892,14107,1,109,13.761467889908257
12892,14107,2,89,7.865168539325842
12892,14107,3,74,13.513513513513514
12892,14107,4,84,23.809523809523807
12892,14107,5,81,31.08108108108108
12892,14107,6,62,9.836065573770492
12892,14107,7,87,18.39080459770115
12892,14122,1,5,0.0
12892,14122,3,4,0.0
12892,14122,4,4,25.0
12892,14122,5,4,0.0
12892,14122,6,4,50.0
12892,14122,7,4,0.0
12892,14237,1,5,20.0
12892,14237,2,5,0.0
12892,14237,3,4,0.0
12892,14237,4,4,0.0
12892,14237,5,4,0.0
12892,14237,6,4,50.0
12892,14237,7,4,0.0
12892,14252,1,5,0.0
12892,14252,2,5,0.0
12892,14252,3,4,0.0
12892,14252,4,4,0.0
12892,14252,5,4,50.0
12892,14252,6,4,25.0
12892,14252,7,4,0.0
12892,14262,1,5,0.0
12892,14262,2,5,20.0
12892,14262,3,4,0.0
12892,14262,4,4,0.0
12892,14262,5,4,0.0
12892,14262,6,4,0.0
12892,14262,7,4,0.0
12892,14487,1,4,0.0
12892,14487,2,3,0.0
12892,14487,3,3,0.0
12892,14487,4,3,0.0
12892,14487,5,3,0.0
12892,14487,6,3,0.0
12892,14487,7,3,33.33333333333333
12892,14489,1,5,0.0
12892,14489,2,5,0.0
12892,14489,3,4,0.0
12892,14489,4,4,0.0
12892,14489,5,4,0.0
12892,14489,6,4,25.0
12892,14489,7,4,0.0
12892,14492,1,10,30.0
12892,14492,2,10,20.0
12892,14492,3,8,12.5
12892,14492,4,8,0.0
12892,14492,5,8,12.5
12892,14492,6,4,25.0
12892,14492,7,8,12.5
12892,14570,1,37,0.0
12892,14570,2,36,11.11111111111111
12892,14570,3,28,7.142857142857142
12892,14570,4,27,0.0
12892,14570,5,27,7.6923076923076925
12892,14570,6,23,0.0
12892,14570,7,35,22.857142857142858
12892,14679,1,33,6.0606060606060606
12892,14679,2,37,2.7027027027027026
12892,14679,3,26,12.5
12892,14679,4,30,23.333333333333332
12892,14679,5,30,10.0
12892,14679,6,23,4.3478260869565215
12892,14679,7,30,13.333333333333334
12892,14683,1,30,13.333333333333334
12892,14683,2,20,20.0
12892,14683,3,16,6.25
12892,14683,4,23,8.695652173913043
12892,14683,5,23,0.0
12892,14683,6,19,10.526315789473683
12892,14683,7,24,16.666666666666664
12892,14689,1,10,10.0
12892,14689,2,10,10.0
12892,14689,3,8,0.0
12892,14689,4,8,25.0
12892,14689,5,8,25.0
12892,14689,6,7,0.0
12892,14689,7,8,25.0
12892,14698,1,8,12.5
12892,14698,2,8,12.5
12892,14698,3,7,0.0
12892,14698,4,8,37.5
12892,14698,5,8,25.0
12892,14698,6,5,0.0
12892,14698,7,8,25.0
12892,14730,2,1,0.0
12892,14730,4,4,0.0
12892,14730,7,4,25.0
12892,14747,1,108,8.333333333333332
12892,14747,2,95,6.315789473684211
12892,14747,3,76,5.263157894736842
12892,14747,4,86,5.813953488372093
12892,14747,5,83,10.0
12892,14747,6,74,4.054054054054054
12892,14747,7,84,11.904761904761903
12892,14771,1,160,25.0
12892,14771,2,135,23.703703703703706
12892,14771,3,109,16.51376146788991
12892,14771,4,128,33.59375
12892,14771,5,128,50.0
12892,14771,6,115,20.869565217391305
12892,14771,7,141,38.297872340425535
12892,14783,1,1,0.0
12892,14794,1,5,0.0
12892,14794,2,5,0.0
12892,14794,3,4,0.0
12892,14794,4,4,25.0
12892,14794,5,4,25.0
12892,14794,6,4,25.0
12892,14794,7,4,0.0
12892,14831,1,78,6.41025641025641
12892,14831,2,63,3.1746031746031744
12892,14831,3,50,2.0
12892,14831,4,63,6.349206349206349
12892,14831,5,63,12.698412698412698
12892,14831,6,44,9.090909090909092
12892,14831,7,63,15.873015873015872
12892,14869,1,60,8.333333333333332
12892,14869,2,44,11.363636363636363
12892,14869,3,38,10.526315789473683
12892,14869,4,49,16.3265306122449
12892,14869,5,49,2.083333333333333
12892,14869,6,44,4.545454545454546
12892,14869,7,54,11.11111111111111
12892,14893,1,84,8.333333333333332
12892,14893,2,67,5.970149253731343
12892,14893,3,50,2.0
12892,14893,4,71,14.084507042253522
12892,14893,5,68,11.940298507462686
12892,14893,6,53,3.7735849056603774
12892,14893,7,68,19.11764705882353
12892,15016,1,15,26.666666666666668
12892,15016,2,11,27.27272727272727
12892,15016,3,8,0.0
12892,15016,4,12,33.33333333333333
12892,15016,5,12,16.666666666666664
12892,15016,6,12,16.666666666666664
12892,15016,7,12,8.333333333333332
12892,15023,1,15,0.0
12892,15023,2,10,0.0
12892,15023,3,8,0.0
12892,15023,4,12,8.333333333333332
12892,15023,5,12,8.333333333333332
12892,15023,6,8,0.0
12892,15023,7,12,16.666666666666664
12892,15041,1,1,0.0
12892,15041,3,4,0.0
12892,15041,5,4,0.0
12892,15041,7,4,25.0
12892,15304,1,15,0.0
12892,15304,2,14,7.142857142857142
12892,15304,3,11,0.0
12892,15304,4,12,8.333333333333332
12892,15304,5,12,8.333333333333332
12892,15304,6,8,0.0
12892,15304,7,12,8.333333333333332
12892,15370,1,6,0.0
12892,15370,2,5,40.0
12892,15370,3,4,0.0
12892,15370,4,4,0.0
12892,15370,5,4,25.0
12892,15370,6,4,25.0
12892,15370,7,4,0.0
12892,15376,1,33,24.242424242424242
12892,15376,2,33,0.0
12892,15376,3,25,4.0
12892,15376,4,27,33.33333333333333
12892,15376,5,27,25.925925925925924
12892,15376,6,24,20.833333333333336
12892,15376,7,27,11.11111111111111
12892,15919,1,5,20.0
12892,15919,2,5,20.0
12892,15919,3,4,0.0
12892,15919,4,4,0.0
12892,15919,5,4,25.0
12892,15919,6,4,0.0
12892,15919,7,4,0.0
12896,10423,1,5,0.0
12896,10423,2,5,0.0
12896,10423,3,4,0.0
12896,10423,4,4,0.0
12896,10423,5,4,0.0
12896,10423,7,4,0.0
12896,11259,1,25,16.666666666666664
12896,11259,2,20,10.0
12896,11259,3,16,0.0
12896,11259,4,20,5.0
12896,11259,5,20,25.0
12896,11259,6,12,8.333333333333332
12896,11259,7,16,6.25
12896,11292,1,15,20.0
12896,11292,2,10,30.0
12896,11292,3,8,37.5
12896,11292,4,12,16.666666666666664
12896,11292,5,12,25.0
12896,11292,6,8,25.0
12896,11292,7,12,41.66666666666667
12896,11298,1,45,22.22222222222222
12896,11298,2,39,7.6923076923076925
12896,11298,3,35,14.705882352941178
12896,11298,4,39,15.789473684210526
12896,11298,5,36,22.857142857142858
12896,11298,6,31,13.333333333333334
12896,11298,7,40,22.5
12896,12191,6,4,25.0
12896,12191,7,4,25.0
12896,12889,1,5,20.0
12896,12889,2,5,0.0
12896,12889,3,4,0.0
12896,12889,4,4,25.0
12896,12889,5,4,50.0
12896,12889,6,4,0.0
12896,12889,7,4,0.0
12896,14107,1,5,0.0
12896,14107,2,5,0.0
12896,14107,3,4,25.0
12896,14107,4,4,0.0
12896,14107,5,4,50.0
12896,14107,6,4,25.0
12898,11697,4,4,0.0
12898,11697,7,4,50.0
12898,13204,1,5,0.0
12898,13204,3,1,0.0
12898,13204,5,4,0.0
12898,13204,6,4,0.0
12898,13577,1,5,0.0
12898,13577,3,3,0.0
12898,13577,4,4,0.0
12898,13577,5,4,0.0
12898,13577,6,4,0.0
12898,13577,7,4,25.0
12899,11292,1,10,20.0
12899,11292,2,5,0.0
12899,11292,3,4,0.0
12899,11292,4,8,12.5
12899,11292,5,8,0.0
12899,11292,6,8,37.5
12899,11292,7,8,12.5
12902,11292,1,10,20.0
12902,11292,2,5,60.0
12902,11292,3,8,25.0
12902,11292,4,8,25.0
12902,11292,5,8,12.5
12902,11292,6,4,0.0
12902,11292,7,8,37.5
12915,11298,1,15,20.0
12915,11298,2,15,13.333333333333334
12915,11298,3,12,16.666666666666664
12915,11298,4,12,25.0
12915,11298,5,12,9.090909090909092
12915,11298,6,12,16.666666666666664
12915,11298,7,12,0.0
12915,12266,1,5,0.0
12915,12266,2,1,0.0
12915,12266,4,4,25.0
12915,12266,5,4,0.0
12915,12266,7,4,50.0
12917,13577,4,4,0.0
12917,13577,7,4,0.0
12917,14082,1,4,75.0
12917,14082,2,1,0.0
12917,14082,3,3,0.0
12917,14082,5,4,25.0
12917,14112,2,1,100.0
12917,14112,4,4,0.0
12917,14112,7,4,50.0
12917,14685,4,4,0.0
12917,14685,7,4,0.0
12917,14761,1,5,20.0
12917,14761,3,4,25.0
12917,14761,5,4,25.0
12917,14986,2,1,0.0
12917,14986,4,4,0.0
12917,14986,7,4,0.0
12917,15624,4,4,50.0
12917,15624,6,4,25.0
12917,15624,7,4,0.0
12945,10397,1,33,6.0606060606060606
12945,10397,2,30,3.3333333333333335
12945,10397,3,24,0.0
12945,10397,4,27,3.7037037037037033
12945,10397,5,27,11.11111111111111
12945,10397,6,24,0.0
12945,10397,7,27,0.0
12945,11057,1,26,7.6923076923076925
12945,11057,2,25,8.0
12945,11057,3,20,25.0
12945,11057,4,20,20.0
12945,11057,5,20,5.0
12945,11057,6,20,20.0
12945,11057,7,20,15.0
12945,11278,1,5,0.0
12945,11278,2,5,0.0
12945,11278,3,4,25.0
12945,11278,4,4,0.0
12945,11278,5,4,0.0
12945,11278,7,4,0.0
12945,11292,1,5,0.0
12945,11292,2,5,0.0
12945,11292,3,4,0.0
12945,11292,4,4,0.0
12945,11292,5,4,25.0
12945,11292,6,4,0.0
12945,11292,7,4,0.0
12945,11298,1,20,20.0
12945,11298,2,20,10.0
12945,11298,3,16,12.5
12945,11298,4,16,6.25
12945,11298,5,16,0.0
12945,11298,6,16,12.5
12945,11298,7,16,12.5
12945,11433,1,10,0.0
12945,11433,2,8,0.0
12945,11433,3,6,0.0
12945,11433,4,8,0.0
12945,11433,5,8,12.5
12945,11433,6,8,12.5
12945,11433,7,8,12.5
12945,11697,4,4,25.0
12945,11697,7,4,0.0
12945,13930,1,36,22.22222222222222
12945,13930,2,36,16.666666666666664
12945,13930,3,26,15.384615384615385
12945,13930,4,27,29.629629629629626
12945,13930,5,29,20.689655172413794
12945,13930,6,24,14.285714285714285
12945,13930,7,28,21.428571428571427
12945,14082,1,5,0.0
12945,14082,5,4,0.0
12945,14082,6,1,0.0
12945,14100,1,5,20.0
12945,14100,2,5,40.0
12945,14100,3,4,25.0
12945,14100,4,4,50.0
12945,14100,5,4,0.0
12945,14100,6,4,0.0
12945,14100,7,4,0.0
12945,14112,2,2,50.0
12945,14112,4,4,25.0
12945,14112,6,1,100.0
12945,14112,7,4,75.0
12945,14761,1,1,0.0
12945,14761,2,3,0.0
12945,14761,4,4,25.0
12945,14761,5,1,100.0
12945,14761,6,2,50.0
12945,14761,7,4,25.0
12951,10397,1,5,0.0
12951,10397,2,5,0.0
12951,10397,3,4,25.0
12951,10397,4,4,0.0
12951,10397,5,4,0.0
12951,10397,6,1,0.0
12951,10397,7,4,0.0
12951,11057,1,5,0.0
12951,11057,2,5,0.0
12951,11057,3,4,25.0
12951,11057,4,4,0.0
12951,11057,5,4,0.0
12951,11057,6,4,25.0
12951,11057,7,4,0.0
12951,11298,1,25,32.0
12951,11298,2,25,12.0
12951,11298,3,20,25.0
12951,11298,4,20,30.0
12951,11298,5,20,16.666666666666664
12951,11298,6,20,15.0
12951,11298,7,20,20.0
12951,12266,1,5,20.0
12951,12266,2,5,0.0
12951,12266,3,4,0.0
12951,12266,4,4,0.0
12951,12266,5,4,0.0
12951,12266,6,4,25.0
12951,12266,7,6,0.0
12953,10154,1,8,12.5
12953,10154,2,4,25.0
12953,10154,3,2,50.0
12953,10154,4,6,16.666666666666664
12953,10154,5,6,0.0
12953,10154,6,6,16.666666666666664
12953,10154,7,6,16.666666666666664
12953,10397,1,129,10.077519379844961
12953,10397,2,129,6.976744186046512
12953,10397,3,108,13.88888888888889
12953,10397,4,108,17.75700934579439
12953,10397,5,108,8.333333333333332
12953,10397,6,64,25.0
12953,10397,7,100,11.0
12953,10431,1,5,0.0
12953,10431,2,5,0.0
12953,10431,3,4,0.0
12953,10431,4,4,0.0
12953,10431,5,8,37.5
12953,10431,6,8,25.0
12953,10431,7,4,0.0
12953,10581,1,6,0.0
12953,10581,2,6,0.0
12953,10581,3,4,25.0
12953,10581,4,4,0.0
12953,10581,5,4,25.0
12953,10581,6,4,25.0
12953,10581,7,4,0.0
12953,10693,1,53,3.7735849056603774
12953,10693,2,53,15.09433962264151
12953,10693,3,42,14.285714285714285
12953,10693,4,43,33.33333333333333
12953,10693,5,43,11.627906976744185
12953,10693,6,24,20.833333333333336
12953,10693,7,43,16.27906976744186
12953,10721,1,122,29.508196721311474
12953,10721,2,123,25.203252032520325
12953,10721,3,97,39.130434782608695
12953,10721,4,97,50.0
12953,10721,5,97,25.773195876288657
12953,10721,6,24,17.391304347826086
12953,10721,7,74,53.52112676056338
12953,10785,5,4,0.0
12953,10785,6,4,25.0
12953,10792,1,35,8.571428571428571
12953,10792,2,35,5.714285714285714
12953,10792,3,28,21.428571428571427
12953,10792,4,28,19.230769230769234
12953,10792,5,28,7.142857142857142
12953,10792,6,12,10.0
12953,10792,7,24,8.333333333333332
12953,10868,1,9,11.11111111111111
12953,10868,2,9,11.11111111111111
12953,10868,3,8,12.5
12953,10868,4,8,25.0
12953,10868,5,8,12.5
12953,10868,6,4,25.0
12953,10868,7,8,25.0
12953,10990,1,5,0.0
12953,10990,2,5,0.0
12953,10990,3,4,25.0
12953,10990,4,4,0.0
12953,10990,5,4,25.0
12953,10990,7,4,0.0
12953,10994,1,20,15.0
12953,10994,2,20,15.0
12953,10994,3,17,35.294117647058826
12953,10994,4,17,20.0
12953,10994,5,17,11.76470588235294
12953,10994,6,17,23.52941176470588
12953,10994,7,17,11.76470588235294
12953,11042,1,26,7.6923076923076925
12953,11042,2,31,19.35483870967742
12953,11042,3,21,5.0
12953,11042,4,26,40.0
12953,11042,5,22,4.545454545454546
12953,11042,6,10,10.0
12953,11042,7,22,27.27272727272727
12953,11057,1,64,4.6875
12953,11057,2,69,7.246376811594203
12953,11057,3,52,21.153846153846153
12953,11057,4,56,18.181818181818183
12953,11057,5,52,9.615384615384617
12953,11057,6,39,10.81081081081081
12953,11057,7,55,14.814814814814813
12953,11066,1,47,6.382978723404255
12953,11066,2,47,2.127659574468085
12953,11066,3,38,10.526315789473683
12953,11066,4,38,13.513513513513514
12953,11066,5,39,0.0
12953,11066,6,15,26.666666666666668
12953,11066,7,35,11.428571428571429
12953,11193,1,9,11.11111111111111
12953,11193,2,8,12.5
12953,11193,3,4,25.0
12953,11193,4,6,16.666666666666664
12953,11193,5,6,0.0
12953,11193,6,3,0.0
12953,11193,7,6,0.0
12953,11259,1,20,15.0
12953,11259,2,20,15.0
12953,11259,3,16,25.0
12953,11259,4,16,31.25
12953,11259,5,16,31.25
12953,11259,6,12,16.666666666666664
12953,11259,7,16,12.5
12953,11267,1,1,100.0
12953,11278,1,71,8.450704225352112
12953,11278,2,71,16.901408450704224
12953,11278,3,56,32.142857142857146
12953,11278,4,56,28.30188679245283
12953,11278,5,56,12.5
12953,11278,6,28,18.51851851851852
12953,11278,7,48,16.666666666666664
12953,11292,1,70,18.571428571428573
12953,11292,2,65,20.0
12953,11292,3,56,19.642857142857142
12953,11292,4,56,32.72727272727273
12953,11292,5,56,21.428571428571427
12953,11292,6,40,30.0
12953,11292,7,56,19.642857142857142
12953,11298,1,105,18.627450980392158
12953,11298,2,105,16.19047619047619
12953,11298,3,84,32.926829268292686
12953,11298,4,84,34.93975903614458
12953,11298,5,84,26.582278481012654
12953,11298,6,52,21.153846153846153
12953,11298,7,76,12.0
12953,11423,1,5,0.0
12953,11423,2,5,20.0
12953,11423,3,4,50.0
12953,11423,4,4,66.66666666666666
12953,11423,7,4,25.0
12953,11433,1,63,9.523809523809524
12953,11433,2,63,9.523809523809524
12953,11433,3,51,5.88235294117647
12953,11433,4,52,20.0
12953,11433,5,52,1.9230769230769231
12953,11433,6,36,19.444444444444446
12953,11433,7,48,16.666666666666664
12953,11697,1,55,16.363636363636363
12953,11697,2,51,13.725490196078432
12953,11697,3,40,27.500000000000004
12953,11697,4,44,22.727272727272727
12953,11697,5,44,25.0
12953,11697,6,33,18.181818181818183
12953,11697,7,44,20.930232558139537
12953,11986,1,20,5.0
12953,11986,2,20,10.0
12953,11986,3,16,12.5
12953,11986,4,16,25.0
12953,11986,5,16,0.0
12953,11986,6,8,37.5
12953,11986,7,16,12.5
12953,11995,1,29,0.0
12953,11995,2,29,0.0
12953,11995,3,24,29.166666666666668
12953,11995,4,24,27.27272727272727
12953,11995,5,25,8.0
12953,11995,6,12,18.181818181818183
12953,11995,7,21,19.047619047619047
12953,11996,1,15,0.0
12953,11996,2,15,13.333333333333334
12953,11996,3,12,8.333333333333332
12953,11996,4,12,9.090909090909092
12953,11996,5,12,8.333333333333332
12953,11996,6,4,25.0
12953,11996,7,8,25.0
12953,12124,1,5,0.0
12953,12124,2,5,20.0
12953,12124,3,4,0.0
12953,12124,4,4,25.0
12953,12124,5,4,0.0
12953,12124,6,4,0.0
12953,12124,7,4,0.0
12953,12191,1,20,15.0
12953,12191,2,20,20.0
12953,12191,3,16,18.75
12953,12191,4,16,12.5
12953,12191,5,16,18.75
12953,12191,6,8,25.0
12953,12191,7,12,16.666666666666664
12953,12250,1,1,0.0
12953,12250,2,1,0.0
12953,12264,1,18,33.33333333333333
12953,12264,2,20,25.0
12953,12264,3,16,18.75
12953,12264,4,15,35.714285714285715
12953,12264,5,15,21.428571428571427
12953,12264,6,12,18.181818181818183
12953,12264,7,15,7.142857142857142
12953,12266,1,65,6.153846153846154
12953,12266,2,65,9.230769230769232
12953,12266,3,52,15.384615384615385
12953,12266,4,52,26.923076923076923
12953,12266,5,52,9.615384615384617
12953,12266,6,32,21.875
12953,12266,7,51,13.725490196078432
12953,12323,1,15,6.666666666666667
12953,12323,2,15,13.333333333333334
12953,12323,3,12,16.666666666666664
12953,12323,4,12,9.090909090909092
12953,12323,5,12,0.0
12953,12323,6,4,0.0
12953,12323,7,8,37.5
12953,12339,1,40,15.0
12953,12339,2,40,5.0
12953,12339,3,33,9.090909090909092
12953,12339,4,32,30.0
12953,12339,5,32,12.5
12953,12339,6,12,16.666666666666664
12953,12339,7,29,17.24137931034483
12953,12451,1,3,0.0
12953,12451,2,3,0.0
12953,12451,3,2,50.0
12953,12451,4,3,33.33333333333333
12953,12451,5,4,0.0
12953,12451,6,3,66.66666666666666
12953,12451,7,3,33.33333333333333
12953,12992,1,5,40.0
12953,12992,2,5,20.0
12953,12992,3,4,25.0
12953,12992,4,4,50.0
12953,12992,5,4,25.0
12953,12992,7,4,25.0
12953,13198,1,25,16.0
12953,13198,2,25,8.0
12953,13198,3,20,15.0
12953,13198,4,20,25.0
12953,13198,5,20,15.0
12953,13198,6,11,18.181818181818183
12953,13198,7,19,15.789473684210526
12953,13204,1,71,12.676056338028168
12953,13204,2,62,16.129032258064516
12953,13204,3,53,9.433962264150944
12953,13204,4,52,26.923076923076923
12953,13204,5,56,10.714285714285714
12953,13204,6,53,17.307692307692307
12953,13204,7,48,14.583333333333334
12953,13232,1,35,5.714285714285714
12953,13232,2,35,0.0
12953,13232,3,28,10.714285714285714
12953,13232,4,28,22.22222222222222
12953,13232,5,28,10.714285714285714
12953,13232,6,20,25.0
12953,13232,7,24,20.833333333333336
12953,13244,1,15,0.0
12953,13244,2,15,6.666666666666667
12953,13244,3,12,16.666666666666664
12953,13244,4,12,33.33333333333333
12953,13244,5,12,25.0
12953,13244,6,8,25.0
12953,13244,7,12,16.666666666666664
12953,13303,1,85,21.428571428571427
12953,13303,2,80,21.25
12953,13303,3,68,27.941176470588236
12953,13303,4,64,32.8125
12953,13303,5,68,16.176470588235293
12953,13303,6,48,25.0
12953,13303,7,64,31.25
12953,13342,1,9,0.0
12953,13342,2,9,0.0
12953,13342,3,7,28.57142857142857
12953,13342,4,6,0.0
12953,13342,5,6,0.0
12953,13342,6,2,50.0
12953,13342,7,6,16.666666666666664
12953,13485,1,14,0.0
12953,13485,2,14,7.142857142857142
12953,13485,3,12,25.0
12953,13485,4,12,20.0
12953,13485,5,12,8.333333333333332
12953,13485,6,8,14.285714285714285
12953,13485,7,12,25.0
12953,13487,1,27,3.7037037037037033
12953,13487,2,27,3.7037037037037033
12953,13487,3,20,0.0
12953,13487,4,20,10.0
12953,13487,5,20,0.0
12953,13487,6,16,12.5
12953,13487,7,20,15.0
12953,13495,1,20,10.0
12953,13495,2,20,5.0
12953,13495,3,16,31.25
12953,13495,4,16,12.5
12953,13495,5,16,18.75
12953,13495,6,12,25.0
12953,13495,7,16,12.5
12953,13541,1,3,0.0
12953,13541,2,3,0.0
12953,13541,3,2,0.0
12953,13541,4,2,0.0
12953,13541,5,2,0.0
12953,13541,6,2,50.0
12953,13541,7,2,0.0
12953,13577,1,11,18.181818181818183
12953,13577,2,11,9.090909090909092
12953,13577,3,9,0.0
12953,13577,4,8,0.0
12953,13577,5,8,0.0
12953,13577,6,8,12.5
12953,13577,7,8,12.5
12953,13851,1,15,6.666666666666667
12953,13851,2,15,13.333333333333334
12953,13851,3,12,16.666666666666664
12953,13851,4,12,30.0
12953,13851,5,12,33.33333333333333
12953,13851,6,4,25.0
12953,13851,7,12,16.666666666666664
12953,13871,1,2,0.0
12953,13871,2,1,0.0
12953,13930,1,173,13.872832369942195
12953,13930,2,174,15.517241379310345
12953,13930,3,139,24.087591240875913
12953,13930,4,139,35.507246376811594
12953,13930,5,139,23.021582733812952
12953,13930,6,84,35.714285714285715
12953,13930,7,124,19.35483870967742
12953,13931,1,27,0.0
12953,13931,2,27,11.11111111111111
12953,13931,3,22,22.727272727272727
12953,13931,4,21,30.0
12953,13931,5,21,0.0
12953,13931,6,8,14.285714285714285
12953,13931,7,21,23.809523809523807
12953,14027,1,30,13.333333333333334
12953,14027,2,26,7.6923076923076925
12953,14027,3,20,21.052631578947366
12953,14027,4,24,29.166666666666668
12953,14027,5,24,16.666666666666664
12953,14027,6,16,18.75
12953,14027,7,24,29.166666666666668
12953,14122,1,54,9.25925925925926
12953,14122,2,54,5.555555555555555
12953,14122,3,44,9.090909090909092
12953,14122,4,44,26.190476190476193
12953,14122,5,42,14.634146341463413
12953,14122,6,16,13.333333333333334
12953,14122,7,40,27.500000000000004
12953,14321,1,15,6.666666666666667
12953,14321,2,15,0.0
12953,14321,3,12,16.666666666666664
12953,14321,4,12,16.666666666666664
12953,14321,5,12,16.666666666666664
12953,14321,6,8,57.14285714285714
12953,14321,7,12,0.0
12953,14492,1,47,14.893617021276595
12953,14492,2,47,10.638297872340425
12953,14492,3,37,22.22222222222222
12953,14492,4,39,21.62162162162162
12953,14492,5,38,24.324324324324326
12953,14492,6,13,25.0
12953,14492,7,34,17.647058823529413
12953,14524,1,34,14.705882352941178
12953,14524,2,34,11.76470588235294
12953,14524,3,27,25.925925925925924
12953,14524,4,27,24.0
12953,14524,5,27,19.230769230769234
12953,14524,6,12,16.666666666666664
12953,14524,7,23,13.043478260869565
12953,14574,1,5,0.0
12953,14574,2,5,20.0
12953,14574,3,4,25.0
12953,14574,4,4,75.0
12953,14574,5,4,25.0
12953,14574,6,4,0.0
12953,14574,7,4,25.0
12953,14576,1,5,20.0
12953,14576,2,5,0.0
12953,14576,3,4,25.0
12953,14576,4,4,0.0
12953,14576,5,4,0.0
12953,14576,7,4,50.0
12953,14635,1,10,20.0
12953,14635,2,10,0.0
12953,14635,3,8,12.5
12953,14635,4,8,37.5
12953,14635,5,8,0.0
12953,14635,6,8,12.5
12953,14635,7,8,0.0
12953,14685,1,10,10.0
12953,14685,2,10,20.0
12953,14685,3,8,37.5
12953,14685,4,8,28.57142857142857
12953,14685,5,8,0.0
12953,14685,6,8,62.5
12953,14685,7,7,14.285714285714285
12953,14696,5,2,0.0
12953,14696,7,2,0.0
12953,14730,1,19,5.263157894736842
12953,14730,2,18,0.0
12953,14730,3,14,21.428571428571427
12953,14730,4,14,15.384615384615385
12953,14730,5,14,14.285714285714285
12953,14730,6,7,0.0
12953,14730,7,11,18.181818181818183
12953,14986,1,5,20.0
12953,14986,2,5,0.0
12953,14986,3,4,0.0
12953,14986,4,4,0.0
12953,14986,5,4,0.0
12953,14986,6,5,0.0
12953,14986,7,4,0.0
12953,15016,1,37,10.81081081081081
12953,15016,2,37,8.108108108108109
12953,15016,3,30,10.0
12953,15016,4,30,25.0
12953,15016,5,30,20.0
12953,15016,6,14,28.57142857142857
12953,15016,7,26,26.923076923076923
12953,15304,1,40,15.0
12953,15304,2,36,19.444444444444446
12953,15304,3,28,7.142857142857142
12953,15304,4,32,28.125
12953,15304,5,32,12.5
12953,15304,6,20,25.0
12953,15304,7,28,28.57142857142857
12953,15370,1,9,0.0
12953,15370,2,9,11.11111111111111
12953,15370,3,8,12.5
12953,15370,4,8,28.57142857142857
12953,15370,5,4,0.0
12953,15370,7,8,50.0
12953,15380,1,1,0.0
12953,15380,6,1,100.0
12953,15380,7,1,0.0
12953,15412,1,7,0.0
12953,15412,2,7,0.0
12953,15412,3,4,0.0
12953,15412,4,4,0.0
12953,15412,5,4,25.0
12953,15412,6,4,50.0
12953,15412,7,4,0.0
12953,15919,1,14,7.142857142857142
12953,15919,2,14,7.142857142857142
12953,15919,3,12,8.333333333333332
12953,15919,4,12,27.27272727272727
12953,15919,5,12,0.0
12953,15919,6,4,0.0
12953,15919,7,8,25.0
12954,10140,1,5,0.0
12954,10140,4,4,0.0
12954,10140,5,4,0.0
12954,10140,7,4,0.0
12954,10423,1,10,0.0
12954,10423,2,5,0.0
12954,10423,3,4,0.0
12954,10423,4,8,0.0
12954,10423,5,8,12.5
12954,10423,6,4,0.0
12954,10423,7,4,0.0
12954,10693,1,5,0.0
12954,10693,2,5,0.0
12954,10693,3,4,0.0
12954,10693,4,4,0.0
12954,10693,5,4,25.0
12954,10693,6,4,0.0
12954,10693,7,4,0.0
12954,10821,1,5,20.0
12954,10821,2,5,0.0
12954,10821,3,4,0.0
12954,10821,4,4,0.0
12954,10821,5,4,0.0
12954,10821,6,4,0.0
12954,10821,7,4,0.0
12954,11259,1,10,0.0
12954,11259,2,10,0.0
12954,11259,3,8,0.0
12954,11259,4,8,0.0
12954,11259,5,8,25.0
12954,11259,6,4,0.0
12954,11259,7,8,12.5
12954,11292,1,15,13.333333333333334
12954,11292,2,15,26.666666666666668
12954,11292,3,12,25.0
12954,11292,4,12,16.666666666666664
12954,11292,5,12,16.666666666666664
12954,11292,6,8,12.5
12954,11292,7,12,0.0
12954,11540,1,5,0.0
12954,11540,4,4,0.0
12954,11540,5,4,0.0
12954,11540,7,4,0.0
12954,12173,1,10,20.0
12954,12173,2,10,0.0
12954,12173,3,8,25.0
12954,12173,4,8,25.0
12954,12173,5,8,25.0
12954,12173,6,8,0.0
12954,12173,7,8,0.0
12954,12191,1,10,10.0
12954,12191,2,10,0.0
12954,12191,3,8,0.0
12954,12191,4,8,12.5
12954,12191,5,8,0.0
12954,12191,6,4,0.0
12954,12191,7,4,25.0
12954,12889,1,35,17.142857142857142
12954,12889,2,25,20.0
12954,12889,3,20,5.0
12954,12889,4,28,39.285714285714285
12954,12889,5,28,59.25925925925925
12954,12889,6,24,0.0
12954,12889,7,28,7.142857142857142
12954,13232,1,5,20.0
12954,13232,2,5,0.0
12954,13232,3,4,0.0
12954,13232,4,4,0.0
12954,13232,5,4,0.0
12954,13232,6,4,0.0
12954,13232,7,4,0.0
12954,13796,1,25,4.0
12954,13796,2,25,16.0
12954,13796,3,20,10.0
12954,13796,4,20,10.0
12954,13796,5,20,5.0
12954,13796,6,16,0.0
12954,13796,7,20,5.0
12954,13830,1,5,0.0
12954,13830,2,5,0.0
12954,13830,3,4,0.0
12954,13830,4,4,25.0
12954,13830,5,4,0.0
12954,13830,6,4,0.0
12954,13830,7,4,25.0
12954,14107,1,20,15.0
12954,14107,2,20,5.0
12954,14107,3,16,6.25
12954,14107,4,16,12.5
12954,14107,5,16,26.666666666666668
12954,14107,6,12,8.333333333333332
12954,14107,7,20,10.0
12954,14570,1,10,10.0
12954,14570,2,10,10.0
12954,14570,3,8,0.0
12954,14570,4,8,37.5
12954,14570,5,8,37.5
12954,14570,6,8,0.0
12954,14570,7,12,8.333333333333332
12954,14831,1,20,5.0
12954,14831,2,15,13.333333333333334
12954,14831,3,12,8.333333333333332
12954,14831,4,16,12.5
12954,14831,5,16,25.0
12954,14831,6,12,0.0
12954,14831,7,12,0.0
12954,14869,1,20,0.0
12954,14869,2,20,5.0
12954,14869,3,16,12.5
12954,14869,4,16,18.75
12954,14869,5,16,0.0
12954,14869,6,16,0.0
12954,14869,7,20,15.0
12954,14893,1,30,3.3333333333333335
12954,14893,2,25,4.0
12954,14893,3,20,0.0
12954,14893,4,24,16.666666666666664
12954,14893,5,24,20.833333333333336
12954,14893,6,16,0.0
12954,14893,7,20,20.0
12954,15016,1,5,20.0
12954,15016,2,5,0.0
12954,15016,3,4,0.0
12954,15016,4,4,25.0
12954,15016,5,4,25.0
12954,15016,7,4,25.0
12982,11292,1,5,0.0
12982,11292,2,5,0.0
12982,11292,3,4,0.0
12982,11292,4,4,0.0
12982,11292,5,4,0.0
12982,11292,6,4,0.0
12982,11292,7,4,25.0
12982,12173,1,104,0.9803921568627451
12982,12173,2,105,4.761904761904762
12982,12173,3,80,11.25
12982,12173,4,84,12.048192771084338
12982,12173,5,92,17.391304347826086
12982,12173,6,80,13.924050632911392
12982,12173,7,80,6.25
12982,12758,1,5,40.0
12982,12758,2,5,0.0
12982,12758,3,4,0.0
12982,12758,4,4,25.0
12982,12758,5,4,25.0
12982,12758,6,4,0.0
12982,12758,7,4,0.0
12982,12889,1,5,0.0
12982,12889,2,5,0.0
12982,12889,3,4,0.0
12982,12889,4,4,0.0
12982,12889,5,4,0.0
12982,12889,6,4,0.0
12982,12889,7,4,0.0
12982,12892,1,20,5.0
12982,12892,2,15,13.333333333333334
12982,12892,3,16,12.5
12982,12892,4,16,12.5
12982,12892,5,16,12.5
12982,12892,6,16,18.75
12982,12892,7,16,18.75
12982,13796,1,10,0.0
12982,13796,2,10,0.0
12982,13796,3,8,12.5
12982,13796,4,8,12.5
12982,13796,5,8,12.5
12982,13796,6,8,0.0
12982,13796,7,8,25.0
12982,13830,1,20,10.0
12982,13830,2,20,5.0
12982,13830,3,16,0.0
12982,13830,4,16,18.75
12982,13830,5,16,6.25
12982,13830,6,16,6.25
12982,13830,7,16,0.0
12982,14107,1,5,0.0
12982,14107,2,5,0.0
12982,14107,3,4,0.0
12982,14107,4,4,0.0
12982,14107,5,4,0.0
12982,14107,6,4,0.0
12982,14107,7,4,0.0
12982,14679,6,4,50.0
12982,14747,1,15,6.666666666666667
12982,14747,2,15,13.333333333333334
12982,14747,3,12,16.666666666666664
12982,14747,4,12,8.333333333333332
12982,14747,5,12,8.333333333333332
12982,14747,6,12,18.181818181818183
12982,14747,7,12,16.666666666666664
12982,14771,1,15,13.333333333333334
12982,14771,2,5,0.0
12982,14771,3,8,37.5
12982,14771,4,4,25.0
12982,14771,5,12,0.0
12982,14771,6,8,0.0
12982,14771,7,8,0.0
12982,14831,2,5,0.0
12982,14831,4,4,0.0
12982,14831,6,4,25.0
12982,14831,7,4,25.0
12982,14893,2,5,20.0
12982,14893,4,4,25.0
12982,14893,5,4,0.0
12982,14893,7,4,0.0
12992,10397,1,33,6.0606060606060606
12992,10397,2,30,0.0
12992,10397,3,24,0.0
12992,10397,4,27,7.4074074074074066
12992,10397,5,27,3.7037037037037033
12992,10397,6,24,4.166666666666666
12992,10397,7,27,14.814814814814813
12992,11057,1,11,18.181818181818183
12992,11057,2,10,10.0
12992,11057,3,8,0.0
12992,11057,4,11,9.090909090909092
12992,11057,5,8,12.5
12992,11057,6,8,25.0
12992,11057,7,12,25.0
12992,11259,1,15,13.333333333333334
12992,11259,2,15,6.666666666666667
12992,11259,3,12,16.666666666666664
12992,11259,4,12,16.666666666666664
12992,11259,5,12,20.0
12992,11259,6,8,12.5
12992,11259,7,12,8.333333333333332
12992,11278,1,5,20.0
12992,11278,2,5,20.0
12992,11278,3,4,25.0
12992,11278,4,4,25.0
12992,11278,5,4,25.0
12992,11278,6,4,0.0
12992,11278,7,4,0.0
12992,11292,1,20,25.0
12992,11292,2,20,20.0
12992,11292,3,16,18.75
12992,11292,4,20,25.0
12992,11292,5,20,15.0
12992,11292,6,16,25.0
12992,11292,7,20,20.0
12992,11298,1,41,29.268292682926827
12992,11298,2,40,5.128205128205128
12992,11298,3,32,18.75
12992,11298,4,35,25.71428571428571
12992,11298,5,32,30.0
12992,11298,6,32,12.903225806451612
12992,11298,7,36,30.555555555555557
12992,12191,7,4,0.0
12992,12266,1,5,40.0
12992,12266,2,5,20.0
12992,12266,3,4,0.0
12992,12266,4,5,0.0
12992,12266,5,4,0.0
12992,12266,6,5,0.0
12992,12266,7,5,0.0
12992,12889,1,5,20.0
12992,12889,2,5,0.0
12992,12889,3,4,25.0
12992,12889,4,4,0.0
12992,12889,5,4,0.0
12992,12889,6,4,0.0
12992,12889,7,4,0.0
12992,12953,1,5,20.0
12992,12953,2,5,0.0
12992,12953,3,4,0.0
12992,12953,4,4,25.0
12992,12953,5,4,0.0
12992,12953,7,4,25.0
12992,13303,6,4,0.0
12992,13930,1,24,25.0
12992,13930,2,19,26.31578947368421
12992,13930,3,16,18.75
12992,13930,4,18,11.11111111111111
12992,13930,5,15,20.0
12992,13930,6,15,14.285714285714285
12992,13930,7,19,26.31578947368421
12992,14869,1,4,0.0
12992,14869,2,4,0.0
12992,14869,3,3,0.0
12992,14869,4,3,0.0
12992,14869,5,3,0.0
12992,14869,6,3,33.33333333333333
12992,14869,7,3,0.0
12992,15016,1,10,10.0
12992,15016,2,10,0.0
12992,15016,3,8,0.0
12992,15016,4,8,25.0
12992,15016,5,8,12.5
12992,15016,6,4,25.0
12992,15016,7,8,0.0
13029,11292,1,25,16.0
13029,11292,2,25,16.0
13029,11292,3,20,15.0
13029,11292,4,20,15.0
13029,11292,5,20,10.0
13029,11292,6,16,12.5
13029,11292,7,19,5.263157894736842
13029,11433,7,1,0.0
13029,13930,1,20,25.0
13029,13930,2,20,15.0
13029,13930,3,16,6.25
13029,13930,4,16,25.0
13029,13930,5,16,12.5
13029,13930,6,12,16.666666666666664
13029,13930,7,16,12.5
13061,11298,1,20,20.0
13061,11298,2,20,10.0
13061,11298,3,16,18.75
13061,11298,4,16,25.0
13061,11298,5,16,14.285714285714285
13061,11298,6,16,12.5
13061,11298,7,16,12.5
13061,12889,1,4,0.0
13061,12889,3,1,0.0
13061,12889,5,4,75.0
13076,13930,1,15,33.33333333333333
13076,13930,2,14,7.142857142857142
13076,13930,3,10,10.0
13076,13930,4,10,20.0
13076,13930,5,12,16.666666666666664
13076,13930,6,10,20.0
13076,13930,7,12,25.0
13127,14747,1,5,0.0
13127,14747,2,5,0.0
13127,14747,3,4,0.0
13127,14747,4,4,25.0
13127,14747,5,4,25.0
13127,14747,6,4,0.0
13127,14747,7,4,0.0
13127,14869,1,5,0.0
13127,14869,2,5,0.0
13127,14869,3,4,0.0
13127,14869,4,4,0.0
13127,14869,5,4,0.0
13127,14869,6,4,0.0
13127,14869,7,4,0.0
13158,10423,1,20,5.0
13158,10423,2,20,5.0
13158,10423,3,16,6.25
13158,10423,4,16,12.5
13158,10423,5,16,18.75
13158,10423,6,7,14.285714285714285
13158,10423,7,15,20.0
13158,11259,1,20,10.0
13158,11259,2,20,5.0
13158,11259,3,16,12.5
13158,11259,4,16,6.25
13158,11259,5,16,12.5
13158,11259,6,8,0.0
13158,11259,7,12,16.666666666666664
13158,11292,1,24,12.5
13158,11292,2,19,15.789473684210526
13158,11292,3,16,25.0
13158,11292,4,19,10.526315789473683
13158,11292,5,19,10.526315789473683
13158,11292,6,15,13.333333333333334
13158,11292,7,19,5.263157894736842
13158,11298,1,46,23.91304347826087
13158,11298,2,41,7.317073170731707
13158,11298,3,36,22.22222222222222
13158,11298,4,39,15.384615384615385
13158,11298,5,36,11.76470588235294
13158,11298,6,31,16.129032258064516
13158,11298,7,40,15.0
13158,12191,1,20,5.0
13158,12191,2,20,10.0
13158,12191,3,16,18.75
13158,12191,4,16,0.0
13158,12191,5,16,6.25
13158,12191,6,8,0.0
13158,12191,7,12,0.0
13158,12266,1,14,14.285714285714285
13158,12266,2,11,9.090909090909092
13158,12266,3,9,22.22222222222222
13158,12266,4,11,9.090909090909092
13158,12266,5,10,0.0
13158,12266,6,7,0.0
13158,12266,7,12,16.666666666666664
13158,12889,1,5,20.0
13158,12889,2,5,20.0
13158,12889,3,4,25.0
13158,12889,4,4,0.0
13158,12889,5,4,25.0
13158,12889,6,4,0.0
13158,12889,7,4,25.0
13158,14107,1,5,20.0
13158,14107,2,5,0.0
13158,14107,3,4,0.0
13158,14107,4,4,25.0
13158,14107,5,4,0.0
13158,14107,6,4,25.0
13158,14107,7,4,25.0
13184,11433,1,20,5.0
13184,11433,2,20,15.0
13184,11433,3,16,12.5
13184,11433,4,16,12.5
13184,11433,5,16,0.0
13184,11433,6,12,0.0
13184,11433,7,16,18.75
13184,13930,1,15,26.666666666666668
13184,13930,2,15,13.333333333333334
13184,13930,3,12,25.0
13184,13930,4,12,8.333333333333332
13184,13930,5,12,16.666666666666664
13184,13930,6,12,20.0
13184,13930,7,12,41.66666666666667
13198,10140,1,5,0.0
13198,10140,2,5,20.0
13198,10140,3,4,0.0
13198,10140,4,4,0.0
13198,10140,5,4,25.0
13198,10140,7,4,0.0
13198,10397,1,53,7.547169811320755
13198,10397,2,45,6.666666666666667
13198,10397,3,36,8.333333333333332
13198,10397,4,43,4.651162790697675
13198,10397,5,43,13.953488372093023
13198,10397,6,32,9.375
13198,10397,7,39,5.128205128205128
13198,10423,1,15,20.0
13198,10423,2,10,10.0
13198,10423,3,8,0.0
13198,10423,4,12,16.666666666666664
13198,10423,5,12,25.0
13198,10423,6,4,25.0
13198,10423,7,8,25.0
13198,10693,1,20,10.0
13198,10693,2,20,10.0
13198,10693,3,16,6.25
13198,10693,4,16,12.5
13198,10693,5,16,18.75
13198,10693,6,12,0.0
13198,10693,7,12,0.0
13198,10721,1,9,33.33333333333333
13198,10721,2,10,30.0
13198,10721,3,8,50.0
13198,10721,4,8,75.0
13198,10721,5,8,75.0
13198,10721,6,4,0.0
13198,10721,7,8,62.5
13198,10800,1,5,20.0
13198,10800,4,4,0.0
13198,10800,5,4,50.0
13198,10800,7,4,25.0
13198,10821,1,15,6.666666666666667
13198,10821,2,15,0.0
13198,10821,3,12,25.0
13198,10821,4,12,33.33333333333333
13198,10821,5,12,33.33333333333333
13198,10821,6,8,12.5
13198,10821,7,12,8.333333333333332
13198,11057,1,16,25.0
13198,11057,2,16,6.25
13198,11057,3,12,0.0
13198,11057,4,15,20.0
13198,11057,5,12,25.0
13198,11057,6,12,36.36363636363637
13198,11057,7,16,18.75
13198,11066,7,4,25.0
13198,11259,1,25,24.0
13198,11259,2,30,6.666666666666667
13198,11259,3,24,13.043478260869565
13198,11259,4,20,15.0
13198,11259,5,20,40.0
13198,11259,6,12,8.333333333333332
13198,11259,7,24,20.833333333333336
13198,11278,1,29,20.689655172413794
13198,11278,2,29,20.689655172413794
13198,11278,3,24,37.5
13198,11278,4,24,16.666666666666664
13198,11278,5,24,45.83333333333333
13198,11278,6,8,0.0
13198,11278,7,20,15.0
13198,11292,1,70,22.857142857142858
13198,11292,2,55,18.181818181818183
13198,11292,3,44,18.181818181818183
13198,11292,4,56,23.214285714285715
13198,11292,5,56,41.07142857142857
13198,11292,6,32,9.375
13198,11292,7,48,22.916666666666664
13198,11298,1,36,33.33333333333333
13198,11298,2,35,22.857142857142858
13198,11298,3,28,33.33333333333333
13198,11298,4,31,9.67741935483871
13198,11298,5,28,23.076923076923077
13198,11298,6,27,36.0
13198,11298,7,32,25.0
13198,11433,1,18,5.555555555555555
13198,11433,2,18,22.22222222222222
13198,11433,3,14,7.142857142857142
13198,11433,4,15,13.333333333333334
13198,11433,5,15,6.666666666666667
13198,11433,6,12,8.333333333333332
13198,11433,7,15,6.666666666666667
13198,11481,6,4,25.0
13198,11481,7,4,0.0
13198,11618,1,10,0.0
13198,11618,2,10,20.0
13198,11618,3,8,50.0
13198,11618,4,8,25.0
13198,11618,5,8,25.0
13198,11618,6,4,0.0
13198,11618,7,8,25.0
13198,11697,1,10,20.0
13198,11697,2,5,20.0
13198,11697,3,4,0.0
13198,11697,4,4,0.0
13198,11697,5,8,12.5
13198,11697,6,4,0.0
13198,11697,7,4,25.0
13198,12191,1,15,13.333333333333334
13198,12191,2,10,10.0
13198,12191,3,8,12.5
13198,12191,4,12,25.0
13198,12191,5,12,33.33333333333333
13198,12191,6,8,12.5
13198,12191,7,12,8.333333333333332
13198,12266,1,5,0.0
13198,12266,2,5,0.0
13198,12266,3,4,0.0
13198,12266,4,4,0.0
13198,12266,5,4,0.0
13198,12266,6,4,0.0
13198,12266,7,4,0.0
13198,12339,1,5,0.0
13198,12339,2,5,0.0
13198,12339,3,4,0.0
13198,12339,4,4,75.0
13198,12339,5,4,25.0
13198,12339,6,4,0.0
13198,12339,7,4,25.0
13198,12889,1,30,3.3333333333333335
13198,12889,2,20,15.0
13198,12889,3,16,6.25
13198,12889,4,24,25.0
13198,12889,5,24,41.66666666666667
13198,12889,6,12,16.666666666666664
13198,12889,7,24,12.5
13198,12892,1,20,15.0
13198,12892,2,18,22.22222222222222
13198,12892,3,14,7.142857142857142
13198,12892,4,15,20.0
13198,12892,5,15,33.33333333333333
13198,12892,6,15,0.0
13198,12892,7,16,12.5
13198,12953,1,25,16.0
13198,12953,2,25,4.0
13198,12953,3,20,15.0
13198,12953,4,20,25.0
13198,12953,5,20,15.0
13198,12953,6,11,9.090909090909092
13198,12953,7,19,31.57894736842105
13198,13204,1,20,10.0
13198,13204,2,15,20.0
13198,13204,3,9,0.0
13198,13204,4,16,6.25
13198,13204,5,16,18.75
13198,13204,6,16,18.75
13198,13204,7,16,18.75
13198,13232,1,33,15.151515151515152
13198,13232,2,30,0.0
13198,13232,3,24,12.5
13198,13232,4,25,32.0
13198,13232,5,25,20.0
13198,13232,6,21,14.285714285714285
13198,13232,7,20,25.0
13198,13303,1,5,20.0
13198,13303,2,5,0.0
13198,13303,3,4,0.0
13198,13303,4,4,50.0
13198,13303,5,4,25.0
13198,13303,6,4,0.0
13198,13303,7,4,0.0
13198,13342,1,5,20.0
13198,13342,2,5,20.0
13198,13342,3,4,0.0
13198,13342,4,4,0.0
13198,13342,5,4,50.0
13198,13342,7,8,12.5
13198,13487,1,13,38.46153846153847
13198,13487,2,13,30.76923076923077
13198,13487,3,10,40.0
13198,13487,4,11,36.36363636363637
13198,13487,5,11,36.36363636363637
13198,13487,6,12,33.33333333333333
13198,13487,7,12,33.33333333333333
13198,13495,1,5,40.0
13198,13495,4,4,0.0
13198,13495,5,4,25.0
13198,13495,6,4,0.0
13198,13495,7,4,0.0
13198,13796,1,5,60.0
13198,13796,2,5,20.0
13198,13796,3,4,0.0
13198,13796,4,4,75.0
13198,13796,5,4,50.0
13198,13796,6,4,25.0
13198,13796,7,8,25.0
13198,13930,1,56,21.428571428571427
13198,13930,2,46,4.3478260869565215
13198,13930,3,36,19.444444444444446
13198,13930,4,43,20.930232558139537
13198,13930,5,41,29.268292682926827
13198,13930,6,34,27.27272727272727
13198,13930,7,45,26.666666666666668
13198,14057,1,5,40.0
13198,14057,2,5,20.0
13198,14057,3,4,25.0
13198,14057,4,4,0.0
13198,14057,5,4,0.0
13198,14057,6,8,12.5
13198,14057,7,8,25.0
13198,14100,1,15,20.0
13198,14100,2,11,9.090909090909092
13198,14100,3,8,25.0
13198,14100,4,11,9.090909090909092
13198,14100,5,11,45.45454545454545
13198,14100,6,10,20.0
13198,14100,7,12,25.0
13198,14107,1,30,10.0
13198,14107,2,26,26.923076923076923
13198,14107,3,20,0.0
13198,14107,4,24,4.166666666666666
13198,14107,5,24,31.818181818181817
13198,14107,6,15,13.333333333333334
13198,14107,7,24,29.166666666666668
13198,14193,1,5,0.0
13198,14193,4,4,0.0
13198,14193,5,4,25.0
13198,14193,6,4,25.0
13198,14193,7,4,0.0
13198,14492,7,4,25.0
13198,14635,6,4,25.0
13198,14635,7,4,0.0
13198,14679,1,5,0.0
13198,14679,2,5,40.0
13198,14679,3,4,0.0
13198,14679,4,4,25.0
13198,14679,5,4,25.0
13198,14679,6,4,0.0
13198,14679,7,4,0.0
13198,14683,1,5,0.0
13198,14683,2,5,0.0
13198,14683,3,4,0.0
13198,14683,4,4,0.0
13198,14683,5,4,0.0
13198,14683,7,4,0.0
13198,14747,1,20,15.789473684210526
13198,14747,2,15,6.666666666666667
13198,14747,3,12,0.0
13198,14747,4,16,25.0
13198,14747,5,16,13.333333333333334
13198,14747,6,16,6.25
13198,14747,7,16,37.5
13198,14771,1,5,60.0
13198,14771,2,5,20.0
13198,14771,3,4,0.0
13198,14771,4,4,0.0
13198,14771,5,4,0.0
13198,14771,6,4,25.0
13198,14771,7,4,25.0
13198,14869,1,15,6.666666666666667
13198,14869,2,14,7.142857142857142
13198,14869,3,11,0.0
13198,14869,4,11,27.27272727272727
13198,14869,5,11,18.181818181818183
13198,14869,6,11,0.0
13198,14869,7,12,0.0
13198,14893,1,5,20.0
13198,14893,2,5,0.0
13198,14893,3,4,0.0
13198,14893,4,4,0.0
13198,14893,5,4,50.0
13198,14893,7,4,50.0
13198,15016,1,15,6.666666666666667
13198,15016,2,15,6.666666666666667
13198,15016,3,12,0.0
13198,15016,4,12,16.666666666666664
13198,15016,5,12,16.666666666666664
13198,15016,6,12,0.0
13198,15016,7,12,16.666666666666664
13198,15304,1,5,20.0
13198,15304,2,5,40.0
13198,15304,3,4,0.0
13198,15304,4,4,25.0
13198,15304,5,4,25.0
13198,15304,6,8,37.5
13198,15304,7,4,50.0
13204,10135,4,4,25.0
13204,10135,7,4,25.0
13204,10158,1,11,9.090909090909092
13204,10158,2,11,0.0
13204,10158,3,9,0.0
13204,10158,4,8,25.0
13204,10158,5,8,12.5
13204,10158,6,8,12.5
13204,10158,7,8,0.0
13204,10257,1,7,14.285714285714285
13204,10257,2,7,0.0
13204,10257,3,8,0.0
13204,10257,4,8,12.5
13204,10257,5,8,0.0
13204,10257,6,12,25.0
13204,10257,7,12,25.0
13204,10397,1,99,14.14141414141414
13204,10397,2,81,8.641975308641975
13204,10397,3,70,7.142857142857142
13204,10397,4,82,23.170731707317074
13204,10397,5,79,17.72151898734177
13204,10397,6,72,18.055555555555554
13204,10397,7,81,27.160493827160494
13204,10423,1,30,26.666666666666668
13204,10423,2,25,24.0
13204,10423,3,20,15.0
13204,10423,4,24,12.5
13204,10423,5,22,13.636363636363635
13204,10423,6,16,25.0
13204,10423,7,20,5.0
13204,10431,1,5,20.0
13204,10431,5,4,50.0
13204,10529,1,16,6.25
13204,10529,2,12,8.333333333333332
13204,10529,3,8,0.0
13204,10529,4,8,0.0
13204,10529,5,12,16.666666666666664
13204,10529,6,16,12.5
13204,10529,7,16,12.5
13204,10599,1,5,40.0
13204,10599,2,5,0.0
13204,10599,3,4,0.0
13204,10599,4,4,0.0
13204,10599,5,4,0.0
13204,10599,6,8,0.0
13204,10599,7,8,0.0
13204,10693,1,50,26.0
13204,10693,2,40,15.0
13204,10693,3,32,9.375
13204,10693,4,36,16.666666666666664
13204,10693,5,40,10.0
13204,10693,6,31,12.903225806451612
13204,10693,7,36,19.444444444444446
13204,10721,1,50,28.000000000000004
13204,10721,2,47,23.404255319148938
13204,10721,3,36,30.555555555555557
13204,10721,4,40,53.84615384615385
13204,10721,5,39,41.02564102564102
13204,10721,6,32,9.67741935483871
13204,10721,7,44,36.36363636363637
13204,10732,1,7,14.285714285714285
13204,10732,2,6,16.666666666666664
13204,10732,3,8,0.0
13204,10732,4,8,25.0
13204,10732,5,8,12.5
13204,10732,6,12,8.333333333333332
13204,10732,7,8,37.5
13204,10792,1,20,25.0
13204,10792,2,16,6.25
13204,10792,3,13,7.6923076923076925
13204,10792,4,16,25.0
13204,10792,5,16,18.75
13204,10792,6,20,15.0
13204,10792,7,17,29.411764705882355
13204,10821,1,62,6.557377049180328
13204,10821,2,46,6.521739130434782
13204,10821,3,40,2.5
13204,10821,4,52,9.615384615384617
13204,10821,5,48,6.25
13204,10821,6,48,17.391304347826086
13204,10821,7,50,18.0
13204,10868,4,4,0.0
13204,10868,7,4,25.0
13204,10980,1,5,0.0
13204,10980,5,4,25.0
13204,10980,6,4,0.0
13204,11042,1,20,10.0
13204,11042,2,10,0.0
13204,11042,3,11,0.0
13204,11042,4,16,18.75
13204,11042,5,16,0.0
13204,11042,6,16,12.5
13204,11042,7,20,20.0
13204,11057,1,63,14.285714285714285
13204,11057,2,44,11.363636363636363
13204,11057,3,32,6.25
13204,11057,4,54,16.666666666666664
13204,11057,5,48,12.76595744680851
13204,11057,6,40,15.0
13204,11057,7,56,10.714285714285714
13204,11066,1,30,40.0
13204,11066,2,20,10.0
13204,11066,3,16,12.5
13204,11066,4,24,20.833333333333336
13204,11066,5,27,25.925925925925924
13204,11066,6,26,15.384615384615385
13204,11066,7,25,24.0
13204,11193,1,20,10.0
13204,11193,2,15,13.333333333333334
13204,11193,3,11,9.090909090909092
13204,11193,4,15,33.33333333333333
13204,11193,5,15,6.666666666666667
13204,11193,6,15,20.0
13204,11193,7,15,6.666666666666667
13204,11259,1,25,20.0
13204,11259,2,25,12.0
13204,11259,3,20,10.0
13204,11259,4,20,20.0
13204,11259,5,20,15.0
13204,11259,6,20,10.0
13204,11259,7,24,16.666666666666664
13204,11278,1,61,24.59016393442623
13204,11278,2,61,6.557377049180328
13204,11278,3,48,33.33333333333333
13204,11278,4,48,31.25
13204,11278,5,48,20.833333333333336
13204,11278,6,45,28.888888888888886
13204,11278,7,48,23.404255319148938
13204,11292,1,61,22.950819672131146
13204,11292,2,45,13.333333333333334
13204,11292,3,36,8.333333333333332
13204,11292,4,45,15.555555555555555
13204,11292,5,49,14.285714285714285
13204,11292,6,40,10.0
13204,11292,7,42,26.190476190476193
13204,11298,1,65,25.0
13204,11298,2,54,12.962962962962962
13204,11298,3,42,19.047619047619047
13204,11298,4,55,20.0
13204,11298,5,54,16.9811320754717
13204,11298,6,50,16.666666666666664
13204,11298,7,56,19.642857142857142
13204,11433,1,46,17.391304347826086
13204,11433,2,35,0.0
13204,11433,3,27,3.7037037037037033
13204,11433,4,36,11.428571428571429
13204,11433,5,36,19.444444444444446
13204,11433,6,33,3.0303030303030303
13204,11433,7,36,22.22222222222222
13204,11618,1,85,17.647058823529413
13204,11618,2,84,10.714285714285714
13204,11618,3,66,12.307692307692308
13204,11618,4,68,25.757575757575758
13204,11618,5,68,14.925373134328357
13204,11618,6,60,27.11864406779661
13204,11618,7,68,7.352941176470589
13204,11697,1,20,5.0
13204,11697,2,20,0.0
13204,11697,3,18,11.11111111111111
13204,11697,4,16,18.75
13204,11697,5,16,6.25
13204,11697,6,16,12.5
13204,11697,7,16,12.5
13204,11986,1,2,0.0
13204,11986,4,4,0.0
13204,11986,7,4,0.0
13204,12191,1,25,16.0
13204,12191,2,20,15.0
13204,12191,3,16,12.5
13204,12191,4,20,15.0
13204,12191,5,20,20.0
13204,12191,6,17,0.0
13204,12191,7,20,20.0
13204,12197,1,20,25.0
13204,12197,2,20,0.0
13204,12197,3,15,0.0
13204,12197,4,16,0.0
13204,12197,5,16,18.75
13204,12197,6,16,6.25
13204,12197,7,16,0.0
13204,12264,1,30,10.0
13204,12264,2,25,4.0
13204,12264,3,20,0.0
13204,12264,4,24,12.5
13204,12264,5,24,4.166666666666666
13204,12264,6,24,16.666666666666664
13204,12264,7,24,20.833333333333336
13204,12266,1,44,16.27906976744186
13204,12266,2,45,6.8181818181818175
13204,12266,3,36,8.333333333333332
13204,12266,4,36,11.11111111111111
13204,12266,5,36,2.7777777777777777
13204,12266,6,37,8.108108108108109
13204,12266,7,36,8.333333333333332
13204,12339,1,28,21.428571428571427
13204,12339,2,15,6.666666666666667
13204,12339,3,12,16.666666666666664
13204,12339,4,24,16.666666666666664
13204,12339,5,24,12.5
13204,12339,6,24,8.333333333333332
13204,12339,7,24,25.0
13204,12391,1,16,6.25
13204,12391,2,20,0.0
13204,12391,3,16,18.75
13204,12391,4,11,9.090909090909092
13204,12391,5,12,8.333333333333332
13204,12391,6,16,12.5
13204,12391,7,16,25.0
13204,12478,1,62,11.29032258064516
13204,12478,2,54,9.25925925925926
13204,12478,3,41,12.195121951219512
13204,12478,4,48,22.916666666666664
13204,12478,5,48,8.333333333333332
13204,12478,6,44,11.627906976744185
13204,12478,7,49,16.3265306122449
13204,12889,1,22,9.090909090909092
13204,12889,2,19,5.263157894736842
13204,12889,3,16,6.25
13204,12889,4,16,31.25
13204,12889,5,16,25.0
13204,12889,6,16,6.25
13204,12889,7,16,18.75
13204,12892,1,48,14.583333333333334
13204,12892,2,32,15.625
13204,12892,3,30,6.666666666666667
13204,12892,4,39,7.6923076923076925
13204,12892,5,39,20.51282051282051
13204,12892,6,28,17.857142857142858
13204,12892,7,39,25.64102564102564
13204,12898,1,5,20.0
13204,12898,3,1,100.0
13204,12898,5,4,0.0
13204,12898,6,4,0.0
13204,12953,1,70,7.142857142857142
13204,12953,2,62,4.838709677419355
13204,12953,3,53,15.09433962264151
13204,12953,4,52,26.923076923076923
13204,12953,5,56,5.357142857142857
13204,12953,6,49,20.833333333333336
13204,12953,7,52,19.230769230769234
13204,13198,1,20,40.0
13204,13198,2,11,9.090909090909092
13204,13198,3,12,25.0
13204,13198,4,16,18.75
13204,13198,5,16,18.75
13204,13198,6,16,25.0
13204,13198,7,16,25.0
13204,13230,1,5,20.0
13204,13230,5,4,0.0
13204,13232,1,40,22.5
13204,13232,2,30,16.666666666666664
13204,13232,3,24,4.166666666666666
13204,13232,4,28,25.0
13204,13232,5,32,15.625
13204,13232,6,27,25.925925925925924
13204,13232,7,34,11.76470588235294
13204,13244,1,14,21.428571428571427
13204,13244,2,5,20.0
13204,13244,3,4,0.0
13204,13244,4,12,25.0
13204,13244,5,12,8.333333333333332
13204,13244,6,8,12.5
13204,13244,7,12,58.333333333333336
13204,13296,1,10,0.0
13204,13296,2,10,20.0
13204,13296,3,8,0.0
13204,13296,4,8,12.5
13204,13296,5,8,0.0
13204,13296,6,12,16.666666666666664
13204,13296,7,8,12.5
13204,13303,1,60,13.559322033898304
13204,13303,2,55,14.545454545454545
13204,13303,3,43,27.906976744186046
13204,13303,4,48,12.5
13204,13303,5,48,18.75
13204,13303,6,44,9.090909090909092
13204,13303,7,48,20.833333333333336
13204,13342,1,11,45.45454545454545
13204,13342,2,11,36.36363636363637
13204,13342,3,8,12.5
13204,13342,4,12,0.0
13204,13342,5,8,12.5
13204,13342,6,12,33.33333333333333
13204,13342,7,15,20.0
13204,13487,1,20,10.0
13204,13487,2,20,10.0
13204,13487,3,16,6.25
13204,13487,4,16,12.5
13204,13487,5,16,0.0
13204,13487,6,16,6.25
13204,13487,7,16,18.75
13204,13495,1,29,17.24137931034483
13204,13495,2,20,5.0
13204,13495,3,16,6.25
13204,13495,4,20,15.0
13204,13495,5,25,8.0
13204,13495,6,16,18.75
13204,13495,7,16,18.75
13204,13577,1,5,0.0
13204,13577,2,5,0.0
13204,13577,3,4,0.0
13204,13577,4,4,25.0
13204,13577,5,4,25.0
13204,13577,7,4,25.0
13204,13851,6,4,25.0
13204,13851,7,4,25.0
13204,13871,6,4,0.0
13204,13871,7,4,0.0
13204,13930,1,81,7.4074074074074066
13204,13930,2,67,15.151515151515152
13204,13930,3,50,14.000000000000002
13204,13930,4,67,19.402985074626866
13204,13930,5,65,15.384615384615385
13204,13930,6,57,22.807017543859647
13204,13930,7,69,15.942028985507244
13204,13931,1,11,9.090909090909092
13204,13931,2,6,0.0
13204,13931,3,5,0.0
13204,13931,4,12,8.333333333333332
13204,13931,5,8,12.5
13204,13931,6,8,12.5
13204,13931,7,12,0.0
13204,13933,1,5,0.0
13204,13933,2,1,0.0
13204,13933,4,4,0.0
13204,13933,5,4,25.0
13204,13933,6,4,25.0
13204,13933,7,4,0.0
13204,14027,1,10,0.0
13204,14027,2,10,20.0
13204,14027,3,8,12.5
13204,14027,4,8,25.0
13204,14027,5,8,25.0
13204,14027,6,8,25.0
13204,14027,7,8,25.0
13204,14057,1,5,20.0
13204,14057,2,5,40.0
13204,14057,3,4,0.0
13204,14057,4,4,25.0
13204,14057,5,4,0.0
13204,14057,6,4,25.0
13204,14057,7,4,25.0
13204,14100,1,73,21.91780821917808
13204,14100,2,58,13.793103448275861
13204,14100,3,46,23.91304347826087
13204,14100,4,56,14.285714285714285
13204,14100,5,60,18.333333333333332
13204,14100,6,48,14.893617021276595
13204,14100,7,60,16.666666666666664
13204,14107,1,15,33.33333333333333
13204,14107,2,15,20.0
13204,14107,3,12,16.666666666666664
13204,14107,4,12,25.0
13204,14107,5,12,8.333333333333332
13204,14107,6,12,16.666666666666664
13204,14107,7,12,33.33333333333333
13204,14122,1,24,12.5
13204,14122,2,19,10.526315789473683
13204,14122,3,15,13.333333333333334
13204,14122,4,20,10.0
13204,14122,5,24,12.5
13204,14122,6,24,4.166666666666666
13204,14122,7,24,12.5
13204,14193,1,5,0.0
13204,14193,2,5,0.0
13204,14193,3,4,0.0
13204,14193,4,4,25.0
13204,14193,5,4,0.0
13204,14193,7,4,75.0
13204,14254,1,9,11.11111111111111
13204,14254,2,5,20.0
13204,14254,3,4,25.0
13204,14254,4,8,25.0
13204,14254,5,8,25.0
13204,14254,6,4,0.0
13204,14254,7,8,25.0
13204,14307,1,16,6.25
13204,14307,2,16,12.5
13204,14307,3,12,16.666666666666664
13204,14307,4,12,16.666666666666664
13204,14307,5,12,16.666666666666664
13204,14307,6,12,33.33333333333333
13204,14307,7,12,8.333333333333332
13204,14492,1,38,18.421052631578945
13204,14492,2,21,0.0
13204,14492,3,20,0.0
13204,14492,4,31,9.67741935483871
13204,14492,5,31,12.903225806451612
13204,14492,6,28,17.857142857142858
13204,14492,7,35,5.714285714285714
13204,14524,1,16,6.25
13204,14524,2,10,0.0
13204,14524,3,8,12.5
13204,14524,4,12,25.0
13204,14524,5,12,33.33333333333333
13204,14524,6,12,16.666666666666664
13204,14524,7,12,33.33333333333333
13204,14576,1,6,16.666666666666664
13204,14576,2,1,0.0
13204,14576,3,1,0.0
13204,14576,4,4,25.0
13204,14576,5,4,0.0
13204,14576,6,4,0.0
13204,14576,7,8,25.0
13204,14635,1,10,0.0
13204,14635,2,10,20.0
13204,14635,3,8,0.0
13204,14635,4,8,12.5
13204,14635,5,8,25.0
13204,14635,6,8,12.5
13204,14635,7,8,25.0
13204,14679,1,10,30.0
13204,14679,2,5,20.0
13204,14679,3,4,25.0
13204,14679,4,8,25.0
13204,14679,5,8,25.0
13204,14679,6,8,50.0
13204,14679,7,8,50.0
13204,14683,1,14,7.142857142857142
13204,14683,2,5,20.0
13204,14683,3,4,25.0
13204,14683,4,12,33.33333333333333
13204,14683,5,12,8.333333333333332
13204,14683,6,8,0.0
13204,14683,7,12,8.333333333333332
13204,14730,1,9,0.0
13204,14730,2,9,0.0
13204,14730,3,7,0.0
13204,14730,4,8,12.5
13204,14730,5,8,0.0
13204,14730,6,13,7.6923076923076925
13204,14730,7,8,12.5
13204,14747,1,25,12.0
13204,14747,2,20,15.0
13204,14747,3,20,15.0
13204,14747,4,20,20.0
13204,14747,5,20,5.0
13204,14747,6,20,5.0
13204,14747,7,20,5.0
13204,14771,1,15,26.666666666666668
13204,14771,2,15,6.666666666666667
13204,14771,3,12,33.33333333333333
13204,14771,4,12,16.666666666666664
13204,14771,5,12,8.333333333333332
13204,14771,6,13,15.384615384615385
13204,14771,7,15,20.0
13204,14843,1,76,13.157894736842104
13204,14843,2,66,13.636363636363635
13204,14843,3,47,6.382978723404255
13204,14843,4,60,30.0
13204,14843,5,60,16.666666666666664
13204,14843,6,56,16.071428571428573
13204,14843,7,60,25.0
13204,14869,1,23,13.043478260869565
13204,14869,2,18,5.555555555555555
13204,14869,3,14,7.142857142857142
13204,14869,4,19,5.263157894736842
13204,14869,5,19,10.526315789473683
13204,14869,6,15,0.0
13204,14869,7,19,21.052631578947366
13204,14893,6,4,0.0
13204,14893,7,4,0.0
13204,14986,1,10,10.0
13204,14986,2,10,20.0
13204,14986,3,8,12.5
13204,14986,4,8,25.0
13204,14986,5,8,25.0
13204,14986,6,8,25.0
13204,14986,7,8,12.5
13204,15016,1,30,26.666666666666668
13204,15016,2,20,5.0
13204,15016,3,16,6.25
13204,15016,4,20,15.0
13204,15016,5,24,8.333333333333332
13204,15016,6,19,0.0
13204,15016,7,27,11.11111111111111
13204,15024,1,6,16.666666666666664
13204,15024,2,1,0.0
13204,15024,3,1,0.0
13204,15024,5,4,0.0
13204,15096,1,11,9.090909090909092
13204,15096,2,7,28.57142857142857
13204,15096,3,4,25.0
13204,15096,4,4,25.0
13204,15096,5,8,25.0
13204,15096,6,4,0.0
13204,15096,7,4,0.0
13204,15356,1,6,0.0
13204,15356,2,1,0.0
13204,15356,4,4,0.0
13204,15356,5,4,0.0
13204,15356,6,4,0.0
13204,15356,7,4,0.0
13204,15412,1,5,40.0
13204,15412,5,4,25.0
13211,13930,1,10,30.0
13211,13930,2,5,0.0
13211,13930,3,8,37.5
13211,13930,4,8,25.0
13211,13930,5,8,12.5
13211,13930,6,4,50.0
13211,13930,7,8,12.5
13230,10397,1,14,0.0
13230,10397,2,14,0.0
13230,10397,3,11,9.090909090909092
13230,10397,4,11,27.27272727272727
13230,10397,5,11,9.090909090909092
13230,10397,6,8,12.5
13230,10397,7,12,0.0
13230,10693,1,1,100.0
13230,11057,1,10,10.0
13230,11057,2,10,10.0
13230,11057,3,8,12.5
13230,11057,4,8,12.5
13230,11057,5,8,0.0
13230,11057,6,8,12.5
13230,11057,7,8,12.5
13230,11298,1,5,20.0
13230,11298,2,5,0.0
13230,11298,3,4,25.0
13230,11298,4,4,0.0
13230,11298,5,4,0.0
13230,11298,6,4,0.0
13230,11298,7,4,0.0
13230,11433,5,1,0.0
13230,11433,7,1,100.0
13230,11603,7,1,0.0
13230,12451,1,1,0.0
13230,13204,1,5,40.0
13230,13204,5,4,0.0
13230,13577,4,4,25.0
13230,13577,7,4,0.0
13230,13930,1,25,16.0
13230,13930,2,20,0.0
13230,13930,3,16,18.75
13230,13930,4,19,15.789473684210526
13230,13930,5,16,12.5
13230,13930,6,13,15.384615384615385
13230,13930,7,20,30.0
13230,14082,4,4,0.0
13230,14082,7,4,0.0
13230,14100,6,1,0.0
13230,14112,1,5,0.0
13230,14112,5,4,50.0
13230,14761,1,5,100.0
13230,14761,4,4,75.0
13230,14761,5,4,75.0
13230,14761,7,4,50.0
13232,10140,1,10,20.0
13232,10140,2,10,10.0
13232,10140,3,8,12.5
13232,10140,4,8,25.0
13232,10140,5,8,0.0
13232,10140,6,4,25.0
13232,10140,7,8,25.0
13232,10257,1,15,6.666666666666667
13232,10257,2,10,20.0
13232,10257,3,8,12.5
13232,10257,4,12,8.333333333333332
13232,10257,5,12,0.0
13232,10257,6,8,25.0
13232,10257,7,12,33.33333333333333
13232,10397,1,53,15.09433962264151
13232,10397,2,48,4.166666666666666
13232,10397,3,38,5.263157894736842
13232,10397,4,43,18.6046511627907
13232,10397,5,43,18.6046511627907
13232,10397,6,28,17.857142857142858
13232,10397,7,39,7.6923076923076925
13232,10423,1,20,10.0
13232,10423,2,15,6.666666666666667
13232,10423,3,12,16.666666666666664
13232,10423,4,16,12.5
13232,10423,5,16,25.0
13232,10423,6,8,37.5
13232,10423,7,17,5.88235294117647
13232,10431,1,5,0.0
13232,10431,5,4,0.0
13232,10529,1,15,13.333333333333334
13232,10529,2,10,0.0
13232,10529,3,8,0.0
13232,10529,4,12,8.333333333333332
13232,10529,5,12,8.333333333333332
13232,10529,6,4,50.0
13232,10529,7,12,16.666666666666664
13232,10599,1,10,30.0
13232,10599,2,5,0.0
13232,10599,3,4,50.0
13232,10599,4,8,12.5
13232,10599,5,8,12.5
13232,10599,6,4,25.0
13232,10599,7,8,0.0
13232,10693,1,29,0.0
13232,10693,2,30,3.3333333333333335
13232,10693,3,24,12.5
13232,10693,4,24,8.333333333333332
13232,10693,5,24,12.5
13232,10693,6,12,16.666666666666664
13232,10693,7,16,12.5
13232,10713,1,5,20.0
13232,10713,4,4,0.0
13232,10713,5,4,25.0
13232,10713,7,4,25.0
13232,10721,1,25,44.0
13232,10721,2,15,26.666666666666668
13232,10721,3,12,50.0
13232,10721,4,20,60.0
13232,10721,5,20,55.00000000000001
13232,10721,6,16,25.0
13232,10721,7,20,45.0
13232,10792,1,15,13.333333333333334
13232,10792,2,15,6.666666666666667
13232,10792,3,12,8.333333333333332
13232,10792,4,12,33.33333333333333
13232,10792,5,12,50.0
13232,10792,6,4,25.0
13232,10792,7,12,16.666666666666664
13232,10800,1,5,20.0
13232,10800,2,5,40.0
13232,10800,3,4,50.0
13232,10800,4,4,25.0
13232,10800,5,4,0.0
13232,10800,6,4,0.0
13232,10800,7,4,25.0
13232,10821,1,35,20.0
13232,10821,2,25,8.0
13232,10821,3,20,10.0
13232,10821,4,29,27.586206896551722
13232,10821,5,28,7.142857142857142
13232,10821,6,16,25.0
13232,10821,7,27,3.7037037037037033
13232,10849,1,5,0.0
13232,10849,2,5,20.0
13232,10849,3,4,25.0
13232,10849,4,4,0.0
13232,10849,5,4,0.0
13232,10849,6,4,75.0
13232,10849,7,4,0.0
13232,10994,1,5,40.0
13232,10994,2,5,0.0
13232,10994,3,4,0.0
13232,10994,4,4,25.0
13232,10994,5,4,50.0
13232,10994,6,4,25.0
13232,10994,7,8,0.0
13232,11042,1,20,5.0
13232,11042,2,20,0.0
13232,11042,3,16,0.0
13232,11042,4,16,12.5
13232,11042,5,16,6.25
13232,11042,6,8,25.0
13232,11042,7,12,8.333333333333332
13232,11057,1,10,30.0
13232,11057,2,10,10.0
13232,11057,3,8,0.0
13232,11057,4,8,37.5
13232,11057,5,8,12.5
13232,11057,6,4,50.0
13232,11057,7,8,25.0
13232,11066,1,20,5.0
13232,11066,2,20,5.0
13232,11066,3,16,0.0
13232,11066,4,16,18.75
13232,11066,5,16,18.75
13232,11066,6,12,8.333333333333332
13232,11066,7,16,6.25
13232,11109,1,5,20.0
13232,11109,2,5,20.0
13232,11109,3,4,25.0
13232,11109,4,4,0.0
13232,11109,5,4,0.0
13232,11109,6,4,0.0
13232,11109,7,4,25.0
13232,11193,1,5,20.0
13232,11193,2,5,20.0
13232,11193,3,4,0.0
13232,11193,4,4,0.0
13232,11193,5,4,25.0
13232,11193,6,8,12.5
13232,11193,7,8,0.0
13232,11259,1,35,5.714285714285714
13232,11259,2,30,20.0
13232,11259,3,24,16.666666666666664
13232,11259,4,28,25.0
13232,11259,5,28,14.285714285714285
13232,11259,6,16,43.75
13232,11259,7,29,24.137931034482758
13232,11278,1,30,10.0
13232,11278,2,30,30.0
13232,11278,3,24,33.33333333333333
13232,11278,4,24,20.833333333333336
13232,11278,5,24,20.833333333333336
13232,11278,6,20,25.0
13232,11278,7,24,12.5
13232,11292,1,40,22.5
13232,11292,2,30,6.666666666666667
13232,11292,3,24,12.5
13232,11292,4,28,14.285714285714285
13232,11292,5,32,25.0
13232,11292,6,16,18.75
13232,11292,7,32,3.125
13232,11298,1,9,22.22222222222222
13232,11298,3,1,0.0
13232,11298,4,4,0.0
13232,11298,5,8,37.5
13232,11298,6,4,25.0
13232,11298,7,4,0.0
13232,11433,1,25,12.0
13232,11433,2,25,4.0
13232,11433,3,20,5.0
13232,11433,4,20,15.0
13232,11433,5,20,15.0
13232,11433,6,21,19.047619047619047
13232,11433,7,19,21.052631578947366
13232,11481,1,5,0.0
13232,11481,4,4,25.0
13232,11481,5,4,0.0
13232,11481,6,4,25.0
13232,11481,7,4,25.0
13232,11540,1,5,0.0
13232,11540,2,5,20.0
13232,11540,3,4,0.0
13232,11540,4,4,25.0
13232,11540,5,4,25.0
13232,11540,6,4,50.0
13232,11540,7,4,0.0
13232,11697,1,15,33.33333333333333
13232,11697,2,10,10.0
13232,11697,3,8,12.5
13232,11697,4,12,33.33333333333333
13232,11697,5,12,16.666666666666664
13232,11697,6,12,16.666666666666664
13232,11697,7,12,33.33333333333333
13232,11884,1,5,0.0
13232,11884,4,4,0.0
13232,11884,5,4,0.0
13232,11884,7,4,0.0
13232,11986,1,15,13.333333333333334
13232,11986,2,15,6.666666666666667
13232,11986,3,12,8.333333333333332
13232,11986,4,12,25.0
13232,11986,5,12,50.0
13232,11986,6,8,0.0
13232,11986,7,12,25.0
13232,12191,1,30,10.0
13232,12191,2,25,8.0
13232,12191,3,20,10.0
13232,12191,4,24,12.5
13232,12191,5,24,16.666666666666664
13232,12191,6,16,6.25
13232,12191,7,22,9.090909090909092
13232,12266,1,5,20.0
13232,12266,4,4,25.0
13232,12266,5,4,0.0
13232,12266,7,4,0.0
13232,12339,1,10,10.0
13232,12339,2,10,20.0
13232,12339,3,8,12.5
13232,12339,4,8,25.0
13232,12339,5,8,12.5
13232,12339,6,8,25.0
13232,12339,7,8,25.0
13232,12451,1,5,0.0
13232,12451,2,5,0.0
13232,12451,3,4,0.0
13232,12451,4,4,25.0
13232,12451,5,4,50.0
13232,12451,6,4,0.0
13232,12451,7,4,0.0
13232,12889,1,36,16.666666666666664
13232,12889,2,35,17.142857142857142
13232,12889,3,28,0.0
13232,12889,4,28,17.857142857142858
13232,12889,5,31,32.25806451612903
13232,12889,6,23,8.695652173913043
13232,12889,7,32,18.75
13232,12892,1,20,30.0
13232,12892,2,20,15.0
13232,12892,3,16,18.75
13232,12892,4,16,37.5
13232,12892,5,16,37.5
13232,12892,6,12,8.333333333333332
13232,12892,7,16,18.75
13232,12953,1,35,22.857142857142858
13232,12953,2,35,11.428571428571429
13232,12953,3,28,14.285714285714285
13232,12953,4,28,26.923076923076923
13232,12953,5,28,17.857142857142858
13232,12953,6,20,25.0
13232,12953,7,24,25.0
13232,12954,1,5,20.0
13232,12954,2,5,20.0
13232,12954,3,4,0.0
13232,12954,4,4,0.0
13232,12954,5,4,25.0
13232,12954,6,4,25.0
13232,12954,7,4,25.0
13232,13198,1,33,3.0303030303030303
13232,13198,2,30,6.666666666666667
13232,13198,3,24,12.5
13232,13198,4,25,32.0
13232,13198,5,25,20.0
13232,13198,6,20,25.0
13232,13198,7,20,10.0
13232,13204,1,40,10.0
13232,13204,2,30,10.0
13232,13204,3,24,8.333333333333332
13232,13204,4,28,14.285714285714285
13232,13204,5,32,18.75
13232,13204,6,27,14.814814814814813
13232,13204,7,32,15.625
13232,13244,1,10,20.0
13232,13244,2,10,10.0
13232,13244,3,8,0.0
13232,13244,4,8,12.5
13232,13244,5,8,25.0
13232,13244,6,4,25.0
13232,13244,7,8,12.5
13232,13296,1,10,20.0
13232,13296,2,10,0.0
13232,13296,3,8,0.0
13232,13296,4,8,12.5
13232,13296,5,8,25.0
13232,13296,6,4,25.0
13232,13296,7,8,12.5
13232,13303,1,5,20.0
13232,13303,4,4,25.0
13232,13303,5,4,25.0
13232,13303,6,4,25.0
13232,13303,7,8,0.0
13232,13487,1,40,22.5
13232,13487,2,40,7.5
13232,13487,3,32,15.625
13232,13487,4,32,46.875
13232,13487,5,32,18.75
13232,13487,6,24,12.5
13232,13487,7,32,12.5
13232,13495,1,15,33.33333333333333
13232,13495,2,10,0.0
13232,13495,3,8,25.0
13232,13495,4,12,33.33333333333333
13232,13495,5,12,25.0
13232,13495,6,8,0.0
13232,13495,7,16,18.75
13232,13577,1,5,20.0
13232,13577,2,5,20.0
13232,13577,3,4,0.0
13232,13577,4,4,0.0
13232,13577,5,4,25.0
13232,13577,6,4,75.0
13232,13577,7,4,25.0
13232,13796,1,5,40.0
13232,13796,2,5,0.0
13232,13796,3,4,0.0
13232,13796,4,4,50.0
13232,13796,5,4,25.0
13232,13796,6,4,25.0
13232,13796,7,8,25.0
13232,13851,1,10,20.0
13232,13851,2,5,20.0
13232,13851,3,4,50.0
13232,13851,4,8,25.0
13232,13851,5,8,12.5
13232,13851,6,4,25.0
13232,13851,7,8,12.5
13232,13871,1,20,20.0
13232,13871,2,20,15.0
13232,13871,3,16,0.0
13232,13871,4,16,0.0
13232,13871,5,16,6.25
13232,13871,6,12,25.0
13232,13871,7,19,21.052631578947366
13232,13891,1,5,40.0
13232,13891,2,5,40.0
13232,13891,3,4,0.0
13232,13891,4,4,0.0
13232,13891,5,4,50.0
13232,13891,6,4,25.0
13232,13891,7,4,0.0
13232,13931,1,10,20.0
13232,13931,2,10,10.0
13232,13931,3,8,0.0
13232,13931,4,8,50.0
13232,13931,5,8,25.0
13232,13931,6,4,25.0
13232,13931,7,8,0.0
13232,14057,1,15,26.666666666666668
13232,14057,2,15,13.333333333333334
13232,14057,3,12,0.0
13232,14057,4,12,25.0
13232,14057,5,12,33.33333333333333
13232,14057,6,8,12.5
13232,14057,7,8,0.0
13232,14100,1,30,20.0
13232,14100,2,25,8.0
13232,14100,3,20,0.0
13232,14100,4,24,25.0
13232,14100,5,24,20.833333333333336
13232,14100,6,12,16.666666666666664
13232,14100,7,24,29.166666666666668
13232,14107,1,35,14.285714285714285
13232,14107,2,30,6.666666666666667
13232,14107,3,24,4.166666666666666
13232,14107,4,32,6.25
13232,14107,5,28,15.384615384615385
13232,14107,6,24,12.5
13232,14107,7,32,6.25
13232,14122,1,20,5.0
13232,14122,2,20,5.0
13232,14122,3,16,0.0
13232,14122,4,16,25.0
13232,14122,5,16,25.0
13232,14122,6,8,12.5
13232,14122,7,16,18.75
13232,14193,6,4,25.0
13232,14307,1,15,0.0
13232,14307,2,15,0.0
13232,14307,3,12,8.333333333333332
13232,14307,4,12,0.0
13232,14307,5,12,16.666666666666664
13232,14307,6,8,12.5
13232,14307,7,12,16.666666666666664
13232,14321,1,5,0.0
13232,14321,2,5,20.0
13232,14321,3,4,0.0
13232,14321,4,4,0.0
13232,14321,5,4,0.0
13232,14321,6,4,25.0
13232,14321,7,4,0.0
13232,14492,1,15,0.0
13232,14492,2,15,20.0
13232,14492,3,12,8.333333333333332
13232,14492,4,12,0.0
13232,14492,5,12,8.333333333333332
13232,14492,6,8,12.5
13232,14492,7,16,18.75
13232,14524,1,5,0.0
13232,14524,2,5,20.0
13232,14524,3,4,0.0
13232,14524,4,4,25.0
13232,14524,5,4,25.0
13232,14524,6,4,25.0
13232,14524,7,8,0.0
13232,14570,1,5,0.0
13232,14570,4,4,0.0
13232,14570,5,4,0.0
13232,14570,6,4,25.0
13232,14570,7,4,0.0
13232,14576,1,5,40.0
13232,14576,2,5,0.0
13232,14576,3,4,25.0
13232,14576,4,4,50.0
13232,14576,5,4,0.0
13232,14576,6,4,25.0
13232,14576,7,4,0.0
13232,14635,1,15,6.666666666666667
13232,14635,2,10,20.0
13232,14635,3,8,25.0
13232,14635,4,12,0.0
13232,14635,5,12,8.333333333333332
13232,14635,6,4,50.0
13232,14635,7,8,0.0
13232,14679,1,15,33.33333333333333
13232,14679,2,15,53.333333333333336
13232,14679,3,12,25.0
13232,14679,4,12,8.333333333333332
13232,14679,5,12,8.333333333333332
13232,14679,6,8,12.5
13232,14679,7,12,16.666666666666664
13232,14683,1,10,10.0
13232,14683,2,10,20.0
13232,14683,3,8,12.5
13232,14683,4,8,12.5
13232,14683,5,8,12.5
13232,14683,6,4,25.0
13232,14683,7,8,0.0
13232,14685,1,5,0.0
13232,14685,4,4,25.0
13232,14685,5,4,0.0
13232,14685,6,8,25.0
13232,14685,7,4,50.0
13232,14730,1,15,26.666666666666668
13232,14730,2,15,6.666666666666667
13232,14730,3,12,16.666666666666664
13232,14730,4,12,8.333333333333332
13232,14730,5,12,8.333333333333332
13232,14730,6,8,12.5
13232,14730,7,12,8.333333333333332
13232,14747,1,15,20.0
13232,14747,2,15,26.666666666666668
13232,14747,3,12,0.0
13232,14747,4,12,33.33333333333333
13232,14747,5,12,33.33333333333333
13232,14747,6,8,25.0
13232,14747,7,12,8.333333333333332
13232,14771,1,5,20.0
13232,14771,2,5,40.0
13232,14771,3,4,25.0
13232,14771,4,4,0.0
13232,14771,5,4,0.0
13232,14771,6,4,25.0
13232,14771,7,4,25.0
13232,14831,1,10,40.0
13232,14831,2,10,30.0
13232,14831,3,8,0.0
13232,14831,4,8,50.0
13232,14831,5,8,12.5
13232,14831,6,4,25.0
13232,14831,7,4,50.0
13232,14869,1,10,30.0
13232,14869,2,10,20.0
13232,14869,3,8,12.5
13232,14869,4,8,25.0
13232,14869,5,8,25.0
13232,14869,6,4,50.0
13232,14869,7,8,12.5
13232,14893,1,15,33.33333333333333
13232,14893,2,15,6.666666666666667
13232,14893,3,12,0.0
13232,14893,4,12,25.0
13232,14893,5,12,16.666666666666664
13232,14893,6,8,12.5
13232,14893,7,4,50.0
13232,14986,1,5,40.0
13232,14986,2,5,0.0
13232,14986,3,4,0.0
13232,14986,4,4,25.0
13232,14986,5,4,50.0
13232,14986,6,4,25.0
13232,14986,7,4,25.0
13232,15016,1,25,0.0
13232,15016,2,30,3.3333333333333335
13232,15016,3,24,4.166666666666666
13232,15016,4,20,20.0
13232,15016,5,20,10.0
13232,15016,6,12,8.333333333333332
13232,15016,7,20,10.0
13232,15304,1,20,15.0
13232,15304,2,15,6.666666666666667
13232,15304,3,12,8.333333333333332
13232,15304,4,12,16.666666666666664
13232,15304,5,16,6.25
13232,15304,6,16,25.0
13232,15304,7,20,10.0
13232,15370,1,5,0.0
13232,15370,2,5,0.0
13232,15370,3,4,25.0
13232,15370,4,4,25.0
13232,15370,5,4,25.0
13232,15370,6,4,25.0
13232,15370,7,4,25.0
13232,15376,1,5,0.0
13232,15376,4,4,0.0
13232,15376,5,4,0.0
13232,15376,6,4,25.0
13232,15376,7,4,0.0
13232,15412,1,5,40.0
13232,15412,5,4,50.0
13241,12266,1,10,0.0
13241,12266,2,5,0.0
13241,12266,3,8,12.5
13241,12266,4,8,0.0
13241,12266,5,8,12.5
13241,12266,6,4,0.0
13241,12266,7,8,25.0
13244,10397,1,46,8.695652173913043
13244,10397,2,43,2.3255813953488373
13244,10397,3,34,8.823529411764707
13244,10397,4,38,5.263157894736842
13244,10397,5,38,0.0
13244,10397,6,32,3.125
13244,10397,7,38,7.894736842105263
13244,10423,1,5,0.0
13244,10423,2,5,0.0
13244,10423,3,4,0.0
13244,10423,4,4,0.0
13244,10423,5,4,0.0
13244,10423,6,4,0.0
13244,10423,7,4,0.0
13244,10693,1,5,0.0
13244,10693,2,5,20.0
13244,10693,3,4,25.0
13244,10693,4,4,0.0
13244,10693,5,4,0.0
13244,10693,6,4,25.0
13244,10693,7,4,50.0
13244,10721,1,5,0.0
13244,10721,2,5,0.0
13244,10721,3,4,25.0
13244,10721,4,4,0.0
13244,10721,5,4,0.0
13244,10721,6,4,0.0
13244,10721,7,4,25.0
13244,10821,1,5,40.0
13244,10821,4,4,25.0
13244,10821,5,4,50.0
13244,10821,7,8,12.5
13244,11057,1,18,11.11111111111111
13244,11057,2,21,4.761904761904762
13244,11057,3,16,0.0
13244,11057,4,21,0.0
13244,11057,5,12,16.666666666666664
13244,11057,6,16,6.25
13244,11057,7,24,8.333333333333332
13244,11259,1,5,0.0
13244,11259,2,5,0.0
13244,11259,3,4,0.0
13244,11259,4,4,25.0
13244,11259,5,4,25.0
13244,11259,6,8,0.0
13244,11259,7,8,37.5
13244,11278,1,20,0.0
13244,11278,2,20,20.0
13244,11278,3,16,31.25
13244,11278,4,16,31.25
13244,11278,5,15,20.0
13244,11278,6,12,58.333333333333336
13244,11278,7,16,6.25
13244,11292,1,19,26.31578947368421
13244,11292,2,15,46.666666666666664
13244,11292,3,12,16.666666666666664
13244,11292,4,16,6.25
13244,11292,5,12,25.0
13244,11292,6,12,16.666666666666664
13244,11292,7,16,18.75
13244,11298,1,35,34.285714285714285
13244,11298,2,35,11.428571428571429
13244,11298,3,28,25.0
13244,11298,4,31,12.903225806451612
13244,11298,5,28,7.6923076923076925
13244,11298,6,28,11.11111111111111
13244,11298,7,32,9.375
13244,11433,1,18,16.666666666666664
13244,11433,2,18,0.0
13244,11433,3,14,14.285714285714285
13244,11433,4,15,0.0
13244,11433,5,15,13.333333333333334
13244,11433,6,11,0.0
13244,11433,7,14,14.285714285714285
13244,11618,1,10,20.0
13244,11618,2,10,30.0
13244,11618,3,8,25.0
13244,11618,4,8,25.0
13244,11618,5,8,25.0
13244,11618,6,4,25.0
13244,11618,7,8,12.5
13244,11697,1,5,20.0
13244,11697,4,4,25.0
13244,11697,5,4,50.0
13244,11697,7,4,0.0
13244,12191,1,15,13.333333333333334
13244,12191,2,10,0.0
13244,12191,3,8,12.5
13244,12191,4,12,16.666666666666664
13244,12191,5,12,8.333333333333332
13244,12191,6,4,0.0
13244,12191,7,8,12.5
13244,12266,1,17,5.88235294117647
13244,12266,2,19,0.0
13244,12266,3,12,8.333333333333332
13244,12266,4,11,9.090909090909092
13244,12266,5,15,6.666666666666667
13244,12266,6,15,13.333333333333334
13244,12266,7,11,0.0
13244,12889,1,16,6.25
13244,12889,2,5,0.0
13244,12889,3,4,0.0
13244,12889,4,8,12.5
13244,12889,5,12,50.0
13244,12889,6,4,50.0
13244,12889,7,8,0.0
13244,12892,1,5,0.0
13244,12892,3,4,0.0
13244,12892,4,4,25.0
13244,12892,5,4,0.0
13244,12892,7,4,25.0
13244,12953,1,15,13.333333333333334
13244,12953,2,15,0.0
13244,12953,3,12,16.666666666666664
13244,12953,4,12,33.33333333333333
13244,12953,5,12,33.33333333333333
13244,12953,6,8,0.0
13244,12953,7,12,16.666666666666664
13244,13204,1,14,14.285714285714285
13244,13204,2,5,0.0
13244,13204,3,4,0.0
13244,13204,4,12,16.666666666666664
13244,13204,5,12,16.666666666666664
13244,13204,6,8,12.5
13244,13204,7,12,16.666666666666664
13244,13232,1,10,0.0
13244,13232,2,10,10.0
13244,13232,3,8,0.0
13244,13232,4,8,12.5
13244,13232,5,8,12.5
13244,13232,6,4,25.0
13244,13232,7,8,0.0
13244,13303,1,6,16.666666666666664
13244,13303,2,6,16.666666666666664
13244,13303,3,4,0.0
13244,13303,4,4,0.0
13244,13303,5,4,0.0
13244,13303,6,4,0.0
13244,13303,7,4,0.0
13244,13487,1,15,13.333333333333334
13244,13487,2,14,21.428571428571427
13244,13487,3,10,0.0
13244,13487,4,11,18.181818181818183
13244,13487,5,11,9.090909090909092
13244,13487,6,8,0.0
13244,13487,7,12,8.333333333333332
13244,13930,1,35,11.428571428571429
13244,13930,2,30,13.333333333333334
13244,13930,3,23,17.391304347826086
13244,13930,4,26,7.6923076923076925
13244,13930,5,23,17.391304347826086
13244,13930,6,22,31.818181818181817
13244,13930,7,28,10.714285714285714
13244,14100,1,14,21.428571428571427
13244,14100,2,10,10.0
13244,14100,3,8,12.5
13244,14100,4,11,18.181818181818183
13244,14100,5,11,9.090909090909092
13244,14100,6,4,0.0
13244,14100,7,12,0.0
13244,14107,1,10,0.0
13244,14107,2,5,0.0
13244,14107,3,1,0.0
13244,14107,4,5,0.0
13244,14107,5,8,25.0
13244,14107,6,4,33.33333333333333
13244,14107,7,4,50.0
13244,14869,1,5,20.0
13244,14869,2,5,0.0
13244,14869,3,4,0.0
13244,14869,4,4,0.0
13244,14869,5,4,0.0
13244,14869,6,4,0.0
13244,14869,7,4,0.0
13244,15412,4,4,50.0
13244,15412,7,4,0.0
13256,10423,1,15,0.0
13256,10423,2,15,6.666666666666667
13256,10423,3,12,0.0
13256,10423,4,12,8.333333333333332
13256,10423,5,12,8.333333333333332
13256,10423,6,8,0.0
13256,10423,7,12,25.0
13256,11298,1,31,33.33333333333333
13256,11298,2,30,13.333333333333334
13256,11298,3,24,21.73913043478261
13256,11298,4,27,40.74074074074074
13256,11298,5,24,14.285714285714285
13256,11298,6,24,25.0
13256,11298,7,28,21.428571428571427
13256,12266,1,6,16.666666666666664
13256,12266,2,6,0.0
13256,12266,3,4,0.0
13256,12266,4,4,25.0
13256,12266,5,5,0.0
13256,12266,6,5,20.0
13256,12266,7,5,20.0
13256,12889,1,6,16.666666666666664
13256,12889,2,1,0.0
13256,12889,3,5,20.0
13256,12889,4,6,33.33333333333333
13256,12889,5,5,20.0
13256,12889,6,5,0.0
13256,12889,7,8,25.0
13264,11292,1,10,20.0
13264,11292,2,10,40.0
13264,11292,3,8,12.5
13264,11292,4,8,12.5
13264,11292,5,8,0.0
13264,11292,6,8,12.5
13264,11292,7,8,0.0
13264,12889,1,5,40.0
13264,12889,3,1,0.0
13264,12889,4,2,100.0
13264,12889,5,4,75.0
13264,12889,7,2,50.0
13264,14107,1,10,0.0
13264,14107,2,10,0.0
13264,14107,3,8,25.0
13264,14107,4,8,0.0
13264,14107,5,8,25.0
13264,14107,6,4,0.0
13264,14107,7,8,0.0
13264,14747,1,15,0.0
13264,14747,2,15,0.0
13264,14747,3,12,0.0
13264,14747,4,12,0.0
13264,14747,5,12,0.0
13264,14747,6,12,8.333333333333332
13264,14747,7,12,0.0
13264,14771,1,15,33.33333333333333
13264,14771,2,15,20.0
13264,14771,3,12,16.666666666666664
13264,14771,4,12,33.33333333333333
13264,14771,5,12,25.0
13264,14771,6,11,18.181818181818183
13264,14771,7,12,25.0
13264,14869,1,10,0.0
13264,14869,2,10,10.0
13264,14869,3,8,0.0
13264,14869,4,8,0.0
13264,14869,5,8,0.0
13264,14869,6,8,12.5
13264,14869,7,8,25.0
13277,10397,1,10,10.0
13277,10397,2,10,0.0
13277,10397,3,8,12.5
13277,10397,4,8,0.0
13277,10397,5,8,12.5
13277,10397,6,8,0.0
13277,10397,7,8,12.5
13277,11278,1,5,20.0
13277,11278,2,5,0.0
13277,11278,3,4,50.0
13277,11278,4,4,33.33333333333333
13277,11278,5,4,25.0
13277,11278,7,4,25.0
13277,11298,1,15,40.0
13277,11298,2,15,20.0
13277,11298,3,12,25.0
13277,11298,4,12,16.666666666666664
13277,11298,5,12,18.181818181818183
13277,11298,6,12,25.0
13277,11298,7,12,16.666666666666664
13282,12264,1,5,0.0
13282,12264,2,5,20.0
13282,12264,3,4,0.0
13282,12264,4,4,25.0
13282,12264,5,4,25.0
13282,12264,6,4,50.0
13282,12264,7,4,0.0
13282,13930,1,5,0.0
13282,13930,2,5,20.0
13282,13930,3,4,0.0
13282,13930,4,4,25.0
13282,13930,5,4,50.0
13282,13930,6,4,50.0
13282,13930,7,4,50.0
13290,11298,1,15,26.666666666666668
13290,11298,2,15,13.333333333333334
13290,11298,3,12,8.333333333333332
13290,11298,4,12,8.333333333333332
13290,11298,5,12,0.0
13290,11298,6,12,16.666666666666664
13290,11298,7,12,0.0
13290,13930,1,5,0.0
13290,13930,2,5,0.0
13290,13930,3,4,0.0
13290,13930,4,4,25.0
13290,13930,5,4,0.0
13290,13930,6,4,25.0
13290,13930,7,4,0.0
13296,10821,1,25,28.000000000000004
13296,10821,2,25,0.0
13296,10821,3,20,0.0
13296,10821,4,20,15.0
13296,10821,5,20,5.0
13296,10821,6,16,6.25
13296,10821,7,20,10.0
13296,11057,1,14,0.0
13296,11057,2,14,0.0
13296,11057,3,12,8.333333333333332
13296,11057,4,12,25.0
13296,11057,5,12,0.0
13296,11057,6,12,18.181818181818183
13296,11057,7,12,0.0
13296,11278,1,16,18.75
13296,11278,2,16,31.25
13296,11278,3,12,50.0
13296,11278,4,12,33.33333333333333
13296,11278,5,12,27.27272727272727
13296,11278,6,8,25.0
13296,11278,7,12,9.090909090909092
13296,12478,1,1,100.0
13296,12478,2,1,100.0
13296,12478,3,1,0.0
13296,13204,1,10,10.0
13296,13204,2,10,40.0
13296,13204,3,8,0.0
13296,13204,4,8,12.5
13296,13204,5,8,0.0
13296,13204,6,12,25.0
13296,13204,7,8,25.0
13296,13232,1,10,0.0
13296,13232,2,10,10.0
13296,13232,3,8,0.0
13296,13232,4,8,0.0
13296,13232,5,8,0.0
13296,13232,6,4,0.0
13296,13232,7,8,0.0
13296,13930,1,15,20.0
13296,13930,2,14,21.428571428571427
13296,13930,3,11,9.090909090909092
13296,13930,4,11,9.090909090909092
13296,13930,5,12,25.0
13296,13930,6,11,36.36363636363637
13296,13930,7,12,16.666666666666664
13296,15304,6,4,25.0
13303,10158,1,5,40.0
13303,10158,3,1,100.0
13303,10158,5,4,0.0
13303,10158,6,4,0.0
13303,10397,1,78,25.64102564102564
13303,10397,2,60,21.666666666666668
13303,10397,3,48,25.0
13303,10397,4,58,17.24137931034483
13303,10397,5,63,17.46031746031746
13303,10397,6,53,24.528301886792452
13303,10397,7,59,22.033898305084744
13303,10423,1,25,20.833333333333336
13303,10423,2,16,18.75
13303,10423,3,12,16.666666666666664
13303,10423,4,20,10.0
13303,10423,5,16,25.0
13303,10423,6,16,25.0
13303,10423,7,20,25.0
13303,10431,1,5,40.0
13303,10431,2,5,20.0
13303,10431,3,4,50.0
13303,10431,4,4,25.0
13303,10431,5,4,75.0
13303,10431,6,4,25.0
13303,10431,7,4,50.0
13303,10529,1,5,40.0
13303,10529,2,5,40.0
13303,10529,3,4,0.0
13303,10529,4,4,25.0
13303,10529,5,4,25.0
13303,10529,6,4,25.0
13303,10529,7,4,0.0
13303,10599,1,11,9.090909090909092
13303,10599,2,7,0.0
13303,10599,3,4,0.0
13303,10599,4,8,12.5
13303,10599,5,8,0.0
13303,10599,6,8,0.0
13303,10599,7,7,0.0
13303,10693,1,34,29.411764705882355
13303,10693,2,26,3.8461538461538463
13303,10693,3,20,15.0
13303,10693,4,28,28.57142857142857
13303,10693,5,28,14.285714285714285
13303,10693,6,24,12.5
13303,10693,7,28,25.0
13303,10721,1,38,31.57894736842105
13303,10721,2,34,32.35294117647059
13303,10721,3,28,35.714285714285715
13303,10721,4,32,56.25
13303,10721,5,28,46.42857142857143
13303,10721,6,32,9.375
13303,10721,7,32,31.25
13303,10821,1,30,20.0
13303,10821,2,21,19.047619047619047
13303,10821,3,16,12.5
13303,10821,4,20,20.0
13303,10821,5,24,16.666666666666664
13303,10821,6,24,16.666666666666664
13303,10821,7,20,15.0
13303,10994,1,11,20.0
13303,10994,2,11,36.36363636363637
13303,10994,3,8,0.0
13303,10994,4,8,25.0
13303,10994,5,8,0.0
13303,10994,6,8,0.0
13303,10994,7,8,12.5
13303,11042,1,9,25.0
13303,11042,2,5,20.0
13303,11042,3,4,0.0
13303,11042,4,8,12.5
13303,11042,5,8,0.0
13303,11042,6,4,25.0
13303,11042,7,8,12.5
13303,11057,1,51,16.3265306122449
13303,11057,2,40,12.5
13303,11057,3,32,18.75
13303,11057,4,40,12.5
13303,11057,5,40,22.5
13303,11057,6,36,13.88888888888889
13303,11057,7,40,12.5
13303,11066,1,10,40.0
13303,11066,2,10,20.0
13303,11066,3,8,25.0
13303,11066,4,8,25.0
13303,11066,5,8,37.5
13303,11066,6,8,0.0
13303,11066,7,8,37.5
13303,11193,1,10,40.0
13303,11193,2,10,10.0
13303,11193,3,8,25.0
13303,11193,4,8,25.0
13303,11193,5,8,25.0
13303,11193,6,8,12.5
13303,11193,7,8,25.0
13303,11259,1,5,40.0
13303,11259,2,5,0.0
13303,11259,3,4,25.0
13303,11259,4,4,0.0
13303,11259,5,4,0.0
13303,11259,6,4,25.0
13303,11259,7,4,50.0
13303,11278,1,55,18.867924528301888
13303,11278,2,55,20.0
13303,11278,3,44,45.45454545454545
13303,11278,4,44,15.909090909090908
13303,11278,5,44,13.636363636363635
13303,11278,6,40,17.5
13303,11278,7,44,11.363636363636363
13303,11292,1,30,20.0
13303,11292,2,20,20.0
13303,11292,3,16,43.75
13303,11292,4,24,12.5
13303,11292,5,24,25.0
13303,11292,6,20,5.0
13303,11292,7,24,33.33333333333333
13303,11298,1,70,34.32835820895522
13303,11298,2,65,20.0
13303,11298,3,52,35.294117647058826
13303,11298,4,55,23.636363636363637
13303,11298,5,55,20.408163265306122
13303,11298,6,51,16.3265306122449
13303,11298,7,56,16.363636363636363
13303,11433,1,20,25.0
13303,11433,2,20,15.0
13303,11433,3,16,18.75
13303,11433,4,16,12.5
13303,11433,5,16,12.5
13303,11433,6,16,18.75
13303,11433,7,16,12.5
13303,11618,1,49,22.448979591836736
13303,11618,2,45,26.666666666666668
13303,11618,3,36,27.77777777777778
13303,11618,4,40,40.0
13303,11618,5,40,15.0
13303,11618,6,32,29.03225806451613
13303,11618,7,40,12.5
13303,11624,1,15,6.666666666666667
13303,11624,2,15,13.333333333333334
13303,11624,3,12,0.0
13303,11624,4,12,8.333333333333332
13303,11624,5,12,41.66666666666667
13303,11624,6,12,8.333333333333332
13303,11624,7,12,8.333333333333332
13303,11953,1,5,20.0
13303,11953,2,5,0.0
13303,11953,3,4,0.0
13303,11953,4,4,0.0
13303,11953,5,5,60.0
13303,11953,6,4,0.0
13303,11953,7,5,40.0
13303,11995,1,5,40.0
13303,11995,2,5,20.0
13303,11995,3,4,25.0
13303,11995,4,4,0.0
13303,11995,5,4,75.0
13303,11995,6,4,25.0
13303,11995,7,4,50.0
13303,11996,1,6,0.0
13303,11996,2,6,0.0
13303,11996,3,4,0.0
13303,11996,4,4,25.0
13303,11996,5,4,0.0
13303,11996,6,4,0.0
13303,11996,7,4,25.0
13303,12191,1,5,60.0
13303,12191,4,4,25.0
13303,12191,5,4,25.0
13303,12191,6,8,12.5
13303,12191,7,4,50.0
13303,12264,1,10,10.0
13303,12264,2,5,0.0
13303,12264,3,4,0.0
13303,12264,4,8,12.5
13303,12264,5,8,0.0
13303,12264,6,4,0.0
13303,12264,7,8,12.5
13303,12266,1,51,31.372549019607842
13303,12266,2,41,9.75609756097561
13303,12266,3,32,18.75
13303,12266,4,37,13.513513513513514
13303,12266,5,41,26.82926829268293
13303,12266,6,37,8.108108108108109
13303,12266,7,37,21.62162162162162
13303,12323,1,5,0.0
13303,12323,2,5,0.0
13303,12323,3,4,50.0
13303,12323,4,4,0.0
13303,12323,5,4,0.0
13303,12323,6,4,0.0
13303,12323,7,4,25.0
13303,12339,1,11,27.27272727272727
13303,12339,2,6,50.0
13303,12339,3,4,25.0
13303,12339,4,8,12.5
13303,12339,5,8,25.0
13303,12339,6,8,12.5
13303,12339,7,8,37.5
13303,12451,1,20,20.0
13303,12451,2,20,20.0
13303,12451,3,16,31.25
13303,12451,4,16,18.75
13303,12451,5,15,40.0
13303,12451,6,16,12.5
13303,12451,7,15,26.666666666666668
13303,12478,1,60,15.0
13303,12478,2,60,11.666666666666666
13303,12478,3,48,18.75
13303,12478,4,48,16.666666666666664
13303,12478,5,48,12.5
13303,12478,6,48,17.02127659574468
13303,12478,7,48,10.416666666666668
13303,12889,1,21,23.809523809523807
13303,12889,2,16,43.75
13303,12889,3,16,37.5
13303,12889,4,17,52.94117647058824
13303,12889,5,16,37.5
13303,12889,6,12,16.666666666666664
13303,12889,7,16,25.0
13303,12892,1,36,19.444444444444446
13303,12892,2,36,19.444444444444446
13303,12892,3,28,39.285714285714285
13303,12892,4,28,35.714285714285715
13303,12892,5,28,17.857142857142858
13303,12892,6,28,17.857142857142858
13303,12892,7,28,21.428571428571427
13303,12953,1,85,11.904761904761903
13303,12953,2,80,12.5
13303,12953,3,67,29.850746268656714
13303,12953,4,64,29.6875
13303,12953,5,68,14.705882352941178
13303,12953,6,48,18.75
13303,12953,7,64,26.5625
13303,12992,6,4,0.0
13303,13198,1,5,40.0
13303,13198,2,5,20.0
13303,13198,3,4,25.0
13303,13198,4,4,0.0
13303,13198,5,4,50.0
13303,13198,6,4,0.0
13303,13198,7,4,0.0
13303,13204,1,60,27.11864406779661
13303,13204,2,55,9.090909090909092
13303,13204,3,44,27.27272727272727
13303,13204,4,48,22.916666666666664
13303,13204,5,48,20.833333333333336
13303,13204,6,44,20.454545454545457
13303,13204,7,48,22.916666666666664
13303,13232,1,5,0.0
13303,13232,4,4,0.0
13303,13232,5,4,25.0
13303,13232,6,4,25.0
13303,13232,7,8,25.0
13303,13244,1,6,16.666666666666664
13303,13244,2,6,33.33333333333333
13303,13244,3,4,25.0
13303,13244,4,4,50.0
13303,13244,5,4,25.0
13303,13244,6,4,25.0
13303,13244,7,4,50.0
13303,13487,1,15,20.0
13303,13487,2,15,26.666666666666668
13303,13487,3,12,25.0
13303,13487,4,13,23.076923076923077
13303,13487,5,12,8.333333333333332
13303,13487,6,12,16.666666666666664
13303,13487,7,12,8.333333333333332
13303,13495,1,22,27.27272727272727
13303,13495,2,16,25.0
13303,13495,3,12,8.333333333333332
13303,13495,4,16,31.25
13303,13495,5,16,25.0
13303,13495,6,12,16.666666666666664
13303,13495,7,16,25.0
13303,13851,1,1,0.0
13303,13851,2,1,0.0
13303,13851,6,4,25.0
13303,13851,7,1,0.0
13303,13930,1,55,29.09090909090909
13303,13930,2,50,28.000000000000004
13303,13930,3,39,33.33333333333333
13303,13930,4,43,34.883720930232556
13303,13930,5,44,29.545454545454547
13303,13930,6,40,17.5
13303,13930,7,44,22.727272727272727
13303,13931,1,5,20.0
13303,13931,2,5,0.0
13303,13931,3,4,0.0
13303,13931,4,4,25.0
13303,13931,5,4,0.0
13303,13931,6,4,25.0
13303,13931,7,4,0.0
13303,14100,1,41,27.500000000000004
13303,14100,2,32,25.0
13303,14100,3,25,36.0
13303,14100,4,28,25.0
13303,14100,5,32,12.5
13303,14100,6,28,14.814814814814813
13303,14100,7,30,16.666666666666664
13303,14107,1,16,37.5
13303,14107,2,16,18.75
13303,14107,3,13,38.46153846153847
13303,14107,4,15,13.333333333333334
13303,14107,5,12,16.666666666666664
13303,14107,6,12,25.0
13303,14107,7,16,12.5
13303,14122,1,5,20.0
13303,14122,2,5,20.0
13303,14122,3,4,25.0
13303,14122,4,4,25.0
13303,14122,5,4,0.0
13303,14122,6,4,25.0
13303,14122,7,4,0.0
13303,14193,1,16,25.0
13303,14193,2,15,20.0
13303,14193,3,12,8.333333333333332
13303,14193,4,12,25.0
13303,14193,5,12,16.666666666666664
13303,14193,6,8,0.0
13303,14193,7,12,8.333333333333332
13303,14492,1,35,22.857142857142858
13303,14492,2,25,20.0
13303,14492,3,20,25.0
13303,14492,4,24,16.666666666666664
13303,14492,5,28,32.142857142857146
13303,14492,6,24,20.833333333333336
13303,14492,7,24,8.333333333333332
13303,14524,1,5,20.0
13303,14524,2,5,40.0
13303,14524,3,4,0.0
13303,14524,4,4,25.0
13303,14524,5,4,0.0
13303,14524,6,4,0.0
13303,14524,7,4,0.0
13303,14679,1,5,40.0
13303,14679,2,5,20.0
13303,14679,3,4,50.0
13303,14679,4,4,75.0
13303,14679,5,4,75.0
13303,14679,6,4,100.0
13303,14679,7,4,50.0
13303,14683,1,5,20.0
13303,14683,2,5,20.0
13303,14683,3,4,25.0
13303,14683,4,4,50.0
13303,14683,5,4,25.0
13303,14683,6,4,0.0
13303,14683,7,4,0.0
13303,14685,1,5,20.0
13303,14685,2,5,40.0
13303,14685,3,4,0.0
13303,14685,4,4,0.0
13303,14685,5,4,0.0
13303,14685,6,4,0.0
13303,14685,7,4,0.0
13303,14730,1,6,16.666666666666664
13303,14730,2,6,16.666666666666664
13303,14730,3,4,50.0
13303,14730,4,4,0.0
13303,14730,5,4,25.0
13303,14730,6,4,50.0
13303,14730,7,4,25.0
13303,14747,1,15,40.0
13303,14747,2,15,20.0
13303,14747,3,12,25.0
13303,14747,4,12,50.0
13303,14747,5,12,33.33333333333333
13303,14747,6,12,25.0
13303,14747,7,12,58.333333333333336
13303,14771,1,15,26.666666666666668
13303,14771,2,16,31.25
13303,14771,3,12,25.0
13303,14771,4,12,25.0
13303,14771,5,12,8.333333333333332
13303,14771,6,12,16.666666666666664
13303,14771,7,12,16.666666666666664
13303,14843,1,31,12.903225806451612
13303,14843,2,21,23.809523809523807
13303,14843,3,16,31.25
13303,14843,4,24,20.833333333333336
13303,14843,5,28,21.428571428571427
13303,14843,6,20,20.0
13303,14843,7,28,25.0
13303,14869,1,5,20.0
13303,14869,2,5,0.0
13303,14869,3,4,50.0
13303,14869,4,4,25.0
13303,14869,5,4,0.0
13303,14869,6,4,0.0
13303,14869,7,4,50.0
13303,15016,1,10,50.0
13303,15016,2,10,30.0
13303,15016,3,8,25.0
13303,15016,4,8,37.5
13303,15016,5,8,37.5
13303,15016,6,12,16.666666666666664
13303,15016,7,12,33.33333333333333
13303,15024,1,10,30.0
13303,15024,2,5,20.0
13303,15024,3,4,25.0
13303,15024,4,8,0.0
13303,15024,5,8,25.0
13303,15024,6,8,25.0
13303,15024,7,8,12.5
13303,15027,1,6,0.0
13303,15027,2,5,0.0
13303,15027,3,4,25.0
13303,15027,4,4,25.0
13303,15027,5,4,0.0
13303,15027,6,4,25.0
13303,15027,7,4,0.0
13303,15249,1,16,12.5
13303,15249,2,16,0.0
13303,15249,3,12,16.666666666666664
13303,15249,4,12,16.666666666666664
13303,15249,5,12,16.666666666666664
13303,15249,6,12,0.0
13303,15249,7,12,8.333333333333332
13303,15304,1,35,14.705882352941178
13303,15304,2,31,19.35483870967742
13303,15304,3,24,25.0
13303,15304,4,28,25.0
13303,15304,5,28,21.428571428571427
13303,15304,6,28,14.285714285714285
13303,15304,7,28,21.428571428571427
13303,15412,1,5,20.0
13303,15412,2,5,20.0
13303,15412,3,4,0.0
13303,15412,4,4,0.0
13303,15412,5,4,0.0
13303,15412,6,4,0.0
13303,15412,7,4,0.0
13303,15919,6,4,25.0
13342,10397,1,33,6.0606060606060606
13342,10397,2,29,0.0
13342,10397,3,23,0.0
13342,10397,4,26,3.8461538461538463
13342,10397,5,26,11.538461538461538
13342,10397,6,23,0.0
13342,10397,7,27,11.11111111111111
13342,10423,1,5,20.0
13342,10423,2,5,0.0
13342,10423,3,4,0.0
13342,10423,4,4,25.0
13342,10423,5,4,0.0
13342,10423,7,4,50.0
13342,10599,5,2,0.0
13342,10693,1,15,0.0
13342,10693,2,10,10.0
13342,10693,3,8,12.5
13342,10693,4,12,8.333333333333332
13342,10693,5,12,8.333333333333332
13342,10693,6,8,0.0
13342,10693,7,12,0.0
13342,10721,1,15,53.333333333333336
13342,10721,2,11,45.45454545454545
13342,10721,3,8,62.5
13342,10721,4,12,45.45454545454545
13342,10721,5,12,66.66666666666666
13342,10721,6,8,25.0
13342,10721,7,12,66.66666666666666
13342,10821,1,15,13.333333333333334
13342,10821,2,10,10.0
13342,10821,3,8,12.5
13342,10821,4,11,27.27272727272727
13342,10821,5,13,0.0
13342,10821,6,8,12.5
13342,10821,7,12,0.0
13342,11042,5,1,0.0
13342,11057,1,15,13.333333333333334
13342,11057,2,14,14.285714285714285
13342,11057,3,12,16.666666666666664
13342,11057,4,12,25.0
13342,11057,5,12,0.0
13342,11057,6,12,25.0
13342,11057,7,12,8.333333333333332
13342,11259,1,5,40.0
13342,11259,2,5,0.0
13342,11259,3,4,25.0
13342,11259,4,4,25.0
13342,11259,5,5,40.0
13342,11259,6,4,0.0
13342,11259,7,8,12.5
13342,11278,1,20,20.0
13342,11278,2,20,10.0
13342,11278,3,16,25.0
13342,11278,4,16,18.75
13342,11278,5,16,31.25
13342,11278,6,8,0.0
13342,11278,7,16,6.25
13342,11292,1,44,20.454545454545457
13342,11292,2,30,16.666666666666664
13342,11292,3,28,10.714285714285714
13342,11292,4,31,22.58064516129032
13342,11292,5,35,20.588235294117645
13342,11292,6,24,12.5
13342,11292,7,35,14.285714285714285
13342,11298,1,15,14.285714285714285
13342,11298,2,15,13.333333333333334
13342,11298,3,12,16.666666666666664
13342,11298,4,12,8.333333333333332
13342,11298,5,12,16.666666666666664
13342,11298,6,12,0.0
13342,11298,7,12,41.66666666666667
13342,11433,1,21,4.761904761904762
13342,11433,2,17,0.0
13342,11433,3,14,7.142857142857142
13342,11433,4,16,6.25
13342,11433,5,16,6.25
13342,11433,6,12,25.0
13342,11433,7,16,12.5
13342,11618,1,15,13.333333333333334
13342,11618,2,15,20.0
13342,11618,3,12,16.666666666666664
13342,11618,4,12,36.36363636363637
13342,11618,5,12,16.666666666666664
13342,11618,6,5,50.0
13342,11618,7,12,36.36363636363637
13342,12266,1,5,0.0
13342,12266,2,5,0.0
13342,12266,3,4,0.0
13342,12266,4,4,0.0
13342,12266,5,4,0.0
13342,12266,6,4,0.0
13342,12266,7,4,0.0
13342,12889,1,15,13.333333333333334
13342,12889,2,15,20.0
13342,12889,3,12,0.0
13342,12889,4,15,28.57142857142857
13342,12889,5,12,58.333333333333336
13342,12889,6,8,25.0
13342,12889,7,16,0.0
13342,12953,1,9,0.0
13342,12953,2,9,0.0
13342,12953,3,8,12.5
13342,12953,4,6,16.666666666666664
13342,12953,5,6,0.0
13342,12953,6,2,100.0
13342,12953,7,6,16.666666666666664
13342,13198,1,5,0.0
13342,13198,2,5,0.0
13342,13198,3,4,0.0
13342,13198,4,4,25.0
13342,13198,5,4,25.0
13342,13198,7,8,12.5
13342,13204,1,11,18.181818181818183
13342,13204,2,11,27.27272727272727
13342,13204,3,9,11.11111111111111
13342,13204,4,12,8.333333333333332
13342,13204,5,8,0.0
13342,13204,6,12,8.333333333333332
13342,13204,7,16,12.5
13342,13487,1,22,18.181818181818183
13342,13487,2,21,9.523809523809524
13342,13487,3,16,0.0
13342,13487,4,18,50.0
13342,13487,5,18,38.88888888888889
13342,13487,6,15,13.333333333333334
13342,13487,7,19,26.31578947368421
13342,13930,1,70,32.857142857142854
13342,13930,2,60,18.333333333333332
13342,13930,3,51,29.411764705882355
13342,13930,4,54,20.37037037037037
13342,13930,5,52,30.76923076923077
13342,13930,6,51,31.25
13342,13930,7,56,17.857142857142858
13342,14100,1,7,0.0
13342,14100,2,7,14.285714285714285
13342,14100,3,8,12.5
13342,14100,4,5,60.0
13342,14100,5,5,20.0
13342,14100,6,5,20.0
13342,14100,7,4,50.0
13342,14107,1,20,20.0
13342,14107,2,15,0.0
13342,14107,3,12,0.0
13342,14107,4,15,20.0
13342,14107,5,16,26.666666666666668
13342,14107,6,12,16.666666666666664
13342,14107,7,8,0.0
13342,14747,1,10,10.0
13342,14747,2,10,20.0
13342,14747,3,8,12.5
13342,14747,4,8,14.285714285714285
13342,14747,5,8,25.0
13342,14747,6,8,12.5
13342,14747,7,8,12.5
13342,14869,1,4,25.0
13342,14869,2,5,20.0
13342,14869,3,4,0.0
13342,14869,4,4,25.0
13342,14869,5,4,50.0
13342,14869,6,4,0.0
13342,14869,7,4,0.0
13342,15016,1,10,0.0
13342,15016,2,10,0.0
13342,15016,3,8,0.0
13342,15016,4,8,37.5
13342,15016,5,8,0.0
13342,15016,6,8,0.0
13342,15016,7,8,0.0
13342,15304,1,5,0.0
13342,15304,2,5,0.0
13342,15304,3,4,0.0
13342,15304,4,4,0.0
13342,15304,5,4,0.0
13342,15304,6,4,0.0
13342,15304,7,4,0.0
13360,10135,1,5,0.0
13360,10135,5,4,0.0
13360,10397,1,20,10.0
13360,10397,2,20,15.0
13360,10397,3,16,12.5
13360,10397,4,16,0.0
13360,10397,5,16,6.25
13360,10397,6,16,18.75
13360,10397,7,16,6.25
13360,11057,1,15,0.0
13360,11057,2,15,13.333333333333334
13360,11057,3,12,8.333333333333332
13360,11057,4,15,0.0
13360,11057,5,12,0.0
13360,11057,6,12,0.0
13360,11057,7,16,12.5
13360,11193,1,5,0.0
13360,11193,5,4,0.0
13367,11057,1,10,10.0
13367,11057,2,10,0.0
13367,11057,3,8,0.0
13367,11057,4,8,12.5
13367,11057,5,8,0.0
13367,11057,6,8,25.0
13367,11057,7,8,12.5
13367,11292,1,5,40.0
13367,11292,2,5,0.0
13367,11292,3,4,25.0
13367,11292,4,4,0.0
13367,11292,5,4,25.0
13367,11292,6,4,0.0
13367,11292,7,4,0.0
13367,11298,1,15,26.666666666666668
13367,11298,2,15,0.0
13367,11298,3,12,25.0
13367,11298,4,12,8.333333333333332
13367,11298,5,12,9.090909090909092
13367,11298,6,12,0.0
13367,11298,7,12,8.333333333333332
13367,12889,4,4,0.0
13367,12889,7,4,0.0
13367,13930,1,30,16.666666666666664
13367,13930,2,26,3.8461538461538463
13367,13930,3,20,10.0
13367,13930,4,24,16.666666666666664
13367,13930,5,20,5.0
13367,13930,6,20,25.0
13367,13930,7,24,33.33333333333333
13377,11298,1,15,20.0
13377,11298,2,15,6.666666666666667
13377,11298,3,12,16.666666666666664
13377,11298,4,12,8.333333333333332
13377,11298,5,12,18.181818181818183
13377,11298,6,12,16.666666666666664
13377,11298,7,12,8.333333333333332
13422,10397,1,13,7.6923076923076925
13422,10397,2,13,7.6923076923076925
13422,10397,3,10,30.0
13422,10397,4,11,18.181818181818183
13422,10397,5,11,18.181818181818183
13422,10397,6,9,11.11111111111111
13422,10397,7,11,9.090909090909092
13422,11298,1,15,20.0
13422,11298,2,15,20.0
13422,11298,3,12,16.666666666666664
13422,11298,4,12,25.0
13422,11298,5,12,27.27272727272727
13422,11298,6,12,0.0
13422,11298,7,12,25.0
13433,10466,1,5,0.0
13433,10466,5,4,0.0
13433,11292,1,23,21.73913043478261
13433,11292,2,23,26.08695652173913
13433,11292,3,20,25.0
13433,11292,4,18,11.11111111111111
13433,11292,5,18,11.11111111111111
13433,11292,6,11,0.0
13433,11292,7,18,16.666666666666664
13433,12889,1,5,20.0
13433,12889,4,4,50.0
13433,13487,1,18,22.22222222222222
13433,13487,2,18,11.11111111111111
13433,13487,3,14,14.285714285714285
13433,13487,4,15,13.333333333333334
13433,13487,5,15,20.0
13433,13487,6,11,0.0
13433,13487,7,14,14.285714285714285
13459,11433,1,5,40.0
13459,11433,2,5,20.0
13459,11433,3,4,0.0
13459,11433,4,4,25.0
13459,11433,5,4,25.0
13459,11433,6,4,25.0
13459,11433,7,4,0.0
13459,13487,1,5,20.0
13459,13487,2,5,0.0
13459,13487,3,4,0.0
13459,13487,4,4,50.0
13459,13487,5,4,50.0
13459,13487,6,4,25.0
13459,13487,7,4,25.0
13459,13930,1,11,18.181818181818183
13459,13930,2,11,9.090909090909092
13459,13930,3,8,12.5
13459,13930,4,8,25.0
13459,13930,5,8,12.5
13459,13930,6,8,25.0
13459,13930,7,8,12.5
13476,11292,1,10,10.0
13476,11292,2,10,10.0
13476,11292,3,8,0.0
13476,11292,4,8,0.0
13476,11292,5,8,25.0
13476,11292,6,8,0.0
13476,11292,7,8,12.5
13476,11298,1,5,20.0
13476,11298,2,5,20.0
13476,11298,3,4,25.0
13476,11298,4,4,0.0
13476,11298,5,4,33.33333333333333
13476,11298,6,4,0.0
13476,11298,7,4,50.0
13476,12889,1,5,0.0
13476,12889,5,4,50.0
13476,12892,1,15,6.666666666666667
13476,12892,2,14,7.142857142857142
13476,12892,3,12,16.666666666666664
13476,12892,4,12,8.333333333333332
13476,12892,5,12,0.0
13476,12892,6,11,0.0
13476,12892,7,12,25.0
13476,14107,1,16,6.25
13476,14107,2,15,13.333333333333334
13476,14107,3,12,0.0
13476,14107,4,12,25.0
13476,14107,5,12,20.0
13476,14107,6,12,16.666666666666664
13476,14107,7,12,25.0
13476,14679,1,10,30.0
13476,14679,2,10,10.0
13476,14679,3,8,0.0
13476,14679,4,8,57.14285714285714
13476,14679,5,8,12.5
13476,14679,6,8,0.0
13476,14679,7,8,25.0
13476,14771,1,10,10.0
13476,14771,2,6,16.666666666666664
13476,14771,3,8,0.0
13476,14771,4,8,0.0
13476,14771,5,8,25.0
13476,14771,6,5,40.0
13476,14771,7,8,12.5
13485,10397,1,15,0.0
13485,10397,2,14,7.142857142857142
13485,10397,3,11,0.0
13485,10397,4,11,18.181818181818183
13485,10397,5,11,9.090909090909092
13485,10397,6,8,12.5
13485,10397,7,12,8.333333333333332
13485,10599,5,2,0.0
13485,11057,1,15,0.0
13485,11057,2,14,14.285714285714285
13485,11057,3,12,8.333333333333332
13485,11057,4,12,8.333333333333332
13485,11057,5,11,0.0
13485,11057,6,12,25.0
13485,11057,7,12,0.0
13485,11278,1,15,13.333333333333334
13485,11278,2,15,6.666666666666667
13485,11278,3,12,33.33333333333333
13485,11278,4,12,25.0
13485,11278,5,12,0.0
13485,11278,6,4,0.0
13485,11278,7,12,0.0
13485,11292,1,19,21.052631578947366
13485,11292,2,10,20.0
13485,11292,3,12,8.333333333333332
13485,11292,4,16,31.25
13485,11292,5,15,26.666666666666668
13485,11292,6,8,25.0
13485,11292,7,16,6.25
13485,11298,1,15,57.14285714285714
13485,11298,2,15,40.0
13485,11298,3,12,33.33333333333333
13485,11298,4,12,50.0
13485,11298,5,12,63.63636363636363
13485,11298,6,12,33.33333333333333
13485,11298,7,12,36.36363636363637
13485,11433,1,15,13.333333333333334
13485,11433,2,14,7.142857142857142
13485,11433,3,10,20.0
13485,11433,4,13,15.384615384615385
13485,11433,5,13,7.6923076923076925
13485,11433,6,6,0.0
13485,11433,7,15,0.0
13485,11618,1,5,0.0
13485,11618,2,5,0.0
13485,11618,3,4,0.0
13485,11618,4,4,0.0
13485,11618,5,4,0.0
13485,11618,6,4,0.0
13485,11618,7,4,0.0
13485,12953,1,14,7.142857142857142
13485,12953,2,14,7.142857142857142
13485,12953,3,12,8.333333333333332
13485,12953,4,12,16.666666666666664
13485,12953,5,12,9.090909090909092
13485,12953,6,8,25.0
13485,12953,7,12,9.090909090909092
13485,13487,1,20,20.0
13485,13487,2,20,20.0
13485,13487,3,16,18.75
13485,13487,4,16,18.75
13485,13487,5,16,31.25
13485,13487,6,16,6.25
13485,13487,7,16,18.75
13485,13930,1,62,20.967741935483872
13485,13930,2,50,20.0
13485,13930,3,41,9.75609756097561
13485,13930,4,48,16.666666666666664
13485,13930,5,43,9.30232558139535
13485,13930,6,37,32.432432432432435
13485,13930,7,52,21.153846153846153
13485,14100,1,5,0.0
13485,14100,2,5,20.0
13485,14100,3,7,0.0
13485,14100,4,7,28.57142857142857
13485,14100,5,4,25.0
13485,14100,6,4,0.0
13485,14100,7,7,14.285714285714285
13485,14107,1,5,20.0
13485,14107,2,5,20.0
13485,14107,3,4,25.0
13485,14107,4,4,0.0
13485,14107,5,4,25.0
13485,14107,6,4,25.0
13485,14107,7,4,0.0
13486,10466,4,3,0.0
13486,10466,7,3,33.33333333333333
13486,11292,1,20,25.0
13486,11292,2,17,29.411764705882355
13486,11292,3,12,16.666666666666664
13486,11292,4,12,25.0
13486,11292,5,12,16.666666666666664
13486,11292,6,12,25.0
13486,11292,7,12,0.0
13486,11298,1,5,60.0
13486,11298,2,4,0.0
13486,11298,3,3,33.33333333333333
13486,11298,4,3,66.66666666666666
13486,11298,5,3,33.33333333333333
13486,11298,6,3,0.0
13486,11298,7,3,0.0
13486,12889,1,4,0.0
13486,12889,5,3,66.66666666666666
13486,12892,1,1,0.0
13486,13487,1,8,12.5
13486,13487,2,7,42.857142857142854
13486,13487,3,5,0.0
13486,13487,4,5,0.0
13486,13487,5,5,20.0
13486,13487,6,4,0.0
13486,13487,7,5,0.0
13486,13930,1,15,26.666666666666668
13486,13930,2,13,15.384615384615385
13486,13930,3,9,22.22222222222222
13486,13930,4,9,11.11111111111111
13486,13930,5,9,22.22222222222222
13486,13930,6,9,25.0
13486,13930,7,9,33.33333333333333
13486,14747,1,5,80.0
13486,14747,2,4,0.0
13486,14747,3,3,0.0
13486,14747,4,3,0.0
13486,14747,5,3,33.33333333333333
13486,14747,6,3,0.0
13486,14747,7,4,50.0
13486,14771,1,4,0.0
13486,14771,4,2,0.0
13486,14771,5,2,0.0
13486,14771,6,2,0.0
13486,14771,7,3,0.0
13486,14869,1,15,0.0
13486,14869,2,13,0.0
13486,14869,3,9,0.0
13486,14869,4,9,11.11111111111111
13486,14869,5,9,0.0
13486,14869,6,9,0.0
13486,14869,7,10,0.0
13487,10140,1,5,0.0
13487,10140,2,5,0.0
13487,10140,3,4,0.0
13487,10140,4,4,25.0
13487,10140,5,4,0.0
13487,10140,6,4,25.0
13487,10140,7,4,0.0
13487,10141,1,10,0.0
13487,10141,2,10,0.0
13487,10141,3,8,0.0
13487,10141,4,8,0.0
13487,10141,5,8,25.0
13487,10141,6,8,0.0
13487,10141,7,8,12.5
13487,10299,1,11,18.181818181818183
13487,10299,2,11,9.090909090909092
13487,10299,3,9,11.11111111111111
13487,10299,4,9,22.22222222222222
13487,10299,5,9,11.11111111111111
13487,10299,6,10,10.0
13487,10299,7,9,22.22222222222222
13487,10397,1,55,10.909090909090908
13487,10397,2,45,11.11111111111111
13487,10397,3,36,5.555555555555555
13487,10397,4,44,22.727272727272727
13487,10397,5,39,2.564102564102564
13487,10397,6,36,2.7777777777777777
13487,10397,7,46,13.043478260869565
13487,10408,1,15,13.333333333333334
13487,10408,2,15,13.333333333333334
13487,10408,3,12,8.333333333333332
13487,10408,4,12,33.33333333333333
13487,10408,5,12,8.333333333333332
13487,10408,6,12,8.333333333333332
13487,10408,7,12,16.666666666666664
13487,10409,1,5,0.0
13487,10409,2,5,0.0
13487,10409,3,4,0.0
13487,10409,4,4,0.0
13487,10409,5,4,0.0
13487,10409,6,4,0.0
13487,10409,7,4,0.0
13487,10423,1,23,8.695652173913043
13487,10423,2,23,8.695652173913043
13487,10423,3,18,5.555555555555555
13487,10423,4,19,21.052631578947366
13487,10423,5,19,21.052631578947366
13487,10423,6,12,16.666666666666664
13487,10423,7,19,15.789473684210526
13487,10529,1,13,23.076923076923077
13487,10529,2,13,7.6923076923076925
13487,10529,3,10,20.0
13487,10529,4,11,27.27272727272727
13487,10529,5,11,18.181818181818183
13487,10529,6,8,12.5
13487,10529,7,11,27.27272727272727
13487,10620,1,5,20.0
13487,10620,2,5,0.0
13487,10620,3,4,25.0
13487,10620,4,4,25.0
13487,10620,5,4,0.0
13487,10620,6,4,0.0
13487,10620,7,4,25.0
13487,10627,1,22,9.090909090909092
13487,10627,2,22,9.090909090909092
13487,10627,3,17,5.88235294117647
13487,10627,4,17,17.647058823529413
13487,10627,5,17,11.76470588235294
13487,10627,6,12,16.666666666666664
13487,10627,7,17,11.76470588235294
13487,10631,1,10,10.0
13487,10631,2,10,0.0
13487,10631,3,8,0.0
13487,10631,4,8,12.5
13487,10631,5,8,0.0
13487,10631,6,8,25.0
13487,10631,7,8,12.5
13487,10693,1,23,4.3478260869565215
13487,10693,2,23,4.3478260869565215
13487,10693,3,18,0.0
13487,10693,4,19,15.789473684210526
13487,10693,5,19,10.526315789473683
13487,10693,6,16,12.5
13487,10693,7,23,17.391304347826086
13487,10713,1,10,10.0
13487,10713,2,10,0.0
13487,10713,3,8,0.0
13487,10713,4,8,25.0
13487,10713,5,8,12.5
13487,10713,6,8,0.0
13487,10713,7,8,37.5
13487,10721,1,30,16.666666666666664
13487,10721,2,30,20.0
13487,10721,3,25,40.0
13487,10721,4,24,58.333333333333336
13487,10721,5,24,37.5
13487,10721,6,20,5.0
13487,10721,7,24,29.166666666666668
13487,10739,1,10,10.0
13487,10739,2,7,14.285714285714285
13487,10739,3,4,0.0
13487,10739,4,8,37.5
13487,10739,5,8,12.5
13487,10739,6,8,0.0
13487,10739,7,8,12.5
13487,10792,1,1,100.0
13487,10792,2,1,0.0
13487,10792,3,1,0.0
13487,10792,4,1,0.0
13487,10792,5,1,0.0
13487,10792,6,1,0.0
13487,10792,7,1,0.0
13487,10821,1,23,8.695652173913043
13487,10821,2,23,4.3478260869565215
13487,10821,3,18,27.77777777777778
13487,10821,4,19,31.57894736842105
13487,10821,5,19,5.263157894736842
13487,10821,6,12,8.333333333333332
13487,10821,7,15,13.333333333333334
13487,10849,1,11,0.0
13487,10849,2,11,9.090909090909092
13487,10849,3,9,0.0
13487,10849,4,9,11.11111111111111
13487,10849,5,9,22.22222222222222
13487,10849,6,9,0.0
13487,10849,7,9,33.33333333333333
13487,10994,1,5,40.0
13487,10994,2,5,0.0
13487,10994,3,4,25.0
13487,10994,4,4,0.0
13487,10994,5,4,25.0
13487,10994,6,5,20.0
13487,10994,7,4,0.0
13487,11003,1,9,22.22222222222222
13487,11003,2,9,11.11111111111111
13487,11003,3,7,0.0
13487,11003,4,9,33.33333333333333
13487,11003,5,9,33.33333333333333
13487,11003,6,6,16.666666666666664
13487,11003,7,9,22.22222222222222
13487,11013,1,5,20.0
13487,11013,2,5,40.0
13487,11013,3,4,0.0
13487,11013,4,4,50.0
13487,11013,5,4,25.0
13487,11013,6,4,0.0
13487,11013,7,4,0.0
13487,11042,1,15,6.666666666666667
13487,11042,2,15,0.0
13487,11042,3,11,0.0
13487,11042,4,12,8.333333333333332
13487,11042,5,12,16.666666666666664
13487,11042,6,9,0.0
13487,11042,7,12,16.666666666666664
13487,11057,1,34,5.88235294117647
13487,11057,2,33,0.0
13487,11057,3,26,11.538461538461538
13487,11057,4,30,20.0
13487,11057,5,27,11.11111111111111
13487,11057,6,24,8.333333333333332
13487,11057,7,31,19.35483870967742
13487,11066,1,16,12.5
13487,11066,2,16,6.25
13487,11066,3,12,16.666666666666664
13487,11066,4,14,42.857142857142854
13487,11066,5,14,28.57142857142857
13487,11066,6,11,0.0
13487,11066,7,14,21.428571428571427
13487,11109,1,1,0.0
13487,11109,2,1,100.0
13487,11109,3,1,0.0
13487,11109,4,1,0.0
13487,11109,5,1,0.0
13487,11109,6,1,0.0
13487,11109,7,1,0.0
13487,11193,1,18,5.555555555555555
13487,11193,2,18,11.11111111111111
13487,11193,3,14,7.142857142857142
13487,11193,4,15,13.333333333333334
13487,11193,5,15,13.333333333333334
13487,11193,6,12,8.333333333333332
13487,11193,7,15,20.0
13487,11259,6,4,25.0
13487,11259,7,4,25.0
13487,11278,1,39,5.128205128205128
13487,11278,2,34,11.76470588235294
13487,11278,3,31,35.483870967741936
13487,11278,4,32,15.625
13487,11278,5,32,21.875
13487,11278,6,20,10.0
13487,11278,7,28,14.285714285714285
13487,11292,1,95,16.842105263157894
13487,11292,2,80,26.25
13487,11292,3,68,7.352941176470589
13487,11292,4,76,21.052631578947366
13487,11292,5,76,21.052631578947366
13487,11292,6,56,8.928571428571429
13487,11292,7,76,21.333333333333336
13487,11298,1,46,15.217391304347828
13487,11298,2,40,10.0
13487,11298,3,32,22.58064516129032
13487,11298,4,36,25.0
13487,11298,5,36,29.411764705882355
13487,11298,6,30,10.0
13487,11298,7,36,19.444444444444446
13487,11337,1,16,6.25
13487,11337,2,16,18.75
13487,11337,3,13,0.0
13487,11337,4,14,42.857142857142854
13487,11337,5,14,14.285714285714285
13487,11337,6,11,0.0
13487,11337,7,14,7.142857142857142
13487,11423,1,2,0.0
13487,11423,2,2,50.0
13487,11423,3,2,0.0
13487,11423,4,1,0.0
13487,11423,5,1,0.0
13487,11423,6,5,0.0
13487,11423,7,1,100.0
13487,11433,1,26,19.230769230769234
13487,11433,2,26,7.6923076923076925
13487,11433,3,21,9.523809523809524
13487,11433,4,21,14.285714285714285
13487,11433,5,20,25.0
13487,11433,6,20,10.0
13487,11433,7,20,20.0
13487,11587,1,5,0.0
13487,11587,2,2,0.0
13487,11587,3,4,0.0
13487,11587,4,4,0.0
13487,11587,5,4,50.0
13487,11587,7,4,0.0
13487,11618,1,35,17.142857142857142
13487,11618,2,35,14.285714285714285
13487,11618,3,28,14.285714285714285
13487,11618,4,28,39.285714285714285
13487,11618,5,28,21.428571428571427
13487,11618,6,21,23.809523809523807
13487,11618,7,28,17.857142857142858
13487,11630,1,1,0.0
13487,11630,2,1,100.0
13487,11630,3,1,0.0
13487,11630,4,1,0.0
13487,11630,5,1,0.0
13487,11630,6,1,0.0
13487,11630,7,1,0.0
13487,11637,1,22,4.545454545454546
13487,11637,2,22,9.090909090909092
13487,11637,3,18,5.555555555555555
13487,11637,4,17,11.76470588235294
13487,11637,5,18,5.555555555555555
13487,11637,6,17,11.76470588235294
13487,11637,7,17,0.0
13487,11648,1,8,25.0
13487,11648,2,8,0.0
13487,11648,3,7,0.0
13487,11648,4,7,0.0
13487,11648,5,6,16.666666666666664
13487,11648,6,6,16.666666666666664
13487,11648,7,6,33.33333333333333
13487,11697,1,5,0.0
13487,11697,2,5,0.0
13487,11697,3,4,25.0
13487,11697,4,4,0.0
13487,11697,5,4,0.0
13487,11697,6,4,0.0
13487,11697,7,4,0.0
13487,11775,1,11,9.090909090909092
13487,11775,2,11,9.090909090909092
13487,11775,3,8,12.5
13487,11775,4,10,30.0
13487,11775,5,10,20.0
13487,11775,6,10,10.0
13487,11775,7,10,20.0
13487,11823,1,5,0.0
13487,11823,2,5,0.0
13487,11823,3,4,0.0
13487,11823,4,4,25.0
13487,11823,5,4,0.0
13487,11823,6,4,0.0
13487,11823,7,4,25.0
13487,11884,1,10,0.0
13487,11884,2,10,0.0
13487,11884,3,8,12.5
13487,11884,4,8,12.5
13487,11884,5,8,25.0
13487,11884,6,8,0.0
13487,11884,7,8,0.0
13487,11898,1,15,13.333333333333334
13487,11898,2,15,26.666666666666668
13487,11898,3,12,16.666666666666664
13487,11898,4,12,50.0
13487,11898,5,12,33.33333333333333
13487,11898,6,12,0.0
13487,11898,7,12,25.0
13487,11977,1,7,14.285714285714285
13487,11977,2,7,28.57142857142857
13487,11977,3,5,20.0
13487,11977,4,5,40.0
13487,11977,5,5,20.0
13487,11977,6,5,0.0
13487,11977,7,5,20.0
13487,11986,1,18,5.555555555555555
13487,11986,2,18,16.666666666666664
13487,11986,3,14,14.285714285714285
13487,11986,4,15,40.0
13487,11986,5,15,13.333333333333334
13487,11986,6,12,8.333333333333332
13487,11986,7,15,20.0
13487,12003,1,1,0.0
13487,12003,2,1,0.0
13487,12003,3,1,0.0
13487,12003,4,1,0.0
13487,12003,5,1,0.0
13487,12003,6,1,0.0
13487,12129,1,9,22.22222222222222
13487,12129,2,6,33.33333333333333
13487,12129,3,4,25.0
13487,12129,4,8,12.5
13487,12129,5,8,12.5
13487,12129,6,8,12.5
13487,12129,7,8,12.5
13487,12173,1,5,40.0
13487,12173,2,5,0.0
13487,12173,3,4,0.0
13487,12173,4,4,0.0
13487,12173,5,4,0.0
13487,12173,6,4,0.0
13487,12173,7,4,0.0
13487,12264,1,7,0.0
13487,12264,2,7,14.285714285714285
13487,12264,3,5,0.0
13487,12264,4,5,20.0
13487,12264,5,5,0.0
13487,12264,6,5,0.0
13487,12264,7,5,0.0
13487,12266,1,23,4.3478260869565215
13487,12266,2,23,0.0
13487,12266,3,18,5.555555555555555
13487,12266,4,19,21.052631578947366
13487,12266,5,19,10.526315789473683
13487,12266,6,16,18.75
13487,12266,7,19,15.789473684210526
13487,12278,1,10,0.0
13487,12278,2,10,20.0
13487,12278,3,8,25.0
13487,12278,4,8,25.0
13487,12278,5,8,12.5
13487,12278,6,4,0.0
13487,12278,7,8,0.0
13487,12323,1,1,0.0
13487,12323,6,1,0.0
13487,12323,7,1,100.0
13487,12335,1,5,20.0
13487,12335,2,5,20.0
13487,12335,3,4,25.0
13487,12335,4,4,25.0
13487,12335,5,4,25.0
13487,12335,6,4,0.0
13487,12335,7,4,0.0
13487,12339,1,18,11.11111111111111
13487,12339,2,18,5.555555555555555
13487,12339,3,14,7.142857142857142
13487,12339,4,15,6.666666666666667
13487,12339,5,15,6.666666666666667
13487,12339,6,12,8.333333333333332
13487,12339,7,15,6.666666666666667
13487,12343,1,10,0.0
13487,12343,2,7,28.57142857142857
13487,12343,3,6,0.0
13487,12343,4,8,0.0
13487,12343,5,8,12.5
13487,12343,6,9,0.0
13487,12343,7,8,25.0
13487,12441,6,1,0.0
13487,12451,1,5,0.0
13487,12451,2,5,40.0
13487,12451,3,4,0.0
13487,12451,4,4,0.0
13487,12451,5,4,0.0
13487,12451,6,4,0.0
13487,12451,7,4,0.0
13487,12478,1,15,0.0
13487,12478,2,15,0.0
13487,12478,3,12,8.333333333333332
13487,12478,4,12,33.33333333333333
13487,12478,5,12,8.333333333333332
13487,12478,6,12,8.333333333333332
13487,12478,7,12,8.333333333333332
13487,12889,1,33,3.0303030303030303
13487,12889,2,25,4.0
13487,12889,3,20,10.0
13487,12889,4,27,3.7037037037037033
13487,12889,5,27,7.4074074074074066
13487,12889,6,24,0.0
13487,12889,7,27,18.51851851851852
13487,12892,1,30,6.666666666666667
13487,12892,2,30,6.666666666666667
13487,12892,3,24,4.166666666666666
13487,12892,4,24,8.333333333333332
13487,12892,5,24,8.333333333333332
13487,12892,6,24,4.166666666666666
13487,12892,7,24,12.5
13487,12953,1,27,11.11111111111111
13487,12953,2,27,11.11111111111111
13487,12953,3,20,10.0
13487,12953,4,20,30.0
13487,12953,5,20,15.0
13487,12953,6,16,6.25
13487,12953,7,20,30.0
13487,13198,1,13,7.6923076923076925
13487,13198,2,13,0.0
13487,13198,3,10,20.0
13487,13198,4,11,27.27272727272727
13487,13198,5,11,18.181818181818183
13487,13198,6,12,8.333333333333332
13487,13198,7,12,16.666666666666664
13487,13204,1,20,15.0
13487,13204,2,20,10.0
13487,13204,3,16,12.5
13487,13204,4,16,18.75
13487,13204,5,16,12.5
13487,13204,6,16,12.5
13487,13204,7,16,31.25
13487,13232,1,40,15.0
13487,13232,2,40,12.5
13487,13232,3,32,9.375
13487,13232,4,32,31.25
13487,13232,5,32,29.03225806451613
13487,13232,6,24,16.666666666666664
13487,13232,7,32,9.375
13487,13244,1,15,20.0
13487,13244,2,14,42.857142857142854
13487,13244,3,10,10.0
13487,13244,4,11,36.36363636363637
13487,13244,5,11,9.090909090909092
13487,13244,6,8,0.0
13487,13244,7,12,8.333333333333332
13487,13303,1,15,6.666666666666667
13487,13303,2,15,13.333333333333334
13487,13303,3,12,16.666666666666664
13487,13303,4,12,16.666666666666664
13487,13303,5,12,0.0
13487,13303,6,12,0.0
13487,13303,7,12,8.333333333333332
13487,13342,1,22,4.545454545454546
13487,13342,2,21,4.761904761904762
13487,13342,3,16,12.5
13487,13342,4,18,16.666666666666664
13487,13342,5,19,26.31578947368421
13487,13342,6,15,6.666666666666667
13487,13342,7,18,27.77777777777778
13487,13433,1,18,22.22222222222222
13487,13433,2,18,5.555555555555555
13487,13433,3,15,13.333333333333334
13487,13433,4,15,6.666666666666667
13487,13433,5,15,13.333333333333334
13487,13433,6,10,0.0
13487,13433,7,15,20.0
13487,13459,1,5,40.0
13487,13459,2,5,40.0
13487,13459,3,4,0.0
13487,13459,4,4,25.0
13487,13459,5,4,25.0
13487,13459,6,4,25.0
13487,13459,7,4,0.0
13487,13485,1,20,10.0
13487,13485,2,20,10.0
13487,13485,3,16,12.5
13487,13485,4,16,6.25
13487,13485,5,16,12.5
13487,13485,6,16,12.5
13487,13485,7,16,12.5
13487,13486,1,8,0.0
13487,13486,2,6,0.0
13487,13486,3,5,0.0
13487,13486,4,5,0.0
13487,13486,5,5,20.0
13487,13486,6,4,0.0
13487,13486,7,6,16.666666666666664
13487,13495,1,5,0.0
13487,13495,2,5,0.0
13487,13495,3,4,50.0
13487,13495,4,4,25.0
13487,13495,5,4,25.0
13487,13495,6,4,0.0
13487,13495,7,4,0.0
13487,13851,1,5,40.0
13487,13851,2,5,40.0
13487,13851,3,4,25.0
13487,13851,4,4,75.0
13487,13851,5,4,50.0
13487,13851,6,4,0.0
13487,13851,7,4,25.0
13487,13871,1,15,26.666666666666668
13487,13871,2,15,13.333333333333334
13487,13871,3,12,8.333333333333332
13487,13871,4,12,41.66666666666667
13487,13871,5,12,16.666666666666664
13487,13871,6,15,20.0
13487,13871,7,12,16.666666666666664
13487,13930,1,98,21.649484536082475
13487,13930,2,85,17.647058823529413
13487,13930,3,66,21.21212121212121
13487,13930,4,76,22.36842105263158
13487,13930,5,71,39.436619718309856
13487,13930,6,61,32.78688524590164
13487,13930,7,79,34.177215189873415
13487,14057,1,20,0.0
13487,14057,2,19,0.0
13487,14057,3,18,0.0
13487,14057,4,18,16.666666666666664
13487,14057,5,18,0.0
13487,14057,6,15,0.0
13487,14057,7,19,15.789473684210526
13487,14100,1,28,21.428571428571427
13487,14100,2,28,3.571428571428571
13487,14100,3,21,14.285714285714285
13487,14100,4,23,26.08695652173913
13487,14100,5,23,8.695652173913043
13487,14100,6,16,12.5
13487,14100,7,23,30.434782608695656
13487,14107,1,40,5.0
13487,14107,2,40,15.0
13487,14107,3,29,10.344827586206897
13487,14107,4,29,17.24137931034483
13487,14107,5,32,21.875
13487,14107,6,33,3.125
13487,14107,7,28,14.285714285714285
13487,14122,1,13,7.6923076923076925
13487,14122,2,13,0.0
13487,14122,3,10,10.0
13487,14122,4,11,9.090909090909092
13487,14122,5,11,27.27272727272727
13487,14122,6,5,0.0
13487,14122,7,11,18.181818181818183
13487,14252,1,5,20.0
13487,14252,2,5,20.0
13487,14252,3,4,25.0
13487,14252,4,4,25.0
13487,14252,5,4,0.0
13487,14252,6,4,0.0
13487,14252,7,4,25.0
13487,14307,1,1,0.0
13487,14307,2,1,100.0
13487,14307,3,1,0.0
13487,14307,4,1,0.0
13487,14307,5,1,0.0
13487,14307,6,1,0.0
13487,14307,7,1,0.0
13487,14321,1,5,0.0
13487,14321,2,5,0.0
13487,14321,3,4,0.0
13487,14321,4,4,0.0
13487,14321,5,4,0.0
13487,14321,6,4,0.0
13487,14321,7,4,0.0
13487,14457,1,3,0.0
13487,14457,2,3,0.0
13487,14457,3,2,0.0
13487,14457,4,3,0.0
13487,14457,5,3,0.0
13487,14457,6,1,0.0
13487,14457,7,3,0.0
13487,14492,1,18,5.555555555555555
13487,14492,2,18,0.0
13487,14492,3,14,0.0
13487,14492,4,15,20.0
13487,14492,5,15,13.333333333333334
13487,14492,6,12,0.0
13487,14492,7,15,46.666666666666664
13487,14520,1,10,10.0
13487,14520,2,10,10.0
13487,14520,3,8,0.0
13487,14520,4,8,0.0
13487,14520,5,8,0.0
13487,14520,6,8,0.0
13487,14520,7,8,12.5
13487,14524,1,4,0.0
13487,14524,2,4,25.0
13487,14524,3,3,33.33333333333333
13487,14524,4,3,100.0
13487,14524,5,3,33.33333333333333
13487,14524,6,1,0.0
13487,14524,7,3,66.66666666666666
13487,14570,1,1,0.0
13487,14570,2,1,0.0
13487,14570,3,1,0.0
13487,14570,4,1,100.0
13487,14570,5,1,0.0
13487,14570,6,1,0.0
13487,14570,7,1,0.0
13487,14633,1,8,0.0
13487,14633,2,8,0.0
13487,14633,3,7,0.0
13487,14633,4,7,14.285714285714285
13487,14633,5,7,0.0
13487,14633,6,4,0.0
13487,14633,7,8,0.0
13487,14635,1,10,0.0
13487,14635,2,5,20.0
13487,14635,3,8,37.5
13487,14635,4,8,12.5
13487,14635,5,8,12.5
13487,14635,6,8,12.5
13487,14635,7,8,25.0
13487,14679,1,18,22.22222222222222
13487,14679,2,18,0.0
13487,14679,3,14,7.6923076923076925
13487,14679,4,15,46.666666666666664
13487,14679,5,15,33.33333333333333
13487,14679,6,12,16.666666666666664
13487,14679,7,15,13.333333333333334
13487,14683,1,13,30.76923076923077
13487,14683,2,13,23.076923076923077
13487,14683,3,10,10.0
13487,14683,4,11,45.45454545454545
13487,14683,5,11,54.54545454545454
13487,14683,6,8,12.5
13487,14683,7,11,18.181818181818183
13487,14685,1,5,0.0
13487,14685,2,5,0.0
13487,14685,3,4,0.0
13487,14685,4,4,0.0
13487,14685,5,4,25.0
13487,14685,6,4,0.0
13487,14685,7,4,25.0
13487,14696,1,5,0.0
13487,14696,2,5,20.0
13487,14696,3,4,0.0
13487,14696,4,4,50.0
13487,14696,5,4,0.0
13487,14696,6,4,25.0
13487,14696,7,4,25.0
13487,14730,1,12,16.666666666666664
13487,14730,2,10,0.0
13487,14730,3,8,0.0
13487,14730,4,8,12.5
13487,14730,5,8,25.0
13487,14730,6,8,0.0
13487,14730,7,9,11.11111111111111
13487,14747,1,46,4.3478260869565215
13487,14747,2,45,6.666666666666667
13487,14747,3,36,5.714285714285714
13487,14747,4,36,11.11111111111111
13487,14747,5,36,8.333333333333332
13487,14747,6,29,7.142857142857142
13487,14747,7,36,13.88888888888889
13487,14771,1,28,10.714285714285714
13487,14771,2,24,0.0
13487,14771,3,19,0.0
13487,14771,4,22,9.090909090909092
13487,14771,5,22,13.636363636363635
13487,14771,6,19,0.0
13487,14771,7,23,39.130434782608695
13487,14831,1,10,20.0
13487,14831,2,9,11.11111111111111
13487,14831,3,7,14.285714285714285
13487,14831,4,7,42.857142857142854
13487,14831,5,7,28.57142857142857
13487,14831,6,4,0.0
13487,14831,7,8,37.5
13487,14869,1,20,5.0
13487,14869,2,20,0.0
13487,14869,3,16,6.25
13487,14869,4,16,18.75
13487,14869,5,16,37.5
13487,14869,6,16,18.75
13487,14869,7,16,0.0
13487,14893,1,10,10.0
13487,14893,2,9,0.0
13487,14893,3,7,0.0
13487,14893,4,7,42.857142857142854
13487,14893,5,7,0.0
13487,14893,6,7,0.0
13487,14893,7,8,0.0
13487,14908,1,10,20.0
13487,14908,2,5,20.0
13487,14908,3,8,0.0
13487,14908,4,8,50.0
13487,14908,5,8,62.5
13487,14908,6,4,25.0
13487,14908,7,8,25.0
13487,14986,6,1,0.0
13487,15016,1,30,26.666666666666668
13487,15016,2,30,10.0
13487,15016,3,24,20.833333333333336
13487,15016,4,24,12.5
13487,15016,5,24,16.666666666666664
13487,15016,6,15,0.0
13487,15016,7,23,17.391304347826086
13487,15304,1,13,15.384615384615385
13487,15304,2,10,0.0
13487,15304,3,8,25.0
13487,15304,4,11,9.090909090909092
13487,15304,5,11,18.181818181818183
13487,15304,6,8,12.5
13487,15304,7,11,18.181818181818183
13487,15380,6,1,0.0
13487,15624,1,2,0.0
13487,15624,4,1,0.0
13487,15624,5,1,0.0
13487,15624,6,4,0.0
13487,15624,7,1,0.0
13487,16869,1,15,6.666666666666667
13487,16869,2,15,6.666666666666667
13487,16869,3,12,8.333333333333332
13487,16869,4,12,8.333333333333332
13487,16869,5,12,8.333333333333332
13487,16869,6,8,0.0
13487,16869,7,12,16.666666666666664
13495,10397,1,58,5.172413793103448
13495,10397,2,45,4.444444444444445
13495,10397,3,36,2.7777777777777777
13495,10397,4,43,9.30232558139535
13495,10397,5,47,14.893617021276595
13495,10397,6,32,3.125
13495,10397,7,43,0.0
13495,10423,1,35,0.0
13495,10423,2,30,10.0
13495,10423,3,24,8.333333333333332
13495,10423,4,28,17.857142857142858
13495,10423,5,28,25.0
13495,10423,6,12,0.0
13495,10423,7,20,10.0
13495,10693,1,25,4.0
13495,10693,2,15,0.0
13495,10693,3,12,8.333333333333332
13495,10693,4,20,5.0
13495,10693,5,20,5.0
13495,10693,6,8,0.0
13495,10693,7,20,10.0
13495,10721,1,10,60.0
13495,10721,2,10,70.0
13495,10721,3,8,100.0
13495,10721,4,8,62.5
13495,10721,5,8,75.0
13495,10721,6,8,25.0
13495,10721,7,8,100.0
13495,10792,5,1,0.0
13495,10821,1,18,16.666666666666664
13495,10821,2,10,20.0
13495,10821,3,8,12.5
13495,10821,4,16,12.5
13495,10821,5,16,0.0
13495,10821,6,12,25.0
13495,10821,7,16,12.5
13495,11057,1,21,9.523809523809524
13495,11057,2,15,13.333333333333334
13495,11057,3,12,0.0
13495,11057,4,15,6.666666666666667
13495,11057,5,16,6.25
13495,11057,6,12,25.0
13495,11057,7,16,12.5
13495,11259,1,30,6.896551724137931
13495,11259,2,30,6.666666666666667
13495,11259,3,24,12.5
13495,11259,4,23,0.0
13495,11259,5,24,25.0
13495,11259,6,20,10.0
13495,11259,7,28,17.857142857142858
13495,11278,1,25,32.0
13495,11278,2,25,16.0
13495,11278,3,20,35.0
13495,11278,4,20,30.0
13495,11278,5,20,40.0
13495,11278,6,12,0.0
13495,11278,7,20,30.0
13495,11292,1,31,19.35483870967742
13495,11292,2,20,20.0
13495,11292,3,20,15.0
13495,11292,4,25,20.0
13495,11292,5,22,13.636363636363635
13495,11292,6,12,8.333333333333332
13495,11292,7,25,24.0
13495,11298,1,41,32.5
13495,11298,2,35,11.428571428571429
13495,11298,3,28,32.142857142857146
13495,11298,4,35,20.0
13495,11298,5,32,16.129032258064516
13495,11298,6,27,12.0
13495,11298,7,36,25.71428571428571
13495,11433,1,10,30.0
13495,11433,2,5,0.0
13495,11433,3,4,0.0
13495,11433,4,8,12.5
13495,11433,5,8,12.5
13495,11433,6,8,12.5
13495,11433,7,8,37.5
13495,11618,1,11,9.090909090909092
13495,11618,2,11,0.0
13495,11618,3,8,0.0
13495,11618,4,13,30.76923076923077
13495,11618,5,9,0.0
13495,11618,6,9,33.33333333333333
13495,11618,7,13,15.384615384615385
13495,11697,1,19,22.22222222222222
13495,11697,2,10,10.0
13495,11697,3,8,0.0
13495,11697,4,16,25.0
13495,11697,5,16,6.25
13495,11697,6,12,0.0
13495,11697,7,16,18.75
13495,12191,1,30,13.333333333333334
13495,12191,2,30,10.0
13495,12191,3,24,8.333333333333332
13495,12191,4,24,20.833333333333336
13495,12191,5,24,25.0
13495,12191,6,20,10.0
13495,12191,7,24,12.5
13495,12264,1,10,0.0
13495,12264,2,5,0.0
13495,12264,3,4,0.0
13495,12264,4,8,0.0
13495,12264,5,8,0.0
13495,12264,6,5,20.0
13495,12264,7,5,0.0
13495,12266,1,48,16.666666666666664
13495,12266,2,44,9.090909090909092
13495,12266,3,35,8.571428571428571
13495,12266,4,40,5.0
13495,12266,5,40,7.6923076923076925
13495,12266,6,33,0.0
13495,12266,7,40,12.5
13495,12478,1,15,0.0
13495,12478,2,11,18.181818181818183
13495,12478,3,8,0.0
13495,12478,4,12,33.33333333333333
13495,12478,5,12,0.0
13495,12478,6,12,8.333333333333332
13495,12478,7,12,8.333333333333332
13495,12889,1,15,13.333333333333334
13495,12889,2,10,0.0
13495,12889,3,8,0.0
13495,12889,4,12,58.333333333333336
13495,12889,5,12,25.0
13495,12889,6,4,25.0
13495,12889,7,12,16.666666666666664
13495,12892,1,22,13.636363636363635
13495,12892,2,19,5.263157894736842
13495,12892,3,15,13.333333333333334
13495,12892,4,19,10.526315789473683
13495,12892,5,19,26.31578947368421
13495,12892,6,8,0.0
13495,12892,7,19,21.052631578947366
13495,12953,1,20,5.0
13495,12953,2,20,5.0
13495,12953,3,16,25.0
13495,12953,4,16,18.75
13495,12953,5,16,18.75
13495,12953,6,12,16.666666666666664
13495,12953,7,16,12.5
13495,13198,1,5,0.0
13495,13198,4,4,0.0
13495,13198,5,4,0.0
13495,13198,6,4,25.0
13495,13198,7,4,0.0
13495,13204,1,29,3.4482758620689653
13495,13204,2,20,5.0
13495,13204,3,16,18.75
13495,13204,4,20,15.0
13495,13204,5,24,8.333333333333332
13495,13204,6,16,0.0
13495,13204,7,17,29.411764705882355
13495,13232,1,15,20.0
13495,13232,2,10,0.0
13495,13232,3,8,12.5
13495,13232,4,12,16.666666666666664
13495,13232,5,12,16.666666666666664
13495,13232,6,8,12.5
13495,13232,7,16,12.5
13495,13303,1,21,14.285714285714285
13495,13303,2,16,18.75
13495,13303,3,12,16.666666666666664
13495,13303,4,16,25.0
13495,13303,5,17,29.411764705882355
13495,13303,6,12,8.333333333333332
13495,13303,7,16,37.5
13495,13487,1,5,0.0
13495,13487,2,5,20.0
13495,13487,3,4,50.0
13495,13487,4,4,50.0
13495,13487,5,4,50.0
13495,13487,6,4,0.0
13495,13487,7,4,0.0
13495,13796,1,1,0.0
13495,13930,1,26,3.8461538461538463
13495,13930,2,20,0.0
13495,13930,3,16,12.5
13495,13930,4,21,0.0
13495,13930,5,21,9.523809523809524
13495,13930,6,17,18.75
13495,13930,7,21,4.761904761904762
13495,14100,1,20,15.0
13495,14100,2,10,0.0
13495,14100,3,8,0.0
13495,14100,4,11,18.181818181818183
13495,14100,5,15,6.666666666666667
13495,14100,6,8,37.5
13495,14100,7,16,25.0
13495,14107,1,6,0.0
13495,14107,2,5,20.0
13495,14107,3,4,0.0
13495,14107,4,4,25.0
13495,14107,5,4,0.0
13495,14107,6,4,0.0
13495,14107,7,4,100.0
13495,14492,4,4,0.0
13495,14492,7,8,12.5
13495,14679,1,5,20.0
13495,14679,2,5,0.0
13495,14679,3,4,25.0
13495,14679,4,4,25.0
13495,14679,5,4,50.0
13495,14679,7,4,75.0
13495,14683,1,5,20.0
13495,14683,4,4,0.0
13495,14683,5,4,25.0
13495,14683,6,4,0.0
13495,14683,7,4,25.0
13495,14747,1,10,30.0
13495,14747,2,5,20.0
13495,14747,3,4,0.0
13495,14747,4,8,37.5
13495,14747,5,8,12.5
13495,14747,6,5,0.0
13495,14747,7,8,25.0
13495,14771,1,7,14.285714285714285
13495,14771,2,5,0.0
13495,14771,3,4,0.0
13495,14771,4,5,0.0
13495,14771,5,5,0.0
13495,14771,6,5,40.0
13495,14771,7,5,20.0
13495,14869,1,5,0.0
13495,14869,2,5,0.0
13495,14869,3,4,0.0
13495,14869,4,4,0.0
13495,14869,5,4,0.0
13495,14869,6,4,0.0
13495,14869,7,4,0.0
13495,15016,1,10,0.0
13495,15016,2,5,0.0
13495,15016,3,4,0.0
13495,15016,4,8,12.5
13495,15016,5,8,12.5
13495,15016,6,4,0.0
13495,15016,7,8,37.5
13495,15304,1,14,15.384615384615385
13495,15304,2,5,0.0
13495,15304,3,4,0.0
13495,15304,4,12,8.333333333333332
13495,15304,5,12,0.0
13495,15304,6,4,0.0
13495,15304,7,12,33.33333333333333
13502,11292,1,20,30.0
13502,11292,2,15,33.33333333333333
13502,11292,3,12,0.0
13502,11292,4,16,31.25
13502,11292,5,16,25.0
13502,11292,6,16,37.5
13502,11292,7,16,31.25
13502,11298,1,10,30.0
13502,11298,2,6,0.0
13502,11298,3,8,25.0
13502,11298,4,8,25.0
13502,11298,5,8,37.5
13502,11298,6,8,0.0
13502,11298,7,8,25.0
13502,13930,3,4,0.0
13502,13930,6,3,66.66666666666666
13541,10721,1,5,0.0
13541,10721,2,1,0.0
13541,10721,4,4,25.0
13541,10721,5,4,0.0
13541,10721,7,4,25.0
13541,11278,1,4,50.0
13541,11278,2,4,25.0
13541,11278,5,4,0.0
13541,11278,7,4,50.0
13541,12478,1,7,28.57142857142857
13541,12478,2,7,0.0
13541,12478,3,5,0.0
13541,12478,4,5,20.0
13541,12478,5,5,20.0
13541,12478,6,5,20.0
13541,12478,7,5,20.0
13541,12953,1,3,0.0
13541,12953,2,3,0.0
13541,12953,3,2,0.0
13541,12953,4,2,0.0
13541,12953,5,2,0.0
13541,12953,6,2,0.0
13541,12953,7,2,50.0
13541,14100,1,1,0.0
13541,14100,2,1,0.0
13577,10135,1,5,0.0
13577,10135,4,4,50.0
13577,10135,5,4,0.0
13577,10135,7,4,25.0
13577,10158,1,5,20.0
13577,10158,2,5,0.0
13577,10158,3,4,0.0
13577,10158,4,3,33.33333333333333
13577,10158,5,4,25.0
13577,10158,6,4,0.0
13577,10158,7,4,25.0
13577,10257,1,5,20.0
13577,10257,5,4,0.0
13577,10397,1,20,10.0
13577,10397,2,20,10.0
13577,10397,3,16,0.0
13577,10397,4,16,0.0
13577,10397,5,16,6.25
13577,10397,6,12,8.333333333333332
13577,10397,7,16,12.5
13577,10529,1,5,0.0
13577,10529,2,5,0.0
13577,10529,3,4,0.0
13577,10529,5,4,0.0
13577,10529,6,4,0.0
13577,10693,1,10,0.0
13577,10693,2,5,0.0
13577,10693,3,4,0.0
13577,10693,4,8,0.0
13577,10693,5,8,12.5
13577,10693,6,8,12.5
13577,10693,7,8,0.0
13577,10721,1,12,25.0
13577,10721,2,6,16.666666666666664
13577,10721,3,5,0.0
13577,10721,4,8,25.0
13577,10721,5,8,66.66666666666666
13577,10721,6,8,0.0
13577,10721,7,12,27.27272727272727
13577,10821,1,15,6.666666666666667
13577,10821,2,15,6.666666666666667
13577,10821,3,12,25.0
13577,10821,4,12,8.333333333333332
13577,10821,5,12,8.333333333333332
13577,10821,6,16,18.75
13577,10821,7,12,16.666666666666664
13577,10874,4,4,0.0
13577,10874,7,4,25.0
13577,11042,1,5,0.0
13577,11042,5,4,0.0
13577,11042,6,4,25.0
13577,11057,1,36,13.88888888888889
13577,11057,2,30,3.3333333333333335
13577,11057,3,28,17.857142857142858
13577,11057,4,31,9.67741935483871
13577,11057,5,28,10.714285714285714
13577,11057,6,28,14.285714285714285
13577,11057,7,32,18.75
13577,11193,4,4,25.0
13577,11193,7,4,25.0
13577,11259,6,4,0.0
13577,11278,1,10,10.0
13577,11278,2,10,0.0
13577,11278,3,8,25.0
13577,11278,4,8,37.5
13577,11278,5,8,12.5
13577,11278,6,8,37.5
13577,11278,7,8,37.5
13577,11292,6,8,0.0
13577,11298,1,9,25.0
13577,11298,2,9,11.11111111111111
13577,11298,3,7,14.285714285714285
13577,11298,4,8,25.0
13577,11298,5,8,14.285714285714285
13577,11298,6,8,12.5
13577,11298,7,8,0.0
13577,11433,1,6,0.0
13577,11433,2,6,0.0
13577,11433,3,5,0.0
13577,11433,4,8,12.5
13577,11433,5,4,25.0
13577,11433,6,5,20.0
13577,11433,7,8,12.5
13577,11618,1,20,5.0
13577,11618,2,16,12.5
13577,11618,3,13,7.6923076923076925
13577,11618,4,16,31.25
13577,11618,5,16,20.0
13577,11618,6,16,23.076923076923077
13577,11618,7,16,6.25
13577,11697,1,5,20.0
13577,11697,2,5,20.0
13577,11697,3,4,0.0
13577,11697,4,4,0.0
13577,11697,5,4,0.0
13577,11697,6,4,25.0
13577,11697,7,4,0.0
13577,12119,1,5,20.0
13577,12119,5,4,100.0
13577,12265,1,4,25.0
13577,12265,5,4,25.0
13577,12391,1,5,20.0
13577,12391,5,4,25.0
13577,12391,6,4,0.0
13577,12898,1,5,0.0
13577,12898,3,3,0.0
13577,12898,4,4,0.0
13577,12898,5,4,0.0
13577,12898,6,4,0.0
13577,12898,7,4,25.0
13577,12917,4,4,0.0
13577,12917,7,4,0.0
13577,12953,1,11,9.090909090909092
13577,12953,2,11,0.0
13577,12953,3,9,0.0
13577,12953,4,8,12.5
13577,12953,5,8,0.0
13577,12953,6,8,12.5
13577,12953,7,8,12.5
13577,13204,1,5,20.0
13577,13204,2,5,20.0
13577,13204,3,4,0.0
13577,13204,4,4,25.0
13577,13204,5,4,0.0
13577,13204,7,4,25.0
13577,13230,4,4,25.0
13577,13230,7,4,25.0
13577,13232,1,5,20.0
13577,13232,2,5,0.0
13577,13232,3,4,0.0
13577,13232,4,4,0.0
13577,13232,5,4,0.0
13577,13232,6,4,0.0
13577,13232,7,4,0.0
13577,13930,1,6,16.666666666666664
13577,13930,2,6,16.666666666666664
13577,13930,3,4,75.0
13577,13930,4,4,50.0
13577,13930,5,4,0.0
13577,13930,6,4,25.0
13577,13930,7,4,50.0
13577,14100,1,6,0.0
13577,14100,3,1,0.0
13577,14100,4,4,75.0
13577,14100,5,4,50.0
13577,14100,6,4,50.0
13577,14100,7,4,50.0
13577,14122,1,10,11.11111111111111
13577,14122,2,4,0.0
13577,14122,3,3,0.0
13577,14122,4,8,0.0
13577,14122,5,8,37.5
13577,14122,6,8,0.0
13577,14122,7,12,8.333333333333332
13577,14576,1,1,0.0
13577,15016,6,4,0.0
13577,15016,7,4,25.0
13577,15070,1,1,0.0
13577,15070,4,4,25.0
13577,15070,7,4,0.0
13577,15096,4,4,0.0
13577,15096,7,4,25.0
13577,15356,4,4,0.0
13577,15356,7,4,0.0
13795,11057,1,5,0.0
13795,11057,2,5,0.0
13795,11057,3,4,0.0
13795,11057,4,4,0.0
13795,11057,5,4,0.0
13795,11057,6,4,0.0
13795,11057,7,4,0.0
13796,10140,1,5,0.0
13796,10140,2,5,0.0
13796,10140,3,4,25.0
13796,10140,4,4,0.0
13796,10140,5,4,0.0
13796,10140,6,4,0.0
13796,10140,7,4,25.0
13796,10423,1,5,0.0
13796,10423,2,5,0.0
13796,10423,3,4,0.0
13796,10423,4,4,25.0
13796,10423,5,4,25.0
13796,10423,7,8,25.0
13796,10666,1,5,20.0
13796,10666,3,4,0.0
13796,10666,5,4,0.0
13796,10713,1,10,20.0
13796,10713,2,10,10.0
13796,10713,3,8,12.5
13796,10713,4,8,25.0
13796,10713,5,8,25.0
13796,10713,6,4,0.0
13796,10713,7,4,50.0
13796,10800,1,50,10.0
13796,10800,2,40,10.0
13796,10800,3,32,6.25
13796,10800,4,40,15.0
13796,10800,5,40,15.0
13796,10800,6,20,10.0
13796,10800,7,32,15.625
13796,11259,1,5,20.0
13796,11259,2,5,0.0
13796,11259,3,4,25.0
13796,11259,4,4,25.0
13796,11259,5,4,50.0
13796,11259,6,4,0.0
13796,11259,7,8,12.5
13796,11292,1,25,28.000000000000004
13796,11292,2,20,30.0
13796,11292,3,16,12.5
13796,11292,4,20,35.0
13796,11292,5,20,30.0
13796,11292,6,16,18.75
13796,11292,7,20,40.0
13796,11603,1,5,40.0
13796,11603,2,5,20.0
13796,11603,3,4,0.0
13796,11603,4,4,25.0
13796,11603,5,4,0.0
13796,11603,6,4,0.0
13796,11603,7,4,0.0
13796,11884,1,10,10.0
13796,11884,2,5,20.0
13796,11884,3,4,25.0
13796,11884,4,8,25.0
13796,11884,5,8,25.0
13796,11884,6,4,0.0
13796,11884,7,4,0.0
13796,12173,1,10,0.0
13796,12173,2,10,20.0
13796,12173,3,8,12.5
13796,12173,4,8,12.5
13796,12173,5,8,25.0
13796,12173,6,8,25.0
13796,12173,7,8,0.0
13796,12191,1,5,0.0
13796,12191,2,5,20.0
13796,12191,3,4,25.0
13796,12191,4,4,0.0
13796,12191,5,4,0.0
13796,12191,6,4,0.0
13796,12191,7,4,25.0
13796,12280,1,1,0.0
13796,12889,1,56,12.5
13796,12889,2,41,14.634146341463413
13796,12889,3,33,3.0303030303030303
13796,12889,4,45,40.0
13796,12889,5,46,40.909090909090914
13796,12889,6,33,9.375
13796,12889,7,46,13.043478260869565
13796,12892,1,31,9.67741935483871
13796,12892,2,30,13.333333333333334
13796,12892,3,24,4.166666666666666
13796,12892,4,24,16.666666666666664
13796,12892,5,24,25.0
13796,12892,6,20,0.0
13796,12892,7,28,39.285714285714285
13796,12954,1,25,28.000000000000004
13796,12954,2,25,0.0
13796,12954,3,20,0.0
13796,12954,4,20,35.0
13796,12954,5,20,35.0
13796,12954,6,16,6.25
13796,12954,7,20,15.0
13796,12982,1,10,0.0
13796,12982,2,10,20.0
13796,12982,3,8,0.0
13796,12982,4,8,0.0
13796,12982,5,8,37.5
13796,12982,6,8,37.5
13796,12982,7,8,25.0
13796,13198,1,5,0.0
13796,13198,2,5,20.0
13796,13198,3,4,25.0
13796,13198,4,4,0.0
13796,13198,5,4,0.0
13796,13198,6,4,25.0
13796,13198,7,8,0.0
13796,13232,1,5,0.0
13796,13232,2,5,0.0
13796,13232,3,4,50.0
13796,13232,4,4,0.0
13796,13232,5,4,0.0
13796,13232,6,4,25.0
13796,13232,7,8,0.0
13796,13495,5,1,0.0
13796,13830,1,10,30.0
13796,13830,2,10,0.0
13796,13830,3,8,0.0
13796,13830,4,8,0.0
13796,13830,5,8,12.5
13796,13830,6,8,0.0
13796,13830,7,8,25.0
13796,13891,1,25,4.0
13796,13891,2,20,15.0
13796,13891,3,16,6.25
13796,13891,4,20,15.0
13796,13891,5,20,25.0
13796,13891,6,12,8.333333333333332
13796,13891,7,20,15.0
13796,14057,1,15,6.666666666666667
13796,14057,2,20,10.0
13796,14057,3,16,12.5
13796,14057,4,12,16.666666666666664
13796,14057,5,12,16.666666666666664
13796,14057,6,8,0.0
13796,14057,7,16,25.0
13796,14107,1,26,11.538461538461538
13796,14107,2,20,5.0
13796,14107,3,16,0.0
13796,14107,4,20,30.0
13796,14107,5,20,35.0
13796,14107,6,16,12.5
13796,14107,7,16,50.0
13796,14262,1,5,40.0
13796,14262,4,4,50.0
13796,14262,5,4,25.0
13796,14262,7,4,0.0
13796,14679,1,55,23.636363636363637
13796,14679,2,40,27.500000000000004
13796,14679,3,36,23.52941176470588
13796,14679,4,40,55.00000000000001
13796,14679,5,44,29.545454545454547
13796,14679,6,28,3.571428571428571
13796,14679,7,32,31.25
13796,14689,1,5,0.0
13796,14689,4,4,0.0
13796,14689,5,4,0.0
13796,14689,6,4,0.0
13796,14689,7,4,0.0
13796,14747,1,30,26.666666666666668
13796,14747,2,25,12.0
13796,14747,3,20,10.0
13796,14747,4,24,45.83333333333333
13796,14747,5,24,37.5
13796,14747,6,16,0.0
13796,14747,7,27,33.33333333333333
13796,14869,1,25,4.0
13796,14869,2,25,0.0
13796,14869,3,20,5.0
13796,14869,4,20,20.0
13796,14869,5,20,20.0
13796,14869,6,16,6.25
13796,14869,7,20,5.0
13796,14908,1,40,22.5
13796,14908,2,25,16.0
13796,14908,3,20,10.0
13796,14908,4,32,16.129032258064516
13796,14908,5,32,16.666666666666664
13796,14908,6,16,18.75
13796,14908,7,28,17.857142857142858
13830,11292,1,5,20.0
13830,11292,2,5,0.0
13830,11292,3,4,25.0
13830,11292,4,4,0.0
13830,11292,5,4,0.0
13830,11292,6,4,25.0
13830,11292,7,4,0.0
13830,11298,1,5,60.0
13830,11298,2,5,0.0
13830,11298,3,4,25.0
13830,11298,4,4,0.0
13830,11298,5,4,25.0
13830,11298,6,4,0.0
13830,11298,7,4,0.0
13830,12173,1,140,6.428571428571428
13830,12173,2,145,4.137931034482759
13830,12173,3,116,7.758620689655173
13830,12173,4,112,11.607142857142858
13830,12173,5,116,4.310344827586207
13830,12173,6,116,7.758620689655173
13830,12173,7,108,5.555555555555555
13830,12402,1,5,0.0
13830,12402,2,5,0.0
13830,12402,3,4,0.0
13830,12402,4,4,25.0
13830,12402,5,4,0.0
13830,12402,7,4,0.0
13830,12758,1,20,10.0
13830,12758,2,20,5.0
13830,12758,3,16,0.0
13830,12758,4,16,12.5
13830,12758,5,16,25.0
13830,12758,6,16,25.0
13830,12758,7,16,0.0
13830,12889,1,10,10.0
13830,12889,2,10,10.0
13830,12889,3,8,0.0
13830,12889,4,8,25.0
13830,12889,5,8,12.5
13830,12889,6,8,0.0
13830,12889,7,8,12.5
13830,12892,1,21,19.047619047619047
13830,12892,2,21,28.57142857142857
13830,12892,3,16,6.25
13830,12892,4,16,6.25
13830,12892,5,16,18.75
13830,12892,6,16,12.5
13830,12892,7,16,20.0
13830,12954,1,5,0.0
13830,12954,2,5,40.0
13830,12954,3,4,0.0
13830,12954,4,4,0.0
13830,12954,5,4,0.0
13830,12954,6,4,25.0
13830,12954,7,4,0.0
13830,12982,1,20,15.0
13830,12982,2,20,5.0
13830,12982,3,16,6.25
13830,12982,4,16,18.75
13830,12982,5,16,12.5
13830,12982,6,16,18.75
13830,12982,7,16,0.0
13830,13796,1,10,0.0
13830,13796,2,10,10.0
13830,13796,3,8,0.0
13830,13796,4,8,12.5
13830,13796,5,8,0.0
13830,13796,6,8,12.5
13830,13796,7,8,12.5
13830,13930,6,4,0.0
13830,14057,1,10,0.0
13830,14057,2,10,30.0
13830,14057,3,8,12.5
13830,14057,4,8,0.0
13830,14057,5,8,12.5
13830,14057,6,8,25.0
13830,14057,7,8,12.5
13830,14107,1,10,0.0
13830,14107,2,10,0.0
13830,14107,3,8,0.0
13830,14107,4,8,0.0
13830,14107,5,8,0.0
13830,14107,6,8,0.0
13830,14107,7,8,0.0
13830,14679,1,10,10.0
13830,14679,2,10,20.0
13830,14679,3,8,0.0
13830,14679,4,8,0.0
13830,14679,5,8,12.5
13830,14679,6,8,12.5
13830,14679,7,8,0.0
13830,14747,1,25,8.0
13830,14747,2,20,15.0
13830,14747,3,16,0.0
13830,14747,4,20,35.0
13830,14747,5,20,15.0
13830,14747,6,20,20.0
13830,14747,7,20,20.0
13830,14771,1,20,5.0
13830,14771,2,20,5.0
13830,14771,3,16,0.0
13830,14771,4,16,6.25
13830,14771,5,16,6.25
13830,14771,6,16,0.0
13830,14771,7,16,6.25
13830,14831,1,5,0.0
13830,14831,2,5,40.0
13830,14831,3,4,25.0
13830,14831,4,4,25.0
13830,14831,5,4,0.0
13830,14831,6,4,25.0
13830,14831,7,4,0.0
13830,14893,1,5,0.0
13830,14893,2,5,0.0
13830,14893,3,4,0.0
13830,14893,4,4,25.0
13830,14893,5,4,25.0
13830,14893,6,4,0.0
13830,14893,7,4,25.0
13851,10397,1,23,8.695652173913043
13851,10397,2,23,0.0
13851,10397,3,18,5.555555555555555
13851,10397,4,19,0.0
13851,10397,5,19,5.263157894736842
13851,10397,6,16,6.25
13851,10397,7,21,0.0
13851,10423,1,5,0.0
13851,10423,2,5,0.0
13851,10423,3,4,0.0
13851,10423,4,4,0.0
13851,10423,5,4,0.0
13851,10423,6,4,0.0
13851,10423,7,4,0.0
13851,10599,7,1,0.0
13851,10693,1,5,20.0
13851,10693,2,5,20.0
13851,10693,3,4,25.0
13851,10693,4,4,0.0
13851,10693,5,4,0.0
13851,10693,6,4,0.0
13851,10693,7,8,37.5
13851,11057,1,14,7.142857142857142
13851,11057,2,10,10.0
13851,11057,3,8,25.0
13851,11057,4,12,16.666666666666664
13851,11057,5,12,0.0
13851,11057,6,12,0.0
13851,11057,7,12,8.333333333333332
13851,11278,1,10,30.0
13851,11278,2,10,30.0
13851,11278,3,8,50.0
13851,11278,4,8,50.0
13851,11278,5,8,25.0
13851,11278,6,4,0.0
13851,11278,7,8,12.5
13851,11292,1,54,31.48148148148148
13851,11292,2,39,25.64102564102564
13851,11292,3,31,16.129032258064516
13851,11292,4,40,12.5
13851,11292,5,44,25.0
13851,11292,6,32,15.625
13851,11292,7,39,20.51282051282051
13851,11298,1,46,27.27272727272727
13851,11298,2,45,6.666666666666667
13851,11298,3,36,19.444444444444446
13851,11298,4,39,15.384615384615385
13851,11298,5,36,12.5
13851,11298,6,35,14.705882352941178
13851,11298,7,40,20.0
13851,11433,7,5,0.0
13851,11603,5,1,0.0
13851,12191,1,20,15.0
13851,12191,2,15,13.333333333333334
13851,12191,3,12,8.333333333333332
13851,12191,4,16,18.75
13851,12191,5,16,12.5
13851,12191,6,12,8.333333333333332
13851,12191,7,12,33.33333333333333
13851,12266,1,15,6.666666666666667
13851,12266,2,11,0.0
13851,12266,3,8,0.0
13851,12266,4,12,8.333333333333332
13851,12266,5,12,0.0
13851,12266,6,9,11.11111111111111
13851,12266,7,13,0.0
13851,12889,1,19,15.789473684210526
13851,12889,2,15,13.333333333333334
13851,12889,3,12,16.666666666666664
13851,12889,4,12,16.666666666666664
13851,12889,5,16,37.5
13851,12889,6,8,25.0
13851,12889,7,12,16.666666666666664
13851,12892,1,14,7.142857142857142
13851,12892,2,14,21.428571428571427
13851,12892,3,12,16.666666666666664
13851,12892,4,12,8.333333333333332
13851,12892,5,12,25.0
13851,12892,6,12,27.27272727272727
13851,12892,7,12,25.0
13851,12953,1,15,6.666666666666667
13851,12953,2,15,6.666666666666667
13851,12953,3,12,8.333333333333332
13851,12953,4,12,8.333333333333332
13851,12953,5,12,25.0
13851,12953,6,4,0.0
13851,12953,7,12,16.666666666666664
13851,13204,6,4,0.0
13851,13204,7,4,0.0
13851,13232,1,10,0.0
13851,13232,2,5,0.0
13851,13232,3,4,0.0
13851,13232,4,8,37.5
13851,13232,5,8,0.0
13851,13232,6,4,25.0
13851,13232,7,8,12.5
13851,13303,1,1,0.0
13851,13303,2,1,0.0
13851,13303,5,1,100.0
13851,13303,6,4,50.0
13851,13487,1,5,20.0
13851,13487,2,5,0.0
13851,13487,3,4,0.0
13851,13487,4,4,0.0
13851,13487,5,5,0.0
13851,13487,6,4,0.0
13851,13487,7,4,0.0
13851,13930,1,40,20.0
13851,13930,2,34,11.76470588235294
13851,13930,3,28,17.857142857142858
13851,13930,4,31,9.67741935483871
13851,13930,5,28,21.428571428571427
13851,13930,6,24,36.36363636363637
13851,13930,7,32,25.0
13851,14107,1,25,20.0
13851,14107,2,20,10.0
13851,14107,3,16,0.0
13851,14107,4,19,5.263157894736842
13851,14107,5,16,18.75
13851,14107,6,8,12.5
13851,14107,7,20,20.0
13851,14683,1,5,40.0
13851,14683,4,4,50.0
13851,14683,5,4,0.0
13851,14683,7,4,25.0
13851,14747,1,5,0.0
13851,14747,2,5,20.0
13851,14747,3,4,0.0
13851,14747,4,4,25.0
13851,14747,5,4,25.0
13851,14747,6,4,25.0
13851,14747,7,4,25.0
13851,14869,1,10,0.0
13851,14869,2,10,20.0
13851,14869,3,8,0.0
13851,14869,4,8,0.0
13851,14869,5,8,0.0
13851,14869,6,8,0.0
13851,14869,7,8,0.0
13851,15016,1,10,10.0
13851,15016,2,10,0.0
13851,15016,3,8,0.0
13851,15016,4,8,12.5
13851,15016,5,8,12.5
13851,15016,6,4,0.0
13851,15016,7,8,12.5
13871,10397,1,23,4.3478260869565215
13871,10397,2,23,4.3478260869565215
13871,10397,3,18,0.0
13871,10397,4,19,10.526315789473683
13871,10397,5,19,0.0
13871,10397,6,16,6.25
13871,10397,7,19,10.526315789473683
13871,10466,4,4,25.0
13871,10466,7,4,0.0
13871,10693,1,5,20.0
13871,10693,2,5,40.0
13871,10693,3,4,50.0
13871,10693,4,4,25.0
13871,10693,5,4,25.0
13871,10693,6,4,0.0
13871,10693,7,4,0.0
13871,11057,1,14,7.142857142857142
13871,11057,2,14,14.285714285714285
13871,11057,3,12,0.0
13871,11057,4,12,8.333333333333332
13871,11057,5,12,8.333333333333332
13871,11057,6,12,8.333333333333332
13871,11057,7,12,41.66666666666667
13871,11259,1,5,0.0
13871,11259,2,5,0.0
13871,11259,3,4,0.0
13871,11259,4,4,0.0
13871,11259,5,4,50.0
13871,11259,6,4,0.0
13871,11259,7,8,12.5
13871,11278,1,10,20.0
13871,11278,2,10,10.0
13871,11278,3,8,37.5
13871,11278,4,8,42.857142857142854
13871,11278,5,8,0.0
13871,11278,7,8,0.0
13871,11292,1,50,28.000000000000004
13871,11292,2,45,22.22222222222222
13871,11292,3,36,19.444444444444446
13871,11292,4,40,20.0
13871,11292,5,40,27.500000000000004
13871,11292,6,28,14.285714285714285
13871,11292,7,44,13.636363636363635
13871,11298,1,21,25.0
13871,11298,2,20,20.0
13871,11298,3,16,18.75
13871,11298,4,16,12.5
13871,11298,5,16,6.666666666666667
13871,11298,6,15,6.666666666666667
13871,11298,7,16,25.0
13871,11433,1,20,5.0
13871,11433,2,18,11.11111111111111
13871,11433,3,14,7.142857142857142
13871,11433,4,15,0.0
13871,11433,5,15,6.666666666666667
13871,11433,6,12,0.0
13871,11433,7,15,0.0
13871,12191,1,5,0.0
13871,12191,2,5,0.0
13871,12191,3,4,50.0
13871,12191,4,4,0.0
13871,12191,5,4,0.0
13871,12191,6,4,25.0
13871,12191,7,4,0.0
13871,12266,1,10,20.0
13871,12266,2,10,0.0
13871,12266,3,8,12.5
13871,12266,4,8,0.0
13871,12266,5,8,0.0
13871,12266,6,8,12.5
13871,12266,7,8,37.5
13871,12889,1,16,18.75
13871,12889,2,10,10.0
13871,12889,3,8,0.0
13871,12889,4,12,33.33333333333333
13871,12889,5,13,23.076923076923077
13871,12889,6,8,25.0
13871,12889,7,8,25.0
13871,12892,1,5,40.0
13871,12892,2,5,20.0
13871,12892,3,4,0.0
13871,12892,4,4,25.0
13871,12892,5,4,0.0
13871,12892,6,4,0.0
13871,12892,7,4,25.0
13871,12953,1,2,0.0
13871,12953,2,2,50.0
13871,13204,6,4,0.0
13871,13204,7,4,25.0
13871,13232,1,20,15.0
13871,13232,2,20,5.0
13871,13232,3,16,12.5
13871,13232,4,16,25.0
13871,13232,5,16,25.0
13871,13232,6,12,25.0
13871,13232,7,20,5.263157894736842
13871,13487,1,15,0.0
13871,13487,2,15,13.333333333333334
13871,13487,3,12,33.33333333333333
13871,13487,4,12,16.666666666666664
13871,13487,5,12,25.0
13871,13487,6,15,0.0
13871,13487,7,12,0.0
13871,13930,1,45,16.27906976744186
13871,13930,2,39,7.6923076923076925
13871,13930,3,32,32.25806451612903
13871,13930,4,35,11.428571428571429
13871,13930,5,32,18.75
13871,13930,6,28,33.33333333333333
13871,13930,7,36,25.0
13871,14100,1,10,40.0
13871,14100,2,10,30.0
13871,14100,3,8,12.5
13871,14100,4,8,42.857142857142854
13871,14100,5,8,12.5
13871,14100,6,8,12.5
13871,14100,7,8,0.0
13871,14107,1,25,8.0
13871,14107,2,25,4.0
13871,14107,3,20,5.0
13871,14107,4,20,20.0
13871,14107,5,20,27.77777777777778
13871,14107,6,12,0.0
13871,14107,7,16,6.25
13871,14747,1,10,0.0
13871,14747,2,10,0.0
13871,14747,3,8,0.0
13871,14747,4,8,25.0
13871,14747,5,8,25.0
13871,14747,6,8,0.0
13871,14747,7,8,12.5
13871,14771,1,5,0.0
13871,14771,2,5,20.0
13871,14771,3,4,0.0
13871,14771,4,4,0.0
13871,14771,5,4,0.0
13871,14771,6,4,0.0
13871,14771,7,4,0.0
13871,14869,1,10,10.0
13871,14869,2,10,10.0
13871,14869,3,8,0.0
13871,14869,4,8,0.0
13871,14869,5,8,0.0
13871,14869,6,8,0.0
13871,14869,7,8,12.5
13871,15016,1,15,0.0
13871,15016,2,15,0.0
13871,15016,3,12,0.0
13871,15016,4,12,8.333333333333332
13871,15016,5,12,8.333333333333332
13871,15016,6,4,0.0
13871,15016,7,8,0.0
13871,15624,1,1,0.0
13873,10299,1,5,0.0
13873,10299,2,5,20.0
13873,10299,3,4,0.0
13873,10299,4,4,25.0
13873,10299,5,4,50.0
13873,10299,6,4,0.0
13873,10299,7,4,0.0
13891,10397,1,13,7.6923076923076925
13891,10397,2,13,0.0
13891,10397,3,10,0.0
13891,10397,4,11,0.0
13891,10397,5,11,9.090909090909092
13891,10397,6,8,0.0
13891,10397,7,11,0.0
13891,10423,1,5,20.0
13891,10423,2,5,0.0
13891,10423,3,4,0.0
13891,10423,4,4,25.0
13891,10423,5,4,0.0
13891,10423,7,4,0.0
13891,10693,1,5,0.0
13891,10693,2,5,0.0
13891,10693,3,4,0.0
13891,10693,4,4,25.0
13891,10693,5,4,25.0
13891,10693,6,4,25.0
13891,10693,7,4,0.0
13891,10821,1,5,20.0
13891,10821,2,5,20.0
13891,10821,3,4,0.0
13891,10821,4,4,50.0
13891,10821,5,4,25.0
13891,10821,6,4,25.0
13891,10821,7,4,0.0
13891,11057,1,5,0.0
13891,11057,2,5,0.0
13891,11057,3,4,0.0
13891,11057,4,4,0.0
13891,11057,5,4,0.0
13891,11057,6,4,25.0
13891,11057,7,4,25.0
13891,11259,1,5,40.0
13891,11259,2,5,20.0
13891,11259,3,4,0.0
13891,11259,4,4,0.0
13891,11259,5,4,50.0
13891,11259,6,4,0.0
13891,11259,7,8,12.5
13891,11292,1,45,24.444444444444443
13891,11292,2,31,35.483870967741936
13891,11292,3,28,7.142857142857142
13891,11292,4,37,24.324324324324326
13891,11292,5,36,19.444444444444446
13891,11292,6,24,0.0
13891,11292,7,36,13.88888888888889
13891,11298,1,30,20.689655172413794
13891,11298,2,26,19.230769230769234
13891,11298,3,20,20.0
13891,11298,4,31,19.35483870967742
13891,11298,5,24,28.57142857142857
13891,11298,6,20,31.57894736842105
13891,11298,7,32,28.125
13891,12173,1,5,0.0
13891,12173,2,5,20.0
13891,12173,3,4,0.0
13891,12173,4,4,25.0
13891,12173,5,4,25.0
13891,12173,6,4,0.0
13891,12173,7,4,25.0
13891,12191,1,5,0.0
13891,12191,2,5,0.0
13891,12191,3,4,0.0
13891,12191,4,4,0.0
13891,12191,5,4,0.0
13891,12191,6,4,0.0
13891,12191,7,4,25.0
13891,12266,1,6,50.0
13891,12266,2,5,0.0
13891,12266,3,4,0.0
13891,12266,4,8,12.5
13891,12266,5,8,25.0
13891,12266,6,4,0.0
13891,12266,7,8,12.5
13891,12478,1,5,0.0
13891,12478,2,5,0.0
13891,12478,3,4,25.0
13891,12478,4,4,50.0
13891,12478,5,4,50.0
13891,12478,6,4,25.0
13891,12478,7,4,50.0
13891,12889,1,40,12.5
13891,12889,2,25,16.0
13891,12889,3,20,0.0
13891,12889,4,32,43.75
13891,12889,5,32,40.625
13891,12889,6,20,10.0
13891,12889,7,32,28.125
13891,13232,1,5,0.0
13891,13232,2,5,0.0
13891,13232,3,4,0.0
13891,13232,4,4,0.0
13891,13232,5,4,0.0
13891,13232,6,4,25.0
13891,13232,7,4,0.0
13891,13796,1,25,4.0
13891,13796,2,20,10.0
13891,13796,3,16,12.5
13891,13796,4,20,15.0
13891,13796,5,20,0.0
13891,13796,6,12,0.0
13891,13796,7,20,20.0
13891,13930,1,5,0.0
13891,13930,2,5,20.0
13891,13930,3,4,25.0
13891,13930,4,4,0.0
13891,13930,5,4,0.0
13891,13930,6,4,0.0
13891,13930,7,4,50.0
13891,14057,1,15,0.0
13891,14057,2,10,10.0
13891,14057,3,4,25.0
13891,14057,4,4,0.0
13891,14057,5,12,8.333333333333332
13891,14057,6,8,12.5
13891,14057,7,8,12.5
13891,14107,1,41,19.51219512195122
13891,14107,2,35,8.571428571428571
13891,14107,3,28,14.285714285714285
13891,14107,4,35,17.142857142857142
13891,14107,5,32,20.689655172413794
13891,14107,6,24,8.695652173913043
13891,14107,7,32,9.67741935483871
13891,14747,1,40,10.0
13891,14747,2,31,16.129032258064516
13891,14747,3,24,12.5
13891,14747,4,32,15.625
13891,14747,5,32,6.25
13891,14747,6,23,9.090909090909092
13891,14747,7,31,12.903225806451612
13891,14771,1,20,40.0
13891,14771,2,15,40.0
13891,14771,3,12,16.666666666666664
13891,14771,4,16,43.75
13891,14771,5,16,31.25
13891,14771,6,12,8.333333333333332
13891,14771,7,17,52.94117647058824
13891,14831,1,20,15.0
13891,14831,2,15,6.666666666666667
13891,14831,3,12,8.333333333333332
13891,14831,4,16,12.5
13891,14831,5,16,25.0
13891,14831,6,12,0.0
13891,14831,7,16,25.0
13891,14869,1,20,5.0
13891,14869,2,18,11.11111111111111
13891,14869,3,14,7.142857142857142
13891,14869,4,15,13.333333333333334
13891,14869,5,15,6.666666666666667
13891,14869,6,12,16.666666666666664
13891,14869,7,16,6.25
13891,14893,1,35,5.714285714285714
13891,14893,2,30,3.3333333333333335
13891,14893,3,24,8.333333333333332
13891,14893,4,28,7.142857142857142
13891,14893,5,28,3.571428571428571
13891,14893,6,12,0.0
13891,14893,7,20,20.0
13930,10135,1,5,0.0
13930,10135,2,5,0.0
13930,10135,3,4,25.0
13930,10135,4,4,25.0
13930,10135,5,4,25.0
13930,10135,6,4,25.0
13930,10135,7,4,25.0
13930,10140,1,19,5.263157894736842
13930,10140,2,19,31.57894736842105
13930,10140,3,16,18.75
13930,10140,4,16,18.75
13930,10140,5,16,43.75
13930,10140,6,16,56.25
13930,10140,7,16,31.25
13930,10257,1,35,11.428571428571429
13930,10257,2,29,6.896551724137931
13930,10257,3,23,26.08695652173913
13930,10257,4,27,3.7037037037037033
13930,10257,5,28,14.285714285714285
13930,10257,6,23,34.78260869565217
13930,10257,7,28,25.0
13930,10268,1,10,10.0
13930,10268,2,5,0.0
13930,10268,3,7,14.285714285714285
13930,10268,4,7,57.14285714285714
13930,10268,5,8,37.5
13930,10268,6,7,0.0
13930,10268,7,8,12.5
13930,10299,1,19,5.263157894736842
13930,10299,2,15,26.666666666666668
13930,10299,3,13,46.15384615384615
13930,10299,4,12,8.333333333333332
13930,10299,5,15,26.666666666666668
13930,10299,6,15,33.33333333333333
13930,10299,7,12,16.666666666666664
13930,10372,1,15,13.333333333333334
13930,10372,2,15,13.333333333333334
13930,10372,3,12,16.666666666666664
13930,10372,4,12,33.33333333333333
13930,10372,5,12,16.666666666666664
13930,10372,6,12,16.666666666666664
13930,10372,7,12,16.666666666666664
13930,10397,1,98,10.204081632653061
13930,10397,2,85,5.88235294117647
13930,10397,3,69,8.695652173913043
13930,10397,4,74,17.56756756756757
13930,10397,5,79,17.72151898734177
13930,10397,6,63,22.22222222222222
13930,10397,7,75,9.333333333333334
13930,10408,1,22,18.181818181818183
13930,10408,2,21,9.523809523809524
13930,10408,3,16,6.25
13930,10408,4,17,23.52941176470588
13930,10408,5,18,11.11111111111111
13930,10408,6,18,17.647058823529413
13930,10408,7,18,11.11111111111111
13930,10423,1,50,16.0
13930,10423,2,40,15.0
13930,10423,3,31,25.806451612903224
13930,10423,4,35,11.428571428571429
13930,10423,5,37,16.666666666666664
13930,10423,6,28,28.57142857142857
13930,10423,7,37,29.72972972972973
13930,10431,1,21,14.285714285714285
13930,10431,2,21,9.523809523809524
13930,10431,3,19,10.526315789473683
13930,10431,4,16,25.0
13930,10431,5,17,29.411764705882355
13930,10431,6,13,30.76923076923077
13930,10431,7,17,11.76470588235294
13930,10434,1,10,10.0
13930,10434,2,10,0.0
13930,10434,3,7,28.57142857142857
13930,10434,4,7,0.0
13930,10434,5,8,0.0
13930,10434,6,7,28.57142857142857
13930,10434,7,8,25.0
13930,10469,1,15,13.333333333333334
13930,10469,2,14,7.142857142857142
13930,10469,3,11,18.181818181818183
13930,10469,4,11,9.090909090909092
13930,10469,5,12,8.333333333333332
13930,10469,6,11,20.0
13930,10469,7,12,16.666666666666664
13930,10529,1,35,20.0
13930,10529,2,35,5.714285714285714
13930,10529,3,27,11.11111111111111
13930,10529,4,27,14.814814814814813
13930,10529,5,28,3.571428571428571
13930,10529,6,26,30.76923076923077
13930,10529,7,28,28.57142857142857
13930,10581,1,16,12.5
13930,10581,2,14,7.142857142857142
13930,10581,3,15,6.666666666666667
13930,10581,4,16,12.5
13930,10581,5,17,5.88235294117647
13930,10581,6,13,23.076923076923077
13930,10581,7,17,23.52941176470588
13930,10599,1,22,0.0
13930,10599,2,14,7.142857142857142
13930,10599,3,18,0.0
13930,10599,4,16,18.75
13930,10599,5,18,5.555555555555555
13930,10599,6,15,40.0
13930,10599,7,18,0.0
13930,10620,1,15,13.333333333333334
13930,10620,2,15,0.0
13930,10620,3,12,16.666666666666664
13930,10620,4,12,25.0
13930,10620,5,12,8.333333333333332
13930,10620,6,12,33.33333333333333
13930,10620,7,12,8.333333333333332
13930,10627,1,5,20.0
13930,10627,2,5,0.0
13930,10627,3,4,25.0
13930,10627,4,4,25.0
13930,10627,5,4,0.0
13930,10627,6,4,0.0
13930,10627,7,4,0.0
13930,10685,1,10,10.0
13930,10685,2,10,10.0
13930,10685,3,8,0.0
13930,10685,4,8,37.5
13930,10685,5,8,12.5
13930,10685,6,8,25.0
13930,10685,7,8,12.5
13930,10693,1,74,20.27027027027027
13930,10693,2,57,14.035087719298245
13930,10693,3,44,27.27272727272727
13930,10693,4,59,17.24137931034483
13930,10693,5,57,19.298245614035086
13930,10693,6,45,20.0
13930,10693,7,61,24.59016393442623
13930,10713,1,15,26.666666666666668
13930,10713,2,15,6.666666666666667
13930,10713,3,12,0.0
13930,10713,4,12,8.333333333333332
13930,10713,5,12,25.0
13930,10713,6,12,16.666666666666664
13930,10713,7,12,16.666666666666664
13930,10721,1,118,39.83050847457627
13930,10721,2,104,29.807692307692307
13930,10721,3,80,48.10126582278481
13930,10721,4,93,60.43956043956044
13930,10721,5,95,49.473684210526315
13930,10721,6,75,37.333333333333336
13930,10721,7,95,42.5531914893617
13930,10785,1,21,9.523809523809524
13930,10785,2,20,20.0
13930,10785,3,15,13.333333333333334
13930,10785,4,16,18.75
13930,10785,5,17,17.647058823529413
13930,10785,6,16,50.0
13930,10785,7,17,17.647058823529413
13930,10792,1,30,10.0
13930,10792,2,30,3.3333333333333335
13930,10792,3,24,12.5
13930,10792,4,24,16.666666666666664
13930,10792,5,24,33.33333333333333
13930,10792,6,23,36.36363636363637
13930,10792,7,24,50.0
13930,10821,1,45,15.555555555555555
13930,10821,2,36,11.11111111111111
13930,10821,3,27,22.22222222222222
13930,10821,4,39,17.94871794871795
13930,10821,5,35,22.857142857142858
13930,10821,6,27,29.629629629629626
13930,10821,7,39,20.51282051282051
13930,10849,1,24,12.5
13930,10849,2,20,20.0
13930,10849,3,15,0.0
13930,10849,4,18,5.555555555555555
13930,10849,5,19,26.31578947368421
13930,10849,6,18,38.88888888888889
13930,10849,7,19,31.57894736842105
13930,10868,1,4,25.0
13930,10868,2,5,20.0
13930,10868,3,4,0.0
13930,10868,4,5,0.0
13930,10868,5,5,20.0
13930,10868,6,4,25.0
13930,10868,7,2,0.0
13930,10874,1,20,25.0
13930,10874,2,20,10.0
13930,10874,3,16,12.5
13930,10874,4,16,6.25
13930,10874,5,16,18.75
13930,10874,6,12,25.0
13930,10874,7,16,43.75
13930,10980,1,11,45.45454545454545
13930,10980,2,11,0.0
13930,10980,3,8,25.0
13930,10980,4,9,22.22222222222222
13930,10980,5,9,11.11111111111111
13930,10980,6,2,50.0
13930,10980,7,9,22.22222222222222
13930,10990,1,15,40.0
13930,10990,2,15,26.666666666666668
13930,10990,3,12,25.0
13930,10990,4,12,41.66666666666667
13930,10990,5,12,33.33333333333333
13930,10990,6,9,33.33333333333333
13930,10990,7,12,25.0
13930,10994,1,25,16.0
13930,10994,2,23,4.3478260869565215
13930,10994,3,20,20.0
13930,10994,4,20,20.0
13930,10994,5,20,5.0
13930,10994,6,17,29.411764705882355
13930,10994,7,20,20.0
13930,11003,1,39,23.076923076923077
13930,11003,2,34,8.823529411764707
13930,11003,3,27,22.22222222222222
13930,11003,4,30,30.0
13930,11003,5,28,14.285714285714285
13930,11003,6,27,20.0
13930,11003,7,32,15.625
13930,11013,1,4,25.0
13930,11013,2,4,0.0
13930,11013,3,4,25.0
13930,11013,4,4,0.0
13930,11013,5,4,25.0
13930,11013,6,4,25.0
13930,11013,7,4,25.0
13930,11042,1,75,32.0
13930,11042,2,64,9.375
13930,11042,3,50,10.0
13930,11042,4,56,16.071428571428573
13930,11042,5,56,26.785714285714285
13930,11042,6,42,34.146341463414636
13930,11042,7,60,31.666666666666664
13930,11057,1,59,17.24137931034483
13930,11057,2,54,16.666666666666664
13930,11057,3,43,6.976744186046512
13930,11057,4,47,27.659574468085108
13930,11057,5,44,27.27272727272727
13930,11057,6,43,27.906976744186046
13930,11057,7,48,18.75
13930,11066,1,75,18.666666666666668
13930,11066,2,60,13.333333333333334
13930,11066,3,51,11.76470588235294
13930,11066,4,58,25.862068965517242
13930,11066,5,56,35.714285714285715
13930,11066,6,51,34.0
13930,11066,7,60,31.666666666666664
13930,11067,1,15,6.666666666666667
13930,11067,2,6,0.0
13930,11067,3,8,12.5
13930,11067,4,11,36.36363636363637
13930,11067,5,8,12.5
13930,11067,6,8,25.0
13930,11067,7,12,8.333333333333332
13930,11076,1,14,14.285714285714285
13930,11076,2,10,0.0
13930,11076,3,12,25.0
13930,11076,4,12,16.666666666666664
13930,11076,5,12,8.333333333333332
13930,11076,6,8,0.0
13930,11076,7,12,58.333333333333336
13930,11109,1,15,6.666666666666667
13930,11109,2,15,26.666666666666668
13930,11109,3,12,0.0
13930,11109,4,12,0.0
13930,11109,5,12,41.66666666666667
13930,11109,6,12,9.090909090909092
13930,11109,7,12,8.333333333333332
13930,11111,1,21,14.285714285714285
13930,11111,2,16,12.5
13930,11111,3,11,9.090909090909092
13930,11111,4,16,12.5
13930,11111,5,13,23.076923076923077
13930,11111,6,13,33.33333333333333
13930,11111,7,18,22.22222222222222
13930,11146,1,15,33.33333333333333
13930,11146,2,15,13.333333333333334
13930,11146,3,12,16.666666666666664
13930,11146,4,12,33.33333333333333
13930,11146,5,12,16.666666666666664
13930,11146,6,12,25.0
13930,11146,7,12,41.66666666666667
13930,11193,1,71,21.12676056338028
13930,11193,2,67,13.432835820895523
13930,11193,3,51,15.686274509803921
13930,11193,4,53,22.641509433962266
13930,11193,5,57,22.807017543859647
13930,11193,6,48,26.666666666666668
13930,11193,7,57,17.543859649122805
13930,11203,1,15,0.0
13930,11203,2,13,15.384615384615385
13930,11203,3,11,18.181818181818183
13930,11203,4,11,18.181818181818183
13930,11203,5,12,16.666666666666664
13930,11203,6,11,45.45454545454545
13930,11203,7,12,33.33333333333333
13930,11259,1,15,13.333333333333334
13930,11259,2,10,20.0
13930,11259,3,8,14.285714285714285
13930,11259,4,12,16.666666666666664
13930,11259,5,12,16.666666666666664
13930,11259,6,4,50.0
13930,11259,7,12,8.333333333333332
13930,11267,1,21,23.809523809523807
13930,11267,2,17,23.52941176470588
13930,11267,3,16,18.75
13930,11267,4,16,31.25
13930,11267,5,18,33.33333333333333
13930,11267,6,13,25.0
13930,11267,7,18,22.22222222222222
13930,11278,1,100,24.0
13930,11278,2,100,22.0
13930,11278,3,80,42.5
13930,11278,4,80,37.9746835443038
13930,11278,5,80,32.91139240506329
13930,11278,6,56,47.27272727272727
13930,11278,7,80,29.11392405063291
13930,11288,1,10,10.0
13930,11288,2,5,0.0
13930,11288,3,8,37.5
13930,11288,4,8,0.0
13930,11288,5,8,0.0
13930,11288,6,4,25.0
13930,11288,7,8,25.0
13930,11292,1,104,19.41747572815534
13930,11292,2,100,21.0
13930,11292,3,79,11.39240506329114
13930,11292,4,83,15.66265060240964
13930,11292,5,84,22.61904761904762
13930,11292,6,71,30.985915492957744
13930,11292,7,84,16.666666666666664
13930,11298,1,91,22.22222222222222
13930,11298,2,86,15.11627906976744
13930,11298,3,67,23.88059701492537
13930,11298,4,73,19.444444444444446
13930,11298,5,72,33.82352941176471
13930,11298,6,64,22.58064516129032
13930,11298,7,82,20.73170731707317
13930,11337,1,20,20.0
13930,11337,2,20,20.0
13930,11337,3,16,25.0
13930,11337,4,16,31.25
13930,11337,5,16,50.0
13930,11337,6,15,28.57142857142857
13930,11337,7,16,50.0
13930,11423,1,47,14.893617021276595
13930,11423,2,41,7.317073170731707
13930,11423,3,36,13.88888888888889
13930,11423,4,38,15.789473684210526
13930,11423,5,31,22.58064516129032
13930,11423,6,31,43.333333333333336
13930,11423,7,40,20.0
13930,11433,1,85,20.0
13930,11433,2,81,13.580246913580247
13930,11433,3,64,15.625
13930,11433,4,66,21.21212121212121
13930,11433,5,68,32.35294117647059
13930,11433,6,49,25.0
13930,11433,7,69,18.84057971014493
13930,11471,1,10,20.0
13930,11471,2,5,40.0
13930,11471,3,4,25.0
13930,11471,4,8,0.0
13930,11471,5,8,12.5
13930,11471,6,7,16.666666666666664
13930,11471,7,8,0.0
13930,11481,1,5,0.0
13930,11481,2,5,0.0
13930,11481,3,4,0.0
13930,11481,4,4,0.0
13930,11481,5,4,0.0
13930,11481,6,4,25.0
13930,11481,7,4,0.0
13930,11503,5,3,33.33333333333333
13930,11503,6,3,66.66666666666666
13930,11540,1,10,0.0
13930,11540,2,10,30.0
13930,11540,3,8,0.0
13930,11540,4,8,25.0
13930,11540,5,8,25.0
13930,11540,6,8,37.5
13930,11540,7,8,37.5
13930,11612,1,10,10.0
13930,11612,2,10,0.0
13930,11612,3,7,0.0
13930,11612,4,7,0.0
13930,11612,5,8,0.0
13930,11612,6,7,0.0
13930,11612,7,8,25.0
13930,11618,1,80,35.0
13930,11618,2,80,15.0
13930,11618,3,63,15.873015873015872
13930,11618,4,63,33.33333333333333
13930,11618,5,66,27.27272727272727
13930,11618,6,56,50.0
13930,11618,7,65,21.53846153846154
13930,11630,1,4,25.0
13930,11630,2,4,25.0
13930,11630,3,4,25.0
13930,11630,4,3,0.0
13930,11630,5,3,33.33333333333333
13930,11630,6,3,33.33333333333333
13930,11630,7,3,0.0
13930,11637,1,33,21.21212121212121
13930,11637,2,28,10.714285714285714
13930,11637,3,27,11.11111111111111
13930,11637,4,25,12.0
13930,11637,5,26,23.076923076923077
13930,11637,6,22,38.095238095238095
13930,11637,7,26,15.384615384615385
13930,11638,1,5,20.0
13930,11638,2,5,40.0
13930,11638,3,4,50.0
13930,11638,4,4,50.0
13930,11638,5,4,50.0
13930,11638,6,4,50.0
13930,11638,7,4,50.0
13930,11648,1,19,21.052631578947366
13930,11648,2,14,7.142857142857142
13930,11648,3,11,18.181818181818183
13930,11648,4,14,28.57142857142857
13930,11648,5,11,18.181818181818183
13930,11648,6,11,18.181818181818183
13930,11648,7,15,20.0
13930,11697,1,35,29.411764705882355
13930,11697,2,34,5.88235294117647
13930,11697,3,28,7.142857142857142
13930,11697,4,28,7.142857142857142
13930,11697,5,28,25.0
13930,11697,6,25,24.0
13930,11697,7,28,25.0
13930,11721,1,30,20.0
13930,11721,2,29,13.793103448275861
13930,11721,3,23,17.391304347826086
13930,11721,4,23,21.73913043478261
13930,11721,5,24,20.833333333333336
13930,11721,6,23,33.33333333333333
13930,11721,7,24,33.33333333333333
13930,11725,1,10,0.0
13930,11725,2,5,0.0
13930,11725,3,8,25.0
13930,11725,4,8,0.0
13930,11725,5,8,12.5
13930,11725,6,4,25.0
13930,11725,7,8,12.5
13930,11775,1,29,31.03448275862069
13930,11775,2,24,29.166666666666668
13930,11775,3,20,25.0
13930,11775,4,23,26.08695652173913
13930,11775,5,19,21.052631578947366
13930,11775,6,18,37.5
13930,11775,7,23,43.47826086956522
13930,11823,1,38,26.31578947368421
13930,11823,2,37,24.324324324324326
13930,11823,3,30,20.0
13930,11823,4,30,20.0
13930,11823,5,31,35.483870967741936
13930,11823,6,27,50.0
13930,11823,7,28,28.57142857142857
13930,11884,1,14,28.57142857142857
13930,11884,2,10,30.0
13930,11884,3,10,10.0
13930,11884,4,9,11.11111111111111
13930,11884,5,10,20.0
13930,11884,6,9,33.33333333333333
13930,11884,7,10,10.0
13930,11977,1,37,16.216216216216218
13930,11977,2,29,10.344827586206897
13930,11977,3,23,13.043478260869565
13930,11977,4,27,18.51851851851852
13930,11977,5,24,16.666666666666664
13930,11977,6,26,20.833333333333336
13930,11977,7,28,25.0
13930,11986,1,55,16.363636363636363
13930,11986,2,46,17.391304347826086
13930,11986,3,38,15.789473684210526
13930,11986,4,42,21.428571428571427
13930,11986,5,45,15.909090909090908
13930,11986,6,38,29.72972972972973
13930,11986,7,45,22.22222222222222
13930,11995,1,22,0.0
13930,11995,2,19,5.263157894736842
13930,11995,3,16,18.75
13930,11995,4,18,5.555555555555555
13930,11995,5,15,13.333333333333334
13930,11995,6,17,11.76470588235294
13930,11995,7,19,5.263157894736842
13930,11996,1,25,20.0
13930,11996,2,19,15.789473684210526
13930,11996,3,16,12.5
13930,11996,4,19,15.789473684210526
13930,11996,5,16,18.75
13930,11996,6,13,41.66666666666667
13930,11996,7,20,20.0
13930,12124,6,4,25.0
13930,12173,1,5,40.0
13930,12173,2,5,20.0
13930,12173,3,4,25.0
13930,12173,4,4,25.0
13930,12173,5,4,25.0
13930,12173,6,4,25.0
13930,12173,7,4,50.0
13930,12197,1,20,0.0
13930,12197,2,20,10.0
13930,12197,3,15,20.0
13930,12197,4,15,6.666666666666667
13930,12197,5,16,12.5
13930,12197,6,15,13.333333333333334
13930,12197,7,16,18.75
13930,12217,1,23,30.434782608695656
13930,12217,2,19,10.526315789473683
13930,12217,3,14,7.142857142857142
13930,12217,4,18,11.11111111111111
13930,12217,5,15,26.666666666666668
13930,12217,6,15,26.666666666666668
13930,12217,7,19,21.052631578947366
13930,12264,1,34,11.76470588235294
13930,12264,2,34,5.88235294117647
13930,12264,3,28,14.285714285714285
13930,12264,4,27,22.22222222222222
13930,12264,5,27,11.11111111111111
13930,12264,6,24,37.5
13930,12264,7,27,29.629629629629626
13930,12266,1,90,14.444444444444443
13930,12266,2,85,20.0
13930,12266,3,66,16.666666666666664
13930,12266,4,70,7.142857142857142
13930,12266,5,76,11.842105263157894
13930,12266,6,69,23.18840579710145
13930,12266,7,76,17.333333333333336
13930,12278,1,31,25.806451612903224
13930,12278,2,24,16.666666666666664
13930,12278,3,20,25.0
13930,12278,4,24,29.166666666666668
13930,12278,5,21,33.33333333333333
13930,12278,6,17,31.25
13930,12278,7,25,20.0
13930,12280,1,5,60.0
13930,12280,2,5,20.0
13930,12280,3,4,0.0
13930,12280,4,4,25.0
13930,12280,5,4,50.0
13930,12280,6,4,33.33333333333333
13930,12280,7,4,0.0
13930,12323,1,6,16.666666666666664
13930,12323,2,5,0.0
13930,12323,3,4,0.0
13930,12323,4,4,0.0
13930,12323,5,4,0.0
13930,12323,6,4,25.0
13930,12323,7,4,0.0
13930,12339,1,70,15.714285714285714
13930,12339,2,65,12.307692307692308
13930,12339,3,46,15.217391304347828
13930,12339,4,53,13.20754716981132
13930,12339,5,52,15.384615384615385
13930,12339,6,47,33.33333333333333
13930,12339,7,56,21.818181818181817
13930,12441,1,19,21.052631578947366
13930,12441,2,19,21.052631578947366
13930,12441,3,16,31.25
13930,12441,4,15,33.33333333333333
13930,12441,5,15,40.0
13930,12441,6,16,43.75
13930,12441,7,15,20.0
13930,12451,1,30,13.333333333333334
13930,12451,2,20,20.0
13930,12451,3,16,18.75
13930,12451,4,23,17.391304347826086
13930,12451,5,17,29.411764705882355
13930,12451,6,16,43.75
13930,12451,7,24,29.166666666666668
13930,12478,1,29,17.24137931034483
13930,12478,2,29,13.793103448275861
13930,12478,3,21,9.523809523809524
13930,12478,4,20,40.0
13930,12478,5,24,12.5
13930,12478,6,20,40.0
13930,12478,7,24,20.833333333333336
13930,12511,1,5,20.0
13930,12511,2,5,0.0
13930,12511,3,4,0.0
13930,12511,4,4,0.0
13930,12511,5,4,25.0
13930,12511,6,4,25.0
13930,12511,7,4,50.0
13930,12559,1,5,40.0
13930,12559,2,5,40.0
13930,12559,3,4,0.0
13930,12559,4,4,0.0
13930,12559,5,4,25.0
13930,12559,6,4,0.0
13930,12559,7,4,50.0
13930,12878,1,10,10.0
13930,12878,2,5,20.0
13930,12878,3,4,25.0
13930,12878,4,8,12.5
13930,12878,5,8,25.0
13930,12878,6,4,50.0
13930,12878,7,8,62.5
13930,12884,1,11,18.181818181818183
13930,12884,2,10,0.0
13930,12884,3,8,12.5
13930,12884,4,8,25.0
13930,12884,5,8,12.5
13930,12884,6,8,25.0
13930,12884,7,8,12.5
13930,12889,1,88,18.181818181818183
13930,12889,2,75,9.333333333333334
13930,12889,3,55,16.363636363636363
13930,12889,4,65,24.615384615384617
13930,12889,5,73,29.577464788732392
13930,12889,6,60,27.11864406779661
13930,12889,7,65,21.53846153846154
13930,12892,1,110,16.51376146788991
13930,12892,2,91,20.0
13930,12892,3,76,23.684210526315788
13930,12892,4,87,13.793103448275861
13930,12892,5,89,17.97752808988764
13930,12892,6,75,28.000000000000004
13930,12892,7,88,13.636363636363635
13930,12945,1,36,19.444444444444446
13930,12945,2,36,8.333333333333332
13930,12945,3,26,7.6923076923076925
13930,12945,4,27,18.51851851851852
13930,12945,5,29,17.24137931034483
13930,12945,6,23,27.27272727272727
13930,12945,7,29,24.137931034482758
13930,12953,1,173,19.653179190751445
13930,12953,2,174,9.770114942528735
13930,12953,3,138,24.264705882352942
13930,12953,4,139,31.15942028985507
13930,12953,5,140,23.57142857142857
13930,12953,6,84,46.42857142857143
13930,12953,7,124,22.58064516129032
13930,12992,1,24,25.0
13930,12992,2,19,15.789473684210526
13930,12992,3,16,18.75
13930,12992,4,18,5.555555555555555
13930,12992,5,15,13.333333333333334
13930,12992,6,15,7.142857142857142
13930,12992,7,19,31.57894736842105
13930,13029,1,20,30.0
13930,13029,2,20,5.0
13930,13029,3,16,12.5
13930,13029,4,16,6.25
13930,13029,5,16,12.5
13930,13029,6,12,27.27272727272727
13930,13029,7,16,18.75
13930,13076,1,15,26.666666666666668
13930,13076,2,14,0.0
13930,13076,3,10,20.0
13930,13076,4,10,30.0
13930,13076,5,12,16.666666666666664
13930,13076,6,10,20.0
13930,13076,7,12,25.0
13930,13184,1,15,20.0
13930,13184,2,15,6.666666666666667
13930,13184,3,12,16.666666666666664
13930,13184,4,12,16.666666666666664
13930,13184,5,12,16.666666666666664
13930,13184,6,12,36.36363636363637
13930,13184,7,12,33.33333333333333
13930,13198,1,56,10.714285714285714
13930,13198,2,46,15.217391304347828
13930,13198,3,36,16.666666666666664
13930,13198,4,43,9.30232558139535
13930,13198,5,41,39.02439024390244
13930,13198,6,34,30.303030303030305
13930,13198,7,45,15.555555555555555
13930,13204,1,81,10.0
13930,13204,2,66,12.121212121212121
13930,13204,3,51,11.76470588235294
13930,13204,4,65,12.307692307692308
13930,13204,5,65,15.384615384615385
13930,13204,6,57,24.561403508771928
13930,13204,7,69,13.043478260869565
13930,13211,1,10,30.0
13930,13211,2,5,20.0
13930,13211,3,8,25.0
13930,13211,4,8,0.0
13930,13211,5,8,25.0
13930,13211,6,4,50.0
13930,13211,7,8,12.5
13930,13230,1,25,24.0
13930,13230,2,20,0.0
13930,13230,3,16,6.25
13930,13230,4,19,21.052631578947366
13930,13230,5,16,12.5
13930,13230,6,13,30.76923076923077
13930,13230,7,20,25.0
13930,13244,1,35,8.571428571428571
13930,13244,2,30,16.666666666666664
13930,13244,3,23,13.043478260869565
13930,13244,4,25,0.0
13930,13244,5,24,16.666666666666664
13930,13244,6,22,23.809523809523807
13930,13244,7,27,11.11111111111111
13930,13282,1,5,40.0
13930,13282,2,5,0.0
13930,13282,3,4,25.0
13930,13282,4,4,25.0
13930,13282,5,4,50.0
13930,13282,6,4,75.0
13930,13282,7,4,50.0
13930,13290,1,5,60.0
13930,13290,2,5,0.0
13930,13290,3,4,25.0
13930,13290,4,4,25.0
13930,13290,5,4,25.0
13930,13290,6,4,50.0
13930,13290,7,4,50.0
13930,13296,1,15,13.333333333333334
13930,13296,2,14,7.142857142857142
13930,13296,3,11,9.090909090909092
13930,13296,4,11,27.27272727272727
13930,13296,5,12,25.0
13930,13296,6,11,36.36363636363637
13930,13296,7,12,41.66666666666667
13930,13303,1,55,16.363636363636363
13930,13303,2,50,14.000000000000002
13930,13303,3,37,21.62162162162162
13930,13303,4,43,9.30232558139535
13930,13303,5,44,13.636363636363635
13930,13303,6,40,25.0
13930,13303,7,44,20.454545454545457
13930,13342,1,70,32.857142857142854
13930,13342,2,60,25.0
13930,13342,3,51,19.607843137254903
13930,13342,4,54,20.37037037037037
13930,13342,5,52,25.0
13930,13342,6,51,31.914893617021278
13930,13342,7,56,30.357142857142854
13930,13367,1,30,20.0
13930,13367,2,26,7.6923076923076925
13930,13367,3,20,10.0
13930,13367,4,23,13.043478260869565
13930,13367,5,20,20.0
13930,13367,6,20,25.0
13930,13367,7,24,16.666666666666664
13930,13459,1,11,9.090909090909092
13930,13459,2,11,0.0
13930,13459,3,8,25.0
13930,13459,4,8,25.0
13930,13459,5,8,37.5
13930,13459,6,8,12.5
13930,13459,7,8,37.5
13930,13485,1,63,23.809523809523807
13930,13485,2,51,13.725490196078432
13930,13485,3,43,23.25581395348837
13930,13485,4,47,29.78723404255319
13930,13485,5,44,22.727272727272727
13930,13485,6,37,32.432432432432435
13930,13485,7,51,21.568627450980394
13930,13486,1,15,13.333333333333334
13930,13486,2,12,16.666666666666664
13930,13486,3,9,0.0
13930,13486,4,9,11.11111111111111
13930,13486,5,9,11.11111111111111
13930,13486,6,9,12.5
13930,13486,7,10,20.0
13930,13487,1,98,17.346938775510203
13930,13487,2,85,23.52941176470588
13930,13487,3,66,25.757575757575758
13930,13487,4,75,36.0
13930,13487,5,68,43.28358208955223
13930,13487,6,65,37.5
13930,13487,7,79,25.31645569620253
13930,13495,1,26,11.538461538461538
13930,13495,2,20,10.0
13930,13495,3,16,18.75
13930,13495,4,21,4.761904761904762
13930,13495,5,21,9.523809523809524
13930,13495,6,17,6.25
13930,13495,7,21,19.047619047619047
13930,13502,3,4,0.0
13930,13502,6,3,66.66666666666666
13930,13577,1,6,16.666666666666664
13930,13577,2,6,0.0
13930,13577,3,4,25.0
13930,13577,4,4,25.0
13930,13577,5,4,25.0
13930,13577,6,4,25.0
13930,13577,7,4,50.0
13930,13830,6,4,50.0
13930,13851,1,40,20.0
13930,13851,2,34,29.411764705882355
13930,13851,3,27,7.4074074074074066
13930,13851,4,31,6.451612903225806
13930,13851,5,28,18.51851851851852
13930,13851,6,24,34.78260869565217
13930,13851,7,32,37.5
13930,13871,1,45,17.77777777777778
13930,13871,2,39,23.076923076923077
13930,13871,3,32,15.625
13930,13871,4,35,11.428571428571429
13930,13871,5,32,34.375
13930,13871,6,28,33.33333333333333
13930,13871,7,36,36.11111111111111
13930,13891,1,5,20.0
13930,13891,2,5,40.0
13930,13891,3,4,50.0
13930,13891,4,4,25.0
13930,13891,5,4,50.0
13930,13891,6,4,50.0
13930,13891,7,4,50.0
13930,13931,1,24,8.333333333333332
13930,13931,2,25,8.0
13930,13931,3,19,26.31578947368421
13930,13931,4,19,10.526315789473683
13930,13931,5,20,25.0
13930,13931,6,19,36.84210526315789
13930,13931,7,17,23.52941176470588
13930,14027,1,11,54.54545454545454
13930,14027,2,6,16.666666666666664
13930,14027,3,4,50.0
13930,14027,4,8,25.0
13930,14027,5,5,20.0
13930,14027,6,5,40.0
13930,14027,7,9,33.33333333333333
13930,14057,1,47,6.382978723404255
13930,14057,2,40,12.5
13930,14057,3,31,19.35483870967742
13930,14057,4,32,15.625
13930,14057,5,36,19.444444444444446
13930,14057,6,35,17.142857142857142
13930,14057,7,36,16.666666666666664
13930,14100,1,74,18.91891891891892
13930,14100,2,67,20.8955223880597
13930,14100,3,50,24.0
13930,14100,4,58,27.586206896551722
13930,14100,5,56,16.071428571428573
13930,14100,6,47,40.42553191489361
13930,14100,7,60,28.333333333333332
13930,14107,1,80,28.749999999999996
13930,14107,2,65,18.461538461538463
13930,14107,3,50,14.000000000000002
13930,14107,4,63,27.419354838709676
13930,14107,5,64,25.396825396825395
13930,14107,6,52,26.53061224489796
13930,14107,7,61,24.59016393442623
13930,14108,1,31,12.903225806451612
13930,14108,2,31,12.903225806451612
13930,14108,3,23,4.3478260869565215
13930,14108,4,23,43.47826086956522
13930,14108,5,25,20.0
13930,14108,6,22,33.33333333333333
13930,14108,7,25,28.000000000000004
13930,14122,1,64,15.625
13930,14122,2,56,14.285714285714285
13930,14122,3,44,6.8181818181818175
13930,14122,4,48,14.583333333333334
13930,14122,5,41,12.195121951219512
13930,14122,6,40,28.205128205128204
13930,14122,7,52,13.461538461538462
13930,14150,1,5,60.0
13930,14150,2,6,16.666666666666664
13930,14150,3,5,0.0
13930,14150,4,5,0.0
13930,14150,5,5,0.0
13930,14150,6,6,40.0
13930,14150,7,6,16.666666666666664
13930,14193,1,5,0.0
13930,14193,2,5,0.0
13930,14193,3,4,25.0
13930,14193,4,4,0.0
13930,14193,5,4,25.0
13930,14193,6,4,25.0
13930,14193,7,4,0.0
13930,14262,1,1,0.0
13930,14262,2,1,0.0
13930,14262,4,1,0.0
13930,14262,5,1,0.0
13930,14262,6,1,0.0
13930,14262,7,1,0.0
13930,14307,1,21,33.33333333333333
13930,14307,2,19,36.84210526315789
13930,14307,3,17,35.294117647058826
13930,14307,4,17,17.647058823529413
13930,14307,5,17,35.294117647058826
13930,14307,6,16,53.333333333333336
13930,14307,7,17,47.05882352941176
13930,14321,1,30,23.333333333333332
13930,14321,2,25,16.0
13930,14321,3,20,5.0
13930,14321,4,23,13.043478260869565
13930,14321,5,24,16.666666666666664
13930,14321,6,19,42.10526315789473
13930,14321,7,24,29.166666666666668
13930,14457,1,15,13.333333333333334
13930,14457,2,11,18.181818181818183
13930,14457,3,8,0.0
13930,14457,4,11,0.0
13930,14457,5,8,12.5
13930,14457,6,9,25.0
13930,14457,7,12,33.33333333333333
13930,14492,1,51,15.686274509803921
13930,14492,2,40,25.0
13930,14492,3,32,9.375
13930,14492,4,40,20.0
13930,14492,5,33,21.21212121212121
13930,14492,6,29,24.137931034482758
13930,14492,7,41,14.634146341463413
13930,14520,1,5,20.0
13930,14520,2,5,0.0
13930,14520,3,5,20.0
13930,14520,4,5,20.0
13930,14520,5,5,0.0
13930,14520,6,5,25.0
13930,14520,7,5,20.0
13930,14524,1,33,24.242424242424242
13930,14524,2,28,7.142857142857142
13930,14524,3,23,17.391304347826086
13930,14524,4,26,23.076923076923077
13930,14524,5,23,26.08695652173913
13930,14524,6,20,15.789473684210526
13930,14524,7,28,32.142857142857146
13930,14570,1,5,40.0
13930,14570,2,5,0.0
13930,14570,3,4,25.0
13930,14570,4,4,50.0
13930,14570,5,4,50.0
13930,14570,6,4,75.0
13930,14570,7,4,0.0
13930,14574,1,20,15.0
13930,14574,2,20,5.0
13930,14574,3,16,25.0
13930,14574,4,16,37.5
13930,14574,5,16,18.75
13930,14574,6,13,23.076923076923077
13930,14574,7,16,18.75
13930,14576,1,37,24.324324324324326
13930,14576,2,32,12.5
13930,14576,3,27,14.814814814814813
13930,14576,4,28,17.857142857142858
13930,14576,5,26,7.6923076923076925
13930,14576,6,21,40.0
13930,14576,7,30,20.0
13930,14633,1,15,20.0
13930,14633,2,10,50.0
13930,14633,3,8,12.5
13930,14633,4,11,27.27272727272727
13930,14633,5,8,12.5
13930,14633,6,8,28.57142857142857
13930,14633,7,12,25.0
13930,14635,1,31,12.903225806451612
13930,14635,2,27,7.4074074074074066
13930,14635,3,20,10.0
13930,14635,4,24,4.166666666666666
13930,14635,5,25,0.0
13930,14635,6,17,17.647058823529413
13930,14635,7,25,8.0
13930,14679,1,48,18.75
13930,14679,2,41,9.75609756097561
13930,14679,3,30,16.666666666666664
13930,14679,4,39,33.33333333333333
13930,14679,5,37,16.216216216216218
13930,14679,6,34,35.294117647058826
13930,14679,7,41,24.390243902439025
13930,14683,1,30,23.333333333333332
13930,14683,2,21,19.047619047619047
13930,14683,3,16,25.0
13930,14683,4,23,17.391304347826086
13930,14683,5,20,15.0
13930,14683,6,17,25.0
13930,14683,7,24,25.0
13930,14685,1,20,15.789473684210526
13930,14685,2,20,15.0
13930,14685,3,15,40.0
13930,14685,4,16,12.5
13930,14685,5,16,31.25
13930,14685,6,16,31.25
13930,14685,7,16,18.75
13930,14696,1,34,32.35294117647059
13930,14696,2,35,14.285714285714285
13930,14696,3,28,3.571428571428571
13930,14696,4,28,17.857142857142858
13930,14696,5,26,11.538461538461538
13930,14696,6,27,32.0
13930,14696,7,28,39.285714285714285
13930,14711,1,10,0.0
13930,14711,2,5,40.0
13930,14711,3,4,25.0
13930,14711,4,8,50.0
13930,14711,5,10,30.0
13930,14711,6,8,25.0
13930,14711,7,8,12.5
13930,14730,1,41,12.195121951219512
13930,14730,2,35,5.714285714285714
13930,14730,3,27,7.4074074074074066
13930,14730,4,31,0.0
13930,14730,5,33,15.151515151515152
13930,14730,6,25,29.166666666666668
13930,14730,7,30,13.333333333333334
13930,14747,1,89,11.235955056179774
13930,14747,2,85,11.76470588235294
13930,14747,3,66,9.230769230769232
13930,14747,4,69,14.492753623188406
13930,14747,5,67,21.21212121212121
13930,14747,6,62,32.25806451612903
13930,14747,7,71,14.084507042253522
13930,14771,1,85,23.52941176470588
13930,14771,2,82,15.853658536585366
13930,14771,3,62,17.741935483870968
13930,14771,4,66,13.636363636363635
13930,14771,5,70,24.285714285714285
13930,14771,6,57,35.08771929824561
13930,14771,7,68,29.411764705882355
13930,14783,1,30,20.0
13930,14783,2,25,12.0
13930,14783,3,22,13.636363636363635
13930,14783,4,21,19.047619047619047
13930,14783,5,23,17.391304347826086
13930,14783,6,17,41.17647058823529
13930,14783,7,23,13.043478260869565
13930,14831,1,5,40.0
13930,14831,2,5,0.0
13930,14831,3,4,0.0
13930,14831,4,4,0.0
13930,14831,5,4,0.0
13930,14831,6,4,25.0
13930,14831,7,4,0.0
13930,14843,1,11,27.27272727272727
13930,14843,2,7,14.285714285714285
13930,14843,3,5,20.0
13930,14843,4,8,25.0
13930,14843,5,8,12.5
13930,14843,6,4,25.0
13930,14843,7,8,25.0
13930,14869,1,45,26.666666666666668
13930,14869,2,40,10.0
13930,14869,3,32,12.5
13930,14869,4,35,23.52941176470588
13930,14869,5,32,18.75
13930,14869,6,25,36.0
13930,14869,7,35,22.857142857142858
13930,14877,1,5,0.0
13930,14877,2,5,20.0
13930,14877,3,4,25.0
13930,14877,4,4,50.0
13930,14877,5,4,25.0
13930,14877,6,4,50.0
13930,14877,7,4,50.0
13930,14893,1,20,15.0
13930,14893,2,20,10.0
13930,14893,3,16,18.75
13930,14893,4,16,18.75
13930,14893,5,16,25.0
13930,14893,6,13,38.46153846153847
13930,14893,7,16,25.0
13930,14908,1,35,31.428571428571427
13930,14908,2,31,12.903225806451612
13930,14908,3,23,8.695652173913043
13930,14908,4,26,30.76923076923077
13930,14908,5,28,28.57142857142857
13930,14908,6,19,31.57894736842105
13930,14908,7,28,14.285714285714285
13930,14952,1,10,0.0
13930,14952,2,10,10.0
13930,14952,3,7,14.285714285714285
13930,14952,4,7,71.42857142857143
13930,14952,5,8,25.0
13930,14952,6,7,0.0
13930,14952,7,8,25.0
13930,14986,1,5,0.0
13930,14986,2,5,20.0
13930,14986,3,4,0.0
13930,14986,4,4,50.0
13930,14986,5,4,0.0
13930,14986,6,4,25.0
13930,14986,7,4,25.0
13930,15016,1,44,15.909090909090908
13930,15016,2,41,7.317073170731707
13930,15016,3,30,20.0
13930,15016,4,33,6.0606060606060606
13930,15016,5,32,21.875
13930,15016,6,27,32.0
13930,15016,7,33,18.181818181818183
13930,15041,5,3,66.66666666666666
13930,15041,6,3,33.33333333333333
13930,15048,1,5,20.0
13930,15048,2,5,0.0
13930,15048,3,4,0.0
13930,15048,4,4,0.0
13930,15048,5,4,25.0
13930,15048,6,4,0.0
13930,15048,7,4,25.0
13930,15096,1,36,25.0
13930,15096,2,30,10.0
13930,15096,3,23,4.3478260869565215
13930,15096,4,27,25.925925925925924
13930,15096,5,25,12.0
13930,15096,6,20,31.57894736842105
13930,15096,7,29,24.137931034482758
13930,15304,1,37,21.62162162162162
13930,15304,2,30,3.3333333333333335
13930,15304,3,24,12.5
13930,15304,4,32,12.5
13930,15304,5,25,28.000000000000004
13930,15304,6,24,37.5
13930,15304,7,33,15.151515151515152
13930,15370,1,30,13.333333333333334
13930,15370,2,25,12.0
13930,15370,3,20,10.0
13930,15370,4,23,8.695652173913043
13930,15370,5,20,10.0
13930,15370,6,20,33.33333333333333
13930,15370,7,24,12.5
13930,15376,1,10,20.0
13930,15376,2,10,0.0
13930,15376,3,8,12.5
13930,15376,4,8,0.0
13930,15376,5,8,25.0
13930,15376,6,8,37.5
13930,15376,7,8,12.5
13930,15380,1,42,26.190476190476193
13930,15380,2,32,9.375
13930,15380,3,23,26.08695652173913
13930,15380,4,30,26.666666666666668
13930,15380,5,28,21.428571428571427
13930,15380,6,25,33.33333333333333
13930,15380,7,33,27.27272727272727
13930,15412,1,35,11.428571428571429
13930,15412,2,26,7.6923076923076925
13930,15412,3,22,13.636363636363635
13930,15412,4,26,26.923076923076923
13930,15412,5,28,21.428571428571427
13930,15412,6,26,33.33333333333333
13930,15412,7,28,28.57142857142857
13930,15624,1,1,100.0
13930,15624,2,1,0.0
13930,15624,6,4,50.0
13930,15919,1,25,16.0
13930,15919,2,14,14.285714285714285
13930,15919,3,15,13.333333333333334
13930,15919,4,18,22.22222222222222
13930,15919,5,16,12.5
13930,15919,6,12,33.33333333333333
13930,15919,7,20,20.0
13931,10397,1,46,6.521739130434782
13931,10397,2,38,5.263157894736842
13931,10397,3,30,3.3333333333333335
13931,10397,4,38,10.526315789473683
13931,10397,5,37,10.81081081081081
13931,10397,6,28,7.142857142857142
13931,10397,7,36,11.11111111111111
13931,10693,1,5,20.0
13931,10693,2,5,0.0
13931,10693,3,4,0.0
13931,10693,4,4,0.0
13931,10693,5,4,0.0
13931,10693,6,4,0.0
13931,10693,7,8,0.0
13931,10721,1,10,10.0
13931,10721,2,10,30.0
13931,10721,3,8,25.0
13931,10721,4,8,28.57142857142857
13931,10721,5,8,12.5
13931,10721,6,12,8.333333333333332
13931,10721,7,8,12.5
13931,10821,1,25,0.0
13931,10821,2,20,5.0
13931,10821,3,16,25.0
13931,10821,4,20,25.0
13931,10821,5,20,0.0
13931,10821,6,16,6.25
13931,10821,7,20,5.0
13931,11057,1,36,8.333333333333332
13931,11057,2,31,6.451612903225806
13931,11057,3,28,7.142857142857142
13931,11057,4,31,9.67741935483871
13931,11057,5,28,14.285714285714285
13931,11057,6,28,35.714285714285715
13931,11057,7,32,9.375
13931,11259,6,4,0.0
13931,11259,7,4,0.0
13931,11278,1,15,20.0
13931,11278,2,15,13.333333333333334
13931,11278,3,11,27.27272727272727
13931,11278,4,12,33.33333333333333
13931,11278,5,12,25.0
13931,11278,6,12,25.0
13931,11278,7,12,0.0
13931,11292,1,10,20.0
13931,11292,2,10,30.0
13931,11292,3,8,12.5
13931,11292,4,8,0.0
13931,11292,5,8,0.0
13931,11292,6,8,12.5
13931,11292,7,8,0.0
13931,11298,1,16,50.0
13931,11298,2,10,10.0
13931,11298,3,8,37.5
13931,11298,4,11,0.0
13931,11298,5,12,18.181818181818183
13931,11298,6,8,37.5
13931,11298,7,12,41.66666666666667
13931,11433,1,12,25.0
13931,11433,2,11,0.0
13931,11433,3,8,0.0
13931,11433,4,10,40.0
13931,11433,5,10,30.0
13931,11433,6,7,28.57142857142857
13931,11433,7,10,10.0
13931,11618,1,6,0.0
13931,11618,2,6,0.0
13931,11618,3,4,0.0
13931,11618,4,5,20.0
13931,11618,5,4,0.0
13931,11618,6,4,0.0
13931,11618,7,5,0.0
13931,11697,1,5,0.0
13931,11697,2,1,0.0
13931,11697,3,1,100.0
13931,11697,4,4,25.0
13931,11697,5,4,0.0
13931,11697,6,4,25.0
13931,11697,7,4,25.0
13931,12264,1,12,0.0
13931,12264,2,13,7.6923076923076925
13931,12264,3,8,0.0
13931,12264,4,8,12.5
13931,12264,5,10,0.0
13931,12264,6,6,0.0
13931,12264,7,12,0.0
13931,12478,1,10,0.0
13931,12478,2,10,10.0
13931,12478,3,8,12.5
13931,12478,4,8,25.0
13931,12478,5,8,12.5
13931,12478,6,8,0.0
13931,12478,7,8,0.0
13931,12953,1,27,14.814814814814813
13931,12953,2,27,14.814814814814813
13931,12953,3,22,18.181818181818183
13931,12953,4,21,28.57142857142857
13931,12953,5,21,9.523809523809524
13931,12953,6,8,25.0
13931,12953,7,21,30.0
13931,13204,1,11,18.181818181818183
13931,13204,2,6,0.0
13931,13204,3,5,0.0
13931,13204,4,12,33.33333333333333
13931,13204,5,8,12.5
13931,13204,6,8,12.5
13931,13204,7,12,0.0
13931,13232,1,10,20.0
13931,13232,2,10,11.11111111111111
13931,13232,3,8,12.5
13931,13232,4,8,37.5
13931,13232,5,8,25.0
13931,13232,6,4,0.0
13931,13232,7,8,25.0
13931,13303,1,5,20.0
13931,13303,2,5,0.0
13931,13303,3,4,0.0
13931,13303,4,4,0.0
13931,13303,5,4,25.0
13931,13303,6,4,0.0
13931,13303,7,4,0.0
13931,13930,1,24,4.166666666666666
13931,13930,2,25,32.0
13931,13930,3,19,15.789473684210526
13931,13930,4,19,10.526315789473683
13931,13930,5,20,20.0
13931,13930,6,19,21.052631578947366
13931,13930,7,17,35.294117647058826
13931,14100,1,18,5.555555555555555
13931,14100,2,14,14.285714285714285
13931,14100,3,12,8.333333333333332
13931,14100,4,15,13.333333333333334
13931,14100,5,15,13.333333333333334
13931,14100,6,12,8.333333333333332
13931,14100,7,16,12.5
13931,15016,6,4,0.0
13933,11697,1,1,0.0
13933,11697,2,1,0.0
13933,11697,4,4,50.0
13933,11697,7,4,25.0
13933,13204,1,5,0.0
13933,13204,2,1,0.0
13933,13204,4,4,25.0
13933,13204,5,4,0.0
13933,13204,6,4,25.0
13933,13204,7,4,0.0
13964,11292,1,5,20.0
13964,11292,2,5,20.0
13964,11292,3,4,0.0
13964,11292,4,4,0.0
13964,11292,5,4,0.0
13964,11292,6,4,0.0
13964,11292,7,4,25.0
13964,14771,1,5,0.0
13964,14771,2,5,20.0
13964,14771,3,4,25.0
13964,14771,4,4,0.0
13964,14771,5,4,0.0
13964,14771,6,4,0.0
13964,14771,7,4,0.0
13970,10299,1,5,0.0
13970,10299,2,5,20.0
13970,10299,3,4,0.0
13970,10299,4,4,0.0
13970,10299,5,4,0.0
13970,10299,6,4,25.0
13970,10299,7,4,0.0
14004,11292,1,5,20.0
14004,11292,5,4,0.0
14004,12889,4,4,50.0
14004,12889,7,4,0.0
14004,14107,1,5,40.0
14004,14107,5,2,50.0
14025,14761,1,1,0.0
14025,14761,4,4,25.0
14025,14761,7,4,0.0
14027,10158,1,5,40.0
14027,10158,2,6,16.666666666666664
14027,10158,3,5,0.0
14027,10158,4,8,0.0
14027,10158,5,4,0.0
14027,10158,6,8,12.5
14027,10158,7,8,37.5
14027,10397,1,52,26.923076923076923
14027,10397,2,43,13.953488372093023
14027,10397,3,34,5.88235294117647
14027,10397,4,38,13.157894736842104
14027,10397,5,42,16.666666666666664
14027,10397,6,35,5.714285714285714
14027,10397,7,38,7.894736842105263
14027,10431,1,5,0.0
14027,10431,4,4,25.0
14027,10431,5,4,25.0
14027,10431,7,4,25.0
14027,10529,1,5,20.0
14027,10529,2,1,0.0
14027,10529,4,4,0.0
14027,10529,5,4,0.0
14027,10529,6,4,0.0
14027,10529,7,4,0.0
14027,10693,1,5,0.0
14027,10693,2,5,20.0
14027,10693,3,4,25.0
14027,10693,4,4,25.0
14027,10693,5,4,25.0
14027,10693,6,4,50.0
14027,10693,7,4,25.0
14027,10721,1,16,50.0
14027,10721,2,16,56.25
14027,10721,3,12,58.333333333333336
14027,10721,4,12,66.66666666666666
14027,10721,5,12,50.0
14027,10721,6,8,12.5
14027,10721,7,16,75.0
14027,10821,1,15,13.333333333333334
14027,10821,2,15,0.0
14027,10821,3,12,0.0
14027,10821,4,12,16.666666666666664
14027,10821,5,12,8.333333333333332
14027,10821,6,12,8.333333333333332
14027,10821,7,12,16.666666666666664
14027,11057,1,17,11.76470588235294
14027,11057,2,16,0.0
14027,11057,3,12,25.0
14027,11057,4,15,13.333333333333334
14027,11057,5,12,16.666666666666664
14027,11057,6,12,0.0
14027,11057,7,16,25.0
14027,11278,1,16,43.75
14027,11278,2,16,20.0
14027,11278,3,12,50.0
14027,11278,4,12,25.0
14027,11278,5,16,31.25
14027,11278,6,8,25.0
14027,11278,7,16,50.0
14027,11298,1,11,50.0
14027,11298,2,10,30.0
14027,11298,3,8,12.5
14027,11298,4,11,27.27272727272727
14027,11298,5,8,42.857142857142854
14027,11298,6,8,28.57142857142857
14027,11298,7,12,41.66666666666667
14027,11433,1,5,0.0
14027,11433,2,5,0.0
14027,11433,3,4,0.0
14027,11433,4,4,0.0
14027,11433,5,4,25.0
14027,11433,6,4,25.0
14027,11433,7,4,0.0
14027,11618,1,35,8.571428571428571
14027,11618,2,36,11.11111111111111
14027,11618,3,28,17.857142857142858
14027,11618,4,28,25.0
14027,11618,5,28,21.428571428571427
14027,11618,6,20,31.57894736842105
14027,11618,7,28,7.142857142857142
14027,12197,1,19,26.31578947368421
14027,12197,2,15,6.666666666666667
14027,12197,3,15,0.0
14027,12197,4,16,18.75
14027,12197,5,16,6.666666666666667
14027,12197,6,16,12.5
14027,12197,7,16,12.5
14027,12264,1,1,0.0
14027,12264,2,1,0.0
14027,12264,4,1,100.0
14027,12264,5,1,100.0
14027,12264,6,1,0.0
14027,12264,7,1,0.0
14027,12266,1,1,0.0
14027,12266,2,1,0.0
14027,12266,4,1,100.0
14027,12266,5,1,100.0
14027,12266,6,1,0.0
14027,12266,7,1,0.0
14027,12391,1,15,33.33333333333333
14027,12391,2,15,6.666666666666667
14027,12391,3,12,0.0
14027,12391,4,12,16.666666666666664
14027,12391,5,12,8.333333333333332
14027,12391,6,8,0.0
14027,12391,7,12,8.333333333333332
14027,12478,1,26,11.538461538461538
14027,12478,2,21,14.285714285714285
14027,12478,3,21,14.285714285714285
14027,12478,4,20,20.0
14027,12478,5,20,10.0
14027,12478,6,20,10.526315789473683
14027,12478,7,20,20.0
14027,12953,1,30,10.0
14027,12953,2,26,7.6923076923076925
14027,12953,3,20,5.0
14027,12953,4,24,26.08695652173913
14027,12953,5,24,12.5
14027,12953,6,16,6.25
14027,12953,7,24,25.0
14027,13204,1,10,10.0
14027,13204,2,10,10.0
14027,13204,3,8,12.5
14027,13204,4,8,12.5
14027,13204,5,8,0.0
14027,13204,6,8,0.0
14027,13204,7,8,12.5
14027,13930,1,11,45.45454545454545
14027,13930,2,6,16.666666666666664
14027,13930,3,4,25.0
14027,13930,4,8,37.5
14027,13930,5,5,0.0
14027,13930,6,5,20.0
14027,13930,7,9,11.11111111111111
14027,14100,1,15,6.666666666666667
14027,14100,2,16,6.25
14027,14100,3,11,18.181818181818183
14027,14100,4,12,25.0
14027,14100,5,12,0.0
14027,14100,6,8,25.0
14027,14100,7,12,16.666666666666664
14027,14122,1,5,20.0
14027,14122,5,4,25.0
14027,14307,1,5,20.0
14027,14307,2,1,0.0
14027,14307,4,4,0.0
14027,14307,5,4,0.0
14027,14307,7,4,0.0
14057,10299,1,15,6.666666666666667
14057,10299,2,15,6.666666666666667
14057,10299,3,12,8.333333333333332
14057,10299,4,12,33.33333333333333
14057,10299,5,12,8.333333333333332
14057,10299,6,12,0.0
14057,10299,7,12,25.0
14057,10397,1,25,4.0
14057,10397,2,24,12.5
14057,10397,3,19,10.526315789473683
14057,10397,4,19,5.263157894736842
14057,10397,5,19,21.052631578947366
14057,10397,6,19,10.526315789473683
14057,10397,7,20,15.0
14057,10408,1,1,0.0
14057,10408,4,4,0.0
14057,10408,7,4,25.0
14057,10423,1,5,0.0
14057,10423,2,5,0.0
14057,10423,3,8,25.0
14057,10423,4,8,25.0
14057,10423,5,8,0.0
14057,10423,6,8,0.0
14057,10423,7,8,12.5
14057,10693,1,5,20.0
14057,10693,2,5,60.0
14057,10693,3,4,25.0
14057,10693,4,4,50.0
14057,10693,5,4,25.0
14057,10693,6,4,0.0
14057,10693,7,4,25.0
14057,10713,1,15,0.0
14057,10713,2,15,13.333333333333334
14057,10713,3,12,33.33333333333333
14057,10713,4,12,16.666666666666664
14057,10713,5,12,16.666666666666664
14057,10713,6,12,0.0
14057,10713,7,12,8.333333333333332
14057,10721,1,11,27.27272727272727
14057,10721,2,6,66.66666666666666
14057,10721,3,4,25.0
14057,10721,4,8,12.5
14057,10721,5,8,12.5
14057,10721,6,4,25.0
14057,10721,7,8,25.0
14057,10800,1,15,6.666666666666667
14057,10800,2,15,13.333333333333334
14057,10800,3,12,16.666666666666664
14057,10800,4,12,25.0
14057,10800,5,11,9.090909090909092
14057,10800,6,4,0.0
14057,10800,7,12,16.666666666666664
14057,10821,1,5,0.0
14057,10821,2,5,20.0
14057,10821,3,4,50.0
14057,10821,4,4,25.0
14057,10821,5,4,25.0
14057,10821,6,4,0.0
14057,10821,7,4,25.0
14057,10849,1,5,0.0
14057,10849,2,5,0.0
14057,10849,3,4,25.0
14057,10849,4,4,0.0
14057,10849,5,4,25.0
14057,10849,6,4,0.0
14057,10849,7,4,25.0
14057,11057,1,5,0.0
14057,11057,2,5,0.0
14057,11057,3,4,0.0
14057,11057,4,4,50.0
14057,11057,5,4,0.0
14057,11057,6,4,0.0
14057,11057,7,4,25.0
14057,11193,1,5,40.0
14057,11193,5,4,25.0
14057,11259,1,5,0.0
14057,11259,2,5,20.0
14057,11259,3,4,25.0
14057,11259,4,4,0.0
14057,11259,5,4,50.0
14057,11259,6,4,50.0
14057,11259,7,4,25.0
14057,11278,1,5,20.0
14057,11278,2,5,20.0
14057,11278,3,4,25.0
14057,11278,4,4,0.0
14057,11278,5,4,25.0
14057,11278,6,4,0.0
14057,11278,7,4,25.0
14057,11292,1,71,18.30985915492958
14057,11292,2,60,35.0
14057,11292,3,52,21.153846153846153
14057,11292,4,56,23.636363636363637
14057,11292,5,56,21.428571428571427
14057,11292,6,44,20.454545454545457
14057,11292,7,56,14.285714285714285
14057,11298,1,31,19.35483870967742
14057,11298,2,31,6.451612903225806
14057,11298,3,28,17.857142857142858
14057,11298,4,28,10.714285714285714
14057,11298,5,28,23.076923076923077
14057,11298,6,24,29.166666666666668
14057,11298,7,28,21.428571428571427
14057,11423,4,4,0.0
14057,11423,7,4,0.0
14057,11433,1,8,0.0
14057,11433,2,5,20.0
14057,11433,3,4,25.0
14057,11433,4,7,14.285714285714285
14057,11433,5,7,0.0
14057,11433,6,4,0.0
14057,11433,7,7,42.857142857142854
14057,11603,1,5,20.0
14057,11603,2,5,0.0
14057,11603,3,4,25.0
14057,11603,4,4,0.0
14057,11603,5,4,25.0
14057,11603,6,4,0.0
14057,11603,7,4,25.0
14057,11618,1,15,13.333333333333334
14057,11618,2,15,13.333333333333334
14057,11618,3,12,8.333333333333332
14057,11618,4,12,45.45454545454545
14057,11618,5,12,0.0
14057,11618,6,12,25.0
14057,11618,7,12,16.666666666666664
14057,11638,1,15,13.333333333333334
14057,11638,2,15,20.0
14057,11638,3,12,8.333333333333332
14057,11638,4,12,8.333333333333332
14057,11638,5,12,0.0
14057,11638,6,8,0.0
14057,11638,7,12,8.333333333333332
14057,11721,1,1,0.0
14057,11884,1,15,6.666666666666667
14057,11884,2,15,13.333333333333334
14057,11884,3,12,16.666666666666664
14057,11884,4,11,36.36363636363637
14057,11884,5,11,18.181818181818183
14057,11884,6,12,0.0
14057,11884,7,12,16.666666666666664
14057,12173,1,10,50.0
14057,12173,2,10,100.0
14057,12173,3,8,62.5
14057,12173,4,12,41.66666666666667
14057,12173,5,12,33.33333333333333
14057,12173,6,11,9.090909090909092
14057,12173,7,8,37.5
14057,12264,1,5,0.0
14057,12264,2,5,20.0
14057,12264,3,4,0.0
14057,12264,4,4,0.0
14057,12264,5,4,0.0
14057,12264,6,4,0.0
14057,12264,7,4,0.0
14057,12266,1,16,12.5
14057,12266,2,16,6.25
14057,12266,3,12,16.666666666666664
14057,12266,4,13,0.0
14057,12266,5,13,15.384615384615385
14057,12266,6,13,0.0
14057,12266,7,13,0.0
14057,12339,1,1,0.0
14057,12478,1,15,26.666666666666668
14057,12478,2,15,26.666666666666668
14057,12478,3,12,33.33333333333333
14057,12478,4,12,25.0
14057,12478,5,12,16.666666666666664
14057,12478,6,12,8.333333333333332
14057,12478,7,12,8.333333333333332
14057,12758,1,5,20.0
14057,12758,2,5,20.0
14057,12758,3,4,0.0
14057,12758,4,4,0.0
14057,12758,5,4,0.0
14057,12758,6,4,25.0
14057,12758,7,4,0.0
14057,12889,1,50,8.0
14057,12889,2,40,7.5
14057,12889,3,32,31.25
14057,12889,4,40,30.0
14057,12889,5,39,30.76923076923077
14057,12889,6,24,16.666666666666664
14057,12889,7,40,22.5
14057,12892,1,68,7.352941176470589
14057,12892,2,54,9.25925925925926
14057,12892,3,42,4.761904761904762
14057,12892,4,55,16.363636363636363
14057,12892,5,54,12.962962962962962
14057,12892,6,44,2.272727272727273
14057,12892,7,55,0.0
14057,13198,1,5,40.0
14057,13198,2,5,20.0
14057,13198,3,4,50.0
14057,13198,4,4,25.0
14057,13198,5,4,0.0
14057,13198,6,8,12.5
14057,13198,7,8,12.5
14057,13204,1,5,0.0
14057,13204,2,5,20.0
14057,13204,3,4,50.0
14057,13204,4,4,25.0
14057,13204,5,4,0.0
14057,13204,6,4,0.0
14057,13204,7,4,25.0
14057,13232,1,15,0.0
14057,13232,2,15,0.0
14057,13232,3,12,16.666666666666664
14057,13232,4,12,0.0
14057,13232,5,12,8.333333333333332
14057,13232,6,8,0.0
14057,13232,7,8,50.0
14057,13487,1,23,4.3478260869565215
14057,13487,2,19,5.263157894736842
14057,13487,3,15,0.0
14057,13487,4,18,5.555555555555555
14057,13487,5,18,0.0
14057,13487,6,18,0.0
14057,13487,7,16,25.0
14057,13796,1,15,46.666666666666664
14057,13796,2,20,40.0
14057,13796,3,16,12.5
14057,13796,4,12,41.66666666666667
14057,13796,5,12,41.66666666666667
14057,13796,6,8,0.0
14057,13796,7,16,12.5
14057,13830,1,10,0.0
14057,13830,2,10,20.0
14057,13830,3,8,0.0
14057,13830,4,8,0.0
14057,13830,5,8,0.0
14057,13830,6,8,25.0
14057,13830,7,8,0.0
14057,13891,1,15,6.666666666666667
14057,13891,2,5,0.0
14057,13891,3,4,75.0
14057,13891,4,8,12.5
14057,13891,5,12,8.333333333333332
14057,13891,6,4,50.0
14057,13891,7,12,8.333333333333332
14057,13930,1,41,12.195121951219512
14057,13930,2,40,32.5
14057,13930,3,31,38.70967741935484
14057,13930,4,36,16.666666666666664
14057,13930,5,36,27.77777777777778
14057,13930,6,35,20.0
14057,13930,7,36,25.0
14057,14100,1,1,0.0
14057,14100,2,1,0.0
14057,14107,1,45,15.555555555555555
14057,14107,2,35,25.71428571428571
14057,14107,3,31,19.35483870967742
14057,14107,4,35,37.142857142857146
14057,14107,5,36,17.647058823529413
14057,14107,6,32,9.67741935483871
14057,14107,7,40,15.0
14057,14262,1,5,20.0
14057,14262,2,5,60.0
14057,14262,3,4,25.0
14057,14262,4,4,25.0
14057,14262,5,4,25.0
14057,14262,6,4,25.0
14057,14262,7,4,75.0
14057,14314,1,5,0.0
14057,14314,5,4,0.0
14057,14679,1,20,0.0
14057,14679,2,19,15.789473684210526
14057,14679,3,16,6.666666666666667
14057,14679,4,20,30.0
14057,14679,5,19,15.789473684210526
14057,14679,6,16,6.25
14057,14679,7,20,15.0
14057,14747,1,78,10.256410256410255
14057,14747,2,78,20.51282051282051
14057,14747,3,62,14.516129032258066
14057,14747,4,63,28.57142857142857
14057,14747,5,63,12.698412698412698
14057,14747,6,56,7.142857142857142
14057,14747,7,63,20.634920634920633
14057,14771,1,61,21.311475409836063
14057,14771,2,47,17.02127659574468
14057,14771,3,40,17.5
14057,14771,4,49,20.408163265306122
14057,14771,5,47,21.27659574468085
14057,14771,6,36,0.0
14057,14771,7,49,34.69387755102041
14057,14831,1,30,23.333333333333332
14057,14831,2,20,40.0
14057,14831,3,16,12.5
14057,14831,4,24,16.666666666666664
14057,14831,5,24,17.391304347826086
14057,14831,6,12,8.333333333333332
14057,14831,7,24,20.833333333333336
14057,14869,1,33,12.121212121212121
14057,14869,2,28,3.571428571428571
14057,14869,3,22,0.0
14057,14869,4,23,8.695652173913043
14057,14869,5,27,11.11111111111111
14057,14869,6,20,0.0
14057,14869,7,23,17.391304347826086
14057,14893,1,30,13.333333333333334
14057,14893,2,30,10.0
14057,14893,3,20,5.0
14057,14893,4,24,29.166666666666668
14057,14893,5,24,29.166666666666668
14057,14893,6,12,8.333333333333332
14057,14893,7,24,8.333333333333332
14057,14908,1,25,12.0
14057,14908,2,25,8.0
14057,14908,3,20,5.0
14057,14908,4,19,0.0
14057,14908,5,19,0.0
14057,14908,6,19,0.0
14057,14908,7,20,5.0
14057,15016,6,4,25.0
14057,15016,7,4,50.0
14057,15023,1,10,10.0
14057,15023,2,10,20.0
14057,15023,3,8,0.0
14057,15023,4,8,0.0
14057,15023,5,8,0.0
14057,15023,6,8,25.0
14057,15023,7,8,12.5
14082,10135,1,5,40.0
14082,10135,5,4,50.0
14082,10257,4,4,25.0
14082,10257,7,4,0.0
14082,10408,4,4,25.0
14082,10408,7,4,0.0
14082,10431,1,5,0.0
14082,10431,4,4,25.0
14082,10431,5,4,25.0
14082,10431,7,4,0.0
14082,10676,4,4,25.0
14082,10676,7,4,0.0
14082,10693,1,5,0.0
14082,10693,5,4,25.0
14082,10874,4,4,25.0
14082,10874,7,4,0.0
14082,11003,1,5,0.0
14082,11003,5,4,0.0
14082,11193,4,4,0.0
14082,11193,6,4,25.0
14082,11193,7,4,0.0
14082,11423,4,4,50.0
14082,11423,7,4,0.0
14082,11721,1,5,0.0
14082,11721,3,1,0.0
14082,11721,4,3,33.33333333333333
14082,11721,5,4,0.0
14082,11721,7,3,33.33333333333333
14082,11823,2,3,0.0
14082,11823,4,4,25.0
14082,11823,7,4,25.0
14082,11986,2,3,0.0
14082,11986,4,4,75.0
14082,11986,6,2,0.0
14082,11986,7,4,0.0
14082,12265,1,5,20.0
14082,12265,5,4,0.0
14082,12339,1,8,25.0
14082,12339,5,7,0.0
14082,12339,6,3,33.33333333333333
14082,12544,1,5,0.0
14082,12544,5,4,0.0
14082,12917,1,4,50.0
14082,12917,2,1,0.0
14082,12917,3,3,0.0
14082,12917,5,4,25.0
14082,12945,1,5,0.0
14082,12945,5,4,0.0
14082,12945,6,1,0.0
14082,13230,4,4,0.0
14082,13230,7,4,0.0
14082,14108,1,5,0.0
14082,14108,5,4,0.0
14082,14122,4,4,50.0
14082,14122,7,4,0.0
14082,14259,1,5,0.0
14082,14259,5,4,0.0
14082,14259,6,4,0.0
14082,14307,4,4,50.0
14082,14307,7,4,0.0
14082,14512,2,5,0.0
14082,14512,4,4,0.0
14082,14512,7,4,0.0
14082,14696,4,4,25.0
14082,14696,6,2,50.0
14082,14696,7,4,0.0
14082,14730,4,4,0.0
14082,14730,6,1,0.0
14082,14730,7,4,0.0
14082,14783,1,1,0.0
14082,15070,1,5,0.0
14082,15070,5,4,0.0
14082,15412,1,5,0.0
14082,15412,3,2,50.0
14082,15412,4,1,0.0
14082,15412,5,4,25.0
14082,15412,6,2,0.0
14082,15412,7,1,0.0
14100,10154,1,1,0.0
14100,10154,2,1,0.0
14100,10397,1,86,9.30232558139535
14100,10397,2,61,9.836065573770492
14100,10397,3,47,12.76595744680851
14100,10397,4,64,21.875
14100,10397,5,68,11.76470588235294
14100,10397,6,44,6.976744186046512
14100,10397,7,66,10.76923076923077
14100,10423,1,24,33.33333333333333
14100,10423,2,15,13.333333333333334
14100,10423,3,11,27.27272727272727
14100,10423,4,19,21.052631578947366
14100,10423,5,15,20.0
14100,10423,6,8,25.0
14100,10423,7,20,25.0
14100,10529,1,19,26.31578947368421
14100,10529,2,19,15.789473684210526
14100,10529,3,16,25.0
14100,10529,4,16,40.0
14100,10529,5,16,18.75
14100,10529,6,12,33.33333333333333
14100,10529,7,16,25.0
14100,10581,1,20,25.0
14100,10581,2,19,5.263157894736842
14100,10581,3,15,13.333333333333334
14100,10581,4,16,25.0
14100,10581,5,16,12.5
14100,10581,6,12,9.090909090909092
14100,10581,7,16,6.25
14100,10599,1,10,30.0
14100,10599,2,6,0.0
14100,10599,3,8,0.0
14100,10599,4,8,12.5
14100,10599,5,8,25.0
14100,10599,6,4,0.0
14100,10599,7,8,12.5
14100,10693,1,46,10.869565217391305
14100,10693,2,32,12.5
14100,10693,3,24,16.666666666666664
14100,10693,4,39,33.33333333333333
14100,10693,5,35,20.0
14100,10693,6,20,5.0
14100,10693,7,40,20.0
14100,10721,1,76,35.526315789473685
14100,10721,2,68,33.82352941176471
14100,10721,3,52,42.857142857142854
14100,10721,4,66,55.55555555555556
14100,10721,5,61,39.34426229508197
14100,10721,6,40,11.11111111111111
14100,10721,7,64,46.875
14100,10785,1,15,33.33333333333333
14100,10785,2,11,9.090909090909092
14100,10785,3,8,25.0
14100,10785,4,11,45.45454545454545
14100,10785,5,11,0.0
14100,10785,6,8,37.5
14100,10785,7,12,25.0
14100,10792,1,4,50.0
14100,10792,4,3,66.66666666666666
14100,10792,5,3,0.0
14100,10792,6,1,0.0
14100,10792,7,4,25.0
14100,10994,1,21,4.761904761904762
14100,10994,2,16,12.5
14100,10994,3,11,27.27272727272727
14100,10994,4,19,21.052631578947366
14100,10994,5,15,26.666666666666668
14100,10994,6,8,12.5
14100,10994,7,20,15.0
14100,11042,1,23,8.695652173913043
14100,11042,2,17,5.88235294117647
14100,11042,3,15,13.333333333333334
14100,11042,4,15,28.57142857142857
14100,11042,5,19,21.052631578947366
14100,11042,6,11,9.090909090909092
14100,11042,7,15,6.666666666666667
14100,11057,1,55,10.909090909090908
14100,11057,2,44,2.272727272727273
14100,11057,3,36,8.571428571428571
14100,11057,4,40,22.5
14100,11057,5,44,9.090909090909092
14100,11057,6,32,21.875
14100,11057,7,40,5.0
14100,11066,1,26,15.384615384615385
14100,11066,2,17,11.76470588235294
14100,11066,3,16,13.333333333333334
14100,11066,4,19,42.10526315789473
14100,11066,5,19,5.263157894736842
14100,11066,6,8,0.0
14100,11066,7,20,15.0
14100,11193,1,15,13.333333333333334
14100,11193,2,6,0.0
14100,11193,3,8,0.0
14100,11193,4,8,50.0
14100,11193,5,11,0.0
14100,11193,6,8,12.5
14100,11193,7,8,12.5
14100,11259,1,5,0.0
14100,11259,2,5,0.0
14100,11259,3,4,25.0
14100,11259,4,4,0.0
14100,11259,5,4,0.0
14100,11259,7,4,0.0
14100,11267,1,5,0.0
14100,11267,2,5,20.0
14100,11267,3,4,0.0
14100,11267,4,4,50.0
14100,11267,5,4,0.0
14100,11267,6,4,25.0
14100,11267,7,4,25.0
14100,11278,1,14,14.285714285714285
14100,11278,2,14,0.0
14100,11278,3,12,25.0
14100,11278,4,12,33.33333333333333
14100,11278,5,12,33.33333333333333
14100,11278,6,12,8.333333333333332
14100,11278,7,12,8.333333333333332
14100,11292,1,50,6.0
14100,11292,2,45,24.444444444444443
14100,11292,3,36,8.333333333333332
14100,11292,4,40,27.500000000000004
14100,11292,5,40,20.51282051282051
14100,11292,6,36,8.333333333333332
14100,11292,7,36,16.666666666666664
14100,11298,1,47,19.565217391304348
14100,11298,2,40,5.0
14100,11298,3,32,37.5
14100,11298,4,36,30.555555555555557
14100,11298,5,36,6.0606060606060606
14100,11298,6,31,16.666666666666664
14100,11298,7,36,19.444444444444446
14100,11423,1,10,0.0
14100,11423,2,10,0.0
14100,11423,3,8,0.0
14100,11423,4,8,25.0
14100,11423,5,8,0.0
14100,11423,6,8,25.0
14100,11423,7,8,25.0
14100,11433,1,47,8.51063829787234
14100,11433,2,43,6.976744186046512
14100,11433,3,34,11.76470588235294
14100,11433,4,38,24.324324324324326
14100,11433,5,38,13.157894736842104
14100,11433,6,28,7.4074074074074066
14100,11433,7,39,7.6923076923076925
14100,11481,1,1,100.0
14100,11481,2,1,0.0
14100,11624,1,5,20.0
14100,11624,2,5,0.0
14100,11624,3,4,0.0
14100,11624,4,4,0.0
14100,11624,5,4,0.0
14100,11624,6,4,25.0
14100,11624,7,4,0.0
14100,11697,1,41,26.82926829268293
14100,11697,2,27,7.4074074074074066
14100,11697,3,19,10.526315789473683
14100,11697,4,35,17.142857142857142
14100,11697,5,31,12.903225806451612
14100,11697,6,24,8.695652173913043
14100,11697,7,36,19.444444444444446
14100,11986,1,9,0.0
14100,11986,2,9,33.33333333333333
14100,11986,3,8,0.0
14100,11986,4,8,14.285714285714285
14100,11986,5,8,50.0
14100,11986,6,8,14.285714285714285
14100,11986,7,8,25.0
14100,11995,1,5,0.0
14100,11995,2,1,0.0
14100,11995,4,3,0.0
14100,11995,5,3,33.33333333333333
14100,11995,6,3,0.0
14100,11995,7,4,25.0
14100,11996,1,12,0.0
14100,11996,2,12,8.333333333333332
14100,11996,3,11,9.090909090909092
14100,11996,4,11,9.090909090909092
14100,11996,5,11,18.181818181818183
14100,11996,6,8,12.5
14100,11996,7,11,18.181818181818183
14100,12124,1,1,0.0
14100,12124,2,1,0.0
14100,12250,1,1,0.0
14100,12250,2,1,0.0
14100,12264,4,1,0.0
14100,12266,1,26,26.923076923076923
14100,12266,2,20,15.0
14100,12266,3,15,20.0
14100,12266,4,20,35.0
14100,12266,5,20,10.0
14100,12266,6,15,6.666666666666667
14100,12266,7,21,14.285714285714285
14100,12323,1,1,0.0
14100,12323,2,1,100.0
14100,12339,1,20,10.526315789473683
14100,12339,2,15,13.333333333333334
14100,12339,3,11,18.181818181818183
14100,12339,4,15,26.666666666666668
14100,12339,5,15,13.333333333333334
14100,12339,6,8,0.0
14100,12339,7,16,18.75
14100,12451,1,25,20.0
14100,12451,2,15,0.0
14100,12451,3,11,18.181818181818183
14100,12451,4,19,15.789473684210526
14100,12451,5,19,21.052631578947366
14100,12451,6,8,12.5
14100,12451,7,20,25.0
14100,12889,1,26,11.538461538461538
14100,12889,2,16,25.0
14100,12889,3,13,15.384615384615385
14100,12889,4,19,36.84210526315789
14100,12889,5,19,26.31578947368421
14100,12889,6,12,8.333333333333332
14100,12889,7,20,25.0
14100,12892,1,37,13.513513513513514
14100,12892,2,33,18.181818181818183
14100,12892,3,25,8.0
14100,12892,4,28,21.428571428571427
14100,12892,5,28,10.714285714285714
14100,12892,6,32,9.67741935483871
14100,12892,7,28,7.142857142857142
14100,12945,1,5,0.0
14100,12945,2,5,20.0
14100,12945,3,4,0.0
14100,12945,4,4,0.0
14100,12945,5,4,0.0
14100,12945,6,4,0.0
14100,12945,7,4,0.0
14100,13198,1,15,20.0
14100,13198,2,11,18.181818181818183
14100,13198,3,8,25.0
14100,13198,4,11,18.181818181818183
14100,13198,5,11,27.27272727272727
14100,13198,6,10,10.0
14100,13198,7,12,16.666666666666664
14100,13204,1,75,18.666666666666668
14100,13204,2,58,12.068965517241379
14100,13204,3,46,28.26086956521739
14100,13204,4,56,26.785714285714285
14100,13204,5,60,18.333333333333332
14100,13204,6,48,12.76595744680851
14100,13204,7,60,21.666666666666668
14100,13230,7,1,0.0
14100,13232,1,30,20.0
14100,13232,2,25,8.0
14100,13232,3,20,5.0
14100,13232,4,24,29.166666666666668
14100,13232,5,24,20.833333333333336
14100,13232,6,12,0.0
14100,13232,7,24,16.666666666666664
14100,13244,1,14,0.0
14100,13244,2,10,30.0
14100,13244,3,8,0.0
14100,13244,4,11,27.27272727272727
14100,13244,5,11,9.090909090909092
14100,13244,6,4,25.0
14100,13244,7,12,0.0
14100,13303,1,41,20.0
14100,13303,2,32,12.5
14100,13303,3,25,12.0
14100,13303,4,28,21.428571428571427
14100,13303,5,32,25.0
14100,13303,6,28,18.51851851851852
14100,13303,7,31,25.806451612903224
14100,13342,1,7,0.0
14100,13342,2,11,9.090909090909092
14100,13342,3,5,20.0
14100,13342,4,5,20.0
14100,13342,5,5,0.0
14100,13342,6,4,25.0
14100,13342,7,4,0.0
14100,13485,1,5,0.0
14100,13485,2,9,0.0
14100,13485,3,7,0.0
14100,13485,4,4,0.0
14100,13485,5,4,0.0
14100,13485,6,7,0.0
14100,13485,7,4,0.0
14100,13487,1,28,25.0
14100,13487,2,28,10.714285714285714
14100,13487,3,21,14.285714285714285
14100,13487,4,23,26.08695652173913
14100,13487,5,23,8.695652173913043
14100,13487,6,16,6.25
14100,13487,7,23,30.434782608695656
14100,13495,1,20,25.0
14100,13495,2,10,10.0
14100,13495,3,8,12.5
14100,13495,4,11,36.36363636363637
14100,13495,5,15,13.333333333333334
14100,13495,6,8,0.0
14100,13495,7,16,25.0
14100,13541,1,1,0.0
14100,13541,2,1,0.0
14100,13577,1,6,16.666666666666664
14100,13577,3,1,0.0
14100,13577,4,4,0.0
14100,13577,5,4,25.0
14100,13577,6,4,25.0
14100,13577,7,4,50.0
14100,13871,1,10,40.0
14100,13871,2,10,10.0
14100,13871,3,8,0.0
14100,13871,4,8,37.5
14100,13871,5,8,25.0
14100,13871,6,8,25.0
14100,13871,7,8,0.0
14100,13930,1,74,12.162162162162163
14100,13930,2,66,18.181818181818183
14100,13930,3,51,25.49019607843137
14100,13930,4,58,31.57894736842105
14100,13930,5,56,23.214285714285715
14100,13930,6,47,29.78723404255319
14100,13930,7,60,23.333333333333332
14100,13931,1,18,27.77777777777778
14100,13931,2,14,21.428571428571427
14100,13931,3,11,9.090909090909092
14100,13931,4,15,20.0
14100,13931,5,15,13.333333333333334
14100,13931,6,12,16.666666666666664
14100,13931,7,16,18.75
14100,14027,1,15,0.0
14100,14027,2,16,12.5
14100,14027,3,11,9.090909090909092
14100,14027,4,12,25.0
14100,14027,5,12,16.666666666666664
14100,14027,6,8,12.5
14100,14027,7,12,8.333333333333332
14100,14057,1,1,100.0
14100,14057,2,1,0.0
14100,14107,1,30,10.0
14100,14107,2,26,7.6923076923076925
14100,14107,3,17,23.52941176470588
14100,14107,4,23,22.727272727272727
14100,14107,5,23,8.695652173913043
14100,14107,6,21,21.052631578947366
14100,14107,7,20,10.0
14100,14122,1,21,28.57142857142857
14100,14122,2,20,25.0
14100,14122,3,16,6.25
14100,14122,4,20,20.0
14100,14122,5,17,41.17647058823529
14100,14122,6,8,12.5
14100,14122,7,20,20.0
14100,14193,1,6,0.0
14100,14193,2,6,0.0
14100,14193,3,4,50.0
14100,14193,4,4,25.0
14100,14193,5,4,0.0
14100,14193,6,4,25.0
14100,14193,7,4,0.0
14100,14307,1,14,14.285714285714285
14100,14307,2,14,21.428571428571427
14100,14307,3,12,33.33333333333333
14100,14307,4,12,33.33333333333333
14100,14307,5,12,25.0
14100,14307,6,8,14.285714285714285
14100,14307,7,12,16.666666666666664
14100,14321,1,20,15.0
14100,14321,2,16,6.25
14100,14321,3,12,25.0
14100,14321,4,15,26.666666666666668
14100,14321,5,15,6.666666666666667
14100,14321,6,8,25.0
14100,14321,7,16,12.5
14100,14492,1,39,20.51282051282051
14100,14492,2,30,13.333333333333334
14100,14492,3,24,29.166666666666668
14100,14492,4,31,12.903225806451612
14100,14492,5,31,9.67741935483871
14100,14492,6,20,20.0
14100,14492,7,32,21.875
14100,14635,1,15,6.666666666666667
14100,14635,2,10,0.0
14100,14635,3,8,12.5
14100,14635,4,12,16.666666666666664
14100,14635,5,12,16.666666666666664
14100,14635,6,4,25.0
14100,14635,7,12,33.33333333333333
14100,14679,1,15,20.0
14100,14679,2,15,6.666666666666667
14100,14679,3,12,16.666666666666664
14100,14679,4,12,41.66666666666667
14100,14679,5,12,8.333333333333332
14100,14679,6,12,8.333333333333332
14100,14679,7,12,8.333333333333332
14100,14683,1,5,20.0
14100,14683,2,5,20.0
14100,14683,3,4,25.0
14100,14683,4,4,50.0
14100,14683,5,4,50.0
14100,14683,6,3,33.33333333333333
14100,14683,7,4,50.0
14100,14685,1,20,5.0
14100,14685,2,15,13.333333333333334
14100,14685,3,12,16.666666666666664
14100,14685,4,12,27.27272727272727
14100,14685,5,16,12.5
14100,14685,6,8,12.5
14100,14685,7,12,8.333333333333332
14100,14730,1,12,8.333333333333332
14100,14730,2,9,11.11111111111111
14100,14730,3,8,0.0
14100,14730,4,11,18.181818181818183
14100,14730,5,11,9.090909090909092
14100,14730,6,4,0.0
14100,14730,7,11,18.181818181818183
14100,14747,1,21,14.285714285714285
14100,14747,2,21,14.285714285714285
14100,14747,3,16,18.75
14100,14747,4,16,37.5
14100,14747,5,16,18.75
14100,14747,6,16,18.75
14100,14747,7,16,18.75
14100,14771,1,30,13.333333333333334
14100,14771,2,25,16.0
14100,14771,3,24,4.166666666666666
14100,14771,4,24,25.0
14100,14771,5,24,8.333333333333332
14100,14771,6,16,6.25
14100,14771,7,24,12.5
14100,14843,1,9,33.33333333333333
14100,14843,2,6,33.33333333333333
14100,14843,3,9,33.33333333333333
14100,14843,4,12,33.33333333333333
14100,14843,5,8,25.0
14100,14843,6,8,62.5
14100,14843,7,12,50.0
14100,14869,1,11,18.181818181818183
14100,14869,2,5,0.0
14100,14869,3,4,25.0
14100,14869,4,8,25.0
14100,14869,5,8,12.5
14100,14869,6,4,0.0
14100,14869,7,8,12.5
14100,14986,1,1,0.0
14100,14986,2,1,0.0
14100,15016,1,25,24.0
14100,15016,2,21,19.047619047619047
14100,15016,3,16,18.75
14100,15016,4,19,31.57894736842105
14100,15016,5,19,21.052631578947366
14100,15016,6,12,8.333333333333332
14100,15016,7,20,20.0
14100,15096,1,4,0.0
14100,15096,2,4,0.0
14100,15096,3,4,25.0
14100,15096,4,4,33.33333333333333
14100,15096,5,4,25.0
14100,15096,7,4,0.0
14100,15304,1,32,25.0
14100,15304,2,21,19.047619047619047
14100,15304,3,16,12.5
14100,15304,4,27,18.51851851851852
14100,15304,5,24,16.666666666666664
14100,15304,6,23,13.636363636363635
14100,15304,7,29,10.344827586206897
14100,15380,1,1,0.0
14100,15380,2,1,0.0
14100,15412,1,5,20.0
14100,15412,2,5,20.0
14100,15412,3,4,0.0
14100,15412,4,4,33.33333333333333
14100,15412,5,4,75.0
14100,15412,6,4,25.0
14100,15412,7,4,25.0
14100,15919,1,5,20.0
14100,15919,2,6,33.33333333333333
14100,15919,3,4,0.0
14100,15919,4,4,50.0
14100,15919,5,4,0.0
14100,15919,6,4,25.0
14100,15919,7,4,25.0
14107,10140,1,45,15.555555555555555
14107,10140,2,40,10.0
14107,10140,3,32,15.625
14107,10140,4,35,8.571428571428571
14107,10140,5,32,24.137931034482758
14107,10140,6,20,10.0
14107,10140,7,32,15.625
14107,10299,1,5,0.0
14107,10299,2,5,0.0
14107,10299,3,4,0.0
14107,10299,4,4,0.0
14107,10299,5,4,0.0
14107,10299,6,4,0.0
14107,10299,7,4,0.0
14107,10397,1,56,14.285714285714285
14107,10397,2,44,9.090909090909092
14107,10397,3,35,11.428571428571429
14107,10397,4,38,13.157894736842104
14107,10397,5,39,30.76923076923077
14107,10397,6,35,20.0
14107,10397,7,45,6.666666666666667
14107,10423,1,45,11.11111111111111
14107,10423,2,35,0.0
14107,10423,3,28,0.0
14107,10423,4,36,19.444444444444446
14107,10423,5,36,20.0
14107,10423,6,20,30.0
14107,10423,7,36,16.666666666666664
14107,10561,1,11,18.181818181818183
14107,10561,2,10,0.0
14107,10561,3,8,25.0
14107,10561,4,11,9.090909090909092
14107,10561,5,8,28.57142857142857
14107,10561,6,8,14.285714285714285
14107,10561,7,12,0.0
14107,10599,1,5,0.0
14107,10599,4,4,0.0
14107,10599,5,4,50.0
14107,10599,7,4,0.0
14107,10693,1,30,6.666666666666667
14107,10693,2,30,10.0
14107,10693,3,24,8.333333333333332
14107,10693,4,24,29.166666666666668
14107,10693,5,24,27.27272727272727
14107,10693,6,16,6.25
14107,10693,7,22,13.636363636363635
14107,10713,1,25,12.0
14107,10713,2,21,4.761904761904762
14107,10713,3,16,18.75
14107,10713,4,19,15.789473684210526
14107,10713,5,16,53.333333333333336
14107,10713,6,12,16.666666666666664
14107,10713,7,20,25.0
14107,10721,1,25,12.0
14107,10721,2,20,35.0
14107,10721,3,16,43.75
14107,10721,4,19,52.63157894736842
14107,10721,5,16,40.0
14107,10721,6,16,12.5
14107,10721,7,20,5.0
14107,10792,1,5,0.0
14107,10792,4,4,0.0
14107,10792,5,4,25.0
14107,10792,6,4,0.0
14107,10792,7,4,25.0
14107,10800,1,50,18.0
14107,10800,2,31,16.129032258064516
14107,10800,3,28,3.571428571428571
14107,10800,4,39,28.205128205128204
14107,10800,5,36,9.375
14107,10800,6,24,12.5
14107,10800,7,28,28.57142857142857
14107,10821,1,20,10.0
14107,10821,2,15,20.0
14107,10821,3,12,8.333333333333332
14107,10821,4,16,31.25
14107,10821,5,16,31.25
14107,10821,6,12,0.0
14107,10821,7,12,0.0
14107,11003,1,10,10.0
14107,11003,2,10,10.0
14107,11003,3,8,0.0
14107,11003,4,8,12.5
14107,11003,5,8,14.285714285714285
14107,11003,6,4,25.0
14107,11003,7,8,0.0
14107,11041,1,10,0.0
14107,11041,2,10,10.0
14107,11041,3,8,0.0
14107,11041,4,8,0.0
14107,11041,5,8,14.285714285714285
14107,11041,6,8,50.0
14107,11041,7,8,0.0
14107,11042,1,10,40.0
14107,11042,2,4,0.0
14107,11042,4,8,37.5
14107,11042,5,8,50.0
14107,11042,6,8,12.5
14107,11042,7,8,37.5
14107,11057,1,36,11.11111111111111
14107,11057,2,35,8.571428571428571
14107,11057,3,28,3.571428571428571
14107,11057,4,31,6.451612903225806
14107,11057,5,28,11.11111111111111
14107,11057,6,28,14.285714285714285
14107,11057,7,32,9.375
14107,11066,1,15,26.666666666666668
14107,11066,2,10,0.0
14107,11066,3,8,25.0
14107,11066,4,12,41.66666666666667
14107,11066,5,8,33.33333333333333
14107,11066,6,8,25.0
14107,11066,7,12,16.666666666666664
14107,11109,1,15,33.33333333333333
14107,11109,2,10,0.0
14107,11109,3,8,25.0
14107,11109,4,12,25.0
14107,11109,5,12,36.36363636363637
14107,11109,6,8,12.5
14107,11109,7,12,0.0
14107,11193,1,5,0.0
14107,11193,2,5,0.0
14107,11193,3,4,25.0
14107,11193,4,8,12.5
14107,11193,5,4,0.0
14107,11193,6,4,25.0
14107,11193,7,8,0.0
14107,11259,1,37,24.324324324324326
14107,11259,2,30,3.3333333333333335
14107,11259,3,24,4.166666666666666
14107,11259,4,28,14.285714285714285
14107,11259,5,28,26.923076923076923
14107,11259,6,24,4.166666666666666
14107,11259,7,33,15.151515151515152
14107,11278,1,15,20.0
14107,11278,2,15,13.333333333333334
14107,11278,3,12,33.33333333333333
14107,11278,4,12,25.0
14107,11278,5,12,18.181818181818183
14107,11278,6,12,16.666666666666664
14107,11278,7,12,16.666666666666664
14107,11292,1,120,24.166666666666668
14107,11292,2,95,23.157894736842106
14107,11292,3,80,15.0
14107,11292,4,96,27.083333333333332
14107,11292,5,97,28.723404255319153
14107,11292,6,73,20.833333333333336
14107,11292,7,101,12.871287128712872
14107,11298,1,67,22.388059701492537
14107,11298,2,63,4.838709677419355
14107,11298,3,46,18.181818181818183
14107,11298,4,59,23.728813559322035
14107,11298,5,53,25.581395348837212
14107,11298,6,51,14.285714285714285
14107,11298,7,59,8.47457627118644
14107,11413,1,15,20.0
14107,11413,2,10,0.0
14107,11413,3,7,0.0
14107,11413,4,11,18.181818181818183
14107,11413,5,8,25.0
14107,11413,6,8,25.0
14107,11413,7,12,25.0
14107,11423,1,15,20.0
14107,11423,2,10,0.0
14107,11423,3,8,25.0
14107,11423,4,11,27.27272727272727
14107,11423,5,8,14.285714285714285
14107,11423,6,4,0.0
14107,11423,7,12,8.333333333333332
14107,11433,1,36,22.22222222222222
14107,11433,2,23,13.043478260869565
14107,11433,3,18,11.11111111111111
14107,11433,4,28,14.285714285714285
14107,11433,5,26,15.384615384615385
14107,11433,6,22,18.181818181818183
14107,11433,7,30,13.333333333333334
14107,11540,1,40,20.0
14107,11540,2,30,6.666666666666667
14107,11540,3,24,4.166666666666666
14107,11540,4,31,38.70967741935484
14107,11540,5,28,24.0
14107,11540,6,12,8.333333333333332
14107,11540,7,28,17.857142857142858
14107,11603,1,5,20.0
14107,11603,2,5,0.0
14107,11603,3,4,0.0
14107,11603,4,4,25.0
14107,11603,5,5,60.0
14107,11603,6,4,50.0
14107,11603,7,4,0.0
14107,11618,1,35,17.142857142857142
14107,11618,2,30,10.0
14107,11618,3,24,20.833333333333336
14107,11618,4,27,26.923076923076923
14107,11618,5,24,13.043478260869565
14107,11618,6,20,45.0
14107,11618,7,28,21.428571428571427
14107,11638,1,16,37.5
14107,11638,2,15,0.0
14107,11638,3,12,0.0
14107,11638,4,15,26.666666666666668
14107,11638,5,12,18.181818181818183
14107,11638,6,12,33.33333333333333
14107,11638,7,12,25.0
14107,11695,1,15,40.0
14107,11695,2,18,5.555555555555555
14107,11695,3,16,0.0
14107,11695,4,16,25.0
14107,11695,5,16,35.714285714285715
14107,11695,6,12,16.666666666666664
14107,11695,7,16,25.0
14107,11697,1,4,25.0
14107,11697,4,4,25.0
14107,11697,5,4,50.0
14107,11697,7,4,0.0
14107,11775,1,5,0.0
14107,11775,2,5,0.0
14107,11775,3,4,0.0
14107,11775,4,4,0.0
14107,11775,5,4,0.0
14107,11775,6,4,50.0
14107,11775,7,4,0.0
14107,11884,1,10,30.0
14107,11884,2,10,0.0
14107,11884,3,8,12.5
14107,11884,4,8,37.5
14107,11884,5,8,42.857142857142854
14107,11884,6,8,0.0
14107,11884,7,12,8.333333333333332
14107,11921,1,11,18.181818181818183
14107,11921,2,10,0.0
14107,11921,3,8,25.0
14107,11921,4,11,18.181818181818183
14107,11921,5,8,0.0
14107,11921,6,8,12.5
14107,11921,7,12,16.666666666666664
14107,12173,1,16,18.75
14107,12173,2,16,6.25
14107,12173,3,12,25.0
14107,12173,4,12,16.666666666666664
14107,12173,5,12,8.333333333333332
14107,12173,6,12,0.0
14107,12173,7,12,8.333333333333332
14107,12191,1,30,13.333333333333334
14107,12191,2,20,5.0
14107,12191,3,16,12.5
14107,12191,4,24,12.5
14107,12191,5,24,29.166666666666668
14107,12191,6,16,12.5
14107,12191,7,20,20.0
14107,12264,1,15,13.333333333333334
14107,12264,2,15,6.666666666666667
14107,12264,3,12,25.0
14107,12264,4,12,16.666666666666664
14107,12264,5,12,33.33333333333333
14107,12264,6,9,22.22222222222222
14107,12264,7,12,8.333333333333332
14107,12266,1,37,8.108108108108109
14107,12266,2,23,4.3478260869565215
14107,12266,3,16,12.5
14107,12266,4,30,13.333333333333334
14107,12266,5,30,24.137931034482758
14107,12266,6,25,16.0
14107,12266,7,30,20.0
14107,12278,1,5,20.0
14107,12278,2,5,20.0
14107,12278,3,4,25.0
14107,12278,4,4,0.0
14107,12278,5,4,25.0
14107,12278,6,4,0.0
14107,12278,7,4,0.0
14107,12339,1,20,10.0
14107,12339,2,15,20.0
14107,12339,3,12,8.333333333333332
14107,12339,4,15,33.33333333333333
14107,12339,5,12,25.0
14107,12339,6,8,37.5
14107,12339,7,16,25.0
14107,12451,1,5,0.0
14107,12451,2,4,0.0
14107,12451,3,4,50.0
14107,12451,4,4,0.0
14107,12451,5,4,0.0
14107,12451,7,4,25.0
14107,12478,1,35,8.571428571428571
14107,12478,2,30,6.666666666666667
14107,12478,3,24,25.0
14107,12478,4,28,17.857142857142858
14107,12478,5,28,22.22222222222222
14107,12478,6,24,8.333333333333332
14107,12478,7,28,14.285714285714285
14107,12758,1,5,0.0
14107,12758,2,5,0.0
14107,12758,3,4,25.0
14107,12758,4,4,0.0
14107,12758,5,4,50.0
14107,12758,6,4,0.0
14107,12758,7,4,0.0
14107,12889,1,85,14.117647058823529
14107,12889,2,61,11.475409836065573
14107,12889,3,48,8.333333333333332
14107,12889,4,65,26.5625
14107,12889,5,64,35.08771929824561
14107,12889,6,43,6.976744186046512
14107,12889,7,64,15.625
14107,12892,1,103,8.737864077669903
14107,12892,2,89,10.112359550561797
14107,12892,3,77,12.987012987012985
14107,12892,4,84,14.285714285714285
14107,12892,5,81,17.94871794871795
14107,12892,6,62,16.666666666666664
14107,12892,7,87,22.988505747126435
14107,12896,1,5,40.0
14107,12896,2,5,20.0
14107,12896,3,4,0.0
14107,12896,4,4,75.0
14107,12896,5,4,25.0
14107,12896,7,4,50.0
14107,12954,1,20,5.0
14107,12954,2,20,10.0
14107,12954,3,16,0.0
14107,12954,4,16,6.25
14107,12954,5,16,14.285714285714285
14107,12954,6,12,16.666666666666664
14107,12954,7,20,0.0
14107,12982,1,5,20.0
14107,12982,2,5,20.0
14107,12982,3,4,25.0
14107,12982,4,4,0.0
14107,12982,5,4,25.0
14107,12982,6,4,25.0
14107,12982,7,4,0.0
14107,13158,1,5,60.0
14107,13158,2,5,0.0
14107,13158,3,4,0.0
14107,13158,4,4,25.0
14107,13158,5,4,25.0
14107,13158,6,4,25.0
14107,13158,7,4,50.0
14107,13198,1,30,20.0
14107,13198,2,26,0.0
14107,13198,3,20,10.0
14107,13198,4,24,33.33333333333333
14107,13198,5,24,28.57142857142857
14107,13198,6,15,26.666666666666668
14107,13198,7,24,12.5
14107,13204,1,15,0.0
14107,13204,2,15,6.666666666666667
14107,13204,3,12,25.0
14107,13204,4,12,25.0
14107,13204,5,13,8.333333333333332
14107,13204,6,13,15.384615384615385
14107,13204,7,12,0.0
14107,13232,1,35,20.0
14107,13232,2,30,3.3333333333333335
14107,13232,3,24,8.333333333333332
14107,13232,4,32,18.75
14107,13232,5,27,40.0
14107,13232,6,24,16.666666666666664
14107,13232,7,32,6.25
14107,13244,1,10,10.0
14107,13244,2,1,0.0
14107,13244,3,1,0.0
14107,13244,4,8,0.0
14107,13244,5,8,28.57142857142857
14107,13244,7,8,0.0
14107,13264,1,10,0.0
14107,13264,2,10,0.0
14107,13264,3,8,0.0
14107,13264,4,8,12.5
14107,13264,5,8,25.0
14107,13264,6,4,25.0
14107,13264,7,8,0.0
14107,13303,1,16,6.25
14107,13303,2,16,0.0
14107,13303,3,12,33.33333333333333
14107,13303,4,15,13.333333333333334
14107,13303,5,12,16.666666666666664
14107,13303,6,12,8.333333333333332
14107,13303,7,16,6.25
14107,13342,1,20,25.0
14107,13342,2,15,0.0
14107,13342,3,12,8.333333333333332
14107,13342,4,16,43.75
14107,13342,5,16,26.666666666666668
14107,13342,6,12,25.0
14107,13342,7,8,0.0
14107,13476,1,16,18.75
14107,13476,2,15,6.666666666666667
14107,13476,3,12,8.333333333333332
14107,13476,4,12,16.666666666666664
14107,13476,5,12,33.33333333333333
14107,13476,6,12,33.33333333333333
14107,13476,7,12,16.666666666666664
14107,13485,1,5,0.0
14107,13485,2,5,0.0
14107,13485,3,4,0.0
14107,13485,4,4,0.0
14107,13485,5,4,75.0
14107,13485,6,4,0.0
14107,13485,7,4,0.0
14107,13487,1,40,12.5
14107,13487,2,36,8.333333333333332
14107,13487,3,29,13.793103448275861
14107,13487,4,32,15.625
14107,13487,5,32,26.666666666666668
14107,13487,6,28,7.142857142857142
14107,13487,7,32,9.375
14107,13495,1,5,40.0
14107,13495,2,5,0.0
14107,13495,3,4,25.0
14107,13495,4,4,0.0
14107,13495,5,4,33.33333333333333
14107,13495,6,5,20.0
14107,13495,7,4,25.0
14107,13796,1,26,11.538461538461538
14107,13796,2,20,20.0
14107,13796,3,16,0.0
14107,13796,4,20,25.0
14107,13796,5,20,45.0
14107,13796,6,16,12.5
14107,13796,7,16,6.25
14107,13830,1,10,20.0
14107,13830,2,10,0.0
14107,13830,3,8,25.0
14107,13830,4,8,0.0
14107,13830,5,8,0.0
14107,13830,6,8,12.5
14107,13830,7,8,12.5
14107,13851,1,25,20.0
14107,13851,2,20,5.0
14107,13851,3,16,12.5
14107,13851,4,19,31.57894736842105
14107,13851,5,16,13.333333333333334
14107,13851,6,8,37.5
14107,13851,7,20,5.0
14107,13871,1,25,16.0
14107,13871,2,25,12.0
14107,13871,3,20,15.0
14107,13871,4,20,40.0
14107,13871,5,20,26.31578947368421
14107,13871,6,12,25.0
14107,13871,7,16,18.75
14107,13891,1,41,17.073170731707318
14107,13891,2,35,14.285714285714285
14107,13891,3,28,17.857142857142858
14107,13891,4,35,37.142857142857146
14107,13891,5,32,30.0
14107,13891,6,24,13.043478260869565
14107,13891,7,32,28.125
14107,13930,1,76,19.736842105263158
14107,13930,2,65,6.153846153846154
14107,13930,3,54,18.51851851851852
14107,13930,4,64,22.22222222222222
14107,13930,5,60,32.142857142857146
14107,13930,6,52,34.61538461538461
14107,13930,7,65,15.384615384615385
14107,14004,1,5,20.0
14107,14004,5,2,0.0
14107,14057,1,46,15.217391304347828
14107,14057,2,35,20.0
14107,14057,3,32,12.5
14107,14057,4,35,34.285714285714285
14107,14057,5,40,26.31578947368421
14107,14057,6,32,9.67741935483871
14107,14057,7,36,22.22222222222222
14107,14100,1,26,7.6923076923076925
14107,14100,2,26,0.0
14107,14100,3,19,26.31578947368421
14107,14100,4,23,21.73913043478261
14107,14100,5,20,5.555555555555555
14107,14100,6,20,0.0
14107,14100,7,25,16.0
14107,14122,1,10,0.0
14107,14122,2,10,10.0
14107,14122,3,8,12.5
14107,14122,4,8,37.5
14107,14122,5,8,28.57142857142857
14107,14122,6,8,0.0
14107,14122,7,8,0.0
14107,14252,1,10,0.0
14107,14252,2,6,0.0
14107,14252,3,4,0.0
14107,14252,4,7,42.857142857142854
14107,14252,5,4,25.0
14107,14252,6,4,25.0
14107,14252,7,8,25.0
14107,14262,1,16,31.25
14107,14262,2,15,6.666666666666667
14107,14262,3,12,8.333333333333332
14107,14262,4,15,46.666666666666664
14107,14262,5,12,27.27272727272727
14107,14262,6,12,18.181818181818183
14107,14262,7,12,8.333333333333332
14107,14314,1,5,20.0
14107,14314,4,4,50.0
14107,14314,5,4,25.0
14107,14314,7,4,0.0
14107,14489,1,10,10.0
14107,14489,2,10,0.0
14107,14489,3,8,12.5
14107,14489,4,8,12.5
14107,14489,5,8,50.0
14107,14489,6,8,25.0
14107,14489,7,8,12.5
14107,14492,1,10,40.0
14107,14492,2,5,40.0
14107,14492,3,4,25.0
14107,14492,4,8,12.5
14107,14492,5,8,37.5
14107,14492,6,8,25.0
14107,14492,7,8,0.0
14107,14570,1,36,8.333333333333332
14107,14570,2,26,15.384615384615385
14107,14570,3,20,20.0
14107,14570,4,27,25.925925925925924
14107,14570,5,24,33.33333333333333
14107,14570,6,16,13.333333333333334
14107,14570,7,20,15.0
14107,14674,1,5,0.0
14107,14674,2,5,0.0
14107,14674,3,4,0.0
14107,14674,4,4,25.0
14107,14674,5,4,33.33333333333333
14107,14674,6,4,25.0
14107,14674,7,4,25.0
14107,14679,1,91,23.076923076923077
14107,14679,2,75,10.666666666666668
14107,14679,3,63,8.19672131147541
14107,14679,4,79,40.50632911392405
14107,14679,5,76,28.985507246376812
14107,14679,6,47,19.148936170212767
14107,14679,7,68,14.705882352941178
14107,14683,1,35,17.142857142857142
14107,14683,2,25,12.0
14107,14683,3,20,10.0
14107,14683,4,27,25.925925925925924
14107,14683,5,24,18.181818181818183
14107,14683,6,16,25.0
14107,14683,7,24,12.5
14107,14689,1,15,20.0
14107,14689,2,15,20.0
14107,14689,3,12,25.0
14107,14689,4,12,16.666666666666664
14107,14689,5,12,40.0
14107,14689,6,8,12.5
14107,14689,7,16,0.0
14107,14698,1,12,16.666666666666664
14107,14698,2,12,0.0
14107,14698,3,11,18.181818181818183
14107,14698,4,12,25.0
14107,14698,5,12,30.0
14107,14698,6,12,8.333333333333332
14107,14698,7,12,8.333333333333332
14107,14716,1,5,40.0
14107,14716,5,4,75.0
14107,14730,1,5,0.0
14107,14730,2,5,60.0
14107,14730,3,4,50.0
14107,14730,4,4,0.0
14107,14730,5,4,25.0
14107,14730,6,4,25.0
14107,14730,7,4,0.0
14107,14747,1,100,12.121212121212121
14107,14747,2,84,15.476190476190476
14107,14747,3,70,10.0
14107,14747,4,78,19.230769230769234
14107,14747,5,73,29.577464788732392
14107,14747,6,67,7.462686567164178
14107,14747,7,72,13.88888888888889
14107,14771,1,64,25.0
14107,14771,2,46,15.217391304347828
14107,14771,3,44,11.363636363636363
14107,14771,4,51,35.294117647058826
14107,14771,5,48,31.11111111111111
14107,14771,6,41,25.0
14107,14771,7,48,16.666666666666664
14107,14794,1,10,20.0
14107,14794,2,6,0.0
14107,14794,3,4,25.0
14107,14794,4,7,0.0
14107,14794,5,4,50.0
14107,14794,6,4,25.0
14107,14794,7,8,12.5
14107,14831,1,36,5.555555555555555
14107,14831,2,30,3.3333333333333335
14107,14831,3,24,4.166666666666666
14107,14831,4,31,16.129032258064516
14107,14831,5,28,8.0
14107,14831,6,20,15.0
14107,14831,7,32,18.75
14107,14869,1,71,16.901408450704224
14107,14869,2,68,4.411764705882353
14107,14869,3,54,0.0
14107,14869,4,59,22.033898305084744
14107,14869,5,58,19.642857142857142
14107,14869,6,44,15.909090909090908
14107,14869,7,59,15.254237288135593
14107,14893,1,41,19.51219512195122
14107,14893,2,40,10.0
14107,14893,3,32,9.375
14107,14893,4,35,17.142857142857142
14107,14893,5,33,13.793103448275861
14107,14893,6,24,12.5
14107,14893,7,36,19.444444444444446
14107,14908,1,70,25.71428571428571
14107,14908,2,46,10.869565217391305
14107,14908,3,40,2.5
14107,14908,4,59,27.11864406779661
14107,14908,5,52,24.489795918367346
14107,14908,6,32,21.875
14107,14908,7,52,26.923076923076923
14107,15016,1,30,13.333333333333334
14107,15016,2,25,8.0
14107,15016,3,21,4.761904761904762
14107,15016,4,23,30.434782608695656
14107,15016,5,20,22.22222222222222
14107,15016,6,16,18.75
14107,15016,7,24,25.0
14107,15023,1,10,30.0
14107,15023,2,10,0.0
14107,15023,3,8,12.5
14107,15023,4,8,12.5
14107,15023,5,8,14.285714285714285
14107,15023,6,4,0.0
14107,15023,7,8,12.5
14107,15304,1,10,0.0
14107,15304,2,10,20.0
14107,15304,3,8,25.0
14107,15304,4,8,12.5
14107,15304,5,8,25.0
14107,15304,6,8,25.0
14107,15304,7,8,12.5
14107,15370,1,20,10.0
14107,15370,2,10,20.0
14107,15370,3,8,0.0
14107,15370,4,15,20.0
14107,15370,5,12,33.33333333333333
14107,15370,6,8,25.0
14107,15370,7,12,25.0
14107,15376,1,41,21.951219512195124
14107,15376,2,31,6.451612903225806
14107,15376,3,27,3.7037037037037033
14107,15376,4,34,17.647058823529413
14107,15376,5,28,12.5
14107,15376,6,28,17.857142857142858
14107,15376,7,28,35.714285714285715
14107,15412,4,4,75.0
14107,15412,7,4,25.0
14107,15919,1,10,20.0
14107,15919,2,10,10.0
14107,15919,3,8,0.0
14107,15919,4,8,0.0
14107,15919,5,8,25.0
14107,15919,6,8,12.5
14107,15919,7,8,12.5
14107,16218,1,15,13.333333333333334
14107,16218,2,14,7.142857142857142
14107,16218,3,12,8.333333333333332
14107,16218,4,12,25.0
14107,16218,5,12,18.181818181818183
14107,16218,6,12,25.0
14107,16218,7,12,8.333333333333332
14108,10466,2,5,0.0
14108,10466,4,4,25.0
14108,10466,7,4,25.0
14108,10693,1,5,0.0
14108,10693,5,4,0.0
14108,11057,1,10,20.0
14108,11057,2,10,0.0
14108,11057,3,8,12.5
14108,11057,4,8,12.5
14108,11057,5,8,25.0
14108,11057,6,8,25.0
14108,11057,7,8,37.5
14108,11292,1,10,0.0
14108,11292,2,5,0.0
14108,11292,3,4,0.0
14108,11292,4,4,25.0
14108,11292,5,8,12.5
14108,11292,6,4,0.0
14108,11292,7,4,25.0
14108,11298,1,15,26.666666666666668
14108,11298,2,15,0.0
14108,11298,3,12,33.33333333333333
14108,11298,4,12,8.333333333333332
14108,11298,5,12,33.33333333333333
14108,11298,6,12,8.333333333333332
14108,11298,7,12,0.0
14108,12889,1,5,0.0
14108,12889,5,4,50.0
14108,13930,1,31,12.903225806451612
14108,13930,2,31,16.129032258064516
14108,13930,3,22,18.181818181818183
14108,13930,4,23,30.434782608695656
14108,13930,5,25,16.0
14108,13930,6,19,16.666666666666664
14108,13930,7,28,28.57142857142857
14108,14082,1,5,0.0
14108,14082,5,4,25.0
14108,14112,4,4,0.0
14108,14112,7,4,0.0
14108,14761,1,1,0.0
14108,14761,3,4,25.0
14108,14761,6,4,0.0
14109,12266,1,10,0.0
14109,12266,2,5,20.0
14109,12266,3,8,12.5
14109,12266,4,8,0.0
14109,12266,5,8,0.0
14109,12266,6,4,0.0
14109,12266,7,8,25.0
14112,10135,1,5,0.0
14112,10135,4,4,25.0
14112,10135,5,4,0.0
14112,10135,7,4,50.0
14112,10257,1,5,0.0
14112,10257,5,4,0.0
14112,10408,1,5,0.0
14112,10408,5,4,0.0
14112,10431,1,10,20.0
14112,10431,2,1,0.0
14112,10431,3,4,0.0
14112,10431,4,4,0.0
14112,10431,5,8,37.5
14112,10431,6,4,25.0
14112,10431,7,4,0.0
14112,10581,2,5,0.0
14112,10581,4,4,0.0
14112,10581,6,4,0.0
14112,10581,7,4,0.0
14112,10676,1,5,40.0
14112,10676,3,4,0.0
14112,10676,5,4,100.0
14112,10685,1,5,0.0
14112,10685,5,4,25.0
14112,10874,1,5,20.0
14112,10874,5,4,75.0
14112,10980,4,4,50.0
14112,10980,7,4,75.0
14112,11003,4,4,0.0
14112,11003,7,4,0.0
14112,11109,1,5,0.0
14112,11109,5,4,0.0
14112,11193,1,5,20.0
14112,11193,2,1,100.0
14112,11193,3,4,0.0
14112,11193,4,4,50.0
14112,11193,5,4,50.0
14112,11193,6,4,0.0
14112,11193,7,4,0.0
14112,11267,1,5,0.0
14112,11267,5,4,25.0
14112,11423,1,5,0.0
14112,11423,5,4,0.0
14112,11537,4,4,0.0
14112,11537,7,4,0.0
14112,11612,4,4,0.0
14112,11612,7,4,25.0
14112,11624,1,5,0.0
14112,11624,3,4,0.0
14112,11624,4,4,0.0
14112,11624,5,4,25.0
14112,11624,6,4,0.0
14112,11624,7,4,0.0
14112,11721,1,5,20.0
14112,11721,4,4,25.0
14112,11721,5,4,0.0
14112,11721,7,4,25.0
14112,11823,1,5,0.0
14112,11823,5,4,25.0
14112,11986,1,5,20.0
14112,11986,3,1,0.0
14112,11986,4,4,0.0
14112,11986,5,4,50.0
14112,11986,7,4,0.0
14112,11995,1,5,0.0
14112,11995,5,4,50.0
14112,11996,1,5,20.0
14112,11996,5,4,25.0
14112,12223,1,5,20.0
14112,12223,3,4,25.0
14112,12223,5,4,25.0
14112,12265,4,4,25.0
14112,12265,7,4,25.0
14112,12278,1,1,0.0
14112,12339,1,2,0.0
14112,12339,3,1,0.0
14112,12339,4,4,0.0
14112,12339,5,1,0.0
14112,12339,7,4,0.0
14112,12544,1,4,50.0
14112,12544,2,1,100.0
14112,12544,4,4,25.0
14112,12544,5,4,25.0
14112,12544,7,4,25.0
14112,12917,2,1,100.0
14112,12917,4,4,0.0
14112,12917,7,4,0.0
14112,12945,2,2,50.0
14112,12945,4,4,25.0
14112,12945,6,1,100.0
14112,12945,7,4,75.0
14112,13230,1,5,20.0
14112,13230,5,4,25.0
14112,14108,4,4,0.0
14112,14108,7,4,0.0
14112,14122,1,5,20.0
14112,14122,5,4,50.0
14112,14512,1,5,20.0
14112,14512,5,4,0.0
14112,14524,1,1,0.0
14112,14574,4,4,0.0
14112,14574,7,4,50.0
14112,14696,1,1,0.0
14112,14696,3,4,0.0
14112,14696,6,4,0.0
14112,14730,1,5,20.0
14112,14730,5,4,25.0
14112,14730,6,1,0.0
14112,14783,1,1,0.0
14112,14783,2,4,0.0
14112,14783,4,4,25.0
14112,14783,7,4,25.0
14112,15070,4,4,0.0
14112,15070,7,4,0.0
14112,15096,2,1,0.0
14112,15096,4,4,0.0
14112,15096,7,4,0.0
14112,15295,4,4,0.0
14112,15295,7,4,25.0
14112,15412,1,9,11.11111111111111
14112,15412,2,1,0.0
14112,15412,3,4,0.0
14112,15412,4,5,20.0
14112,15412,5,7,57.14285714285714
14112,15412,6,8,12.5
14112,15412,7,5,0.0
14113,14869,1,5,0.0
14113,14869,2,5,0.0
14113,14869,3,4,0.0
14113,14869,4,4,25.0
14113,14869,5,4,25.0
14113,14869,6,4,0.0
14113,14869,7,4,0.0
14120,11292,1,10,20.0
14120,11292,2,5,40.0
14120,11292,3,4,25.0
14120,11292,4,8,25.0
14120,11292,5,8,14.285714285714285
14120,11292,6,8,28.57142857142857
14120,11292,7,8,12.5
14122,10397,1,41,7.317073170731707
14122,10397,2,38,0.0
14122,10397,3,30,0.0
14122,10397,4,34,2.941176470588235
14122,10397,5,34,5.88235294117647
14122,10397,6,24,4.166666666666666
14122,10397,7,34,8.823529411764707
14122,10423,1,5,0.0
14122,10423,2,5,0.0
14122,10423,3,4,0.0
14122,10423,4,4,75.0
14122,10423,5,4,25.0
14122,10423,7,4,25.0
14122,10693,1,15,20.0
14122,10693,2,15,6.666666666666667
14122,10693,3,12,16.666666666666664
14122,10693,4,16,12.5
14122,10693,5,12,8.333333333333332
14122,10693,6,8,12.5
14122,10693,7,16,12.5
14122,10721,1,39,33.33333333333333
14122,10721,2,29,27.586206896551722
14122,10721,3,23,50.0
14122,10721,4,30,53.57142857142857
14122,10721,5,30,26.666666666666668
14122,10721,6,19,0.0
14122,10721,7,27,29.629629629629626
14122,10821,1,15,6.666666666666667
14122,10821,2,15,6.666666666666667
14122,10821,3,12,0.0
14122,10821,4,12,8.333333333333332
14122,10821,5,12,8.333333333333332
14122,10821,6,12,16.666666666666664
14122,10821,7,8,0.0
14122,11057,1,26,11.538461538461538
14122,11057,2,21,4.761904761904762
14122,11057,3,16,18.75
14122,11057,4,23,4.3478260869565215
14122,11057,5,20,10.0
14122,11057,6,16,18.75
14122,11057,7,24,8.333333333333332
14122,11259,1,5,0.0
14122,11259,2,5,0.0
14122,11259,3,4,0.0
14122,11259,4,4,0.0
14122,11259,5,4,0.0
14122,11259,6,4,0.0
14122,11259,7,4,0.0
14122,11278,1,21,9.523809523809524
14122,11278,2,21,4.761904761904762
14122,11278,3,16,31.25
14122,11278,4,16,6.25
14122,11278,5,16,6.25
14122,11278,6,12,16.666666666666664
14122,11278,7,16,6.25
14122,11292,1,30,13.333333333333334
14122,11292,2,25,24.0
14122,11292,3,20,5.0
14122,11292,4,24,16.666666666666664
14122,11292,5,24,4.166666666666666
14122,11292,6,20,15.0
14122,11292,7,24,16.666666666666664
14122,11298,1,21,20.0
14122,11298,2,20,5.0
14122,11298,3,16,31.25
14122,11298,4,16,25.0
14122,11298,5,16,28.57142857142857
14122,11298,6,15,21.428571428571427
14122,11298,7,16,12.5
14122,11433,1,15,6.666666666666667
14122,11433,2,15,6.666666666666667
14122,11433,3,12,0.0
14122,11433,4,12,0.0
14122,11433,5,12,0.0
14122,11433,6,8,12.5
14122,11433,7,12,16.666666666666664
14122,11618,1,32,9.375
14122,11618,2,30,6.666666666666667
14122,11618,3,24,12.5
14122,11618,4,27,12.0
14122,11618,5,24,0.0
14122,11618,6,18,17.647058823529413
14122,11618,7,28,7.142857142857142
14122,11624,1,1,0.0
14122,11697,1,13,23.076923076923077
14122,11697,2,9,11.11111111111111
14122,11697,3,7,0.0
14122,11697,4,12,8.333333333333332
14122,11697,5,12,25.0
14122,11697,6,8,12.5
14122,11697,7,12,25.0
14122,12191,1,5,0.0
14122,12191,2,5,0.0
14122,12191,3,4,0.0
14122,12191,4,4,0.0
14122,12191,5,4,25.0
14122,12191,7,4,0.0
14122,12264,1,20,10.0
14122,12264,2,20,5.0
14122,12264,3,16,6.25
14122,12264,4,16,6.25
14122,12264,5,15,6.666666666666667
14122,12264,6,8,12.5
14122,12264,7,16,12.5
14122,12266,1,10,0.0
14122,12266,2,6,16.666666666666664
14122,12266,3,4,0.0
14122,12266,4,8,12.5
14122,12266,5,8,12.5
14122,12266,6,5,0.0
14122,12266,7,8,12.5
14122,12451,4,4,25.0
14122,12451,7,4,0.0
14122,12478,1,29,10.344827586206897
14122,12478,2,29,13.793103448275861
14122,12478,3,24,8.333333333333332
14122,12478,4,24,20.833333333333336
14122,12478,5,24,20.833333333333336
14122,12478,6,24,13.043478260869565
14122,12478,7,24,12.5
14122,12889,1,14,14.285714285714285
14122,12889,2,15,20.0
14122,12889,3,11,0.0
14122,12889,4,12,25.0
14122,12889,5,12,33.33333333333333
14122,12889,6,12,25.0
14122,12889,7,12,8.333333333333332
14122,12892,1,5,20.0
14122,12892,3,4,0.0
14122,12892,4,4,25.0
14122,12892,5,4,0.0
14122,12892,6,4,75.0
14122,12892,7,4,0.0
14122,12953,1,54,11.11111111111111
14122,12953,2,54,5.555555555555555
14122,12953,3,44,15.909090909090908
14122,12953,4,44,27.500000000000004
14122,12953,5,42,9.75609756097561
14122,12953,6,12,9.090909090909092
14122,12953,7,44,18.181818181818183
14122,13204,1,25,20.0
14122,13204,2,19,10.526315789473683
14122,13204,3,15,6.666666666666667
14122,13204,4,20,20.0
14122,13204,5,24,25.0
14122,13204,6,24,16.666666666666664
14122,13204,7,24,12.5
14122,13232,1,20,20.0
14122,13232,2,20,15.0
14122,13232,3,16,12.5
14122,13232,4,16,18.75
14122,13232,5,16,6.25
14122,13232,6,8,25.0
14122,13232,7,16,0.0
14122,13303,1,5,0.0
14122,13303,2,5,0.0
14122,13303,3,4,25.0
14122,13303,4,4,0.0
14122,13303,5,4,0.0
14122,13303,6,4,0.0
14122,13303,7,4,25.0
14122,13487,1,13,0.0
14122,13487,2,13,0.0
14122,13487,3,10,10.0
14122,13487,4,11,9.090909090909092
14122,13487,5,11,18.181818181818183
14122,13487,6,5,0.0
14122,13487,7,11,18.181818181818183
14122,13577,1,10,20.0
14122,13577,2,4,0.0
14122,13577,3,3,0.0
14122,13577,4,8,0.0
14122,13577,5,8,28.57142857142857
14122,13577,6,8,0.0
14122,13577,7,12,0.0
14122,13930,1,64,9.375
14122,13930,2,55,21.818181818181817
14122,13930,3,44,20.454545454545457
14122,13930,4,48,16.666666666666664
14122,13930,5,41,12.195121951219512
14122,13930,6,40,28.205128205128204
14122,13930,7,53,18.867924528301888
14122,14027,1,5,20.0
14122,14027,5,4,0.0
14122,14082,4,4,0.0
14122,14082,7,4,0.0
14122,14100,1,21,23.809523809523807
14122,14100,2,20,10.0
14122,14100,3,16,18.75
14122,14100,4,20,35.0
14122,14100,5,17,35.294117647058826
14122,14100,6,8,12.5
14122,14100,7,20,35.0
14122,14107,1,10,40.0
14122,14107,2,10,10.0
14122,14107,3,8,25.0
14122,14107,4,8,25.0
14122,14107,5,8,25.0
14122,14107,6,8,12.5
14122,14107,7,8,0.0
14122,14112,1,5,20.0
14122,14112,5,4,25.0
14122,14492,1,10,0.0
14122,14492,2,10,20.0
14122,14492,3,8,12.5
14122,14492,4,8,37.5
14122,14492,5,8,12.5
14122,14492,6,8,12.5
14122,14492,7,8,12.5
14122,14635,1,5,0.0
14122,14635,2,5,0.0
14122,14635,3,4,0.0
14122,14635,4,4,25.0
14122,14635,5,4,0.0
14122,14635,6,4,25.0
14122,14635,7,4,0.0
14122,14685,1,5,0.0
14122,14685,5,4,0.0
14122,14747,1,10,20.0
14122,14747,2,10,0.0
14122,14747,3,8,12.5
14122,14747,4,4,75.0
14122,14747,5,8,0.0
14122,14747,6,8,12.5
14122,14747,7,4,25.0
14122,14761,4,4,50.0
14122,14761,7,4,50.0
14122,14771,1,10,10.0
14122,14771,2,5,20.0
14122,14771,3,8,0.0
14122,14771,4,8,0.0
14122,14771,5,8,0.0
14122,14771,6,4,0.0
14122,14771,7,8,12.5
14122,14869,1,5,20.0
14122,14869,2,5,0.0
14122,14869,3,4,25.0
14122,14869,4,4,0.0
14122,14869,5,4,25.0
14122,14869,6,4,25.0
14122,14869,7,4,25.0
14122,14986,4,4,75.0
14122,14986,6,4,0.0
14122,14986,7,4,25.0
14122,15016,1,5,0.0
14122,15016,2,5,0.0
14122,15016,3,4,0.0
14122,15016,4,4,25.0
14122,15016,5,4,25.0
14122,15016,6,4,0.0
14122,15016,7,8,12.5
14122,15304,1,10,10.0
14122,15304,2,5,0.0
14122,15304,3,4,0.0
14122,15304,4,12,8.333333333333332
14122,15304,5,8,0.0
14122,15304,6,12,0.0
14122,15304,7,12,0.0
14122,15624,1,5,0.0
14122,15624,5,4,0.0
14150,11433,1,10,10.0
14150,11433,2,10,0.0
14150,11433,3,8,12.5
14150,11433,4,8,12.5
14150,11433,5,8,0.0
14150,11433,6,8,0.0
14150,11433,7,8,12.5
14150,13930,1,5,60.0
14150,13930,2,6,33.33333333333333
14150,13930,3,5,0.0
14150,13930,4,5,20.0
14150,13930,5,5,0.0
14150,13930,6,6,40.0
14150,13930,7,6,33.33333333333333
14193,10397,1,38,0.0
14193,10397,2,35,0.0
14193,10397,3,28,3.571428571428571
14193,10397,4,31,3.225806451612903
14193,10397,5,31,6.451612903225806
14193,10397,6,28,3.571428571428571
14193,10397,7,31,0.0
14193,10693,1,15,6.666666666666667
14193,10693,2,15,6.666666666666667
14193,10693,3,12,0.0
14193,10693,4,12,16.666666666666664
14193,10693,5,12,25.0
14193,10693,6,8,12.5
14193,10693,7,8,0.0
14193,11057,1,22,9.090909090909092
14193,11057,2,21,0.0
14193,11057,3,16,25.0
14193,11057,4,22,4.545454545454546
14193,11057,5,16,12.5
14193,11057,6,16,6.25
14193,11057,7,24,12.5
14193,11259,1,5,0.0
14193,11259,2,5,0.0
14193,11259,3,4,25.0
14193,11259,4,4,0.0
14193,11259,5,4,0.0
14193,11259,6,8,12.5
14193,11259,7,4,0.0
14193,11278,1,15,6.666666666666667
14193,11278,2,15,20.0
14193,11278,3,12,50.0
14193,11278,4,12,33.33333333333333
14193,11278,5,12,25.0
14193,11278,6,12,0.0
14193,11278,7,12,8.333333333333332
14193,11292,1,6,50.0
14193,11292,2,1,0.0
14193,11292,4,3,66.66666666666666
14193,11292,5,5,60.0
14193,11292,6,12,25.0
14193,11292,7,8,37.5
14193,11298,1,21,33.33333333333333
14193,11298,2,20,20.0
14193,11298,3,16,25.0
14193,11298,4,19,15.789473684210526
14193,11298,5,16,12.5
14193,11298,6,16,13.333333333333334
14193,11298,7,20,5.263157894736842
14193,11433,1,1,0.0
14193,11433,5,4,0.0
14193,11433,6,4,0.0
14193,11433,7,4,0.0
14193,11697,1,5,40.0
14193,11697,2,5,40.0
14193,11697,3,4,0.0
14193,11697,4,4,25.0
14193,11697,5,4,25.0
14193,11697,6,4,0.0
14193,11697,7,4,50.0
14193,12191,1,5,20.0
14193,12191,2,5,0.0
14193,12191,3,4,25.0
14193,12191,4,4,0.0
14193,12191,5,4,25.0
14193,12191,6,4,25.0
14193,12191,7,4,0.0
14193,12266,1,10,20.0
14193,12266,2,10,0.0
14193,12266,3,8,12.5
14193,12266,4,8,25.0
14193,12266,5,8,12.5
14193,12266,6,8,0.0
14193,12266,7,8,12.5
14193,13198,1,5,0.0
14193,13198,4,4,25.0
14193,13198,5,4,50.0
14193,13198,6,4,50.0
14193,13198,7,4,0.0
14193,13204,1,5,0.0
14193,13204,2,5,0.0
14193,13204,3,4,0.0
14193,13204,4,4,0.0
14193,13204,5,4,0.0
14193,13204,7,4,75.0
14193,13232,6,4,0.0
14193,13303,1,16,12.5
14193,13303,2,15,13.333333333333334
14193,13303,3,12,8.333333333333332
14193,13303,4,12,8.333333333333332
14193,13303,5,12,33.33333333333333
14193,13303,6,8,0.0
14193,13303,7,12,0.0
14193,13930,1,5,20.0
14193,13930,2,5,20.0
14193,13930,3,4,25.0
14193,13930,4,4,0.0
14193,13930,5,4,50.0
14193,13930,6,4,25.0
14193,13930,7,4,0.0
14193,14100,1,6,0.0
14193,14100,2,6,0.0
14193,14100,3,4,50.0
14193,14100,4,4,25.0
14193,14100,5,4,0.0
14193,14100,6,4,25.0
14193,14100,7,4,0.0
14193,15016,1,5,0.0
14193,15016,2,5,20.0
14193,15016,3,4,0.0
14193,15016,4,4,0.0
14193,15016,5,4,0.0
14193,15016,6,4,25.0
14193,15016,7,4,0.0
14222,12173,1,5,0.0
14222,12173,2,5,0.0
14222,12173,4,4,25.0
14231,10721,1,5,0.0
14231,10721,2,5,0.0
14231,10721,3,4,0.0
14231,10721,4,4,0.0
14231,10721,5,4,25.0
14231,10721,6,4,0.0
14231,10721,7,4,0.0
14237,11292,1,5,0.0
14237,11292,2,5,60.0
14237,11292,3,4,0.0
14237,11292,4,4,0.0
14237,11292,5,4,0.0
14237,11292,6,4,0.0
14237,11292,7,4,0.0
14237,12892,1,5,20.0
14237,12892,2,5,0.0
14237,12892,3,4,0.0
14237,12892,4,4,25.0
14237,12892,5,4,0.0
14237,12892,6,4,50.0
14237,12892,7,4,0.0
14252,10466,4,4,0.0
14252,10466,7,4,25.0
14252,11292,1,10,10.0
14252,11292,2,10,10.0
14252,11292,3,8,0.0
14252,11292,4,8,25.0
14252,11292,5,8,12.5
14252,11292,6,8,0.0
14252,11292,7,8,0.0
14252,12889,1,5,0.0
14252,12889,5,4,100.0
14252,12892,1,5,0.0
14252,12892,2,5,0.0
14252,12892,3,4,0.0
14252,12892,4,4,0.0
14252,12892,5,4,0.0
14252,12892,6,4,25.0
14252,12892,7,4,0.0
14252,13487,1,5,20.0
14252,13487,2,5,0.0
14252,13487,3,4,0.0
14252,13487,4,4,25.0
14252,13487,5,4,50.0
14252,13487,6,4,0.0
14252,13487,7,4,0.0
14252,14107,1,10,10.0
14252,14107,2,6,0.0
14252,14107,3,4,0.0
14252,14107,4,7,0.0
14252,14107,5,4,0.0
14252,14107,6,4,0.0
14252,14107,7,8,25.0
14252,14747,1,30,10.0
14252,14747,2,25,12.0
14252,14747,3,20,5.0
14252,14747,4,24,16.666666666666664
14252,14747,5,24,16.666666666666664
14252,14747,6,20,5.0
14252,14747,7,24,16.666666666666664
14252,14771,1,9,11.11111111111111
14252,14771,2,6,16.666666666666664
14252,14771,3,8,0.0
14252,14771,4,8,12.5
14252,14771,5,8,0.0
14252,14771,6,5,0.0
14252,14771,7,5,0.0
14252,14869,1,16,0.0
14252,14869,2,15,6.666666666666667
14252,14869,3,12,0.0
14252,14869,4,12,0.0
14252,14869,5,12,0.0
14252,14869,6,12,8.333333333333332
14252,14869,7,13,0.0
14254,12478,1,1,0.0
14254,12478,2,1,0.0
14254,13204,1,9,0.0
14254,13204,2,5,0.0
14254,13204,3,4,0.0
14254,13204,4,8,0.0
14254,13204,5,8,0.0
14254,13204,6,4,0.0
14254,13204,7,8,0.0
14256,12523,1,5,40.0
14256,12523,2,5,20.0
14256,12523,3,4,25.0
14256,12523,4,4,25.0
14256,12523,5,4,66.66666666666666
14256,12523,6,4,25.0
14256,12523,7,4,33.33333333333333
14256,15841,1,5,0.0
14256,15841,2,5,0.0
14256,15841,3,4,25.0
14256,15841,4,4,25.0
14256,15841,5,4,0.0
14256,15841,6,4,25.0
14256,15841,7,4,0.0
14259,14082,1,5,20.0
14259,14082,5,4,0.0
14259,14082,6,4,0.0
14259,14761,4,4,25.0
14259,14761,7,4,25.0
14262,11292,1,26,30.76923076923077
14262,11292,2,21,14.285714285714285
14262,11292,3,16,6.25
14262,11292,4,17,23.52941176470588
14262,11292,5,21,19.047619047619047
14262,11292,6,17,11.76470588235294
14262,11292,7,20,5.0
14262,11298,1,10,20.0
14262,11298,2,10,0.0
14262,11298,3,8,37.5
14262,11298,4,8,0.0
14262,11298,5,8,25.0
14262,11298,6,8,42.857142857142854
14262,11298,7,8,37.5
14262,12889,1,5,0.0
14262,12889,2,5,0.0
14262,12889,3,4,0.0
14262,12889,4,4,25.0
14262,12889,5,4,25.0
14262,12889,6,4,25.0
14262,12889,7,8,25.0
14262,12892,1,5,0.0
14262,12892,2,5,20.0
14262,12892,3,4,0.0
14262,12892,4,4,25.0
14262,12892,5,4,0.0
14262,12892,6,4,0.0
14262,12892,7,4,25.0
14262,13796,1,5,20.0
14262,13796,4,4,0.0
14262,13796,5,4,0.0
14262,13796,7,4,25.0
14262,13930,1,1,0.0
14262,13930,2,1,0.0
14262,13930,4,1,0.0
14262,13930,5,1,0.0
14262,13930,6,1,0.0
14262,13930,7,1,0.0
14262,14057,1,5,0.0
14262,14057,2,5,0.0
14262,14057,3,4,0.0
14262,14057,4,4,0.0
14262,14057,5,4,0.0
14262,14057,6,4,0.0
14262,14057,7,4,0.0
14262,14107,1,16,43.75
14262,14107,2,15,0.0
14262,14107,3,12,25.0
14262,14107,4,15,33.33333333333333
14262,14107,5,12,0.0
14262,14107,6,12,33.33333333333333
14262,14107,7,12,0.0
14262,14747,1,15,0.0
14262,14747,2,15,0.0
14262,14747,3,12,16.666666666666664
14262,14747,4,12,16.666666666666664
14262,14747,5,12,0.0
14262,14747,6,12,8.333333333333332
14262,14747,7,12,0.0
14262,14771,1,31,25.806451612903224
14262,14771,2,31,16.129032258064516
14262,14771,3,24,25.0
14262,14771,4,25,24.0
14262,14771,5,29,37.93103448275862
14262,14771,6,22,18.181818181818183
14262,14771,7,29,44.827586206896555
14262,14869,1,15,0.0
14262,14869,2,14,0.0
14262,14869,3,11,0.0
14262,14869,4,11,9.090909090909092
14262,14869,5,11,0.0
14262,14869,6,11,18.181818181818183
14262,14869,7,12,0.0
14262,14893,1,5,40.0
14262,14893,2,5,20.0
14262,14893,3,4,50.0
14262,14893,4,4,50.0
14262,14893,5,4,0.0
14262,14893,6,4,25.0
14262,14893,7,4,25.0
14307,10397,1,15,6.666666666666667
14307,10397,2,14,0.0
14307,10397,3,11,0.0
14307,10397,4,11,0.0
14307,10397,5,11,9.090909090909092
14307,10397,6,8,25.0
14307,10397,7,12,16.666666666666664
14307,10693,1,5,0.0
14307,10693,2,5,0.0
14307,10693,3,4,0.0
14307,10693,4,4,0.0
14307,10693,5,4,0.0
14307,10693,6,4,0.0
14307,10693,7,4,0.0
14307,10821,1,30,3.3333333333333335
14307,10821,2,30,10.0
14307,10821,3,24,0.0
14307,10821,4,24,20.833333333333336
14307,10821,5,24,4.166666666666666
14307,10821,6,16,12.5
14307,10821,7,24,25.0
14307,11057,1,21,9.523809523809524
14307,11057,2,21,4.761904761904762
14307,11057,3,16,18.75
14307,11057,4,19,11.11111111111111
14307,11057,5,16,12.5
14307,11057,6,16,12.5
14307,11057,7,20,5.0
14307,11278,1,39,20.51282051282051
14307,11278,2,39,7.6923076923076925
14307,11278,3,32,43.75
14307,11278,4,32,23.333333333333332
14307,11278,5,32,15.625
14307,11278,6,20,15.0
14307,11278,7,28,21.428571428571427
14307,11292,1,5,20.0
14307,11292,2,5,40.0
14307,11292,3,4,0.0
14307,11292,4,4,0.0
14307,11292,5,4,25.0
14307,11292,6,4,0.0
14307,11292,7,4,25.0
14307,11433,1,15,13.333333333333334
14307,11433,2,14,28.57142857142857
14307,11433,3,11,0.0
14307,11433,4,11,18.181818181818183
14307,11433,5,11,18.181818181818183
14307,11433,6,8,25.0
14307,11433,7,12,33.33333333333333
14307,11697,1,5,40.0
14307,11697,2,1,0.0
14307,11697,4,4,25.0
14307,11697,5,4,75.0
14307,11697,6,4,50.0
14307,11697,7,4,25.0
14307,12264,1,5,0.0
14307,12264,2,5,40.0
14307,12264,3,4,0.0
14307,12264,4,4,25.0
14307,12264,5,1,0.0
14307,12264,6,4,33.33333333333333
14307,12264,7,1,0.0
14307,12478,1,5,0.0
14307,12478,2,5,0.0
14307,12478,3,4,0.0
14307,12478,4,4,0.0
14307,12478,5,4,0.0
14307,12478,6,4,25.0
14307,12478,7,4,0.0
14307,13204,1,16,6.25
14307,13204,2,16,12.5
14307,13204,3,12,16.666666666666664
14307,13204,4,12,8.333333333333332
14307,13204,5,12,16.666666666666664
14307,13204,6,12,8.333333333333332
14307,13204,7,12,33.33333333333333
14307,13232,1,15,13.333333333333334
14307,13232,2,15,0.0
14307,13232,3,12,8.333333333333332
14307,13232,4,12,0.0
14307,13232,5,12,8.333333333333332
14307,13232,6,8,12.5
14307,13232,7,12,0.0
14307,13487,1,2,0.0
14307,13487,2,1,0.0
14307,13487,3,1,0.0
14307,13487,4,1,0.0
14307,13487,5,1,0.0
14307,13487,6,1,0.0
14307,13487,7,1,100.0
14307,13930,1,21,28.57142857142857
14307,13930,2,19,31.57894736842105
14307,13930,3,17,29.411764705882355
14307,13930,4,17,29.411764705882355
14307,13930,5,17,23.52941176470588
14307,13930,6,16,40.0
14307,13930,7,17,29.411764705882355
14307,14027,1,5,40.0
14307,14027,2,1,100.0
14307,14027,4,4,0.0
14307,14027,5,4,25.0
14307,14027,7,4,75.0
14307,14082,4,4,75.0
14307,14082,7,4,75.0
14307,14100,1,15,13.333333333333334
14307,14100,2,14,14.285714285714285
14307,14100,3,11,36.36363636363637
14307,14100,4,12,33.33333333333333
14307,14100,5,12,16.666666666666664
14307,14100,6,8,12.5
14307,14100,7,12,18.181818181818183
14307,14843,1,5,0.0
14307,14843,2,5,0.0
14307,14843,3,1,0.0
14307,14843,5,4,0.0
14307,14843,6,4,0.0
14307,14843,7,4,25.0
14307,15304,1,10,0.0
14307,15304,2,6,16.666666666666664
14307,15304,3,4,0.0
14307,15304,4,8,0.0
14307,15304,5,8,0.0
14307,15304,6,8,12.5
14307,15304,7,8,37.5
14314,10423,4,4,0.0
14314,10423,7,4,0.0
14314,10466,1,10,0.0
14314,10466,2,5,0.0
14314,10466,3,4,0.0
14314,10466,4,8,12.5
14314,10466,5,8,0.0
14314,10466,6,4,0.0
14314,10466,7,8,0.0
14314,10693,1,5,0.0
14314,10693,5,4,0.0
14314,11298,1,10,10.0
14314,11298,2,10,30.0
14314,11298,3,8,12.5
14314,11298,4,8,25.0
14314,11298,5,8,14.285714285714285
14314,11298,6,8,12.5
14314,11298,7,8,25.0
14314,12191,4,4,25.0
14314,12191,7,4,0.0
14314,14057,1,5,0.0
14314,14057,5,4,0.0
14314,14107,1,5,20.0
14314,14107,4,4,50.0
14314,14107,5,4,25.0
14314,14107,7,4,25.0
14314,14679,1,1,0.0
14314,14908,1,5,0.0
14314,14908,3,4,50.0
14314,14908,4,4,0.0
14314,14908,5,4,0.0
14314,14908,6,4,0.0
14314,14908,7,4,0.0
14321,10397,1,10,20.0
14321,10397,2,10,0.0
14321,10397,3,8,12.5
14321,10397,4,8,12.5
14321,10397,5,8,0.0
14321,10397,6,9,22.22222222222222
14321,10397,7,8,0.0
14321,10693,1,5,0.0
14321,10693,2,5,0.0
14321,10693,3,4,50.0
14321,10693,4,4,25.0
14321,10693,5,4,0.0
14321,10693,6,4,0.0
14321,10693,7,4,0.0
14321,10821,1,21,14.285714285714285
14321,10821,2,20,10.0
14321,10821,3,16,0.0
14321,10821,4,16,6.25
14321,10821,5,16,0.0
14321,10821,6,16,25.0
14321,10821,7,16,6.25
14321,11057,1,15,6.666666666666667
14321,11057,2,10,10.0
14321,11057,3,8,0.0
14321,11057,4,12,0.0
14321,11057,5,12,8.333333333333332
14321,11057,6,12,25.0
14321,11057,7,12,8.333333333333332
14321,11278,1,20,15.0
14321,11278,2,20,25.0
14321,11278,3,16,31.25
14321,11278,4,16,25.0
14321,11278,5,16,31.25
14321,11278,6,12,25.0
14321,11278,7,16,25.0
14321,11292,1,5,20.0
14321,11292,2,5,40.0
14321,11292,3,4,0.0
14321,11292,4,4,0.0
14321,11292,5,4,25.0
14321,11292,6,4,50.0
14321,11292,7,4,0.0
14321,11298,1,5,20.0
14321,11298,2,5,0.0
14321,11298,3,4,0.0
14321,11298,4,4,0.0
14321,11298,5,4,0.0
14321,11298,6,4,0.0
14321,11298,7,4,0.0
14321,11433,1,10,0.0
14321,11433,2,10,0.0
14321,11433,3,8,12.5
14321,11433,4,8,12.5
14321,11433,5,8,25.0
14321,11433,6,8,37.5
14321,11433,7,8,25.0
14321,11618,1,21,14.285714285714285
14321,11618,2,20,5.0
14321,11618,3,16,0.0
14321,11618,4,17,35.294117647058826
14321,11618,5,17,6.25
14321,11618,6,11,30.0
14321,11618,7,14,15.384615384615385
14321,12264,1,16,6.25
14321,12264,2,15,6.666666666666667
14321,12264,3,12,8.333333333333332
14321,12264,4,13,30.76923076923077
14321,12264,5,13,15.384615384615385
14321,12264,6,12,27.27272727272727
14321,12264,7,13,23.076923076923077
14321,12266,6,1,0.0
14321,12478,1,10,0.0
14321,12478,2,10,10.0
14321,12478,3,5,20.0
14321,12478,4,4,25.0
14321,12478,5,8,0.0
14321,12478,6,8,12.5
14321,12478,7,4,25.0
14321,12953,1,15,0.0
14321,12953,2,15,0.0
14321,12953,3,12,8.333333333333332
14321,12953,4,12,18.181818181818183
14321,12953,5,12,8.333333333333332
14321,12953,6,8,37.5
14321,12953,7,12,25.0
14321,13232,1,5,0.0
14321,13232,2,5,20.0
14321,13232,3,4,0.0
14321,13232,4,4,0.0
14321,13232,5,4,0.0
14321,13232,6,4,25.0
14321,13232,7,4,0.0
14321,13487,1,5,0.0
14321,13487,2,5,0.0
14321,13487,3,4,0.0
14321,13487,4,4,0.0
14321,13487,5,4,0.0
14321,13487,6,4,0.0
14321,13487,7,4,0.0
14321,13930,1,30,20.0
14321,13930,2,25,12.0
14321,13930,3,20,25.0
14321,13930,4,23,18.181818181818183
14321,13930,5,24,29.166666666666668
14321,13930,6,19,33.33333333333333
14321,13930,7,24,20.833333333333336
14321,14100,1,20,20.0
14321,14100,2,16,0.0
14321,14100,3,12,8.333333333333332
14321,14100,4,15,26.666666666666668
14321,14100,5,15,6.666666666666667
14321,14100,6,8,12.5
14321,14100,7,16,31.25
14457,10397,6,1,0.0
14457,10466,1,5,0.0
14457,10466,3,4,25.0
14457,10466,5,4,50.0
14457,11057,1,5,0.0
14457,11057,2,5,0.0
14457,11057,3,4,25.0
14457,11057,4,4,25.0
14457,11057,5,4,0.0
14457,11057,6,4,0.0
14457,11057,7,4,25.0
14457,11292,1,45,20.0
14457,11292,2,45,17.77777777777778
14457,11292,3,36,16.666666666666664
14457,11292,4,36,13.88888888888889
14457,11292,5,36,19.444444444444446
14457,11292,6,28,21.428571428571427
14457,11292,7,36,13.88888888888889
14457,11298,1,15,20.0
14457,11298,2,15,20.0
14457,11298,3,12,16.666666666666664
14457,11298,4,12,8.333333333333332
14457,11298,5,12,9.090909090909092
14457,11298,6,12,8.333333333333332
14457,11298,7,12,8.333333333333332
14457,12889,4,4,50.0
14457,12889,7,4,25.0
14457,13487,1,3,0.0
14457,13487,2,3,0.0
14457,13487,3,2,0.0
14457,13487,4,3,33.33333333333333
14457,13487,5,3,0.0
14457,13487,6,1,0.0
14457,13487,7,3,0.0
14457,13930,1,15,6.666666666666667
14457,13930,2,11,18.181818181818183
14457,13930,3,8,0.0
14457,13930,4,11,0.0
14457,13930,5,8,12.5
14457,13930,6,9,25.0
14457,13930,7,12,50.0
14487,11292,1,4,0.0
14487,11292,2,3,33.33333333333333
14487,11292,3,3,33.33333333333333
14487,11292,4,3,33.33333333333333
14487,11292,5,3,0.0
14487,11292,6,3,33.33333333333333
14487,11292,7,3,0.0
14487,12892,1,4,0.0
14487,12892,2,3,0.0
14487,12892,3,3,0.0
14487,12892,4,3,0.0
14487,12892,5,3,0.0
14487,12892,6,3,0.0
14487,12892,7,3,33.33333333333333
14487,14747,1,4,0.0
14487,14747,2,3,0.0
14487,14747,3,3,33.33333333333333
14487,14747,4,3,0.0
14487,14747,5,3,33.33333333333333
14487,14747,6,3,0.0
14487,14747,7,3,0.0
14487,14771,1,12,33.33333333333333
14487,14771,2,9,11.11111111111111
14487,14771,3,9,33.33333333333333
14487,14771,4,9,11.11111111111111
14487,14771,5,9,22.22222222222222
14487,14771,6,6,0.0
14487,14771,7,9,33.33333333333333
14489,11292,1,10,20.0
14489,11292,2,10,40.0
14489,11292,3,8,0.0
14489,11292,4,8,12.5
14489,11292,5,8,12.5
14489,11292,6,8,37.5
14489,11292,7,8,12.5
14489,11298,1,1,0.0
14489,11298,2,1,100.0
14489,12892,1,5,0.0
14489,12892,2,5,0.0
14489,12892,3,4,0.0
14489,12892,4,4,25.0
14489,12892,5,4,0.0
14489,12892,6,4,50.0
14489,12892,7,4,0.0
14489,14107,1,10,0.0
14489,14107,2,10,0.0
14489,14107,3,8,12.5
14489,14107,4,8,0.0
14489,14107,5,8,25.0
14489,14107,6,8,12.5
14489,14107,7,8,25.0
14489,14679,1,10,0.0
14489,14679,2,10,10.0
14489,14679,3,8,0.0
14489,14679,4,8,37.5
14489,14679,5,8,0.0
14489,14679,6,8,0.0
14489,14679,7,8,0.0
14489,14747,1,35,11.428571428571429
14489,14747,2,35,11.428571428571429
14489,14747,3,28,0.0
14489,14747,4,28,25.0
14489,14747,5,28,18.51851851851852
14489,14747,6,28,14.285714285714285
14489,14747,7,28,25.0
14489,14771,1,20,35.0
14489,14771,2,16,31.25
14489,14771,3,16,0.0
14489,14771,4,16,25.0
14489,14771,5,16,18.75
14489,14771,6,13,30.76923076923077
14489,14771,7,16,43.75
14489,14869,1,10,10.0
14489,14869,2,10,0.0
14489,14869,3,8,12.5
14489,14869,4,8,12.5
14489,14869,5,8,0.0
14489,14869,6,8,12.5
14489,14869,7,8,0.0
14492,10397,1,71,4.225352112676056
14492,10397,2,59,5.084745762711865
14492,10397,3,50,4.0
14492,10397,4,58,5.172413793103448
14492,10397,5,57,1.7543859649122806
14492,10397,6,48,6.25
14492,10397,7,58,5.172413793103448
14492,10423,1,5,0.0
14492,10423,2,5,20.0
14492,10423,3,4,0.0
14492,10423,4,4,0.0
14492,10423,5,4,0.0
14492,10423,6,4,25.0
14492,10423,7,4,25.0
14492,10693,1,34,5.88235294117647
14492,10693,2,25,12.0
14492,10693,3,24,12.5
14492,10693,4,28,17.857142857142858
14492,10693,5,28,10.714285714285714
14492,10693,6,20,20.0
14492,10693,7,24,16.666666666666664
14492,10721,1,47,25.53191489361702
14492,10721,2,38,23.684210526315788
14492,10721,3,30,37.93103448275862
14492,10721,4,39,54.054054054054056
14492,10721,5,39,38.46153846153847
14492,10721,6,24,16.666666666666664
14492,10721,7,39,35.8974358974359
14492,10792,4,4,25.0
14492,10792,7,4,25.0
14492,10821,1,25,8.0
14492,10821,2,24,8.333333333333332
14492,10821,3,20,5.0
14492,10821,4,20,10.0
14492,10821,5,20,0.0
14492,10821,6,16,6.25
14492,10821,7,16,18.75
14492,11042,1,6,50.0
14492,11042,2,4,25.0
14492,11042,4,4,25.0
14492,11042,5,4,0.0
14492,11042,7,4,0.0
14492,11057,1,42,9.523809523809524
14492,11057,2,40,10.0
14492,11057,3,32,18.75
14492,11057,4,35,20.0
14492,11057,5,32,18.75
14492,11057,6,28,10.714285714285714
14492,11057,7,36,13.88888888888889
14492,11259,1,5,40.0
14492,11259,2,6,0.0
14492,11259,3,4,25.0
14492,11259,4,4,25.0
14492,11259,5,4,25.0
14492,11259,6,4,0.0
14492,11259,7,8,12.5
14492,11278,1,30,16.666666666666664
14492,11278,2,30,33.33333333333333
14492,11278,3,24,52.17391304347826
14492,11278,4,24,62.5
14492,11278,5,24,25.0
14492,11278,6,16,13.333333333333334
14492,11278,7,24,25.0
14492,11292,1,25,24.0
14492,11292,2,20,20.0
14492,11292,3,16,6.25
14492,11292,4,20,25.0
14492,11292,5,20,25.0
14492,11292,6,12,0.0
14492,11292,7,20,25.0
14492,11298,1,36,26.47058823529412
14492,11298,2,25,4.0
14492,11298,3,20,15.0
14492,11298,4,23,13.043478260869565
14492,11298,5,28,23.076923076923077
14492,11298,6,19,27.77777777777778
14492,11298,7,28,17.857142857142858
14492,11433,1,26,15.384615384615385
14492,11433,2,19,5.263157894736842
14492,11433,3,15,6.666666666666667
14492,11433,4,19,5.263157894736842
14492,11433,5,19,0.0
14492,11433,6,12,0.0
14492,11433,7,20,10.0
14492,11618,1,26,11.538461538461538
14492,11618,2,21,14.285714285714285
14492,11618,3,16,31.25
14492,11618,4,21,35.0
14492,11618,5,20,10.0
14492,11618,6,16,26.666666666666668
14492,11618,7,21,9.523809523809524
14492,11697,1,15,0.0
14492,11697,2,10,10.0
14492,11697,3,8,12.5
14492,11697,4,12,8.333333333333332
14492,11697,5,12,41.66666666666667
14492,11697,6,8,25.0
14492,11697,7,16,13.333333333333334
14492,12191,1,5,0.0
14492,12191,4,4,25.0
14492,12191,5,4,0.0
14492,12191,6,4,0.0
14492,12191,7,4,0.0
14492,12264,1,22,9.090909090909092
14492,12264,2,23,0.0
14492,12264,3,20,10.0
14492,12264,4,19,0.0
14492,12264,5,19,15.789473684210526
14492,12264,6,18,11.11111111111111
14492,12264,7,18,5.555555555555555
14492,12266,1,15,13.333333333333334
14492,12266,2,10,10.0
14492,12266,3,8,12.5
14492,12266,4,12,8.333333333333332
14492,12266,5,12,0.0
14492,12266,6,5,0.0
14492,12266,7,12,0.0
14492,12339,1,1,0.0
14492,12478,1,35,5.714285714285714
14492,12478,2,31,25.806451612903224
14492,12478,3,23,8.695652173913043
14492,12478,4,27,44.44444444444444
14492,12478,5,27,25.925925925925924
14492,12478,6,27,4.0
14492,12478,7,27,14.814814814814813
14492,12889,1,10,30.0
14492,12889,2,5,0.0
14492,12889,3,4,0.0
14492,12889,4,8,37.5
14492,12889,5,8,50.0
14492,12889,6,8,12.5
14492,12889,7,8,0.0
14492,12892,1,10,0.0
14492,12892,2,10,10.0
14492,12892,3,8,12.5
14492,12892,4,8,12.5
14492,12892,5,8,12.5
14492,12892,6,4,0.0
14492,12892,7,8,0.0
14492,12953,1,47,21.27659574468085
14492,12953,2,47,17.02127659574468
14492,12953,3,37,30.555555555555557
14492,12953,4,39,29.72972972972973
14492,12953,5,38,15.789473684210526
14492,12953,6,13,16.666666666666664
14492,12953,7,34,23.52941176470588
14492,13198,7,4,0.0
14492,13204,1,38,18.91891891891892
14492,13204,2,21,9.523809523809524
14492,13204,3,20,10.0
14492,13204,4,31,19.35483870967742
14492,13204,5,31,6.451612903225806
14492,13204,6,28,7.142857142857142
14492,13204,7,35,8.571428571428571
14492,13232,1,15,13.333333333333334
14492,13232,2,15,6.666666666666667
14492,13232,3,12,8.333333333333332
14492,13232,4,12,8.333333333333332
14492,13232,5,12,8.333333333333332
14492,13232,6,8,12.5
14492,13232,7,16,18.75
14492,13303,1,35,11.428571428571429
14492,13303,2,25,28.000000000000004
14492,13303,3,20,25.0
14492,13303,4,24,8.333333333333332
14492,13303,5,28,28.57142857142857
14492,13303,6,24,8.333333333333332
14492,13303,7,24,12.5
14492,13487,1,18,5.555555555555555
14492,13487,2,18,5.555555555555555
14492,13487,3,14,0.0
14492,13487,4,15,26.666666666666668
14492,13487,5,15,6.666666666666667
14492,13487,6,12,8.333333333333332
14492,13487,7,15,20.0
14492,13495,4,4,0.0
14492,13495,7,8,37.5
14492,13930,1,51,17.647058823529413
14492,13930,2,40,15.0
14492,13930,3,32,15.625
14492,13930,4,40,12.5
14492,13930,5,33,12.121212121212121
14492,13930,6,29,37.93103448275862
14492,13930,7,41,14.634146341463413
14492,14100,1,39,23.076923076923077
14492,14100,2,30,10.0
14492,14100,3,24,37.5
14492,14100,4,31,23.333333333333332
14492,14100,5,31,19.35483870967742
14492,14100,6,20,20.0
14492,14100,7,32,21.875
14492,14107,1,10,0.0
14492,14107,2,5,0.0
14492,14107,3,4,0.0
14492,14107,4,8,0.0
14492,14107,5,8,0.0
14492,14107,6,8,0.0
14492,14107,7,8,0.0
14492,14122,1,10,10.0
14492,14122,2,10,20.0
14492,14122,3,8,12.5
14492,14122,4,8,25.0
14492,14122,5,8,25.0
14492,14122,6,8,0.0
14492,14122,7,8,12.5
14492,14747,1,15,6.666666666666667
14492,14747,2,10,0.0
14492,14747,3,8,0.0
14492,14747,4,12,25.0
14492,14747,5,12,0.0
14492,14747,6,8,12.5
14492,14747,7,12,0.0
14492,14771,1,15,0.0
14492,14771,2,10,10.0
14492,14771,3,8,12.5
14492,14771,4,12,16.666666666666664
14492,14771,5,12,16.666666666666664
14492,14771,6,8,0.0
14492,14771,7,12,8.333333333333332
14492,14843,1,5,20.0
14492,14843,2,1,0.0
14492,14843,4,4,75.0
14492,14843,5,4,25.0
14492,14843,7,4,25.0
14492,14869,1,5,0.0
14492,14869,2,5,0.0
14492,14869,3,4,25.0
14492,14869,4,4,25.0
14492,14869,5,4,25.0
14492,14869,6,4,25.0
14492,14869,7,4,25.0
14492,15016,1,10,0.0
14492,15016,2,10,0.0
14492,15016,3,8,0.0
14492,15016,4,8,25.0
14492,15016,5,8,12.5
14492,15016,6,4,0.0
14492,15016,7,4,0.0
14492,15096,1,5,20.0
14492,15096,5,4,50.0
14492,15304,1,18,5.555555555555555
14492,15304,2,8,0.0
14492,15304,3,6,0.0
14492,15304,4,15,6.666666666666667
14492,15304,5,15,13.333333333333334
14492,15304,6,12,0.0
14492,15304,7,15,0.0
14512,10466,1,5,0.0
14512,10466,3,4,25.0
14512,10466,5,4,0.0
14512,10693,1,4,0.0
14512,10693,5,4,25.0
14512,12889,4,4,25.0
14512,12889,7,4,50.0
14512,14082,2,5,0.0
14512,14082,4,4,25.0
14512,14082,7,4,25.0
14512,14112,1,5,20.0
14512,14112,5,4,75.0
14512,14761,1,5,0.0
14512,14761,5,4,25.0
14520,13487,1,10,10.0
14520,13487,2,10,10.0
14520,13487,3,8,12.5
14520,13487,4,8,0.0
14520,13487,5,8,0.0
14520,13487,6,8,0.0
14520,13487,7,8,0.0
14520,13930,1,5,20.0
14520,13930,2,5,0.0
14520,13930,3,5,20.0
14520,13930,4,5,0.0
14520,13930,5,5,0.0
14520,13930,6,5,0.0
14520,13930,7,5,20.0
14524,10397,1,36,11.11111111111111
14524,10397,2,33,0.0
14524,10397,3,26,3.8461538461538463
14524,10397,4,30,3.3333333333333335
14524,10397,5,30,3.3333333333333335
14524,10397,6,24,0.0
14524,10397,7,30,13.333333333333334
14524,10693,1,5,60.0
14524,10693,2,5,0.0
14524,10693,3,4,0.0
14524,10693,4,8,12.5
14524,10693,5,4,50.0
14524,10693,6,4,25.0
14524,10693,7,8,25.0
14524,10721,1,29,20.689655172413794
14524,10721,2,25,32.0
14524,10721,3,20,30.0
14524,10721,4,24,38.095238095238095
14524,10721,5,24,25.0
14524,10721,6,18,22.22222222222222
14524,10721,7,24,41.66666666666667
14524,10821,1,10,30.0
14524,10821,2,10,0.0
14524,10821,3,8,12.5
14524,10821,4,8,50.0
14524,10821,5,8,12.5
14524,10821,6,8,25.0
14524,10821,7,8,0.0
14524,11057,1,32,12.5
14524,11057,2,34,0.0
14524,11057,3,28,7.142857142857142
14524,11057,4,27,11.11111111111111
14524,11057,5,24,8.333333333333332
14524,11057,6,24,12.5
14524,11057,7,28,14.285714285714285
14524,11292,1,10,10.0
14524,11292,2,10,40.0
14524,11292,3,8,0.0
14524,11292,4,8,12.5
14524,11292,5,8,25.0
14524,11292,6,8,12.5
14524,11292,7,8,12.5
14524,11298,1,16,31.25
14524,11298,2,11,18.181818181818183
14524,11298,3,8,25.0
14524,11298,4,15,26.666666666666668
14524,11298,5,12,18.181818181818183
14524,11298,6,8,62.5
14524,11298,7,16,12.5
14524,11433,1,13,15.384615384615385
14524,11433,2,13,0.0
14524,11433,3,10,10.0
14524,11433,4,11,9.090909090909092
14524,11433,5,11,0.0
14524,11433,6,8,0.0
14524,11433,7,11,9.090909090909092
14524,11618,1,6,16.666666666666664
14524,11618,2,6,33.33333333333333
14524,11618,3,4,50.0
14524,11618,4,5,80.0
14524,11618,5,5,20.0
14524,11618,6,1,0.0
14524,11618,7,6,16.666666666666664
14524,11697,1,10,30.0
14524,11697,2,1,0.0
14524,11697,3,1,0.0
14524,11697,4,8,25.0
14524,11697,5,8,37.5
14524,11697,6,4,0.0
14524,11697,7,4,50.0
14524,12264,6,1,0.0
14524,12953,1,34,14.705882352941178
14524,12953,2,34,14.705882352941178
14524,12953,3,27,14.814814814814813
14524,12953,4,27,56.00000000000001
14524,12953,5,27,18.51851851851852
14524,12953,6,12,0.0
14524,12953,7,23,30.434782608695656
14524,13204,1,16,12.5
14524,13204,2,10,10.0
14524,13204,3,7,0.0
14524,13204,4,11,0.0
14524,13204,5,12,8.333333333333332
14524,13204,6,12,33.33333333333333
14524,13204,7,12,8.333333333333332
14524,13232,1,5,40.0
14524,13232,2,5,0.0
14524,13232,3,4,0.0
14524,13232,4,4,25.0
14524,13232,5,4,0.0
14524,13232,6,4,0.0
14524,13232,7,8,0.0
14524,13303,1,5,25.0
14524,13303,2,5,40.0
14524,13303,3,4,25.0
14524,13303,4,4,25.0
14524,13303,5,4,25.0
14524,13303,6,4,25.0
14524,13303,7,4,50.0
14524,13487,1,4,0.0
14524,13487,2,4,0.0
14524,13487,3,3,0.0
14524,13487,4,3,0.0
14524,13487,5,3,0.0
14524,13487,7,4,0.0
14524,13930,1,33,21.21212121212121
14524,13930,2,27,22.22222222222222
14524,13930,3,23,17.391304347826086
14524,13930,4,25,8.0
14524,13930,5,23,17.391304347826086
14524,13930,6,19,11.11111111111111
14524,13930,7,27,14.814814814814813
14524,14112,1,1,100.0
14534,11292,1,10,0.0
14534,11292,2,10,0.0
14534,11292,3,8,0.0
14534,11292,4,8,0.0
14534,11292,5,8,12.5
14534,11292,6,8,0.0
14534,11292,7,8,0.0
14543,11292,1,10,10.0
14543,11292,2,10,30.0
14543,11292,3,8,0.0
14543,11292,4,8,12.5
14543,11292,5,8,12.5
14543,11292,6,8,25.0
14543,11292,7,8,12.5
14570,10397,1,5,0.0
14570,10397,4,4,25.0
14570,10397,5,4,0.0
14570,10397,6,4,0.0
14570,10397,7,4,0.0
14570,10423,1,5,0.0
14570,10423,4,4,0.0
14570,10423,5,4,0.0
14570,10423,7,4,0.0
14570,10800,1,10,10.0
14570,10800,2,5,0.0
14570,10800,3,4,25.0
14570,10800,4,8,12.5
14570,10800,5,8,25.0
14570,10800,6,4,0.0
14570,10800,7,8,12.5
14570,11259,6,4,0.0
14570,11259,7,4,0.0
14570,11292,1,45,20.0
14570,11292,2,34,17.647058823529413
14570,11292,3,33,3.0303030303030303
14570,11292,4,32,25.0
14570,11292,5,36,19.444444444444446
14570,11292,6,28,3.571428571428571
14570,11292,7,40,5.0
14570,11298,1,16,13.333333333333334
14570,11298,2,15,13.333333333333334
14570,11298,3,12,8.333333333333332
14570,11298,4,12,8.333333333333332
14570,11298,5,12,9.090909090909092
14570,11298,6,12,27.27272727272727
14570,11298,7,12,0.0
14570,11618,1,1,0.0
14570,12478,1,1,100.0
14570,12478,2,1,100.0
14570,12889,1,59,11.864406779661017
14570,12889,2,51,15.686274509803921
14570,12889,3,41,9.75609756097561
14570,12889,4,48,37.5
14570,12889,5,48,44.680851063829785
14570,12889,6,32,3.125
14570,12889,7,44,20.454545454545457
14570,12892,1,37,0.0
14570,12892,2,37,13.513513513513514
14570,12892,3,28,0.0
14570,12892,4,27,3.7037037037037033
14570,12892,5,27,11.11111111111111
14570,12892,6,23,4.3478260869565215
14570,12892,7,35,5.714285714285714
14570,12954,1,10,0.0
14570,12954,2,10,10.0
14570,12954,3,8,14.285714285714285
14570,12954,4,8,12.5
14570,12954,5,8,14.285714285714285
14570,12954,6,8,0.0
14570,12954,7,12,25.0
14570,13232,1,5,0.0
14570,13232,4,4,0.0
14570,13232,5,4,25.0
14570,13232,6,4,0.0
14570,13232,7,4,0.0
14570,13487,1,2,0.0
14570,13487,2,1,0.0
14570,13487,3,1,100.0
14570,13487,4,1,0.0
14570,13487,5,1,0.0
14570,13487,6,1,0.0
14570,13487,7,1,0.0
14570,13930,1,5,0.0
14570,13930,2,5,20.0
14570,13930,3,4,0.0
14570,13930,4,4,0.0
14570,13930,5,4,25.0
14570,13930,6,4,25.0
14570,13930,7,4,25.0
14570,14107,1,36,8.333333333333332
14570,14107,2,26,15.384615384615385
14570,14107,3,20,10.0
14570,14107,4,27,18.51851851851852
14570,14107,5,24,14.285714285714285
14570,14107,6,16,13.333333333333334
14570,14107,7,20,5.0
14570,14679,1,15,26.666666666666668
14570,14679,2,11,9.090909090909092
14570,14679,3,8,25.0
14570,14679,4,12,25.0
14570,14679,5,12,25.0
14570,14679,6,8,12.5
14570,14679,7,12,8.333333333333332
14570,14747,1,15,13.333333333333334
14570,14747,2,10,20.0
14570,14747,3,8,0.0
14570,14747,4,8,42.857142857142854
14570,14747,5,12,9.090909090909092
14570,14747,6,4,0.0
14570,14747,7,12,16.666666666666664
14570,14771,1,20,40.0
14570,14771,2,20,15.789473684210526
14570,14771,3,16,18.75
14570,14771,4,16,25.0
14570,14771,5,16,37.5
14570,14771,6,16,12.5
14570,14771,7,16,37.5
14570,14831,1,5,20.0
14570,14831,4,4,0.0
14570,14831,5,4,75.0
14570,14831,7,4,0.0
14570,14869,1,18,16.666666666666664
14570,14869,2,18,0.0
14570,14869,3,14,0.0
14570,14869,4,15,0.0
14570,14869,5,15,13.333333333333334
14570,14869,6,12,0.0
14570,14869,7,15,0.0
14574,10397,1,5,0.0
14574,10397,2,5,20.0
14574,10397,3,4,25.0
14574,10397,4,4,25.0
14574,10397,5,4,0.0
14574,10397,6,4,0.0
14574,10397,7,4,0.0
14574,12953,1,5,0.0
14574,12953,2,5,20.0
14574,12953,3,4,50.0
14574,12953,4,4,100.0
14574,12953,5,4,25.0
14574,12953,6,4,0.0
14574,12953,7,4,25.0
14574,13930,1,20,0.0
14574,13930,2,20,30.0
14574,13930,3,16,18.75
14574,13930,4,16,37.5
14574,13930,5,16,25.0
14574,13930,6,13,25.0
14574,13930,7,16,18.75
14574,14112,4,4,25.0
14574,14112,7,4,25.0
14574,14761,1,5,40.0
14574,14761,5,4,75.0
14574,14986,4,4,0.0
14574,14986,7,4,0.0
14576,10397,1,15,13.333333333333334
14576,10397,2,14,0.0
14576,10397,3,11,0.0
14576,10397,4,11,9.090909090909092
14576,10397,5,11,9.090909090909092
14576,10397,6,8,25.0
14576,10397,7,12,0.0
14576,10821,1,15,26.666666666666668
14576,10821,2,15,6.666666666666667
14576,10821,3,12,8.333333333333332
14576,10821,4,12,8.333333333333332
14576,10821,5,12,0.0
14576,10821,6,12,8.333333333333332
14576,10821,7,12,0.0
14576,11057,1,15,20.0
14576,11057,2,14,0.0
14576,11057,3,12,0.0
14576,11057,4,12,0.0
14576,11057,5,12,16.666666666666664
14576,11057,6,12,25.0
14576,11057,7,12,8.333333333333332
14576,11278,1,15,13.333333333333334
14576,11278,2,15,6.666666666666667
14576,11278,3,12,41.66666666666667
14576,11278,4,12,33.33333333333333
14576,11278,5,12,41.66666666666667
14576,11278,6,8,25.0
14576,11278,7,12,8.333333333333332
14576,11433,1,5,20.0
14576,11433,2,5,0.0
14576,11433,3,4,25.0
14576,11433,4,4,0.0
14576,11433,5,4,0.0
14576,11433,6,4,0.0
14576,11433,7,4,25.0
14576,11618,1,8,25.0
14576,11618,2,8,12.5
14576,11618,3,8,12.5
14576,11618,4,7,14.285714285714285
14576,11618,5,6,0.0
14576,11618,6,6,40.0
14576,11618,7,9,11.11111111111111
14576,11697,4,4,0.0
14576,11697,7,4,25.0
14576,12264,1,1,0.0
14576,12478,1,10,10.0
14576,12478,2,10,10.0
14576,12478,3,8,0.0
14576,12478,4,8,12.5
14576,12478,5,8,0.0
14576,12478,6,8,0.0
14576,12478,7,8,12.5
14576,12889,1,5,0.0
14576,12889,4,4,25.0
14576,12889,5,4,25.0
14576,12889,7,4,25.0
14576,12953,1,5,0.0
14576,12953,2,5,0.0
14576,12953,3,4,0.0
14576,12953,4,4,25.0
14576,12953,5,4,0.0
14576,12953,7,4,25.0
14576,13204,1,6,16.666666666666664
14576,13204,2,1,0.0
14576,13204,3,1,0.0
14576,13204,4,5,20.0
14576,13204,5,4,0.0
14576,13204,6,4,0.0
14576,13204,7,8,37.5
14576,13232,1,5,20.0
14576,13232,2,5,0.0
14576,13232,3,4,0.0
14576,13232,4,4,0.0
14576,13232,5,4,0.0
14576,13232,6,4,25.0
14576,13232,7,4,25.0
14576,13577,1,1,0.0
14576,13930,1,38,15.789473684210526
14576,13930,2,33,9.090909090909092
14576,13930,3,27,25.925925925925924
14576,13930,4,29,20.689655172413794
14576,13930,5,27,25.925925925925924
14576,13930,6,21,25.0
14576,13930,7,31,19.35483870967742
14576,15304,6,4,0.0
14588,11298,1,13,15.384615384615385
14588,11298,2,12,8.333333333333332
14588,11298,3,10,20.0
14588,11298,4,8,0.0
14588,11298,5,8,14.285714285714285
14588,11298,6,8,0.0
14588,11298,7,9,33.33333333333333
14633,13487,1,8,25.0
14633,13487,2,8,25.0
14633,13487,3,6,16.666666666666664
14633,13487,4,7,28.57142857142857
14633,13487,5,7,14.285714285714285
14633,13487,6,4,0.0
14633,13487,7,8,0.0
14633,13930,1,15,26.666666666666668
14633,13930,2,10,10.0
14633,13930,3,8,0.0
14633,13930,4,11,9.090909090909092
14633,13930,5,8,0.0
14633,13930,6,8,14.285714285714285
14633,13930,7,12,16.666666666666664
14635,10158,1,5,20.0
14635,10158,2,6,0.0
14635,10158,3,4,0.0
14635,10158,4,4,0.0
14635,10158,5,4,0.0
14635,10158,6,4,25.0
14635,10158,7,4,0.0
14635,10397,1,33,3.0303030303030303
14635,10397,2,30,3.3333333333333335
14635,10397,3,24,12.5
14635,10397,4,31,9.67741935483871
14635,10397,5,27,3.7037037037037033
14635,10397,6,24,4.166666666666666
14635,10397,7,31,12.903225806451612
14635,10529,1,1,0.0
14635,10529,2,1,0.0
14635,10693,1,5,0.0
14635,10693,2,5,20.0
14635,10693,3,4,0.0
14635,10693,4,4,0.0
14635,10693,5,4,0.0
14635,10693,6,4,25.0
14635,10693,7,8,0.0
14635,10721,1,20,30.0
14635,10721,2,16,31.25
14635,10721,3,12,50.0
14635,10721,4,16,50.0
14635,10721,5,16,25.0
14635,10721,6,13,0.0
14635,10721,7,16,31.25
14635,10821,1,15,13.333333333333334
14635,10821,2,15,0.0
14635,10821,3,12,0.0
14635,10821,4,12,25.0
14635,10821,5,12,0.0
14635,10821,6,12,8.333333333333332
14635,10821,7,12,0.0
14635,11042,1,9,11.11111111111111
14635,11042,2,5,0.0
14635,11042,4,4,25.0
14635,11042,5,8,0.0
14635,11042,6,4,0.0
14635,11042,7,4,0.0
14635,11057,1,20,10.0
14635,11057,2,16,18.75
14635,11057,3,11,0.0
14635,11057,4,16,0.0
14635,11057,5,16,6.25
14635,11057,6,16,0.0
14635,11057,7,16,12.5
14635,11066,1,5,40.0
14635,11066,2,5,0.0
14635,11066,3,4,0.0
14635,11066,4,4,25.0
14635,11066,5,4,25.0
14635,11066,6,4,25.0
14635,11066,7,4,50.0
14635,11193,1,10,0.0
14635,11193,2,5,0.0
14635,11193,3,4,0.0
14635,11193,4,8,12.5
14635,11193,5,8,12.5
14635,11193,6,4,0.0
14635,11193,7,7,16.666666666666664
14635,11278,1,5,20.0
14635,11278,2,5,0.0
14635,11278,3,4,25.0
14635,11278,4,4,0.0
14635,11278,5,4,25.0
14635,11278,6,4,25.0
14635,11278,7,4,50.0
14635,11292,1,6,0.0
14635,11292,2,6,16.666666666666664
14635,11292,3,4,0.0
14635,11292,4,5,0.0
14635,11292,5,5,0.0
14635,11292,6,5,0.0
14635,11292,7,5,40.0
14635,11298,1,11,36.36363636363637
14635,11298,2,10,0.0
14635,11298,3,8,37.5
14635,11298,4,11,9.090909090909092
14635,11298,5,8,0.0
14635,11298,6,8,0.0
14635,11298,7,12,8.333333333333332
14635,11433,1,15,26.666666666666668
14635,11433,2,11,0.0
14635,11433,3,9,11.11111111111111
14635,11433,4,12,25.0
14635,11433,5,12,8.333333333333332
14635,11433,6,8,12.5
14635,11433,7,12,8.333333333333332
14635,11618,1,21,9.523809523809524
14635,11618,2,17,11.76470588235294
14635,11618,3,12,16.666666666666664
14635,11618,4,17,23.52941176470588
14635,11618,5,17,0.0
14635,11618,6,16,37.5
14635,11618,7,17,11.76470588235294
14635,12191,6,4,0.0
14635,12197,1,10,20.0
14635,12197,2,10,0.0
14635,12197,3,7,0.0
14635,12197,4,8,37.5
14635,12197,5,8,0.0
14635,12197,6,8,0.0
14635,12197,7,8,0.0
14635,12264,1,5,20.0
14635,12264,2,5,20.0
14635,12264,3,4,25.0
14635,12264,4,4,0.0
14635,12264,5,4,0.0
14635,12264,6,4,25.0
14635,12264,7,4,25.0
14635,12266,1,6,16.666666666666664
14635,12266,2,6,33.33333333333333
14635,12266,3,4,25.0
14635,12266,4,5,40.0
14635,12266,5,5,0.0
14635,12266,6,5,0.0
14635,12266,7,5,60.0
14635,12339,1,5,20.0
14635,12339,2,5,20.0
14635,12339,3,4,0.0
14635,12339,4,4,75.0
14635,12339,5,4,25.0
14635,12339,6,4,50.0
14635,12339,7,4,25.0
14635,12478,1,15,6.666666666666667
14635,12478,2,15,13.333333333333334
14635,12478,3,12,8.333333333333332
14635,12478,4,12,8.333333333333332
14635,12478,5,12,8.333333333333332
14635,12478,6,9,22.22222222222222
14635,12478,7,12,8.333333333333332
14635,12953,1,10,0.0
14635,12953,2,10,0.0
14635,12953,3,8,25.0
14635,12953,4,8,25.0
14635,12953,5,8,12.5
14635,12953,6,8,12.5
14635,12953,7,8,0.0
14635,13198,6,4,50.0
14635,13198,7,4,0.0
14635,13204,1,10,0.0
14635,13204,2,10,10.0
14635,13204,3,8,0.0
14635,13204,4,8,37.5
14635,13204,5,8,0.0
14635,13204,6,8,12.5
14635,13204,7,8,0.0
14635,13232,1,15,6.666666666666667
14635,13232,2,10,0.0
14635,13232,3,8,25.0
14635,13232,4,12,8.333333333333332
14635,13232,5,12,16.666666666666664
14635,13232,6,4,0.0
14635,13232,7,8,0.0
14635,13487,1,10,0.0
14635,13487,2,10,10.0
14635,13487,3,4,25.0
14635,13487,4,8,0.0
14635,13487,5,8,0.0
14635,13487,6,8,0.0
14635,13487,7,8,0.0
14635,13930,1,31,0.0
14635,13930,2,27,18.51851851851852
14635,13930,3,20,15.0
14635,13930,4,23,0.0
14635,13930,5,25,0.0
14635,13930,6,17,17.647058823529413
14635,13930,7,25,12.0
14635,14100,1,15,6.666666666666667
14635,14100,2,10,20.0
14635,14100,3,8,25.0
14635,14100,4,12,25.0
14635,14100,5,12,16.666666666666664
14635,14100,6,4,50.0
14635,14100,7,12,33.33333333333333
14635,14122,1,5,0.0
14635,14122,2,5,0.0
14635,14122,3,4,0.0
14635,14122,4,4,0.0
14635,14122,5,4,0.0
14635,14122,6,4,0.0
14635,14122,7,4,0.0
14635,15016,1,10,0.0
14635,15016,2,10,10.0
14635,15016,3,8,12.5
14635,15016,4,8,12.5
14635,15016,5,8,0.0
14635,15016,6,8,12.5
14635,15016,7,8,12.5
14674,11292,1,20,30.0
14674,11292,2,20,15.0
14674,11292,3,16,12.5
14674,11292,4,16,18.75
14674,11292,5,16,31.25
14674,11292,6,16,6.25
14674,11292,7,16,37.5
14674,11298,1,30,23.333333333333332
14674,11298,2,30,3.3333333333333335
14674,11298,3,24,20.833333333333336
14674,11298,4,24,20.833333333333336
14674,11298,5,24,9.090909090909092
14674,11298,6,24,17.391304347826086
14674,11298,7,24,21.73913043478261
14674,14107,1,5,0.0
14674,14107,2,5,20.0
14674,14107,3,4,0.0
14674,14107,4,4,50.0
14674,14107,5,4,33.33333333333333
14674,14107,6,4,25.0
14674,14107,7,4,50.0
14679,10140,1,10,10.0
14679,10140,2,10,20.0
14679,10140,3,8,0.0
14679,10140,4,8,37.5
14679,10140,5,8,12.5
14679,10140,6,8,12.5
14679,10140,7,8,0.0
14679,10299,6,1,0.0
14679,10397,1,38,7.894736842105263
14679,10397,2,34,8.823529411764707
14679,10397,3,27,3.7037037037037033
14679,10397,4,30,26.666666666666668
14679,10397,5,30,16.666666666666664
14679,10397,6,27,7.4074074074074066
14679,10397,7,31,6.451612903225806
14679,10423,1,35,17.142857142857142
14679,10423,2,25,12.0
14679,10423,3,20,10.526315789473683
14679,10423,4,24,25.0
14679,10423,5,28,11.11111111111111
14679,10423,6,16,0.0
14679,10423,7,28,10.714285714285714
14679,10693,1,15,13.333333333333334
14679,10693,2,10,0.0
14679,10693,3,8,12.5
14679,10693,4,12,16.666666666666664
14679,10693,5,12,25.0
14679,10693,6,8,0.0
14679,10693,7,12,16.666666666666664
14679,10713,1,15,0.0
14679,10713,2,15,6.666666666666667
14679,10713,3,12,9.090909090909092
14679,10713,4,12,16.666666666666664
14679,10713,5,12,25.0
14679,10713,6,8,0.0
14679,10713,7,12,16.666666666666664
14679,10721,1,26,23.076923076923077
14679,10721,2,21,14.285714285714285
14679,10721,3,16,25.0
14679,10721,4,20,47.368421052631575
14679,10721,5,20,26.31578947368421
14679,10721,6,12,25.0
14679,10721,7,20,30.0
14679,10821,1,15,6.666666666666667
14679,10821,2,15,13.333333333333334
14679,10821,3,12,9.090909090909092
14679,10821,4,12,25.0
14679,10821,5,12,0.0
14679,10821,6,8,0.0
14679,10821,7,8,12.5
14679,11057,1,21,4.761904761904762
14679,11057,2,15,13.333333333333334
14679,11057,3,12,16.666666666666664
14679,11057,4,19,26.31578947368421
14679,11057,5,16,6.25
14679,11057,6,16,6.666666666666667
14679,11057,7,20,10.0
14679,11259,1,20,0.0
14679,11259,2,20,20.0
14679,11259,3,16,6.666666666666667
14679,11259,4,16,31.25
14679,11259,5,16,37.5
14679,11259,6,12,0.0
14679,11259,7,16,18.75
14679,11278,1,5,20.0
14679,11278,2,5,20.0
14679,11278,3,4,75.0
14679,11278,4,4,33.33333333333333
14679,11278,5,4,50.0
14679,11278,6,4,50.0
14679,11278,7,4,50.0
14679,11292,1,76,21.052631578947366
14679,11292,2,55,23.636363636363637
14679,11292,3,48,15.217391304347828
14679,11292,4,64,42.857142857142854
14679,11292,5,60,20.0
14679,11292,6,44,11.363636363636363
14679,11292,7,64,14.0625
14679,11298,1,47,22.22222222222222
14679,11298,2,40,7.5
14679,11298,3,32,18.75
14679,11298,4,39,28.205128205128204
14679,11298,5,36,19.35483870967742
14679,11298,6,31,12.903225806451612
14679,11298,7,40,25.0
14679,11433,1,23,13.636363636363635
14679,11433,2,17,5.88235294117647
14679,11433,3,13,8.333333333333332
14679,11433,4,18,33.33333333333333
14679,11433,5,18,16.666666666666664
14679,11433,6,11,9.090909090909092
14679,11433,7,19,5.263157894736842
14679,11540,1,5,20.0
14679,11540,2,5,20.0
14679,11540,3,4,0.0
14679,11540,4,4,25.0
14679,11540,5,4,0.0
14679,11540,6,4,25.0
14679,11540,7,4,25.0
14679,11603,1,5,25.0
14679,11603,2,5,40.0
14679,11603,3,4,25.0
14679,11603,4,4,33.33333333333333
14679,11603,5,4,0.0
14679,11603,6,4,25.0
14679,11603,7,4,25.0
14679,11618,1,25,12.0
14679,11618,2,25,16.0
14679,11618,3,20,0.0
14679,11618,4,20,45.0
14679,11618,5,20,5.0
14679,11618,6,13,16.666666666666664
14679,11618,7,20,5.0
14679,11638,1,20,15.0
14679,11638,2,15,6.666666666666667
14679,11638,3,12,9.090909090909092
14679,11638,4,16,50.0
14679,11638,5,16,40.0
14679,11638,6,12,0.0
14679,11638,7,16,12.5
14679,11884,1,5,0.0
14679,11884,2,5,0.0
14679,11884,3,4,0.0
14679,11884,4,4,25.0
14679,11884,5,4,0.0
14679,11884,6,4,0.0
14679,11884,7,4,25.0
14679,12173,1,25,20.0
14679,12173,2,20,10.0
14679,12173,3,16,20.0
14679,12173,4,20,60.0
14679,12173,5,20,40.0
14679,12173,6,20,15.0
14679,12173,7,20,15.0
14679,12191,1,10,10.0
14679,12191,2,10,10.0
14679,12191,3,8,12.5
14679,12191,4,8,12.5
14679,12191,5,8,0.0
14679,12191,6,8,0.0
14679,12191,7,8,25.0
14679,12264,1,20,0.0
14679,12264,2,20,0.0
14679,12264,3,16,0.0
14679,12264,4,16,25.0
14679,12264,5,16,12.5
14679,12264,6,15,0.0
14679,12264,7,16,0.0
14679,12266,1,25,12.0
14679,12266,2,20,0.0
14679,12266,3,16,25.0
14679,12266,4,20,26.31578947368421
14679,12266,5,20,0.0
14679,12266,6,16,6.25
14679,12266,7,20,15.0
14679,12339,1,5,20.0
14679,12339,2,5,40.0
14679,12339,3,4,25.0
14679,12339,4,4,25.0
14679,12339,5,4,0.0
14679,12339,6,4,0.0
14679,12339,7,4,50.0
14679,12478,1,35,2.941176470588235
14679,12478,2,35,5.714285714285714
14679,12478,3,28,3.8461538461538463
14679,12478,4,28,29.629629629629626
14679,12478,5,28,17.857142857142858
14679,12478,6,24,8.695652173913043
14679,12478,7,28,7.142857142857142
14679,12758,1,5,0.0
14679,12758,2,5,0.0
14679,12758,3,4,0.0
14679,12758,4,4,50.0
14679,12758,5,4,0.0
14679,12758,6,4,0.0
14679,12758,7,4,25.0
14679,12889,1,112,10.81081081081081
14679,12889,2,92,10.869565217391305
14679,12889,3,74,11.428571428571429
14679,12889,4,89,39.08045977011494
14679,12889,5,89,51.162790697674424
14679,12889,6,61,11.475409836065573
14679,12889,7,93,12.903225806451612
14679,12892,1,33,6.0606060606060606
14679,12892,2,37,2.7027027027027026
14679,12892,3,26,8.0
14679,12892,4,30,20.689655172413794
14679,12892,5,30,20.0
14679,12892,6,23,0.0
14679,12892,7,30,16.666666666666664
14679,12982,6,4,50.0
14679,13198,1,5,20.0
14679,13198,2,5,20.0
14679,13198,3,4,0.0
14679,13198,4,4,50.0
14679,13198,5,4,50.0
14679,13198,6,4,25.0
14679,13198,7,4,25.0
14679,13204,1,10,20.0
14679,13204,2,5,20.0
14679,13204,3,4,25.0
14679,13204,4,8,37.5
14679,13204,5,8,12.5
14679,13204,6,8,12.5
14679,13204,7,8,37.5
14679,13232,1,15,26.666666666666668
14679,13232,2,15,26.666666666666668
14679,13232,3,12,0.0
14679,13232,4,12,50.0
14679,13232,5,12,41.66666666666667
14679,13232,6,8,25.0
14679,13232,7,12,16.666666666666664
14679,13303,1,5,0.0
14679,13303,2,5,0.0
14679,13303,3,4,25.0
14679,13303,4,4,25.0
14679,13303,5,4,0.0
14679,13303,6,4,0.0
14679,13303,7,4,0.0
14679,13476,1,10,10.0
14679,13476,2,10,20.0
14679,13476,3,8,0.0
14679,13476,4,8,25.0
14679,13476,5,8,37.5
14679,13476,6,8,12.5
14679,13476,7,8,0.0
14679,13487,1,18,16.666666666666664
14679,13487,2,18,5.555555555555555
14679,13487,3,14,0.0
14679,13487,4,15,42.857142857142854
14679,13487,5,15,0.0
14679,13487,6,12,0.0
14679,13487,7,15,6.666666666666667
14679,13495,1,5,40.0
14679,13495,2,5,40.0
14679,13495,3,4,25.0
14679,13495,4,4,25.0
14679,13495,5,4,0.0
14679,13495,7,4,50.0
14679,13796,1,55,14.545454545454545
14679,13796,2,39,30.76923076923077
14679,13796,3,36,11.76470588235294
14679,13796,4,40,37.5
14679,13796,5,44,29.545454545454547
14679,13796,6,28,21.428571428571427
14679,13796,7,32,40.625
14679,13830,1,10,0.0
14679,13830,2,10,10.0
14679,13830,3,8,0.0
14679,13830,4,8,25.0
14679,13830,5,8,12.5
14679,13830,6,8,12.5
14679,13830,7,8,12.5
14679,13930,1,47,10.638297872340425
14679,13930,2,41,4.878048780487805
14679,13930,3,30,24.137931034482758
14679,13930,4,39,25.64102564102564
14679,13930,5,37,13.513513513513514
14679,13930,6,34,26.47058823529412
14679,13930,7,41,19.51219512195122
14679,14057,1,20,15.0
14679,14057,2,19,5.263157894736842
14679,14057,3,16,13.333333333333334
14679,14057,4,20,20.0
14679,14057,5,19,15.789473684210526
14679,14057,6,16,0.0
14679,14057,7,20,15.0
14679,14100,1,15,13.333333333333334
14679,14100,2,15,6.666666666666667
14679,14100,3,12,33.33333333333333
14679,14100,4,12,25.0
14679,14100,5,12,0.0
14679,14100,6,12,8.333333333333332
14679,14100,7,12,8.333333333333332
14679,14107,1,93,10.75268817204301
14679,14107,2,74,14.864864864864865
14679,14107,3,63,15.0
14679,14107,4,79,41.02564102564102
14679,14107,5,76,30.88235294117647
14679,14107,6,47,13.043478260869565
14679,14107,7,68,8.955223880597014
14679,14314,1,1,0.0
14679,14489,1,10,10.0
14679,14489,2,10,10.0
14679,14489,3,8,14.285714285714285
14679,14489,4,8,62.5
14679,14489,5,8,14.285714285714285
14679,14489,6,8,0.0
14679,14489,7,8,37.5
14679,14570,1,15,13.333333333333334
14679,14570,2,11,0.0
14679,14570,3,8,0.0
14679,14570,4,12,66.66666666666666
14679,14570,5,12,58.333333333333336
14679,14570,6,8,0.0
14679,14570,7,12,25.0
14679,14683,1,10,30.0
14679,14683,2,10,10.0
14679,14683,3,8,0.0
14679,14683,4,8,25.0
14679,14683,5,8,25.0
14679,14683,6,4,25.0
14679,14683,7,8,0.0
14679,14698,1,4,0.0
14679,14698,2,4,0.0
14679,14698,3,4,0.0
14679,14698,4,4,50.0
14679,14698,5,4,25.0
14679,14698,6,4,0.0
14679,14698,7,4,0.0
14679,14747,1,68,7.352941176470589
14679,14747,2,63,9.523809523809524
14679,14747,3,50,6.382978723404255
14679,14747,4,55,26.41509433962264
14679,14747,5,52,21.153846153846153
14679,14747,6,46,8.695652173913043
14679,14747,7,54,25.925925925925924
14679,14771,1,102,29.411764705882355
14679,14771,2,91,14.285714285714285
14679,14771,3,76,18.30985915492958
14679,14771,4,82,38.961038961038966
14679,14771,5,79,28.205128205128204
14679,14771,6,70,10.0
14679,14771,7,81,45.67901234567901
14679,14831,1,75,21.333333333333336
14679,14831,2,59,13.793103448275861
14679,14831,3,48,2.272727272727273
14679,14831,4,60,36.666666666666664
14679,14831,5,60,23.728813559322035
14679,14831,6,36,8.333333333333332
14679,14831,7,60,23.333333333333332
14679,14869,1,33,0.0
14679,14869,2,28,10.714285714285714
14679,14869,3,22,14.285714285714285
14679,14869,4,23,27.27272727272727
14679,14869,5,27,22.22222222222222
14679,14869,6,20,10.0
14679,14869,7,27,14.814814814814813
14679,14893,1,75,18.666666666666668
14679,14893,2,65,7.6923076923076925
14679,14893,3,52,4.081632653061225
14679,14893,4,60,38.983050847457626
14679,14893,5,60,28.333333333333332
14679,14893,6,40,7.5
14679,14893,7,64,20.3125
14679,15016,1,5,20.0
14679,15016,2,5,0.0
14679,15016,3,4,0.0
14679,15016,4,4,50.0
14679,15016,5,4,0.0
14679,15016,6,4,0.0
14679,15016,7,8,25.0
14679,15023,1,15,20.0
14679,15023,2,10,10.0
14679,15023,3,12,9.090909090909092
14679,15023,4,12,9.090909090909092
14679,15023,5,12,36.36363636363637
14679,15023,6,8,0.0
14679,15023,7,12,50.0
14679,15304,1,5,20.0
14679,15304,2,5,20.0
14679,15304,3,4,25.0
14679,15304,4,4,0.0
14679,15304,5,4,0.0
14679,15304,6,8,0.0
14679,15304,7,4,25.0
14679,15376,1,10,20.0
14679,15376,2,5,40.0
14679,15376,3,4,0.0
14679,15376,4,8,37.5
14679,15376,5,8,12.5
14679,15376,6,4,0.0
14679,15376,7,8,12.5
14683,10397,1,48,12.5
14683,10397,2,39,5.128205128205128
14683,10397,3,31,0.0
14683,10397,4,38,7.894736842105263
14683,10397,5,38,2.631578947368421
14683,10397,6,31,0.0
14683,10397,7,35,5.714285714285714
14683,10693,1,15,0.0
14683,10693,2,10,0.0
14683,10693,3,8,0.0
14683,10693,4,12,16.666666666666664
14683,10693,5,12,8.333333333333332
14683,10693,6,8,12.5
14683,10693,7,8,25.0
14683,10721,1,5,60.0
14683,10721,2,5,80.0
14683,10721,3,4,100.0
14683,10721,4,4,100.0
14683,10721,5,4,100.0
14683,10721,6,4,0.0
14683,10721,7,4,100.0
14683,10821,1,15,0.0
14683,10821,2,10,10.0
14683,10821,3,8,25.0
14683,10821,4,12,16.666666666666664
14683,10821,5,12,8.333333333333332
14683,10821,6,4,0.0
14683,10821,7,8,12.5
14683,11057,1,20,15.0
14683,11057,2,20,5.0
14683,11057,3,16,12.5
14683,11057,4,16,6.25
14683,11057,5,16,0.0
14683,11057,6,16,25.0
14683,11057,7,16,6.25
14683,11259,1,40,12.5
14683,11259,2,35,2.941176470588235
14683,11259,3,28,14.285714285714285
14683,11259,4,32,18.75
14683,11259,5,32,19.35483870967742
14683,11259,6,24,4.166666666666666
14683,11259,7,28,10.714285714285714
14683,11278,1,5,20.0
14683,11278,2,5,0.0
14683,11278,3,4,0.0
14683,11278,4,4,0.0
14683,11278,5,4,0.0
14683,11278,6,4,0.0
14683,11278,7,4,0.0
14683,11292,1,39,17.94871794871795
14683,11292,2,30,20.0
14683,11292,3,24,29.166666666666668
14683,11292,4,32,19.35483870967742
14683,11292,5,35,17.142857142857142
14683,11292,6,28,10.714285714285714
14683,11292,7,31,6.451612903225806
14683,11298,1,61,23.728813559322035
14683,11298,2,60,6.896551724137931
14683,11298,3,48,22.916666666666664
14683,11298,4,51,15.686274509803921
14683,11298,5,48,11.627906976744185
14683,11298,6,47,18.181818181818183
14683,11298,7,52,19.230769230769234
14683,11433,1,15,6.666666666666667
14683,11433,2,14,7.142857142857142
14683,11433,3,11,0.0
14683,11433,4,11,9.090909090909092
14683,11433,5,11,0.0
14683,11433,6,8,25.0
14683,11433,7,12,8.333333333333332
14683,11540,1,15,20.0
14683,11540,2,10,10.0
14683,11540,3,8,12.5
14683,11540,4,12,16.666666666666664
14683,11540,5,12,33.33333333333333
14683,11540,6,4,0.0
14683,11540,7,12,25.0
14683,11618,1,6,0.0
14683,11618,2,6,0.0
14683,11618,3,4,0.0
14683,11618,4,5,20.0
14683,11618,5,5,40.0
14683,11618,6,4,50.0
14683,11618,7,4,0.0
14683,11697,1,5,0.0
14683,11697,4,4,25.0
14683,11697,5,4,25.0
14683,11697,7,4,50.0
14683,12191,1,25,20.0
14683,12191,2,20,5.0
14683,12191,3,16,18.75
14683,12191,4,20,20.0
14683,12191,5,20,25.0
14683,12191,6,20,5.0
14683,12191,7,20,25.0
14683,12264,1,10,10.0
14683,12264,2,5,0.0
14683,12264,3,4,0.0
14683,12264,4,8,0.0
14683,12264,5,8,12.5
14683,12264,6,8,12.5
14683,12264,7,8,0.0
14683,12266,1,40,20.0
14683,12266,2,39,15.384615384615385
14683,12266,3,32,25.0
14683,12266,4,30,20.0
14683,12266,5,30,20.0
14683,12266,6,28,14.285714285714285
14683,12266,7,30,3.3333333333333335
14683,12478,1,5,0.0
14683,12478,2,5,0.0
14683,12478,3,4,0.0
14683,12478,4,4,25.0
14683,12478,5,4,0.0
14683,12478,6,4,25.0
14683,12478,7,4,25.0
14683,12889,1,34,11.76470588235294
14683,12889,2,24,0.0
14683,12889,3,19,15.789473684210526
14683,12889,4,32,31.25
14683,12889,5,28,55.55555555555556
14683,12889,6,20,10.0
14683,12889,7,32,18.75
14683,12892,1,30,10.0
14683,12892,2,20,10.0
14683,12892,3,16,0.0
14683,12892,4,23,26.08695652173913
14683,12892,5,23,17.391304347826086
14683,12892,6,19,0.0
14683,12892,7,24,8.333333333333332
14683,13198,1,5,0.0
14683,13198,2,5,0.0
14683,13198,3,4,0.0
14683,13198,4,4,0.0
14683,13198,5,4,25.0
14683,13198,7,4,25.0
14683,13204,1,14,14.285714285714285
14683,13204,2,5,0.0
14683,13204,3,4,0.0
14683,13204,4,12,33.33333333333333
14683,13204,5,12,8.333333333333332
14683,13204,6,8,12.5
14683,13204,7,12,0.0
14683,13232,1,10,20.0
14683,13232,2,10,10.0
14683,13232,3,8,0.0
14683,13232,4,8,37.5
14683,13232,5,8,12.5
14683,13232,6,4,0.0
14683,13232,7,8,12.5
14683,13303,1,5,0.0
14683,13303,2,5,0.0
14683,13303,3,4,0.0
14683,13303,4,4,0.0
14683,13303,5,4,0.0
14683,13303,6,4,25.0
14683,13303,7,4,0.0
14683,13487,1,13,7.6923076923076925
14683,13487,2,13,23.076923076923077
14683,13487,3,10,10.0
14683,13487,4,11,18.181818181818183
14683,13487,5,11,27.27272727272727
14683,13487,6,8,0.0
14683,13487,7,11,36.36363636363637
14683,13495,1,5,20.0
14683,13495,4,4,25.0
14683,13495,5,4,0.0
14683,13495,6,4,25.0
14683,13495,7,4,0.0
14683,13851,1,5,20.0
14683,13851,4,4,25.0
14683,13851,5,4,25.0
14683,13851,7,4,0.0
14683,13930,1,30,20.0
14683,13930,2,21,19.047619047619047
14683,13930,3,16,18.75
14683,13930,4,23,21.73913043478261
14683,13930,5,20,10.0
14683,13930,6,17,25.0
14683,13930,7,24,16.666666666666664
14683,14100,1,5,20.0
14683,14100,2,5,0.0
14683,14100,3,4,25.0
14683,14100,4,4,0.0
14683,14100,5,4,25.0
14683,14100,6,3,33.33333333333333
14683,14100,7,4,0.0
14683,14107,1,35,5.714285714285714
14683,14107,2,25,12.0
14683,14107,3,20,15.0
14683,14107,4,27,22.22222222222222
14683,14107,5,24,17.391304347826086
14683,14107,6,16,13.333333333333334
14683,14107,7,24,25.0
14683,14679,1,10,10.0
14683,14679,2,10,20.0
14683,14679,3,8,0.0
14683,14679,4,8,50.0
14683,14679,5,8,25.0
14683,14679,6,4,0.0
14683,14679,7,8,12.5
14683,14747,1,10,20.0
14683,14747,2,5,0.0
14683,14747,3,4,0.0
14683,14747,4,8,0.0
14683,14747,5,8,12.5
14683,14747,6,4,0.0
14683,14747,7,8,0.0
14683,14771,1,6,0.0
14683,14771,2,6,0.0
14683,14771,3,4,0.0
14683,14771,4,5,0.0
14683,14771,5,5,40.0
14683,14771,6,4,0.0
14683,14771,7,5,0.0
14683,14843,1,5,0.0
14683,14843,5,4,0.0
14683,14869,1,13,15.384615384615385
14683,14869,2,13,30.76923076923077
14683,14869,3,10,10.0
14683,14869,4,11,18.181818181818183
14683,14869,5,11,54.54545454545454
14683,14869,6,8,0.0
14683,14869,7,11,27.27272727272727
14683,15016,1,10,0.0
14683,15016,2,5,0.0
14683,15016,3,4,0.0
14683,15016,4,8,12.5
14683,15016,5,8,12.5
14683,15016,6,4,25.0
14683,15016,7,8,0.0
14683,15304,1,5,0.0
14683,15304,2,5,0.0
14683,15304,3,4,0.0
14683,15304,4,4,0.0
14683,15304,5,4,0.0
14683,15304,6,4,0.0
14683,15304,7,4,25.0
14685,10397,1,38,5.263157894736842
14685,10397,2,35,0.0
14685,10397,3,28,0.0
14685,10397,4,31,9.67741935483871
14685,10397,5,31,9.67741935483871
14685,10397,6,25,4.0
14685,10397,7,31,6.451612903225806
14685,10693,1,10,0.0
14685,10693,2,10,0.0
14685,10693,3,8,12.5
14685,10693,4,8,12.5
14685,10693,5,8,0.0
14685,10693,6,8,12.5
14685,10693,7,8,12.5
14685,10721,1,16,50.0
14685,10721,2,11,72.72727272727273
14685,10721,3,8,87.5
14685,10721,4,12,54.54545454545454
14685,10721,5,12,50.0
14685,10721,6,16,25.0
14685,10721,7,16,62.5
14685,10821,1,15,13.333333333333334
14685,10821,2,15,6.666666666666667
14685,10821,3,12,25.0
14685,10821,4,12,25.0
14685,10821,5,12,8.333333333333332
14685,10821,6,12,33.33333333333333
14685,10821,7,12,25.0
14685,10874,4,4,0.0
14685,10874,6,4,25.0
14685,10874,7,4,25.0
14685,11057,1,39,10.256410256410255
14685,11057,2,34,5.88235294117647
14685,11057,3,27,22.22222222222222
14685,11057,4,32,12.5
14685,11057,5,32,21.875
14685,11057,6,28,7.4074074074074066
14685,11057,7,32,12.5
14685,11193,1,5,0.0
14685,11193,4,4,25.0
14685,11193,5,4,0.0
14685,11193,6,1,0.0
14685,11193,7,4,0.0
14685,11259,1,5,0.0
14685,11259,2,5,0.0
14685,11259,3,4,25.0
14685,11259,4,4,25.0
14685,11259,5,4,0.0
14685,11259,6,4,50.0
14685,11259,7,4,0.0
14685,11278,1,15,13.333333333333334
14685,11278,2,15,21.428571428571427
14685,11278,3,12,33.33333333333333
14685,11278,4,12,16.666666666666664
14685,11278,5,12,25.0
14685,11278,6,12,9.090909090909092
14685,11278,7,12,16.666666666666664
14685,11292,1,5,60.0
14685,11292,2,5,40.0
14685,11292,3,4,50.0
14685,11292,4,4,25.0
14685,11292,5,4,50.0
14685,11292,6,4,75.0
14685,11292,7,4,75.0
14685,11298,1,12,27.27272727272727
14685,11298,2,11,20.0
14685,11298,3,8,12.5
14685,11298,4,11,40.0
14685,11298,5,8,28.57142857142857
14685,11298,6,8,25.0
14685,11298,7,12,25.0
14685,11433,1,10,0.0
14685,11433,2,9,11.11111111111111
14685,11433,3,7,0.0
14685,11433,4,7,14.285714285714285
14685,11433,5,7,14.285714285714285
14685,11433,6,7,0.0
14685,11433,7,8,25.0
14685,11618,1,17,11.76470588235294
14685,11618,2,16,18.75
14685,11618,3,12,25.0
14685,11618,4,13,15.384615384615385
14685,11618,5,13,15.384615384615385
14685,11618,6,12,27.27272727272727
14685,11618,7,12,0.0
14685,12191,1,5,20.0
14685,12191,4,4,25.0
14685,12191,5,4,25.0
14685,12191,6,4,75.0
14685,12191,7,4,0.0
14685,12264,1,5,0.0
14685,12264,2,1,0.0
14685,12264,4,4,0.0
14685,12264,5,4,0.0
14685,12264,6,3,0.0
14685,12264,7,4,0.0
14685,12478,1,10,0.0
14685,12478,2,6,33.33333333333333
14685,12478,3,3,33.33333333333333
14685,12478,4,7,28.57142857142857
14685,12478,5,7,14.285714285714285
14685,12478,6,7,0.0
14685,12478,7,7,0.0
14685,12917,4,4,0.0
14685,12917,7,4,0.0
14685,12953,1,10,0.0
14685,12953,2,10,0.0
14685,12953,3,8,12.5
14685,12953,4,8,14.285714285714285
14685,12953,5,8,12.5
14685,12953,6,8,12.5
14685,12953,7,7,0.0
14685,13232,1,5,0.0
14685,13232,4,4,0.0
14685,13232,5,4,0.0
14685,13232,6,8,0.0
14685,13232,7,4,0.0
14685,13303,1,5,20.0
14685,13303,2,5,0.0
14685,13303,3,4,0.0
14685,13303,4,4,0.0
14685,13303,5,4,0.0
14685,13303,6,4,25.0
14685,13303,7,4,0.0
14685,13487,1,5,20.0
14685,13487,2,5,20.0
14685,13487,3,4,0.0
14685,13487,4,4,0.0
14685,13487,5,4,0.0
14685,13487,6,4,0.0
14685,13487,7,4,0.0
14685,13930,1,20,5.263157894736842
14685,13930,2,20,15.0
14685,13930,3,16,6.25
14685,13930,4,16,6.25
14685,13930,5,16,25.0
14685,13930,6,16,25.0
14685,13930,7,16,43.75
14685,14100,1,20,15.0
14685,14100,2,15,6.666666666666667
14685,14100,3,12,25.0
14685,14100,4,12,9.090909090909092
14685,14100,5,16,12.5
14685,14100,6,8,0.0
14685,14100,7,12,8.333333333333332
14685,14122,1,5,0.0
14685,14122,5,4,0.0
14685,15016,6,4,25.0
14689,10397,1,5,0.0
14689,10397,2,5,20.0
14689,10397,3,4,0.0
14689,10397,4,4,25.0
14689,10397,5,4,25.0
14689,10397,6,4,50.0
14689,10397,7,4,25.0
14689,11292,1,20,20.0
14689,11292,2,11,18.181818181818183
14689,11292,3,12,8.333333333333332
14689,11292,4,16,18.75
14689,11292,5,16,18.75
14689,11292,6,8,25.0
14689,11292,7,16,12.5
14689,11298,1,5,0.0
14689,11298,2,5,0.0
14689,11298,3,4,25.0
14689,11298,4,4,25.0
14689,11298,5,4,0.0
14689,11298,6,4,75.0
14689,11298,7,4,25.0
14689,12889,1,15,13.333333333333334
14689,12889,2,10,30.0
14689,12889,3,8,12.5
14689,12889,4,12,50.0
14689,12889,5,12,33.33333333333333
14689,12889,6,4,0.0
14689,12889,7,8,0.0
14689,12892,1,10,10.0
14689,12892,2,10,30.0
14689,12892,3,8,0.0
14689,12892,4,8,25.0
14689,12892,5,8,12.5
14689,12892,6,7,0.0
14689,12892,7,8,25.0
14689,13796,1,5,0.0
14689,13796,4,4,0.0
14689,13796,5,4,0.0
14689,13796,6,4,25.0
14689,13796,7,4,0.0
14689,14107,1,15,6.666666666666667
14689,14107,2,15,6.666666666666667
14689,14107,3,12,8.333333333333332
14689,14107,4,12,8.333333333333332
14689,14107,5,12,27.27272727272727
14689,14107,6,8,28.57142857142857
14689,14107,7,16,6.25
14689,14747,1,5,0.0
14689,14747,2,5,60.0
14689,14747,3,4,50.0
14689,14747,4,4,0.0
14689,14747,5,4,0.0
14689,14747,7,4,0.0
14689,14771,1,23,21.73913043478261
14689,14771,2,23,21.73913043478261
14689,14771,3,16,20.0
14689,14771,4,20,20.0
14689,14771,5,17,23.52941176470588
14689,14771,6,16,6.25
14689,14771,7,17,47.05882352941176
14689,14869,1,15,6.666666666666667
14689,14869,2,14,14.285714285714285
14689,14869,3,11,0.0
14689,14869,4,11,0.0
14689,14869,5,11,9.090909090909092
14689,14869,6,11,9.090909090909092
14689,14869,7,12,8.333333333333332
14689,14893,1,5,80.0
14689,14893,2,5,0.0
14689,14893,3,4,0.0
14689,14893,4,4,25.0
14689,14893,5,4,75.0
14689,14893,6,4,0.0
14689,14893,7,4,25.0
14696,10397,1,15,6.666666666666667
14696,10397,2,13,7.6923076923076925
14696,10397,3,10,0.0
14696,10397,4,11,0.0
14696,10397,5,12,16.666666666666664
14696,10397,6,8,25.0
14696,10397,7,12,25.0
14696,10466,1,5,0.0
14696,10466,3,1,0.0
14696,10466,5,4,0.0
14696,11057,1,15,0.0
14696,11057,2,15,6.666666666666667
14696,11057,3,12,0.0
14696,11057,4,12,8.333333333333332
14696,11057,5,12,0.0
14696,11057,6,12,8.333333333333332
14696,11057,7,12,8.333333333333332
14696,11278,5,2,0.0
14696,11278,6,1,0.0
14696,11278,7,2,100.0
14696,11298,1,15,26.666666666666668
14696,11298,2,15,6.666666666666667
14696,11298,3,12,25.0
14696,11298,4,12,8.333333333333332
14696,11298,5,12,18.181818181818183
14696,11298,6,12,16.666666666666664
14696,11298,7,12,8.333333333333332
14696,11433,1,10,20.0
14696,11433,2,10,0.0
14696,11433,3,8,25.0
14696,11433,4,8,12.5
14696,11433,5,8,12.5
14696,11433,6,8,0.0
14696,11433,7,8,0.0
14696,11618,7,2,0.0
14696,11697,1,5,20.0
14696,11697,5,4,25.0
14696,12191,7,1,0.0
14696,12264,1,5,0.0
14696,12264,2,5,20.0
14696,12264,3,4,0.0
14696,12264,4,4,0.0
14696,12264,5,4,0.0
14696,12264,6,4,0.0
14696,12264,7,4,0.0
14696,12266,7,2,50.0
14696,12889,4,4,25.0
14696,12889,7,4,50.0
14696,12953,5,2,0.0
14696,12953,7,2,0.0
14696,13487,1,5,0.0
14696,13487,2,5,40.0
14696,13487,3,4,0.0
14696,13487,4,4,0.0
14696,13487,5,4,0.0
14696,13487,6,4,25.0
14696,13487,7,4,0.0
14696,13930,1,34,23.52941176470588
14696,13930,2,35,31.428571428571427
14696,13930,3,28,21.428571428571427
14696,13930,4,28,17.857142857142858
14696,13930,5,29,34.48275862068966
14696,13930,6,27,38.46153846153847
14696,13930,7,25,28.000000000000004
14696,14082,4,4,25.0
14696,14082,6,2,50.0
14696,14082,7,4,0.0
14696,14112,1,1,0.0
14696,14112,3,4,0.0
14696,14112,6,4,0.0
14696,14761,1,5,0.0
14696,14761,3,4,25.0
14696,14761,5,4,25.0
14696,15412,1,1,0.0
14698,11292,1,9,33.33333333333333
14698,11292,2,8,12.5
14698,11292,3,6,0.0
14698,11292,4,8,0.0
14698,11292,5,8,25.0
14698,11292,6,8,12.5
14698,11292,7,8,12.5
14698,11298,1,4,25.0
14698,11298,2,4,0.0
14698,11298,3,3,0.0
14698,11298,4,4,0.0
14698,11298,5,4,50.0
14698,11298,6,4,100.0
14698,11298,7,4,0.0
14698,12892,1,9,11.11111111111111
14698,12892,2,8,12.5
14698,12892,3,6,0.0
14698,12892,4,8,12.5
14698,12892,5,8,12.5
14698,12892,6,5,40.0
14698,12892,7,8,25.0
14698,14107,1,13,15.384615384615385
14698,14107,2,12,8.333333333333332
14698,14107,3,10,40.0
14698,14107,4,12,45.45454545454545
14698,14107,5,12,25.0
14698,14107,6,12,27.27272727272727
14698,14107,7,12,25.0
14698,14679,1,4,0.0
14698,14679,2,4,0.0
14698,14679,3,4,25.0
14698,14679,4,4,50.0
14698,14679,5,4,50.0
14698,14679,6,4,0.0
14698,14679,7,4,0.0
14698,14747,1,4,25.0
14698,14747,2,4,0.0
14698,14747,3,4,0.0
14698,14747,4,4,25.0
14698,14747,5,4,0.0
14698,14747,6,4,0.0
14698,14747,7,4,0.0
14698,14771,1,14,42.857142857142854
14698,14771,2,13,23.076923076923077
14698,14771,3,10,30.0
14698,14771,4,13,23.076923076923077
14698,14771,5,13,46.15384615384615
14698,14771,6,9,33.33333333333333
14698,14771,7,13,53.84615384615385
14709,10299,1,10,0.0
14709,10299,2,10,10.0
14709,10299,3,8,12.5
14709,10299,4,8,12.5
14709,10299,5,4,0.0
14709,10299,6,4,0.0
14711,13930,1,10,20.0
14711,13930,2,5,40.0
14711,13930,3,4,50.0
14711,13930,4,7,28.57142857142857
14711,13930,5,10,30.0
14711,13930,6,8,37.5
14711,13930,7,9,0.0
14716,12889,1,8,37.5
14716,12889,3,2,0.0
14716,12889,4,7,57.14285714285714
14716,12889,5,8,37.5
14716,12889,7,8,50.0
14716,14107,1,5,40.0
14716,14107,5,4,75.0
14730,10397,1,38,0.0
14730,10397,2,35,0.0
14730,10397,3,28,0.0
14730,10397,4,31,3.225806451612903
14730,10397,5,31,0.0
14730,10397,6,28,3.571428571428571
14730,10397,7,31,3.225806451612903
14730,10693,1,5,0.0
14730,10693,2,5,0.0
14730,10693,3,4,33.33333333333333
14730,10693,4,4,0.0
14730,10693,5,4,0.0
14730,10693,7,4,25.0
14730,10721,1,10,60.0
14730,10721,2,10,60.0
14730,10721,3,8,85.71428571428571
14730,10721,4,8,57.14285714285714
14730,10721,5,8,62.5
14730,10721,6,8,12.5
14730,10721,7,8,100.0
14730,10821,1,15,13.333333333333334
14730,10821,2,10,10.0
14730,10821,3,8,0.0
14730,10821,4,12,16.666666666666664
14730,10821,5,12,0.0
14730,10821,6,8,25.0
14730,10821,7,12,25.0
14730,11057,1,26,0.0
14730,11057,2,26,7.6923076923076925
14730,11057,3,20,15.0
14730,11057,4,23,18.181818181818183
14730,11057,5,20,10.0
14730,11057,6,20,25.0
14730,11057,7,24,25.0
14730,11259,1,5,0.0
14730,11259,2,5,0.0
14730,11259,3,4,25.0
14730,11259,4,4,0.0
14730,11259,5,4,0.0
14730,11259,7,4,0.0
14730,11278,1,15,13.333333333333334
14730,11278,2,15,26.666666666666668
14730,11278,3,12,33.33333333333333
14730,11278,4,12,18.181818181818183
14730,11278,5,12,16.666666666666664
14730,11278,6,12,8.333333333333332
14730,11278,7,12,8.333333333333332
14730,11292,1,15,13.333333333333334
14730,11292,2,15,13.333333333333334
14730,11292,3,12,0.0
14730,11292,4,12,8.333333333333332
14730,11292,5,12,0.0
14730,11292,6,12,8.333333333333332
14730,11292,7,12,8.333333333333332
14730,11298,1,30,21.428571428571427
14730,11298,2,30,25.0
14730,11298,3,24,16.666666666666664
14730,11298,4,24,33.33333333333333
14730,11298,5,24,29.166666666666668
14730,11298,6,24,13.636363636363635
14730,11298,7,24,20.833333333333336
14730,11433,1,12,8.333333333333332
14730,11433,2,12,0.0
14730,11433,3,10,0.0
14730,11433,4,9,0.0
14730,11433,5,9,22.22222222222222
14730,11433,6,12,8.333333333333332
14730,11433,7,9,11.11111111111111
14730,11618,1,11,9.090909090909092
14730,11618,2,11,0.0
14730,11618,3,8,12.5
14730,11618,4,9,22.22222222222222
14730,11618,5,9,12.5
14730,11618,6,6,0.0
14730,11618,7,9,0.0
14730,11697,1,10,0.0
14730,11697,2,4,0.0
14730,11697,5,8,0.0
14730,11697,6,4,0.0
14730,11697,7,4,25.0
14730,12191,1,5,20.0
14730,12191,4,4,25.0
14730,12191,5,4,0.0
14730,12191,6,4,0.0
14730,12191,7,4,0.0
14730,12264,1,4,0.0
14730,12264,2,4,0.0
14730,12264,3,4,0.0
14730,12264,4,3,0.0
14730,12264,5,3,0.0
14730,12264,6,3,0.0
14730,12264,7,3,0.0
14730,12889,1,9,33.33333333333333
14730,12889,2,5,0.0
14730,12889,3,4,0.0
14730,12889,4,8,25.0
14730,12889,5,8,37.5
14730,12889,6,4,0.0
14730,12889,7,8,0.0
14730,12892,2,1,0.0
14730,12892,4,4,0.0
14730,12892,7,4,25.0
14730,12953,1,19,0.0
14730,12953,2,19,0.0
14730,12953,3,14,21.428571428571427
14730,12953,4,14,21.428571428571427
14730,12953,5,14,7.6923076923076925
14730,12953,6,7,0.0
14730,12953,7,11,0.0
14730,13204,1,9,0.0
14730,13204,2,9,0.0
14730,13204,3,7,0.0
14730,13204,4,8,12.5
14730,13204,5,8,0.0
14730,13204,6,13,0.0
14730,13204,7,8,12.5
14730,13232,1,15,6.666666666666667
14730,13232,2,15,0.0
14730,13232,3,12,8.333333333333332
14730,13232,4,12,16.666666666666664
14730,13232,5,12,0.0
14730,13232,6,8,0.0
14730,13232,7,12,8.333333333333332
14730,13303,1,6,0.0
14730,13303,2,6,33.33333333333333
14730,13303,3,4,25.0
14730,13303,4,4,0.0
14730,13303,5,4,0.0
14730,13303,6,4,25.0
14730,13303,7,4,50.0
14730,13487,1,12,8.333333333333332
14730,13487,2,10,0.0
14730,13487,3,8,0.0
14730,13487,4,8,0.0
14730,13487,5,8,37.5
14730,13487,6,8,0.0
14730,13487,7,9,0.0
14730,13930,1,41,9.75609756097561
14730,13930,2,35,14.285714285714285
14730,13930,3,27,7.4074074074074066
14730,13930,4,31,3.225806451612903
14730,13930,5,33,6.0606060606060606
14730,13930,6,25,25.0
14730,13930,7,30,10.0
14730,14082,4,4,0.0
14730,14082,6,1,0.0
14730,14082,7,4,0.0
14730,14100,1,12,8.333333333333332
14730,14100,2,9,11.11111111111111
14730,14100,3,8,0.0
14730,14100,4,11,18.181818181818183
14730,14100,5,11,18.181818181818183
14730,14100,6,4,25.0
14730,14100,7,11,0.0
14730,14107,1,5,40.0
14730,14107,2,5,20.0
14730,14107,3,4,25.0
14730,14107,4,4,0.0
14730,14107,5,4,25.0
14730,14107,6,4,0.0
14730,14107,7,4,75.0
14730,14112,1,5,20.0
14730,14112,5,4,25.0
14730,14112,6,1,0.0
14730,14761,4,4,0.0
14730,14761,6,1,0.0
14730,14761,7,4,75.0
14730,15304,1,5,20.0
14730,15304,2,5,0.0
14730,15304,3,4,0.0
14730,15304,4,4,0.0
14730,15304,5,4,25.0
14730,15304,6,4,0.0
14730,15304,7,4,0.0
14730,15624,1,1,0.0
14730,15624,2,1,0.0
14730,15624,4,4,0.0
14730,15624,5,1,100.0
14730,15624,6,5,20.0
14730,15624,7,4,0.0
14747,10140,1,10,20.0
14747,10140,2,5,20.0
14747,10140,3,8,12.5
14747,10140,4,8,50.0
14747,10140,5,8,37.5
14747,10140,6,4,50.0
14747,10140,7,8,12.5
14747,10299,1,108,8.411214953271028
14747,10299,2,103,12.62135922330097
14747,10299,3,80,12.5
14747,10299,4,83,13.253012048192772
14747,10299,5,82,14.634146341463413
14747,10299,6,82,7.317073170731707
14747,10299,7,86,12.790697674418606
14747,10397,1,44,2.272727272727273
14747,10397,2,43,6.976744186046512
14747,10397,3,39,2.564102564102564
14747,10397,4,39,10.256410256410255
14747,10397,5,39,12.82051282051282
14747,10397,6,40,12.5
14747,10397,7,40,22.5
14747,10423,1,30,20.0
14747,10423,2,25,8.0
14747,10423,3,24,16.666666666666664
14747,10423,4,24,8.695652173913043
14747,10423,5,24,20.833333333333336
14747,10423,6,16,6.25
14747,10423,7,24,20.833333333333336
14747,10666,1,20,20.0
14747,10666,2,20,20.0
14747,10666,3,16,6.25
14747,10666,4,16,18.75
14747,10666,5,16,12.5
14747,10666,6,16,6.25
14747,10666,7,16,18.75
14747,10693,1,21,19.047619047619047
14747,10693,2,20,40.0
14747,10693,3,16,25.0
14747,10693,4,20,10.0
14747,10693,5,20,25.0
14747,10693,6,16,0.0
14747,10693,7,21,33.33333333333333
14747,10713,1,58,13.793103448275861
14747,10713,2,55,14.545454545454545
14747,10713,3,44,13.636363636363635
14747,10713,4,47,14.893617021276595
14747,10713,5,43,11.627906976744185
14747,10713,6,44,9.090909090909092
14747,10713,7,43,18.6046511627907
14747,10721,1,39,25.64102564102564
14747,10721,2,39,30.76923076923077
14747,10721,3,30,43.333333333333336
14747,10721,4,31,48.38709677419355
14747,10721,5,31,29.03225806451613
14747,10721,6,28,7.142857142857142
14747,10721,7,31,45.16129032258064
14747,10800,1,25,4.0
14747,10800,2,15,6.666666666666667
14747,10800,3,12,8.333333333333332
14747,10800,4,19,15.789473684210526
14747,10800,5,20,0.0
14747,10800,6,16,0.0
14747,10800,7,20,15.0
14747,10821,1,15,6.666666666666667
14747,10821,2,15,26.666666666666668
14747,10821,3,12,41.66666666666667
14747,10821,4,12,16.666666666666664
14747,10821,5,12,8.333333333333332
14747,10821,6,12,8.333333333333332
14747,10821,7,12,25.0
14747,10849,1,25,16.0
14747,10849,2,20,10.0
14747,10849,3,16,12.5
14747,10849,4,20,10.0
14747,10849,5,20,10.0
14747,10849,6,16,18.75
14747,10849,7,20,10.0
14747,10994,1,5,40.0
14747,10994,2,5,40.0
14747,10994,3,4,25.0
14747,10994,4,4,25.0
14747,10994,5,4,0.0
14747,10994,6,4,0.0
14747,10994,7,4,25.0
14747,11042,1,10,30.0
14747,11042,2,5,40.0
14747,11042,3,4,25.0
14747,11042,4,8,25.0
14747,11042,5,8,12.5
14747,11042,6,4,0.0
14747,11042,7,8,50.0
14747,11057,1,20,15.0
14747,11057,2,20,15.0
14747,11057,3,16,12.5
14747,11057,4,16,18.75
14747,11057,5,16,18.75
14747,11057,6,16,6.25
14747,11057,7,16,18.75
14747,11066,1,10,40.0
14747,11066,2,5,0.0
14747,11066,3,4,25.0
14747,11066,4,8,50.0
14747,11066,5,8,12.5
14747,11066,6,4,0.0
14747,11066,7,12,16.666666666666664
14747,11193,1,10,0.0
14747,11193,2,10,0.0
14747,11193,3,8,12.5
14747,11193,4,8,12.5
14747,11193,5,8,0.0
14747,11193,6,8,0.0
14747,11193,7,8,37.5
14747,11259,1,5,40.0
14747,11259,2,5,0.0
14747,11259,3,4,0.0
14747,11259,4,4,75.0
14747,11259,5,4,50.0
14747,11259,6,4,50.0
14747,11259,7,4,25.0
14747,11278,1,15,46.666666666666664
14747,11278,2,15,46.666666666666664
14747,11278,3,12,33.33333333333333
14747,11278,4,12,41.66666666666667
14747,11278,5,12,33.33333333333333
14747,11278,6,12,16.666666666666664
14747,11278,7,12,25.0
14747,11292,1,100,24.0
14747,11292,2,90,32.22222222222222
14747,11292,3,76,11.842105263157894
14747,11292,4,80,27.500000000000004
14747,11292,5,80,28.749999999999996
14747,11292,6,68,17.647058823529413
14747,11292,7,80,23.75
14747,11298,1,76,17.333333333333336
14747,11298,2,70,14.285714285714285
14747,11298,3,52,15.384615384615385
14747,11298,4,59,15.254237288135593
14747,11298,5,59,32.72727272727273
14747,11298,6,54,20.754716981132077
14747,11298,7,60,20.0
14747,11433,1,30,10.0
14747,11433,2,30,10.0
14747,11433,3,24,16.666666666666664
14747,11433,4,24,25.0
14747,11433,5,24,16.666666666666664
14747,11433,6,20,15.0
14747,11433,7,24,20.833333333333336
14747,11603,1,35,11.428571428571429
14747,11603,2,35,17.142857142857142
14747,11603,3,28,7.142857142857142
14747,11603,4,28,14.285714285714285
14747,11603,5,28,21.428571428571427
14747,11603,6,28,14.285714285714285
14747,11603,7,28,14.285714285714285
14747,11618,1,39,10.256410256410255
14747,11618,2,39,20.51282051282051
14747,11618,3,32,3.125
14747,11618,4,31,19.35483870967742
14747,11618,5,31,3.225806451612903
14747,11618,6,24,29.166666666666668
14747,11618,7,31,6.451612903225806
14747,11630,1,40,15.0
14747,11630,2,35,14.285714285714285
14747,11630,3,32,3.125
14747,11630,4,32,25.0
14747,11630,5,32,15.625
14747,11630,6,32,0.0
14747,11630,7,32,12.5
14747,11638,1,20,25.0
14747,11638,2,15,20.0
14747,11638,3,12,0.0
14747,11638,4,16,12.5
14747,11638,5,16,0.0
14747,11638,6,12,16.666666666666664
14747,11638,7,16,12.5
14747,11697,1,10,0.0
14747,11697,2,10,10.0
14747,11697,3,8,12.5
14747,11697,4,8,0.0
14747,11697,5,8,0.0
14747,11697,6,8,12.5
14747,11697,7,8,25.0
14747,11884,1,78,16.666666666666664
14747,11884,2,77,15.584415584415584
14747,11884,3,62,4.838709677419355
14747,11884,4,63,29.03225806451613
14747,11884,5,63,19.047619047619047
14747,11884,6,56,8.928571428571429
14747,11884,7,63,22.22222222222222
14747,12003,1,5,0.0
14747,12003,2,5,0.0
14747,12003,3,4,0.0
14747,12003,4,4,50.0
14747,12003,5,4,25.0
14747,12003,6,4,25.0
14747,12003,7,4,25.0
14747,12173,1,40,27.500000000000004
14747,12173,2,40,32.5
14747,12173,3,32,18.75
14747,12173,4,32,28.125
14747,12173,5,32,25.806451612903224
14747,12173,6,32,18.75
14747,12173,7,32,25.0
14747,12191,1,5,0.0
14747,12191,2,5,0.0
14747,12191,3,4,25.0
14747,12191,4,4,0.0
14747,12191,5,4,25.0
14747,12191,6,4,0.0
14747,12191,7,4,0.0
14747,12264,1,30,23.333333333333332
14747,12264,2,29,10.344827586206897
14747,12264,3,24,4.166666666666666
14747,12264,4,24,12.5
14747,12264,5,24,12.5
14747,12264,6,24,8.333333333333332
14747,12264,7,24,12.5
14747,12266,1,30,20.0
14747,12266,2,29,6.896551724137931
14747,12266,3,28,17.857142857142858
14747,12266,4,28,7.142857142857142
14747,12266,5,28,14.285714285714285
14747,12266,6,28,0.0
14747,12266,7,27,7.4074074074074066
14747,12339,1,10,30.0
14747,12339,2,5,20.0
14747,12339,3,8,37.5
14747,12339,4,8,25.0
14747,12339,5,8,12.5
14747,12339,6,4,25.0
14747,12339,7,8,50.0
14747,12441,1,5,0.0
14747,12441,2,5,20.0
14747,12441,3,4,0.0
14747,12441,4,4,0.0
14747,12441,5,4,0.0
14747,12441,6,4,0.0
14747,12441,7,4,25.0
14747,12478,1,45,20.0
14747,12478,2,45,20.0
14747,12478,3,36,27.77777777777778
14747,12478,4,36,37.142857142857146
14747,12478,5,36,22.22222222222222
14747,12478,6,36,13.88888888888889
14747,12478,7,36,25.0
14747,12523,1,30,6.666666666666667
14747,12523,2,30,10.0
14747,12523,3,24,13.043478260869565
14747,12523,4,24,33.33333333333333
14747,12523,5,24,9.090909090909092
14747,12523,6,24,8.333333333333332
14747,12523,7,24,12.5
14747,12758,1,20,25.0
14747,12758,2,15,26.666666666666668
14747,12758,3,12,33.33333333333333
14747,12758,4,16,18.75
14747,12758,5,16,12.5
14747,12758,6,16,12.5
14747,12758,7,16,18.75
14747,12819,1,20,10.0
14747,12819,2,20,5.0
14747,12819,3,16,18.75
14747,12819,4,16,25.0
14747,12819,5,16,25.0
14747,12819,6,16,6.25
14747,12819,7,16,18.75
14747,12889,1,76,17.105263157894736
14747,12889,2,68,11.76470588235294
14747,12889,3,54,20.37037037037037
14747,12889,4,62,40.32258064516129
14747,12889,5,62,46.774193548387096
14747,12889,6,56,16.071428571428573
14747,12889,7,62,20.967741935483872
14747,12892,1,108,12.962962962962962
14747,12892,2,95,8.421052631578947
14747,12892,3,76,9.210526315789473
14747,12892,4,86,15.11627906976744
14747,12892,5,88,10.465116279069768
14747,12892,6,74,12.162162162162163
14747,12892,7,78,10.256410256410255
14747,12982,1,15,13.333333333333334
14747,12982,2,15,26.666666666666668
14747,12982,3,12,33.33333333333333
14747,12982,4,12,16.666666666666664
14747,12982,5,12,16.666666666666664
14747,12982,6,12,25.0
14747,12982,7,12,16.666666666666664
14747,13127,1,5,0.0
14747,13127,2,5,0.0
14747,13127,3,4,0.0
14747,13127,4,4,25.0
14747,13127,5,4,0.0
14747,13127,6,4,0.0
14747,13127,7,4,0.0
14747,13198,1,20,35.0
14747,13198,2,15,33.33333333333333
14747,13198,3,12,8.333333333333332
14747,13198,4,16,37.5
14747,13198,5,16,18.75
14747,13198,6,16,33.33333333333333
14747,13198,7,16,18.75
14747,13204,1,25,32.0
14747,13204,2,20,20.0
14747,13204,3,20,10.0
14747,13204,4,20,25.0
14747,13204,5,20,10.0
14747,13204,6,20,20.0
14747,13204,7,20,15.0
14747,13232,1,15,26.666666666666668
14747,13232,2,15,26.666666666666668
14747,13232,3,12,8.333333333333332
14747,13232,4,12,50.0
14747,13232,5,12,58.333333333333336
14747,13232,6,8,12.5
14747,13232,7,12,25.0
14747,13264,1,15,0.0
14747,13264,2,15,0.0
14747,13264,3,12,0.0
14747,13264,4,12,16.666666666666664
14747,13264,5,12,0.0
14747,13264,6,12,0.0
14747,13264,7,12,8.333333333333332
14747,13303,1,15,26.666666666666668
14747,13303,2,15,20.0
14747,13303,3,12,25.0
14747,13303,4,12,16.666666666666664
14747,13303,5,12,33.33333333333333
14747,13303,6,12,0.0
14747,13303,7,12,8.333333333333332
14747,13342,1,10,20.0
14747,13342,2,10,20.0
14747,13342,3,8,12.5
14747,13342,4,8,12.5
14747,13342,5,8,12.5
14747,13342,6,8,0.0
14747,13342,7,8,62.5
14747,13486,1,5,0.0
14747,13486,2,4,0.0
14747,13486,3,3,0.0
14747,13486,4,3,0.0
14747,13486,5,3,0.0
14747,13486,6,3,0.0
14747,13486,7,4,0.0
14747,13487,1,45,4.444444444444445
14747,13487,2,45,22.22222222222222
14747,13487,3,37,5.405405405405405
14747,13487,4,36,17.142857142857142
14747,13487,5,36,19.444444444444446
14747,13487,6,29,6.896551724137931
14747,13487,7,36,22.22222222222222
14747,13495,1,6,0.0
14747,13495,2,5,20.0
14747,13495,3,8,25.0
14747,13495,4,8,0.0
14747,13495,5,8,12.5
14747,13495,6,4,0.0
14747,13495,7,8,0.0
14747,13796,1,30,40.0
14747,13796,2,25,28.000000000000004
14747,13796,3,20,20.0
14747,13796,4,24,37.5
14747,13796,5,24,25.0
14747,13796,6,15,13.333333333333334
14747,13796,7,28,28.57142857142857
14747,13830,1,25,16.0
14747,13830,2,20,35.0
14747,13830,3,16,0.0
14747,13830,4,20,10.0
14747,13830,5,20,20.0
14747,13830,6,20,20.0
14747,13830,7,20,30.0
14747,13851,1,5,0.0
14747,13851,2,5,20.0
14747,13851,3,4,50.0
14747,13851,4,4,0.0
14747,13851,5,4,0.0
14747,13851,6,4,0.0
14747,13851,7,4,0.0
14747,13871,1,10,10.0
14747,13871,2,10,10.0
14747,13871,3,8,12.5
14747,13871,4,8,12.5
14747,13871,5,8,50.0
14747,13871,6,8,12.5
14747,13871,7,8,25.0
14747,13891,1,40,10.0
14747,13891,2,31,6.451612903225806
14747,13891,3,24,8.333333333333332
14747,13891,4,32,6.25
14747,13891,5,32,15.625
14747,13891,6,23,4.3478260869565215
14747,13891,7,31,9.67741935483871
14747,13930,1,88,13.636363636363635
14747,13930,2,85,12.941176470588237
14747,13930,3,67,19.402985074626866
14747,13930,4,69,23.18840579710145
14747,13930,5,66,22.727272727272727
14747,13930,6,63,23.809523809523807
14747,13930,7,71,29.577464788732392
14747,14057,1,73,8.21917808219178
14747,14057,2,73,26.027397260273972
14747,14057,3,58,10.344827586206897
14747,14057,4,59,33.89830508474576
14747,14057,5,59,11.864406779661017
14747,14057,6,52,7.6923076923076925
14747,14057,7,59,11.864406779661017
14747,14100,1,21,33.33333333333333
14747,14100,2,20,5.0
14747,14100,3,16,25.0
14747,14100,4,16,18.75
14747,14100,5,16,18.75
14747,14100,6,16,12.5
14747,14100,7,16,25.0
14747,14107,1,100,13.131313131313133
14747,14107,2,84,8.333333333333332
14747,14107,3,71,9.859154929577464
14747,14107,4,78,25.64102564102564
14747,14107,5,73,22.535211267605636
14747,14107,6,67,13.432835820895523
14747,14107,7,72,16.901408450704224
14747,14122,1,10,10.0
14747,14122,2,10,10.0
14747,14122,3,4,25.0
14747,14122,4,8,37.5
14747,14122,5,8,12.5
14747,14122,6,4,25.0
14747,14122,7,8,0.0
14747,14252,1,30,10.0
14747,14252,2,25,12.0
14747,14252,3,20,5.0
14747,14252,4,24,25.0
14747,14252,5,24,20.833333333333336
14747,14252,6,20,5.0
14747,14252,7,24,16.666666666666664
14747,14262,1,15,6.666666666666667
14747,14262,2,15,20.0
14747,14262,3,12,8.333333333333332
14747,14262,4,12,16.666666666666664
14747,14262,5,12,16.666666666666664
14747,14262,6,12,0.0
14747,14262,7,12,8.333333333333332
14747,14487,1,4,25.0
14747,14487,2,3,0.0
14747,14487,3,3,33.33333333333333
14747,14487,4,3,33.33333333333333
14747,14487,5,3,33.33333333333333
14747,14487,6,3,0.0
14747,14487,7,3,0.0
14747,14489,1,35,14.285714285714285
14747,14489,2,35,11.428571428571429
14747,14489,3,28,10.714285714285714
14747,14489,4,28,25.0
14747,14489,5,28,7.142857142857142
14747,14489,6,28,3.571428571428571
14747,14489,7,28,25.0
14747,14492,1,15,26.666666666666668
14747,14492,2,10,30.0
14747,14492,3,8,0.0
14747,14492,4,12,25.0
14747,14492,5,12,8.333333333333332
14747,14492,6,8,25.0
14747,14492,7,12,50.0
14747,14570,1,10,20.0
14747,14570,2,10,40.0
14747,14570,3,8,0.0
14747,14570,4,12,25.0
14747,14570,5,12,20.0
14747,14570,6,4,25.0
14747,14570,7,12,8.333333333333332
14747,14679,1,68,16.176470588235293
14747,14679,2,63,20.634920634920633
14747,14679,3,50,8.88888888888889
14747,14679,4,55,22.22222222222222
14747,14679,5,51,23.52941176470588
14747,14679,6,46,8.695652173913043
14747,14679,7,54,24.074074074074073
14747,14683,1,10,10.0
14747,14683,2,5,0.0
14747,14683,3,4,0.0
14747,14683,4,8,12.5
14747,14683,5,8,0.0
14747,14683,6,4,0.0
14747,14683,7,8,12.5
14747,14689,1,5,0.0
14747,14689,2,5,20.0
14747,14689,3,4,0.0
14747,14689,4,4,75.0
14747,14689,5,4,0.0
14747,14689,7,4,0.0
14747,14698,1,4,50.0
14747,14698,2,4,0.0
14747,14698,3,4,0.0
14747,14698,4,4,0.0
14747,14698,5,4,0.0
14747,14698,6,4,0.0
14747,14698,7,4,0.0
14747,14771,1,110,27.522935779816514
14747,14771,2,90,17.77777777777778
14747,14771,3,74,14.864864864864865
14747,14771,4,85,29.411764705882355
14747,14771,5,84,28.04878048780488
14747,14771,6,63,17.741935483870968
14747,14771,7,78,35.8974358974359
14747,14828,1,5,0.0
14747,14828,2,5,20.0
14747,14828,3,4,0.0
14747,14828,4,4,50.0
14747,14828,5,4,25.0
14747,14828,6,4,25.0
14747,14828,7,4,25.0
14747,14831,1,65,9.230769230769232
14747,14831,2,63,9.523809523809524
14747,14831,3,49,2.0408163265306123
14747,14831,4,50,30.0
14747,14831,5,51,25.49019607843137
14747,14831,6,38,21.052631578947366
14747,14831,7,51,25.49019607843137
14747,14869,1,73,9.722222222222223
14747,14869,2,60,11.666666666666666
14747,14869,3,48,2.083333333333333
14747,14869,4,55,14.545454545454545
14747,14869,5,60,13.333333333333334
14747,14869,6,48,10.416666666666668
14747,14869,7,54,14.814814814814813
14747,14893,1,73,12.32876712328767
14747,14893,2,58,12.068965517241379
14747,14893,3,46,10.869565217391305
14747,14893,4,59,27.11864406779661
14747,14893,5,59,20.689655172413794
14747,14893,6,44,13.636363636363635
14747,14893,7,59,13.559322033898304
14747,14908,1,60,13.333333333333334
14747,14908,2,50,10.204081632653061
14747,14908,3,40,7.5
14747,14908,4,48,18.75
14747,14908,5,48,8.333333333333332
14747,14908,6,36,14.285714285714285
14747,14908,7,48,10.416666666666668
14747,15016,1,20,25.0
14747,15016,2,10,20.0
14747,15016,3,8,25.0
14747,15016,4,16,37.5
14747,15016,5,16,18.75
14747,15016,6,12,33.33333333333333
14747,15016,7,16,25.0
14747,15023,1,10,0.0
14747,15023,2,10,20.0
14747,15023,3,8,25.0
14747,15023,4,8,12.5
14747,15023,5,8,25.0
14747,15023,6,8,12.5
14747,15023,7,8,0.0
14747,15304,1,15,13.333333333333334
14747,15304,2,10,10.0
14747,15304,3,8,25.0
14747,15304,4,12,33.33333333333333
14747,15304,5,12,0.0
14747,15304,6,8,0.0
14747,15304,7,12,8.333333333333332
14747,15376,1,15,6.666666666666667
14747,15376,2,15,13.333333333333334
14747,15376,3,12,8.333333333333332
14747,15376,4,12,33.33333333333333
14747,15376,5,12,8.333333333333332
14747,15376,6,12,8.333333333333332
14747,15376,7,12,16.666666666666664
14761,10135,1,10,20.0
14761,10135,2,5,0.0
14761,10135,3,4,25.0
14761,10135,4,4,0.0
14761,10135,5,8,0.0
14761,10135,6,4,25.0
14761,10135,7,4,0.0
14761,10408,1,5,20.0
14761,10408,3,3,100.0
14761,10408,5,4,0.0
14761,10431,1,6,16.666666666666664
14761,10431,2,5,0.0
14761,10431,3,4,25.0
14761,10431,4,8,12.5
14761,10431,5,4,0.0
14761,10431,6,4,25.0
14761,10431,7,8,25.0
14761,10581,1,5,20.0
14761,10581,3,1,0.0
14761,10581,5,4,25.0
14761,10581,6,4,25.0
14761,10676,4,4,0.0
14761,10676,7,4,75.0
14761,10685,4,4,0.0
14761,10685,7,4,0.0
14761,10693,1,5,40.0
14761,10693,5,4,25.0
14761,10868,4,4,25.0
14761,10868,7,4,25.0
14761,10874,4,4,0.0
14761,10874,7,4,25.0
14761,10980,1,5,40.0
14761,10980,5,4,50.0
14761,11003,1,5,0.0
14761,11003,5,4,0.0
14761,11027,4,4,25.0
14761,11027,7,4,0.0
14761,11193,1,5,20.0
14761,11193,3,3,33.33333333333333
14761,11193,4,4,50.0
14761,11193,5,4,25.0
14761,11193,6,4,25.0
14761,11193,7,4,25.0
14761,11423,1,5,0.0
14761,11423,3,4,0.0
14761,11423,5,4,0.0
14761,11537,1,5,0.0
14761,11537,5,4,25.0
14761,11612,4,4,0.0
14761,11612,6,1,0.0
14761,11612,7,4,0.0
14761,11721,1,5,40.0
14761,11721,3,2,0.0
14761,11721,4,4,0.0
14761,11721,5,4,25.0
14761,11721,7,4,0.0
14761,11823,4,4,25.0
14761,11823,6,4,0.0
14761,11823,7,4,50.0
14761,11986,1,5,0.0
14761,11986,2,3,33.33333333333333
14761,11986,4,4,50.0
14761,11986,5,4,0.0
14761,11986,7,4,75.0
14761,11996,4,4,0.0
14761,11996,7,4,0.0
14761,12119,1,5,0.0
14761,12119,5,4,100.0
14761,12223,4,4,25.0
14761,12223,7,4,0.0
14761,12265,1,1,0.0
14761,12339,1,4,0.0
14761,12339,3,1,0.0
14761,12339,5,4,0.0
14761,12339,6,1,100.0
14761,12544,1,5,40.0
14761,12544,4,4,0.0
14761,12544,5,4,50.0
14761,12544,7,4,100.0
14761,12917,1,5,0.0
14761,12917,3,4,25.0
14761,12917,5,4,25.0
14761,12945,1,1,0.0
14761,12945,2,3,0.0
14761,12945,4,4,25.0
14761,12945,5,1,100.0
14761,12945,6,2,0.0
14761,12945,7,4,0.0
14761,13230,1,5,100.0
14761,13230,4,4,0.0
14761,13230,5,4,25.0
14761,13230,7,4,0.0
14761,14025,1,1,0.0
14761,14025,4,4,25.0
14761,14025,7,4,0.0
14761,14108,1,1,0.0
14761,14108,3,4,0.0
14761,14108,6,4,0.0
14761,14122,4,4,25.0
14761,14122,7,4,25.0
14761,14259,4,4,25.0
14761,14259,7,4,25.0
14761,14512,1,5,0.0
14761,14512,5,4,25.0
14761,14574,1,5,20.0
14761,14574,5,4,75.0
14761,14696,1,5,0.0
14761,14696,3,4,0.0
14761,14696,5,4,25.0
14761,14730,4,4,0.0
14761,14730,6,1,0.0
14761,14730,7,4,25.0
14761,14783,1,5,20.0
14761,14783,3,4,0.0
14761,14783,5,4,0.0
14761,15070,1,1,0.0
14761,15096,1,1,0.0
14761,15323,4,4,75.0
14761,15323,7,4,50.0
14761,15370,1,5,20.0
14761,15370,5,4,0.0
14761,15412,1,8,0.0
14761,15412,2,5,0.0
14761,15412,3,4,25.0
14761,15412,4,8,0.0
14761,15412,5,5,40.0
14761,15412,6,9,11.11111111111111
14761,15412,7,8,12.5
14761,15919,1,5,20.0
14761,15919,5,4,0.0
14771,10140,1,10,10.0
14771,10140,2,10,10.0
14771,10140,3,8,12.5
14771,10140,4,8,12.5
14771,10140,5,8,12.5
14771,10140,6,7,0.0
14771,10140,7,8,12.5
14771,10157,1,17,11.76470588235294
14771,10157,2,16,31.25
14771,10157,3,12,16.666666666666664
14771,10157,4,13,15.384615384615385
14771,10157,5,13,7.6923076923076925
14771,10157,6,13,15.384615384615385
14771,10157,7,13,23.076923076923077
14771,10299,1,9,0.0
14771,10299,2,9,0.0
14771,10299,3,8,0.0
14771,10299,4,7,0.0
14771,10299,5,7,0.0
14771,10299,6,8,0.0
14771,10299,7,7,14.285714285714285
14771,10372,1,4,25.0
14771,10372,2,4,0.0
14771,10372,3,4,0.0
14771,10372,4,3,0.0
14771,10372,5,3,33.33333333333333
14771,10372,6,3,0.0
14771,10372,7,3,0.0
14771,10397,1,51,3.9215686274509802
14771,10397,2,37,8.108108108108109
14771,10397,3,33,9.090909090909092
14771,10397,4,41,26.82926829268293
14771,10397,5,41,19.51219512195122
14771,10397,6,31,22.58064516129032
14771,10397,7,43,11.627906976744185
14771,10423,1,41,17.073170731707318
14771,10423,2,35,14.285714285714285
14771,10423,3,28,3.571428571428571
14771,10423,4,33,18.181818181818183
14771,10423,5,32,18.75
14771,10423,6,25,16.0
14771,10423,7,33,21.21212121212121
14771,10561,1,10,30.0
14771,10561,2,6,33.33333333333333
14771,10561,3,8,0.0
14771,10561,4,8,37.5
14771,10561,5,8,12.5
14771,10561,6,5,20.0
14771,10561,7,8,25.0
14771,10617,1,5,20.0
14771,10617,4,4,0.0
14771,10617,5,4,0.0
14771,10617,7,4,0.0
14771,10693,1,16,31.25
14771,10693,2,15,40.0
14771,10693,3,13,23.076923076923077
14771,10693,4,13,38.46153846153847
14771,10693,5,13,30.76923076923077
14771,10693,6,9,0.0
14771,10693,7,13,23.076923076923077
14771,10713,1,20,20.0
14771,10713,2,16,12.5
14771,10713,3,16,12.5
14771,10713,4,16,18.75
14771,10713,5,16,18.75
14771,10713,6,13,23.076923076923077
14771,10713,7,16,37.5
14771,10721,1,73,26.027397260273972
14771,10721,2,64,20.3125
14771,10721,3,50,38.0
14771,10721,4,59,42.3728813559322
14771,10721,5,59,30.508474576271187
14771,10721,6,44,13.636363636363635
14771,10721,7,59,23.728813559322035
14771,10800,1,40,10.0
14771,10800,2,36,13.88888888888889
14771,10800,3,32,9.375
14771,10800,4,32,3.125
14771,10800,5,32,6.25
14771,10800,6,22,0.0
14771,10800,7,32,15.625
14771,10821,1,16,25.0
14771,10821,2,11,18.181818181818183
14771,10821,3,12,25.0
14771,10821,4,13,30.76923076923077
14771,10821,5,13,30.76923076923077
14771,10821,6,9,33.33333333333333
14771,10821,7,13,15.384615384615385
14771,10849,1,5,0.0
14771,10849,2,5,40.0
14771,10849,3,4,0.0
14771,10849,4,4,50.0
14771,10849,5,4,50.0
14771,10849,6,4,0.0
14771,10849,7,4,25.0
14771,11042,1,11,0.0
14771,11042,2,6,0.0
14771,11042,3,8,0.0
14771,11042,4,9,0.0
14771,11042,5,9,0.0
14771,11042,6,5,0.0
14771,11042,7,9,22.22222222222222
14771,11057,1,25,16.0
14771,11057,2,20,15.0
14771,11057,3,15,20.0
14771,11057,4,20,15.0
14771,11057,5,20,25.0
14771,11057,6,16,18.75
14771,11057,7,20,20.0
14771,11066,1,5,20.0
14771,11066,2,5,40.0
14771,11066,3,5,0.0
14771,11066,4,5,0.0
14771,11066,5,4,0.0
14771,11066,6,4,0.0
14771,11066,7,5,0.0
14771,11278,1,15,0.0
14771,11278,2,15,20.0
14771,11278,3,12,41.66666666666667
14771,11278,4,12,33.33333333333333
14771,11278,5,12,16.666666666666664
14771,11278,6,12,0.0
14771,11278,7,12,16.666666666666664
14771,11292,1,80,27.500000000000004
14771,11292,2,70,27.142857142857142
14771,11292,3,56,14.285714285714285
14771,11292,4,65,33.84615384615385
14771,11292,5,64,32.8125
14771,11292,6,52,23.076923076923077
14771,11292,7,63,20.634920634920633
14771,11298,1,52,15.686274509803921
14771,11298,2,48,20.833333333333336
14771,11298,3,37,10.81081081081081
14771,11298,4,44,13.636363636363635
14771,11298,5,41,18.91891891891892
14771,11298,6,36,8.333333333333332
14771,11298,7,45,22.22222222222222
14771,11433,1,25,8.0
14771,11433,2,24,12.5
14771,11433,3,19,26.31578947368421
14771,11433,4,19,21.052631578947366
14771,11433,5,19,15.789473684210526
14771,11433,6,19,5.263157894736842
14771,11433,7,20,25.0
14771,11603,1,15,20.0
14771,11603,2,15,13.333333333333334
14771,11603,3,12,8.333333333333332
14771,11603,4,12,8.333333333333332
14771,11603,5,12,33.33333333333333
14771,11603,6,12,8.333333333333332
14771,11603,7,12,25.0
14771,11618,1,61,22.950819672131146
14771,11618,2,61,25.0
14771,11618,3,48,8.333333333333332
14771,11618,4,48,29.78723404255319
14771,11618,5,49,24.489795918367346
14771,11618,6,41,34.146341463414636
14771,11618,7,49,16.3265306122449
14771,11638,1,21,4.761904761904762
14771,11638,2,21,14.285714285714285
14771,11638,3,16,12.5
14771,11638,4,17,5.88235294117647
14771,11638,5,14,35.714285714285715
14771,11638,6,13,7.6923076923076925
14771,11638,7,17,17.647058823529413
14771,11648,1,5,0.0
14771,11648,2,5,20.0
14771,11648,3,4,0.0
14771,11648,4,4,25.0
14771,11648,5,7,42.857142857142854
14771,11648,6,7,0.0
14771,11648,7,4,25.0
14771,11697,1,11,9.090909090909092
14771,11697,2,11,18.181818181818183
14771,11697,3,9,22.22222222222222
14771,11697,4,9,22.22222222222222
14771,11697,5,9,11.11111111111111
14771,11697,6,9,0.0
14771,11697,7,9,11.11111111111111
14771,11884,1,14,21.428571428571427
14771,11884,2,15,20.0
14771,11884,3,12,16.666666666666664
14771,11884,4,12,25.0
14771,11884,5,9,33.33333333333333
14771,11884,6,9,0.0
14771,11884,7,12,16.666666666666664
14771,12173,1,26,15.384615384615385
14771,12173,2,21,9.523809523809524
14771,12173,3,16,6.25
14771,12173,4,21,9.523809523809524
14771,12173,5,21,14.285714285714285
14771,12173,6,21,19.047619047619047
14771,12173,7,21,14.285714285714285
14771,12264,1,37,16.216216216216218
14771,12264,2,32,18.75
14771,12264,3,24,25.0
14771,12264,4,29,13.793103448275861
14771,12264,5,29,13.793103448275861
14771,12264,6,26,34.61538461538461
14771,12264,7,29,13.793103448275861
14771,12266,1,50,8.0
14771,12266,2,46,6.521739130434782
14771,12266,3,40,7.5
14771,12266,4,40,7.5
14771,12266,5,36,8.333333333333332
14771,12266,6,37,10.81081081081081
14771,12266,7,40,5.0
14771,12339,1,6,33.33333333333333
14771,12339,2,5,0.0
14771,12339,3,4,0.0
14771,12339,4,5,40.0
14771,12339,5,5,40.0
14771,12339,6,4,0.0
14771,12339,7,5,20.0
14771,12441,1,4,0.0
14771,12441,2,4,25.0
14771,12441,3,4,0.0
14771,12441,4,3,66.66666666666666
14771,12441,5,3,33.33333333333333
14771,12441,6,4,0.0
14771,12441,7,3,0.0
14771,12478,1,100,6.0
14771,12478,2,95,15.789473684210526
14771,12478,3,76,14.473684210526317
14771,12478,4,80,18.75
14771,12478,5,80,13.924050632911392
14771,12478,6,68,10.44776119402985
14771,12478,7,80,16.25
14771,12758,1,10,10.0
14771,12758,2,15,6.666666666666667
14771,12758,3,8,50.0
14771,12758,4,12,25.0
14771,12758,5,8,0.0
14771,12758,6,12,16.666666666666664
14771,12758,7,12,8.333333333333332
14771,12889,1,93,17.20430107526882
14771,12889,2,71,11.267605633802818
14771,12889,3,56,5.357142857142857
14771,12889,4,76,37.333333333333336
14771,12889,5,76,41.333333333333336
14771,12889,6,63,9.523809523809524
14771,12889,7,77,27.27272727272727
14771,12892,1,160,20.0
14771,12892,2,138,13.043478260869565
14771,12892,3,109,10.091743119266056
14771,12892,4,128,25.196850393700785
14771,12892,5,128,31.496062992125985
14771,12892,6,116,18.96551724137931
14771,12892,7,137,29.927007299270077
14771,12982,1,15,6.666666666666667
14771,12982,2,5,0.0
14771,12982,3,8,12.5
14771,12982,4,4,0.0
14771,12982,5,12,0.0
14771,12982,6,8,0.0
14771,12982,7,8,12.5
14771,13198,1,5,40.0
14771,13198,2,5,20.0
14771,13198,3,4,0.0
14771,13198,4,4,0.0
14771,13198,5,4,25.0
14771,13198,6,4,50.0
14771,13198,7,4,25.0
14771,13204,1,15,0.0
14771,13204,2,15,6.666666666666667
14771,13204,3,12,0.0
14771,13204,4,12,16.666666666666664
14771,13204,5,15,0.0
14771,13204,6,13,7.6923076923076925
14771,13204,7,12,8.333333333333332
14771,13232,1,5,0.0
14771,13232,2,5,40.0
14771,13232,3,4,50.0
14771,13232,4,4,25.0
14771,13232,5,4,25.0
14771,13232,6,4,25.0
14771,13232,7,4,75.0
14771,13264,1,15,6.666666666666667
14771,13264,2,15,6.666666666666667
14771,13264,3,12,0.0
14771,13264,4,12,0.0
14771,13264,5,12,16.666666666666664
14771,13264,6,11,0.0
14771,13264,7,12,0.0
14771,13303,1,16,25.0
14771,13303,2,16,25.0
14771,13303,3,12,41.66666666666667
14771,13303,4,12,16.666666666666664
14771,13303,5,11,27.27272727272727
14771,13303,6,12,8.333333333333332
14771,13303,7,12,8.333333333333332
14771,13476,1,10,30.0
14771,13476,2,6,0.0
14771,13476,3,8,12.5
14771,13476,4,8,25.0
14771,13476,5,8,25.0
14771,13476,6,5,0.0
14771,13476,7,8,37.5
14771,13486,1,4,0.0
14771,13486,4,2,50.0
14771,13486,5,2,0.0
14771,13486,6,2,50.0
14771,13486,7,3,0.0
14771,13487,1,28,10.714285714285714
14771,13487,2,25,8.0
14771,13487,3,19,10.526315789473683
14771,13487,4,22,13.636363636363635
14771,13487,5,22,31.818181818181817
14771,13487,6,19,21.052631578947366
14771,13487,7,22,27.27272727272727
14771,13495,1,5,20.0
14771,13495,2,5,20.0
14771,13495,3,5,0.0
14771,13495,4,5,0.0
14771,13495,5,6,0.0
14771,13495,6,5,0.0
14771,13495,7,5,0.0
14771,13830,1,20,0.0
14771,13830,2,20,10.0
14771,13830,3,16,0.0
14771,13830,4,16,6.25
14771,13830,5,16,6.25
14771,13830,6,16,6.25
14771,13830,7,16,6.25
14771,13871,1,5,20.0
14771,13871,2,5,20.0
14771,13871,3,4,0.0
14771,13871,4,4,0.0
14771,13871,5,4,50.0
14771,13871,6,4,0.0
14771,13871,7,4,25.0
14771,13891,1,20,25.0
14771,13891,2,15,13.333333333333334
14771,13891,3,12,8.333333333333332
14771,13891,4,16,37.5
14771,13891,5,16,31.25
14771,13891,6,12,8.333333333333332
14771,13891,7,17,29.411764705882355
14771,13930,1,84,16.666666666666664
14771,13930,2,77,11.688311688311687
14771,13930,3,65,13.846153846153847
14771,13930,4,66,6.0606060606060606
14771,13930,5,68,20.588235294117645
14771,13930,6,60,25.0
14771,13930,7,66,18.181818181818183
14771,13964,1,5,20.0
14771,13964,2,5,0.0
14771,13964,3,4,0.0
14771,13964,4,4,0.0
14771,13964,5,4,0.0
14771,13964,6,4,0.0
14771,13964,7,4,25.0
14771,14057,1,61,8.19672131147541
14771,14057,2,47,21.27659574468085
14771,14057,3,39,7.6923076923076925
14771,14057,4,49,18.367346938775512
14771,14057,5,49,6.122448979591836
14771,14057,6,36,5.555555555555555
14771,14057,7,47,21.27659574468085
14771,14100,1,30,13.333333333333334
14771,14100,2,25,12.0
14771,14100,3,23,13.043478260869565
14771,14100,4,24,20.833333333333336
14771,14100,5,24,4.166666666666666
14771,14100,6,16,6.25
14771,14100,7,24,8.333333333333332
14771,14107,1,60,21.666666666666668
14771,14107,2,51,13.725490196078432
14771,14107,3,43,20.930232558139537
14771,14107,4,51,19.607843137254903
14771,14107,5,48,33.33333333333333
14771,14107,6,37,22.22222222222222
14771,14107,7,52,25.0
14771,14122,1,10,30.0
14771,14122,2,5,20.0
14771,14122,3,8,0.0
14771,14122,4,8,12.5
14771,14122,5,8,0.0
14771,14122,6,4,0.0
14771,14122,7,8,0.0
14771,14252,1,10,10.0
14771,14252,2,6,16.666666666666664
14771,14252,3,8,37.5
14771,14252,4,8,25.0
14771,14252,5,5,0.0
14771,14252,6,5,0.0
14771,14252,7,8,25.0
14771,14262,1,31,22.58064516129032
14771,14262,2,31,6.451612903225806
14771,14262,3,24,8.333333333333332
14771,14262,4,25,16.0
14771,14262,5,29,13.793103448275861
14771,14262,6,22,9.090909090909092
14771,14262,7,29,13.793103448275861
14771,14487,1,11,9.090909090909092
14771,14487,2,9,22.22222222222222
14771,14487,3,9,22.22222222222222
14771,14487,4,9,22.22222222222222
14771,14487,5,9,22.22222222222222
14771,14487,6,6,16.666666666666664
14771,14487,7,9,33.33333333333333
14771,14489,1,20,15.0
14771,14489,2,16,12.5
14771,14489,3,16,0.0
14771,14489,4,16,12.5
14771,14489,5,16,18.75
14771,14489,6,13,23.076923076923077
14771,14489,7,16,25.0
14771,14492,1,15,6.666666666666667
14771,14492,2,10,0.0
14771,14492,3,8,0.0
14771,14492,4,12,16.666666666666664
14771,14492,5,12,0.0
14771,14492,6,8,0.0
14771,14492,7,12,8.333333333333332
14771,14570,1,20,5.0
14771,14570,2,20,10.526315789473683
14771,14570,3,16,0.0
14771,14570,4,16,6.25
14771,14570,5,16,12.5
14771,14570,6,16,6.25
14771,14570,7,16,12.5
14771,14679,1,102,30.392156862745097
14771,14679,2,91,15.384615384615385
14771,14679,3,76,14.285714285714285
14771,14679,4,82,40.74074074074074
14771,14679,5,81,35.0
14771,14679,6,70,8.571428571428571
14771,14679,7,80,31.25
14771,14683,1,6,16.666666666666664
14771,14683,2,6,16.666666666666664
14771,14683,3,4,0.0
14771,14683,4,5,20.0
14771,14683,5,5,40.0
14771,14683,6,4,0.0
14771,14683,7,5,0.0
14771,14689,1,22,13.636363636363635
14771,14689,2,20,10.0
14771,14689,3,20,10.526315789473683
14771,14689,4,17,11.76470588235294
14771,14689,5,17,11.76470588235294
14771,14689,6,16,25.0
14771,14689,7,20,15.0
14771,14698,1,13,38.46153846153847
14771,14698,2,13,15.384615384615385
14771,14698,3,11,18.181818181818183
14771,14698,4,13,7.6923076923076925
14771,14698,5,13,15.384615384615385
14771,14698,6,9,33.33333333333333
14771,14698,7,13,23.076923076923077
14771,14747,1,110,26.605504587155966
14771,14747,2,89,15.730337078651685
14771,14747,3,74,10.81081081081081
14771,14747,4,87,34.883720930232556
14771,14747,5,83,25.609756097560975
14771,14747,6,62,8.064516129032258
14771,14747,7,80,26.25
14771,14869,1,45,15.555555555555555
14771,14869,2,39,5.128205128205128
14771,14869,3,30,10.0
14771,14869,4,36,11.11111111111111
14771,14869,5,36,19.444444444444446
14771,14869,6,28,7.142857142857142
14771,14869,7,36,16.666666666666664
14771,14893,1,21,23.809523809523807
14771,14893,2,17,17.647058823529413
14771,14893,3,16,6.25
14771,14893,4,17,23.52941176470588
14771,14893,5,17,23.52941176470588
14771,14893,6,14,7.142857142857142
14771,14893,7,17,29.411764705882355
14771,14908,1,80,13.750000000000002
14771,14908,2,65,12.307692307692308
14771,14908,3,56,5.357142857142857
14771,14908,4,60,16.666666666666664
14771,14908,5,64,15.625
14771,14908,6,51,3.9215686274509802
14771,14908,7,60,11.666666666666666
14771,15016,1,10,30.0
14771,15016,2,10,20.0
14771,15016,3,8,12.5
14771,15016,4,8,37.5
14771,15016,5,8,50.0
14771,15016,6,8,37.5
14771,15016,7,8,12.5
14771,15041,1,1,0.0
14771,15041,4,4,0.0
14771,15041,5,4,0.0
14771,15041,6,4,0.0
14771,15304,1,5,0.0
14771,15304,2,5,20.0
14771,15304,3,4,0.0
14771,15304,4,4,0.0
14771,15304,5,4,0.0
14771,15304,6,4,0.0
14771,15304,7,4,25.0
14771,15376,1,10,20.0
14771,15376,2,10,20.0
14771,15376,3,8,12.5
14771,15376,4,8,12.5
14771,15376,5,8,37.5
14771,15376,6,8,0.0
14771,15376,7,8,12.5
14783,10397,1,15,20.0
14783,10397,2,15,6.666666666666667
14783,10397,3,12,8.333333333333332
14783,10397,4,12,25.0
14783,10397,5,12,8.333333333333332
14783,10397,6,9,11.11111111111111
14783,10397,7,12,25.0
14783,10466,2,2,0.0
14783,10466,4,4,0.0
14783,10466,6,1,0.0
14783,10466,7,4,0.0
14783,11057,1,16,18.75
14783,11057,2,16,0.0
14783,11057,3,12,8.333333333333332
14783,11057,4,15,13.333333333333334
14783,11057,5,12,0.0
14783,11057,6,12,16.666666666666664
14783,11057,7,16,0.0
14783,11292,1,20,30.0
14783,11292,2,20,25.0
14783,11292,3,16,12.5
14783,11292,4,16,31.25
14783,11292,5,16,25.0
14783,11292,6,16,0.0
14783,11292,7,16,6.25
14783,11298,1,46,32.608695652173914
14783,11298,2,45,17.77777777777778
14783,11298,3,36,22.22222222222222
14783,11298,4,39,15.384615384615385
14783,11298,5,36,28.57142857142857
14783,11298,6,35,25.71428571428571
14783,11298,7,40,20.0
14783,12889,1,5,0.0
14783,12889,5,4,50.0
14783,12892,1,1,0.0
14783,13930,1,29,31.03448275862069
14783,13930,2,25,8.0
14783,13930,3,22,18.181818181818183
14783,13930,4,21,23.809523809523807
14783,13930,5,23,13.043478260869565
14783,13930,6,17,29.411764705882355
14783,13930,7,23,26.08695652173913
14783,14082,1,1,0.0
14783,14112,1,1,100.0
14783,14112,2,4,0.0
14783,14112,4,4,25.0
14783,14112,7,4,75.0
14783,14761,1,5,20.0
14783,14761,3,4,50.0
14783,14761,5,4,50.0
14783,15624,4,4,25.0
14783,15624,7,4,0.0
14794,11292,1,15,26.666666666666668
14794,11292,2,15,20.0
14794,11292,3,12,8.333333333333332
14794,11292,4,12,8.333333333333332
14794,11292,5,12,16.666666666666664
14794,11292,6,12,16.666666666666664
14794,11292,7,12,8.333333333333332
14794,11298,1,10,0.0
14794,11298,2,10,0.0
14794,11298,3,8,12.5
14794,11298,4,8,12.5
14794,11298,5,8,12.5
14794,11298,6,8,14.285714285714285
14794,11298,7,8,25.0
14794,12892,1,5,0.0
14794,12892,2,5,0.0
14794,12892,3,4,0.0
14794,12892,4,4,50.0
14794,12892,5,4,25.0
14794,12892,6,4,0.0
14794,12892,7,4,25.0
14794,14107,1,10,10.0
14794,14107,2,6,0.0
14794,14107,3,4,25.0
14794,14107,4,7,14.285714285714285
14794,14107,5,4,50.0
14794,14107,6,4,0.0
14794,14107,7,8,12.5
14794,14869,1,26,7.6923076923076925
14794,14869,2,24,8.333333333333332
14794,14869,3,20,0.0
14794,14869,4,20,10.0
14794,14869,5,20,10.0
14794,14869,6,15,6.666666666666667
14794,14869,7,21,4.761904761904762
14812,11292,1,10,20.0
14812,11292,2,10,20.0
14812,11292,3,8,12.5
14812,11292,4,8,12.5
14812,11292,5,8,12.5
14812,11292,6,8,25.0
14812,11292,7,8,0.0
14814,10397,1,23,13.043478260869565
14814,10397,2,22,9.090909090909092
14814,10397,3,17,6.25
14814,10397,4,18,0.0
14814,10397,5,18,11.11111111111111
14814,10397,6,15,6.666666666666667
14814,10397,7,19,0.0
14814,11057,1,13,7.6923076923076925
14814,11057,2,13,7.6923076923076925
14814,11057,3,12,16.666666666666664
14814,11057,4,12,16.666666666666664
14814,11057,5,12,0.0
14814,11057,6,12,9.090909090909092
14814,11057,7,12,0.0
14814,11292,1,5,0.0
14814,11292,2,5,20.0
14814,11292,3,4,0.0
14814,11292,4,4,0.0
14814,11292,5,4,50.0
14814,11292,6,4,25.0
14814,11292,7,4,25.0
14814,11298,1,30,33.33333333333333
14814,11298,2,30,10.0
14814,11298,3,24,12.5
14814,11298,4,24,12.5
14814,11298,5,24,22.727272727272727
14814,11298,6,24,27.27272727272727
14814,11298,7,24,12.5
14814,12266,1,20,25.0
14814,12266,2,20,15.0
14814,12266,3,16,12.5
14814,12266,4,16,18.75
14814,12266,5,16,12.5
14814,12266,6,16,25.0
14814,12266,7,15,20.0
14814,12889,1,5,40.0
14814,12889,5,4,0.0
14828,12523,1,10,0.0
14828,12523,2,10,0.0
14828,12523,3,8,0.0
14828,12523,4,8,12.5
14828,12523,5,8,28.57142857142857
14828,12523,6,8,0.0
14828,12523,7,8,25.0
14828,12819,1,5,20.0
14828,12819,2,5,0.0
14828,12819,3,4,50.0
14828,12819,4,4,0.0
14828,12819,5,4,0.0
14828,12819,6,4,0.0
14828,12819,7,4,0.0
14828,14747,1,5,0.0
14828,14747,2,5,0.0
14828,14747,3,4,75.0
14828,14747,4,4,75.0
14828,14747,5,4,50.0
14828,14747,6,4,25.0
14828,14747,7,4,25.0
14831,10397,1,13,0.0
14831,10397,2,13,0.0
14831,10397,3,10,10.0
14831,10397,4,11,0.0
14831,10397,5,11,0.0
14831,10397,6,8,0.0
14831,10397,7,11,0.0
14831,10423,1,20,15.0
14831,10423,2,15,13.333333333333334
14831,10423,3,12,0.0
14831,10423,4,16,25.0
14831,10423,5,16,12.5
14831,10423,6,4,0.0
14831,10423,7,12,33.33333333333333
14831,10693,1,5,0.0
14831,10693,2,5,0.0
14831,10693,3,4,0.0
14831,10693,4,4,0.0
14831,10693,5,4,0.0
14831,10693,6,4,25.0
14831,10693,7,4,0.0
14831,10713,1,10,10.0
14831,10713,2,10,10.0
14831,10713,3,8,12.5
14831,10713,4,8,0.0
14831,10713,5,8,25.0
14831,10713,6,4,50.0
14831,10713,7,12,0.0
14831,10800,1,40,12.5
14831,10800,2,30,10.0
14831,10800,3,24,0.0
14831,10800,4,32,21.875
14831,10800,5,32,12.903225806451612
14831,10800,6,20,5.0
14831,10800,7,24,25.0
14831,10821,1,5,40.0
14831,10821,2,5,20.0
14831,10821,3,4,0.0
14831,10821,4,4,0.0
14831,10821,5,4,25.0
14831,10821,6,4,0.0
14831,10821,7,4,25.0
14831,11259,1,10,0.0
14831,11259,2,5,0.0
14831,11259,3,4,0.0
14831,11259,4,8,0.0
14831,11259,5,8,25.0
14831,11259,6,4,0.0
14831,11259,7,8,12.5
14831,11292,1,50,24.0
14831,11292,2,35,17.142857142857142
14831,11292,3,32,6.25
14831,11292,4,40,32.5
14831,11292,5,40,23.076923076923077
14831,11292,6,28,7.142857142857142
14831,11292,7,39,10.256410256410255
14831,11298,1,15,13.333333333333334
14831,11298,2,15,6.666666666666667
14831,11298,3,12,16.666666666666664
14831,11298,4,12,16.666666666666664
14831,11298,5,12,9.090909090909092
14831,11298,6,12,33.33333333333333
14831,11298,7,12,0.0
14831,11433,1,1,0.0
14831,11433,2,1,100.0
14831,11433,3,1,0.0
14831,11433,4,1,0.0
14831,11433,5,1,0.0
14831,11433,6,1,0.0
14831,11433,7,1,0.0
14831,11603,1,5,0.0
14831,11603,4,4,0.0
14831,11603,5,4,0.0
14831,11603,7,4,0.0
14831,11884,1,5,20.0
14831,11884,2,5,20.0
14831,11884,3,4,25.0
14831,11884,4,4,0.0
14831,11884,5,4,0.0
14831,11884,6,4,25.0
14831,11884,7,4,75.0
14831,12173,1,10,0.0
14831,12173,2,10,10.0
14831,12173,3,8,12.5
14831,12173,4,8,12.5
14831,12173,5,8,12.5
14831,12173,6,8,12.5
14831,12173,7,8,25.0
14831,12191,1,5,0.0
14831,12191,2,5,0.0
14831,12191,3,4,0.0
14831,12191,4,4,0.0
14831,12191,5,4,0.0
14831,12191,6,4,0.0
14831,12191,7,4,0.0
14831,12266,1,5,0.0
14831,12266,2,5,0.0
14831,12266,3,4,0.0
14831,12266,4,4,0.0
14831,12266,5,4,0.0
14831,12266,6,3,0.0
14831,12266,7,4,0.0
14831,12758,1,5,0.0
14831,12758,3,4,0.0
14831,12758,5,4,0.0
14831,12889,1,73,12.5
14831,12889,2,54,7.4074074074074066
14831,12889,3,44,9.090909090909092
14831,12889,4,56,39.285714285714285
14831,12889,5,60,44.827586206896555
14831,12889,6,36,0.0
14831,12889,7,52,11.538461538461538
14831,12892,1,78,8.974358974358974
14831,12892,2,63,6.349206349206349
14831,12892,3,50,4.0
14831,12892,4,63,11.11111111111111
14831,12892,5,63,17.741935483870968
14831,12892,6,44,11.363636363636363
14831,12892,7,63,12.698412698412698
14831,12954,1,20,35.0
14831,12954,2,15,6.666666666666667
14831,12954,3,12,0.0
14831,12954,4,16,31.25
14831,12954,5,16,31.25
14831,12954,6,12,0.0
14831,12954,7,12,0.0
14831,12982,2,5,20.0
14831,12982,4,4,25.0
14831,12982,6,4,0.0
14831,12982,7,4,0.0
14831,13232,1,10,30.0
14831,13232,2,10,0.0
14831,13232,3,8,0.0
14831,13232,4,8,12.5
14831,13232,5,8,25.0
14831,13232,6,4,0.0
14831,13232,7,4,25.0
14831,13487,1,10,10.0
14831,13487,2,9,0.0
14831,13487,3,7,0.0
14831,13487,4,7,0.0
14831,13487,5,7,0.0
14831,13487,6,4,0.0
14831,13487,7,8,0.0
14831,13830,1,5,0.0
14831,13830,2,5,20.0
14831,13830,3,4,0.0
14831,13830,4,4,25.0
14831,13830,5,4,0.0
14831,13830,6,4,0.0
14831,13830,7,4,0.0
14831,13891,1,20,20.0
14831,13891,2,15,13.333333333333334
14831,13891,3,12,8.333333333333332
14831,13891,4,16,25.0
14831,13891,5,16,6.25
14831,13891,6,12,8.333333333333332
14831,13891,7,16,18.75
14831,13930,1,5,0.0
14831,13930,2,5,0.0
14831,13930,3,4,0.0
14831,13930,4,4,25.0
14831,13930,5,4,0.0
14831,13930,6,4,0.0
14831,13930,7,4,25.0
14831,14057,1,30,16.666666666666664
14831,14057,2,20,10.0
14831,14057,3,16,0.0
14831,14057,4,24,16.666666666666664
14831,14057,5,24,25.0
14831,14057,6,12,8.333333333333332
14831,14057,7,24,29.166666666666668
14831,14107,1,36,11.11111111111111
14831,14107,2,30,13.333333333333334
14831,14107,3,24,16.666666666666664
14831,14107,4,31,16.129032258064516
14831,14107,5,28,7.6923076923076925
14831,14107,6,20,15.789473684210526
14831,14107,7,32,21.875
14831,14570,1,5,0.0
14831,14570,4,4,0.0
14831,14570,5,4,0.0
14831,14570,7,4,0.0
14831,14679,1,74,18.91891891891892
14831,14679,2,60,11.864406779661017
14831,14679,3,48,4.545454545454546
14831,14679,4,60,42.3728813559322
14831,14679,5,60,27.11864406779661
14831,14679,6,36,11.11111111111111
14831,14679,7,60,26.666666666666668
14831,14747,1,65,9.230769230769232
14831,14747,2,63,12.698412698412698
14831,14747,3,49,6.122448979591836
14831,14747,4,50,38.0
14831,14747,5,51,23.52941176470588
14831,14747,6,38,10.526315789473683
14831,14747,7,51,19.607843137254903
14831,14869,1,28,7.142857142857142
14831,14869,2,23,8.695652173913043
14831,14869,3,18,0.0
14831,14869,4,23,21.73913043478261
14831,14869,5,23,8.695652173913043
14831,14869,6,20,5.0
14831,14869,7,23,0.0
14831,14908,1,45,6.8181818181818175
14831,14908,2,30,20.0
14831,14908,3,24,0.0
14831,14908,4,36,27.77777777777778
14831,14908,5,36,27.77777777777778
14831,14908,6,16,0.0
14831,14908,7,28,22.22222222222222
14842,11298,1,15,26.666666666666668
14842,11298,2,15,6.666666666666667
14842,11298,3,12,25.0
14842,11298,4,12,8.333333333333332
14842,11298,5,12,18.181818181818183
14842,11298,6,12,36.36363636363637
14842,11298,7,12,27.27272727272727
14843,10397,1,21,14.285714285714285
14843,10397,2,15,6.666666666666667
14843,10397,3,12,0.0
14843,10397,4,20,20.0
14843,10397,5,20,5.0
14843,10397,6,20,15.0
14843,10397,7,20,25.0
14843,10529,1,11,36.36363636363637
14843,10529,2,7,57.14285714285714
14843,10529,3,4,0.0
14843,10529,4,8,37.5
14843,10529,5,8,37.5
14843,10529,6,8,37.5
14843,10529,7,8,50.0
14843,10721,1,18,22.22222222222222
14843,10721,2,13,7.6923076923076925
14843,10721,3,9,44.44444444444444
14843,10721,4,12,16.666666666666664
14843,10721,5,12,33.33333333333333
14843,10721,6,8,12.5
14843,10721,7,12,41.66666666666667
14843,10821,1,11,18.181818181818183
14843,10821,2,11,9.090909090909092
14843,10821,3,8,25.0
14843,10821,4,12,8.333333333333332
14843,10821,5,8,0.0
14843,10821,6,8,37.5
14843,10821,7,12,25.0
14843,11057,1,6,0.0
14843,11057,2,6,16.666666666666664
14843,11057,3,4,25.0
14843,11057,4,4,0.0
14843,11057,5,4,0.0
14843,11057,6,4,25.0
14843,11057,7,4,25.0
14843,11278,1,5,20.0
14843,11278,2,5,40.0
14843,11278,3,4,25.0
14843,11278,4,4,25.0
14843,11278,5,4,0.0
14843,11278,6,4,0.0
14843,11278,7,4,50.0
14843,11292,1,1,100.0
14843,11292,2,1,0.0
14843,11292,4,1,0.0
14843,11292,5,1,0.0
14843,11292,6,4,0.0
14843,11292,7,1,0.0
14843,11298,1,10,20.0
14843,11298,2,1,0.0
14843,11298,4,8,0.0
14843,11298,5,8,12.5
14843,11298,6,4,25.0
14843,11298,7,8,12.5
14843,11433,1,5,20.0
14843,11433,4,4,25.0
14843,11433,5,3,0.0
14843,11433,6,4,0.0
14843,11433,7,4,0.0
14843,11618,1,26,34.61538461538461
14843,11618,2,25,0.0
14843,11618,3,20,20.0
14843,11618,4,20,25.0
14843,11618,5,20,30.0
14843,11618,6,20,35.0
14843,11618,7,20,40.0
14843,11697,1,28,32.142857142857146
14843,11697,2,13,15.384615384615385
14843,11697,3,8,12.5
14843,11697,4,20,30.0
14843,11697,5,20,20.0
14843,11697,6,12,8.333333333333332
14843,11697,7,20,15.0
14843,12197,1,5,60.0
14843,12197,2,5,20.0
14843,12197,3,4,0.0
14843,12197,4,4,25.0
14843,12197,5,4,25.0
14843,12197,6,4,0.0
14843,12197,7,4,25.0
14843,12264,1,2,0.0
14843,12264,2,1,0.0
14843,12264,4,1,0.0
14843,12264,5,1,0.0
14843,12264,6,4,0.0
14843,12264,7,4,0.0
14843,12266,1,10,0.0
14843,12266,2,10,10.0
14843,12266,3,8,0.0
14843,12266,4,12,0.0
14843,12266,5,8,12.5
14843,12266,6,8,12.5
14843,12266,7,12,8.333333333333332
14843,12478,1,43,16.27906976744186
14843,12478,2,43,18.6046511627907
14843,12478,3,33,18.181818181818183
14843,12478,4,32,21.875
14843,12478,5,32,18.75
14843,12478,6,32,3.125
14843,12478,7,33,15.151515151515152
14843,13204,1,77,11.688311688311687
14843,13204,2,67,17.91044776119403
14843,13204,3,48,18.75
14843,13204,4,60,16.666666666666664
14843,13204,5,60,8.333333333333332
14843,13204,6,56,12.5
14843,13204,7,60,21.666666666666668
14843,13303,1,31,22.58064516129032
14843,13303,2,21,19.047619047619047
14843,13303,3,16,31.25
14843,13303,4,24,4.166666666666666
14843,13303,5,28,32.142857142857146
14843,13303,6,20,30.0
14843,13303,7,28,21.428571428571427
14843,13930,1,11,36.36363636363637
14843,13930,2,7,71.42857142857143
14843,13930,3,5,40.0
14843,13930,4,8,0.0
14843,13930,5,8,0.0
14843,13930,6,4,25.0
14843,13930,7,8,25.0
14843,14100,1,13,46.15384615384615
14843,14100,2,7,28.57142857142857
14843,14100,3,5,20.0
14843,14100,4,12,33.33333333333333
14843,14100,5,8,50.0
14843,14100,6,8,37.5
14843,14100,7,12,41.66666666666667
14843,14307,1,5,40.0
14843,14307,2,1,100.0
14843,14307,4,4,25.0
14843,14307,5,4,0.0
14843,14307,6,4,25.0
14843,14307,7,4,25.0
14843,14492,1,5,40.0
14843,14492,2,1,0.0
14843,14492,4,4,50.0
14843,14492,5,4,25.0
14843,14492,7,4,25.0
14843,14683,1,5,0.0
14843,14683,5,4,0.0
14843,15024,1,5,80.0
14843,15024,2,1,0.0
14843,15024,4,4,75.0
14843,15024,5,4,0.0
14843,15024,6,4,25.0
14843,15024,7,4,50.0
14843,15027,1,1,0.0
14843,15027,2,1,0.0
14843,15304,1,16,6.25
14843,15304,2,11,0.0
14843,15304,3,8,0.0
14843,15304,4,12,8.333333333333332
14843,15304,5,12,33.33333333333333
14843,15304,6,12,8.333333333333332
14843,15304,7,12,0.0
14869,10140,1,15,0.0
14869,10140,2,15,0.0
14869,10140,3,12,0.0
14869,10140,4,12,0.0
14869,10140,5,12,8.333333333333332
14869,10140,6,12,8.333333333333332
14869,10140,7,12,0.0
14869,10299,1,1,0.0
14869,10299,2,1,0.0
14869,10299,3,1,0.0
14869,10299,4,1,0.0
14869,10299,5,1,0.0
14869,10299,6,2,0.0
14869,10299,7,1,0.0
14869,10397,1,40,0.0
14869,10397,2,41,4.878048780487805
14869,10397,3,32,6.25
14869,10397,4,32,18.75
14869,10397,5,32,12.5
14869,10397,6,32,15.625
14869,10397,7,32,6.25
14869,10423,1,20,10.0
14869,10423,2,20,10.0
14869,10423,3,18,11.11111111111111
14869,10423,4,19,10.526315789473683
14869,10423,5,20,10.0
14869,10423,6,16,6.25
14869,10423,7,20,25.0
14869,10620,1,15,0.0
14869,10620,2,15,6.666666666666667
14869,10620,3,12,0.0
14869,10620,4,12,0.0
14869,10620,5,12,16.666666666666664
14869,10620,6,12,0.0
14869,10620,7,12,0.0
14869,10693,1,18,0.0
14869,10693,2,15,6.666666666666667
14869,10693,3,14,7.142857142857142
14869,10693,4,15,13.333333333333334
14869,10693,5,15,6.666666666666667
14869,10693,6,12,8.333333333333332
14869,10693,7,15,33.33333333333333
14869,10713,1,25,16.0
14869,10713,2,25,8.0
14869,10713,3,20,15.0
14869,10713,4,20,10.0
14869,10713,5,20,10.0
14869,10713,6,20,15.0
14869,10713,7,20,15.0
14869,10721,1,16,12.5
14869,10721,2,16,12.5
14869,10721,3,12,33.33333333333333
14869,10721,4,12,25.0
14869,10721,5,12,25.0
14869,10721,6,12,25.0
14869,10721,7,12,25.0
14869,10779,1,5,20.0
14869,10779,2,5,20.0
14869,10779,3,4,0.0
14869,10779,4,4,0.0
14869,10779,5,4,0.0
14869,10779,6,4,0.0
14869,10779,7,4,0.0
14869,10800,1,25,8.0
14869,10800,2,18,5.555555555555555
14869,10800,3,14,7.142857142857142
14869,10800,4,19,26.31578947368421
14869,10800,5,19,21.052631578947366
14869,10800,6,15,0.0
14869,10800,7,20,5.0
14869,10821,1,10,0.0
14869,10821,2,10,10.0
14869,10821,3,8,0.0
14869,10821,4,8,50.0
14869,10821,5,8,12.5
14869,10821,6,8,0.0
14869,10821,7,8,37.5
14869,10849,1,15,6.666666666666667
14869,10849,2,15,0.0
14869,10849,3,12,8.333333333333332
14869,10849,4,12,0.0
14869,10849,5,12,8.333333333333332
14869,10849,6,12,8.333333333333332
14869,10849,7,12,8.333333333333332
14869,10918,1,10,10.0
14869,10918,2,7,0.0
14869,10918,3,8,0.0
14869,10918,4,8,12.5
14869,10918,5,8,0.0
14869,10918,6,4,0.0
14869,10918,7,8,0.0
14869,11042,1,5,0.0
14869,11042,2,5,20.0
14869,11042,3,4,0.0
14869,11042,4,4,50.0
14869,11042,5,4,0.0
14869,11042,6,4,0.0
14869,11042,7,4,25.0
14869,11057,1,10,10.0
14869,11057,2,11,9.090909090909092
14869,11057,3,8,0.0
14869,11057,4,8,25.0
14869,11057,5,8,37.5
14869,11057,6,8,25.0
14869,11057,7,8,12.5
14869,11066,1,5,20.0
14869,11066,2,5,20.0
14869,11066,3,4,25.0
14869,11066,4,4,0.0
14869,11066,5,4,25.0
14869,11066,6,4,0.0
14869,11066,7,4,0.0
14869,11109,1,10,0.0
14869,11109,2,10,0.0
14869,11109,3,8,0.0
14869,11109,4,8,12.5
14869,11109,5,8,0.0
14869,11109,6,8,0.0
14869,11109,7,8,12.5
14869,11193,1,10,10.0
14869,11193,2,9,0.0
14869,11193,3,7,0.0
14869,11193,4,7,0.0
14869,11193,5,7,14.285714285714285
14869,11193,6,7,28.57142857142857
14869,11193,7,8,0.0
14869,11259,1,5,40.0
14869,11259,2,5,0.0
14869,11259,3,4,0.0
14869,11259,4,4,0.0
14869,11259,5,4,75.0
14869,11259,6,4,25.0
14869,11259,7,8,12.5
14869,11278,1,5,0.0
14869,11278,2,5,20.0
14869,11278,3,4,25.0
14869,11278,4,4,25.0
14869,11278,5,4,25.0
14869,11278,6,4,0.0
14869,11278,7,4,0.0
14869,11292,1,113,22.123893805309734
14869,11292,2,103,24.271844660194176
14869,11292,3,86,16.27906976744186
14869,11292,4,91,17.582417582417584
14869,11292,5,91,25.274725274725274
14869,11292,6,68,13.432835820895523
14869,11292,7,92,14.130434782608695
14869,11298,1,50,10.204081632653061
14869,11298,2,50,20.0
14869,11298,3,40,15.0
14869,11298,4,44,18.181818181818183
14869,11298,5,40,36.84210526315789
14869,11298,6,40,12.5
14869,11298,7,44,18.181818181818183
14869,11433,1,21,9.523809523809524
14869,11433,2,20,0.0
14869,11433,3,17,11.76470588235294
14869,11433,4,16,18.75
14869,11433,5,16,6.25
14869,11433,6,16,0.0
14869,11433,7,16,25.0
14869,11525,1,8,0.0
14869,11525,2,5,0.0
14869,11525,3,4,0.0
14869,11525,4,8,12.5
14869,11525,5,8,0.0
14869,11525,6,5,0.0
14869,11525,7,8,0.0
14869,11603,1,10,0.0
14869,11603,2,10,10.0
14869,11603,3,8,0.0
14869,11603,4,8,0.0
14869,11603,5,8,0.0
14869,11603,6,8,0.0
14869,11603,7,8,0.0
14869,11618,1,15,6.666666666666667
14869,11618,2,15,0.0
14869,11618,3,12,16.666666666666664
14869,11618,4,12,41.66666666666667
14869,11618,5,12,16.666666666666664
14869,11618,6,12,41.66666666666667
14869,11618,7,12,8.333333333333332
14869,11630,1,1,0.0
14869,11630,2,1,0.0
14869,11630,3,1,0.0
14869,11630,4,1,0.0
14869,11630,5,1,0.0
14869,11630,6,1,0.0
14869,11630,7,1,0.0
14869,11638,1,20,5.0
14869,11638,2,18,5.555555555555555
14869,11638,3,14,14.285714285714285
14869,11638,4,15,0.0
14869,11638,5,15,13.333333333333334
14869,11638,6,12,0.0
14869,11638,7,16,6.25
14869,11648,1,15,6.666666666666667
14869,11648,2,15,0.0
14869,11648,3,12,0.0
14869,11648,4,12,0.0
14869,11648,5,12,8.333333333333332
14869,11648,6,12,0.0
14869,11648,7,12,8.333333333333332
14869,11697,1,5,20.0
14869,11697,2,5,40.0
14869,11697,3,4,25.0
14869,11697,4,4,50.0
14869,11697,5,4,25.0
14869,11697,6,4,25.0
14869,11697,7,4,25.0
14869,11884,1,23,13.043478260869565
14869,11884,2,23,21.73913043478261
14869,11884,3,18,5.555555555555555
14869,11884,4,19,5.263157894736842
14869,11884,5,19,21.052631578947366
14869,11884,6,16,12.5
14869,11884,7,19,10.526315789473683
14869,11921,1,10,0.0
14869,11921,2,7,0.0
14869,11921,3,8,0.0
14869,11921,4,8,0.0
14869,11921,5,8,25.0
14869,11921,6,4,0.0
14869,11921,7,8,0.0
14869,12003,1,15,20.0
14869,12003,2,15,0.0
14869,12003,3,12,0.0
14869,12003,4,12,8.333333333333332
14869,12003,5,12,0.0
14869,12003,6,12,16.666666666666664
14869,12003,7,12,0.0
14869,12156,1,10,10.0
14869,12156,2,10,0.0
14869,12156,3,8,0.0
14869,12156,4,8,0.0
14869,12156,5,8,0.0
14869,12156,6,8,0.0
14869,12156,7,8,0.0
14869,12173,1,10,22.22222222222222
14869,12173,2,10,40.0
14869,12173,3,8,0.0
14869,12173,4,8,25.0
14869,12173,5,8,12.5
14869,12173,6,8,0.0
14869,12173,7,8,42.857142857142854
14869,12191,1,5,0.0
14869,12191,2,5,0.0
14869,12191,3,4,0.0
14869,12191,4,4,0.0
14869,12191,5,4,0.0
14869,12191,6,4,0.0
14869,12191,7,8,0.0
14869,12264,1,10,0.0
14869,12264,2,10,0.0
14869,12264,3,8,12.5
14869,12264,4,8,37.5
14869,12264,5,8,12.5
14869,12264,6,8,12.5
14869,12264,7,8,0.0
14869,12266,1,27,7.4074074074074066
14869,12266,2,27,11.11111111111111
14869,12266,3,22,4.545454545454546
14869,12266,4,22,22.727272727272727
14869,12266,5,22,4.545454545454546
14869,12266,6,19,0.0
14869,12266,7,22,9.090909090909092
14869,12280,1,16,0.0
14869,12280,2,16,12.5
14869,12280,3,13,7.6923076923076925
14869,12280,4,13,7.6923076923076925
14869,12280,5,13,15.384615384615385
14869,12280,6,13,7.6923076923076925
14869,12280,7,13,15.384615384615385
14869,12339,1,5,0.0
14869,12339,2,5,0.0
14869,12339,3,4,0.0
14869,12339,4,4,25.0
14869,12339,5,4,25.0
14869,12339,6,4,0.0
14869,12339,7,4,0.0
14869,12441,1,18,5.555555555555555
14869,12441,2,15,6.666666666666667
14869,12441,3,12,16.666666666666664
14869,12441,4,15,13.333333333333334
14869,12441,5,15,0.0
14869,12441,6,12,0.0
14869,12441,7,15,6.666666666666667
14869,12478,1,25,0.0
14869,12478,2,25,0.0
14869,12478,3,20,5.0
14869,12478,4,20,30.0
14869,12478,5,20,15.0
14869,12478,6,20,10.0
14869,12478,7,20,5.0
14869,12889,1,58,20.689655172413794
14869,12889,2,44,6.8181818181818175
14869,12889,3,35,2.857142857142857
14869,12889,4,48,35.41666666666667
14869,12889,5,48,41.30434782608695
14869,12889,6,33,6.0606060606060606
14869,12889,7,48,37.5
14869,12892,1,60,15.0
14869,12892,2,44,6.8181818181818175
14869,12892,3,38,18.421052631578945
14869,12892,4,49,22.448979591836736
14869,12892,5,49,17.02127659574468
14869,12892,6,44,11.363636363636363
14869,12892,7,54,16.666666666666664
14869,12954,1,20,0.0
14869,12954,2,20,0.0
14869,12954,3,16,6.25
14869,12954,4,16,0.0
14869,12954,5,16,0.0
14869,12954,6,16,0.0
14869,12954,7,20,10.0
14869,12992,1,4,0.0
14869,12992,2,4,0.0
14869,12992,3,3,0.0
14869,12992,4,3,0.0
14869,12992,5,3,33.33333333333333
14869,12992,6,3,0.0
14869,12992,7,3,0.0
14869,13127,1,5,0.0
14869,13127,2,5,0.0
14869,13127,3,4,0.0
14869,13127,4,4,0.0
14869,13127,5,4,0.0
14869,13127,6,4,0.0
14869,13127,7,4,0.0
14869,13198,1,15,0.0
14869,13198,2,14,7.142857142857142
14869,13198,3,11,0.0
14869,13198,4,11,27.27272727272727
14869,13198,5,11,18.181818181818183
14869,13198,6,11,0.0
14869,13198,7,12,0.0
14869,13204,1,23,4.3478260869565215
14869,13204,2,18,11.11111111111111
14869,13204,3,14,0.0
14869,13204,4,19,10.526315789473683
14869,13204,5,19,26.31578947368421
14869,13204,6,15,20.0
14869,13204,7,19,10.526315789473683
14869,13232,1,10,20.0
14869,13232,2,10,10.0
14869,13232,3,8,0.0
14869,13232,4,8,0.0
14869,13232,5,8,25.0
14869,13232,6,4,25.0
14869,13232,7,8,0.0
14869,13244,1,5,0.0
14869,13244,2,5,40.0
14869,13244,3,4,0.0
14869,13244,4,4,25.0
14869,13244,5,4,25.0
14869,13244,6,4,0.0
14869,13244,7,4,25.0
14869,13264,1,10,0.0
14869,13264,2,10,10.0
14869,13264,3,8,0.0
14869,13264,4,8,0.0
14869,13264,5,8,0.0
14869,13264,6,8,0.0
14869,13264,7,8,12.5
14869,13303,1,5,20.0
14869,13303,2,5,0.0
14869,13303,3,4,0.0
14869,13303,4,4,25.0
14869,13303,5,4,0.0
14869,13303,6,4,0.0
14869,13303,7,4,0.0
14869,13342,1,5,0.0
14869,13342,2,5,0.0
14869,13342,3,4,25.0
14869,13342,4,4,0.0
14869,13342,5,4,25.0
14869,13342,6,4,25.0
14869,13342,7,3,66.66666666666666
14869,13486,1,15,6.666666666666667
14869,13486,2,12,16.666666666666664
14869,13486,3,9,22.22222222222222
14869,13486,4,9,11.11111111111111
14869,13486,5,9,11.11111111111111
14869,13486,6,9,0.0
14869,13486,7,11,18.181818181818183
14869,13487,1,20,15.0
14869,13487,2,20,10.0
14869,13487,3,16,6.25
14869,13487,4,16,31.25
14869,13487,5,16,31.25
14869,13487,6,16,6.25
14869,13487,7,16,25.0
14869,13495,1,5,20.0
14869,13495,2,5,0.0
14869,13495,3,4,0.0
14869,13495,4,4,25.0
14869,13495,5,4,25.0
14869,13495,6,4,0.0
14869,13495,7,4,0.0
14869,13796,1,25,4.0
14869,13796,2,25,0.0
14869,13796,3,20,0.0
14869,13796,4,20,10.0
14869,13796,5,20,5.0
14869,13796,6,16,0.0
14869,13796,7,20,5.0
14869,13851,1,10,0.0
14869,13851,2,10,0.0
14869,13851,3,8,0.0
14869,13851,4,8,0.0
14869,13851,5,8,12.5
14869,13851,6,8,0.0
14869,13851,7,8,0.0
14869,13871,1,10,0.0
14869,13871,2,10,0.0
14869,13871,3,8,0.0
14869,13871,4,8,12.5
14869,13871,5,8,0.0
14869,13871,6,8,12.5
14869,13871,7,8,12.5
14869,13891,1,20,5.0
14869,13891,2,18,5.555555555555555
14869,13891,3,14,0.0
14869,13891,4,15,13.333333333333334
14869,13891,5,15,13.333333333333334
14869,13891,6,12,25.0
14869,13891,7,16,6.25
14869,13930,1,45,17.77777777777778
14869,13930,2,40,15.0
14869,13930,3,32,15.625
14869,13930,4,35,14.705882352941178
14869,13930,5,32,18.75
14869,13930,6,25,28.000000000000004
14869,13930,7,35,22.857142857142858
14869,14057,1,33,21.21212121212121
14869,14057,2,28,0.0
14869,14057,3,22,0.0
14869,14057,4,23,13.043478260869565
14869,14057,5,27,3.7037037037037033
14869,14057,6,20,0.0
14869,14057,7,23,8.695652173913043
14869,14100,1,11,0.0
14869,14100,2,6,0.0
14869,14100,3,4,0.0
14869,14100,4,8,37.5
14869,14100,5,8,12.5
14869,14100,6,4,0.0
14869,14100,7,8,12.5
14869,14107,1,71,7.042253521126761
14869,14107,2,68,4.411764705882353
14869,14107,3,54,3.7037037037037033
14869,14107,4,59,28.8135593220339
14869,14107,5,58,17.543859649122805
14869,14107,6,44,9.090909090909092
14869,14107,7,59,15.254237288135593
14869,14113,1,5,0.0
14869,14113,2,5,0.0
14869,14113,3,4,0.0
14869,14113,4,4,25.0
14869,14113,5,4,0.0
14869,14113,6,4,0.0
14869,14113,7,4,25.0
14869,14122,1,5,40.0
14869,14122,2,5,0.0
14869,14122,3,4,25.0
14869,14122,4,4,0.0
14869,14122,5,4,50.0
14869,14122,6,4,50.0
14869,14122,7,4,25.0
14869,14252,1,16,6.25
14869,14252,2,15,0.0
14869,14252,3,12,8.333333333333332
14869,14252,4,12,8.333333333333332
14869,14252,5,12,0.0
14869,14252,6,12,8.333333333333332
14869,14252,7,13,7.6923076923076925
14869,14262,1,15,0.0
14869,14262,2,14,14.285714285714285
14869,14262,3,11,0.0
14869,14262,4,11,9.090909090909092
14869,14262,5,11,0.0
14869,14262,6,11,0.0
14869,14262,7,12,0.0
14869,14489,1,10,0.0
14869,14489,2,10,0.0
14869,14489,3,8,0.0
14869,14489,4,8,0.0
14869,14489,5,8,0.0
14869,14489,6,8,0.0
14869,14489,7,8,0.0
14869,14492,1,5,0.0
14869,14492,2,5,0.0
14869,14492,3,4,25.0
14869,14492,4,4,0.0
14869,14492,5,4,25.0
14869,14492,6,4,25.0
14869,14492,7,4,50.0
14869,14570,1,18,0.0
14869,14570,2,18,5.555555555555555
14869,14570,3,14,0.0
14869,14570,4,15,6.666666666666667
14869,14570,5,15,0.0
14869,14570,6,12,8.333333333333332
14869,14570,7,15,0.0
14869,14679,1,33,3.0303030303030303
14869,14679,2,28,7.142857142857142
14869,14679,3,22,9.523809523809524
14869,14679,4,23,40.909090909090914
14869,14679,5,27,14.814814814814813
14869,14679,6,20,5.0
14869,14679,7,27,3.7037037037037033
14869,14683,1,13,7.6923076923076925
14869,14683,2,13,7.6923076923076925
14869,14683,3,10,10.0
14869,14683,4,11,9.090909090909092
14869,14683,5,11,27.27272727272727
14869,14683,6,8,14.285714285714285
14869,14683,7,11,36.36363636363637
14869,14689,1,15,6.666666666666667
14869,14689,2,14,14.285714285714285
14869,14689,3,11,9.090909090909092
14869,14689,4,11,0.0
14869,14689,5,11,0.0
14869,14689,6,11,18.181818181818183
14869,14689,7,12,8.333333333333332
14869,14747,1,73,22.22222222222222
14869,14747,2,60,18.333333333333332
14869,14747,3,48,10.416666666666668
14869,14747,4,55,16.363636363636363
14869,14747,5,59,25.423728813559322
14869,14747,6,44,6.8181818181818175
14869,14747,7,59,20.33898305084746
14869,14771,1,45,26.666666666666668
14869,14771,2,39,2.564102564102564
14869,14771,3,30,16.666666666666664
14869,14771,4,36,22.22222222222222
14869,14771,5,36,16.666666666666664
14869,14771,6,28,14.285714285714285
14869,14771,7,36,36.11111111111111
14869,14794,1,26,3.8461538461538463
14869,14794,2,24,8.333333333333332
14869,14794,3,20,0.0
14869,14794,4,20,10.0
14869,14794,5,20,0.0
14869,14794,6,15,0.0
14869,14794,7,21,4.761904761904762
14869,14831,1,28,7.142857142857142
14869,14831,2,23,13.043478260869565
14869,14831,3,18,0.0
14869,14831,4,23,22.727272727272727
14869,14831,5,23,4.3478260869565215
14869,14831,6,20,15.0
14869,14831,7,23,8.695652173913043
14869,14893,1,33,21.21212121212121
14869,14893,2,28,10.714285714285714
14869,14893,3,22,0.0
14869,14893,4,27,11.11111111111111
14869,14893,5,27,7.4074074074074066
14869,14893,6,20,5.0
14869,14893,7,23,4.3478260869565215
14869,14908,1,25,12.0
14869,14908,2,25,8.0
14869,14908,3,20,0.0
14869,14908,4,20,30.0
14869,14908,5,20,30.0
14869,14908,6,16,18.75
14869,14908,7,20,25.0
14869,15016,1,15,6.666666666666667
14869,15016,2,14,14.285714285714285
14869,15016,3,11,9.090909090909092
14869,15016,4,11,50.0
14869,15016,5,11,18.181818181818183
14869,15016,6,8,25.0
14869,15016,7,12,41.66666666666667
14869,15041,1,15,0.0
14869,15041,2,15,0.0
14869,15041,3,12,0.0
14869,15041,4,12,0.0
14869,15041,5,12,0.0
14869,15041,6,12,8.333333333333332
14869,15041,7,12,8.333333333333332
14869,15304,1,5,0.0
14869,15304,2,5,0.0
14869,15304,3,4,0.0
14869,15304,4,4,0.0
14869,15304,5,4,0.0
14869,15304,6,4,0.0
14869,15304,7,4,0.0
14869,15370,1,6,0.0
14869,15370,2,6,16.666666666666664
14869,15370,3,5,20.0
14869,15370,4,5,20.0
14869,15370,5,5,0.0
14869,15370,6,5,0.0
14869,15370,7,5,0.0
14869,15376,1,15,0.0
14869,15376,2,15,6.666666666666667
14869,15376,3,12,8.333333333333332
14869,15376,4,12,0.0
14869,15376,5,12,25.0
14869,15376,6,12,8.333333333333332
14869,15376,7,12,16.666666666666664
14869,15389,1,10,0.0
14869,15389,2,10,0.0
14869,15389,3,8,0.0
14869,15389,4,8,0.0
14869,15389,5,8,0.0
14869,15389,6,8,0.0
14869,15389,7,8,0.0
14869,15897,1,5,0.0
14869,15897,2,4,0.0
14869,15897,3,4,25.0
14869,15897,4,4,25.0
14869,15897,5,4,0.0
14869,15897,6,5,0.0
14869,15897,7,5,0.0
14869,15919,1,5,0.0
14869,15919,2,5,20.0
14869,15919,3,4,0.0
14869,15919,4,4,25.0
14869,15919,5,4,25.0
14869,15919,6,4,25.0
14869,15919,7,4,50.0
14877,11292,1,5,0.0
14877,11292,2,5,0.0
14877,11292,3,4,0.0
14877,11292,4,4,0.0
14877,11292,5,4,0.0
14877,11292,6,4,25.0
14877,11292,7,4,0.0
14877,12266,1,5,20.0
14877,12266,2,5,20.0
14877,12266,3,4,0.0
14877,12266,4,4,0.0
14877,12266,5,4,0.0
14877,12266,6,4,25.0
14877,12266,7,4,0.0
14877,13930,1,5,20.0
14877,13930,2,5,0.0
14877,13930,3,4,0.0
14877,13930,4,4,0.0
14877,13930,5,4,0.0
14877,13930,6,4,25.0
14877,13930,7,4,0.0
14893,10397,1,13,7.6923076923076925
14893,10397,2,13,0.0
14893,10397,3,10,0.0
14893,10397,4,11,0.0
14893,10397,5,11,0.0
14893,10397,6,8,0.0
14893,10397,7,11,0.0
14893,10423,1,5,0.0
14893,10423,2,5,0.0
14893,10423,3,4,0.0
14893,10423,4,4,0.0
14893,10423,5,4,0.0
14893,10423,6,4,25.0
14893,10423,7,8,0.0
14893,10693,1,5,0.0
14893,10693,2,5,20.0
14893,10693,3,4,0.0
14893,10693,4,4,0.0
14893,10693,5,4,0.0
14893,10693,6,4,0.0
14893,10693,7,4,0.0
14893,10713,1,15,20.0
14893,10713,2,10,10.0
14893,10713,3,8,0.0
14893,10713,4,12,16.666666666666664
14893,10713,5,12,25.0
14893,10713,6,4,0.0
14893,10713,7,12,8.333333333333332
14893,10721,1,1,0.0
14893,10721,2,1,0.0
14893,10800,1,45,15.555555555555555
14893,10800,2,35,11.428571428571429
14893,10800,3,28,14.285714285714285
14893,10800,4,36,11.11111111111111
14893,10800,5,36,22.22222222222222
14893,10800,6,20,10.0
14893,10800,7,28,14.285714285714285
14893,10821,1,5,0.0
14893,10821,2,5,40.0
14893,10821,3,4,25.0
14893,10821,4,4,0.0
14893,10821,5,4,25.0
14893,10821,6,4,75.0
14893,10821,7,4,75.0
14893,11057,1,10,0.0
14893,11057,2,10,0.0
14893,11057,3,8,0.0
14893,11057,4,8,25.0
14893,11057,5,8,12.5
14893,11057,6,8,12.5
14893,11057,7,8,0.0
14893,11259,1,10,20.0
14893,11259,2,5,0.0
14893,11259,3,4,0.0
14893,11259,4,8,25.0
14893,11259,5,8,37.5
14893,11259,6,8,25.0
14893,11259,7,8,25.0
14893,11292,1,65,24.615384615384617
14893,11292,2,50,24.0
14893,11292,3,44,9.090909090909092
14893,11292,4,52,25.0
14893,11292,5,52,19.230769230769234
14893,11292,6,33,12.121212121212121
14893,11292,7,48,8.333333333333332
14893,11298,1,21,19.047619047619047
14893,11298,2,21,4.761904761904762
14893,11298,3,16,25.0
14893,11298,4,16,25.0
14893,11298,5,16,18.75
14893,11298,6,16,6.666666666666667
14893,11298,7,16,12.5
14893,11433,1,5,0.0
14893,11433,2,5,0.0
14893,11433,3,4,50.0
14893,11433,4,4,0.0
14893,11433,5,4,0.0
14893,11433,6,4,0.0
14893,11433,7,4,0.0
14893,11603,1,5,0.0
14893,11603,2,5,0.0
14893,11603,3,4,0.0
14893,11603,4,4,25.0
14893,11603,5,4,25.0
14893,11603,6,4,25.0
14893,11603,7,4,0.0
14893,11618,1,5,20.0
14893,11618,2,5,40.0
14893,11618,3,4,0.0
14893,11618,4,4,33.33333333333333
14893,11618,5,4,0.0
14893,11618,6,4,50.0
14893,11618,7,4,0.0
14893,11884,1,10,0.0
14893,11884,2,10,10.0
14893,11884,3,8,0.0
14893,11884,4,8,37.5
14893,11884,5,8,25.0
14893,11884,6,4,25.0
14893,11884,7,8,37.5
14893,12173,1,10,10.0
14893,12173,2,10,30.0
14893,12173,3,8,25.0
14893,12173,4,8,37.5
14893,12173,5,8,37.5
14893,12173,6,8,12.5
14893,12173,7,8,25.0
14893,12191,1,5,0.0
14893,12191,2,5,20.0
14893,12191,3,4,0.0
14893,12191,4,4,0.0
14893,12191,5,4,0.0
14893,12191,6,4,25.0
14893,12191,7,4,0.0
14893,12264,1,5,0.0
14893,12264,2,5,0.0
14893,12264,3,4,0.0
14893,12264,4,4,0.0
14893,12264,5,4,0.0
14893,12264,6,4,0.0
14893,12264,7,4,0.0
14893,12266,1,10,0.0
14893,12266,2,10,10.0
14893,12266,3,8,0.0
14893,12266,4,8,12.5
14893,12266,5,8,0.0
14893,12266,6,7,0.0
14893,12266,7,7,0.0
14893,12478,1,5,0.0
14893,12478,2,5,20.0
14893,12478,3,4,0.0
14893,12478,4,4,50.0
14893,12478,5,4,25.0
14893,12478,6,4,0.0
14893,12478,7,4,0.0
14893,12758,1,10,0.0
14893,12758,2,5,0.0
14893,12758,3,8,12.5
14893,12758,4,4,50.0
14893,12758,5,4,25.0
14893,12758,6,8,0.0
14893,12758,7,4,25.0
14893,12889,1,70,5.714285714285714
14893,12889,2,60,16.666666666666664
14893,12889,3,48,2.083333333333333
14893,12889,4,60,35.0
14893,12889,5,61,44.827586206896555
14893,12889,6,44,9.090909090909092
14893,12889,7,64,10.9375
14893,12892,1,84,14.285714285714285
14893,12892,2,66,9.090909090909092
14893,12892,3,51,7.8431372549019605
14893,12892,4,70,17.142857142857142
14893,12892,5,68,11.940298507462686
14893,12892,6,53,11.320754716981133
14893,12892,7,68,8.823529411764707
14893,12954,1,30,10.0
14893,12954,2,25,4.0
14893,12954,3,20,0.0
14893,12954,4,24,16.666666666666664
14893,12954,5,24,16.666666666666664
14893,12954,6,16,0.0
14893,12954,7,20,15.0
14893,12982,2,5,60.0
14893,12982,4,4,0.0
14893,12982,5,5,40.0
14893,12982,7,4,0.0
14893,13198,1,5,20.0
14893,13198,2,5,0.0
14893,13198,3,4,50.0
14893,13198,4,4,0.0
14893,13198,5,4,0.0
14893,13198,7,4,0.0
14893,13204,6,4,0.0
14893,13204,7,4,0.0
14893,13232,1,15,20.0
14893,13232,2,15,6.666666666666667
14893,13232,3,12,0.0
14893,13232,4,12,33.33333333333333
14893,13232,5,12,25.0
14893,13232,6,8,25.0
14893,13232,7,4,0.0
14893,13487,1,10,0.0
14893,13487,2,9,11.11111111111111
14893,13487,3,7,0.0
14893,13487,4,7,0.0
14893,13487,5,7,0.0
14893,13487,6,7,14.285714285714285
14893,13487,7,8,0.0
14893,13830,1,5,0.0
14893,13830,2,5,20.0
14893,13830,3,4,0.0
14893,13830,4,4,0.0
14893,13830,5,4,0.0
14893,13830,6,4,0.0
14893,13830,7,4,25.0
14893,13891,1,35,11.428571428571429
14893,13891,2,30,10.0
14893,13891,3,24,4.166666666666666
14893,13891,4,28,10.714285714285714
14893,13891,5,28,10.714285714285714
14893,13891,6,12,16.666666666666664
14893,13891,7,20,15.0
14893,13930,1,20,5.0
14893,13930,2,20,10.0
14893,13930,3,16,12.5
14893,13930,4,16,25.0
14893,13930,5,16,18.75
14893,13930,6,13,30.76923076923077
14893,13930,7,16,31.25
14893,14057,1,30,13.333333333333334
14893,14057,2,30,6.666666666666667
14893,14057,3,20,15.0
14893,14057,4,24,16.666666666666664
14893,14057,5,24,25.0
14893,14057,6,12,25.0
14893,14057,7,24,20.833333333333336
14893,14107,1,41,12.82051282051282
14893,14107,2,40,12.5
14893,14107,3,32,3.125
14893,14107,4,35,25.71428571428571
14893,14107,5,32,20.689655172413794
14893,14107,6,24,8.333333333333332
14893,14107,7,37,8.108108108108109
14893,14262,1,5,0.0
14893,14262,2,5,0.0
14893,14262,3,4,0.0
14893,14262,4,4,0.0
14893,14262,5,4,0.0
14893,14262,6,4,0.0
14893,14262,7,4,25.0
14893,14679,1,75,13.333333333333334
14893,14679,2,65,16.923076923076923
14893,14679,3,52,10.204081632653061
14893,14679,4,60,32.20338983050847
14893,14679,5,60,25.0
14893,14679,6,40,12.5
14893,14679,7,64,26.5625
14893,14689,1,5,0.0
14893,14689,2,5,40.0
14893,14689,3,4,0.0
14893,14689,4,4,0.0
14893,14689,5,4,0.0
14893,14689,6,4,0.0
14893,14689,7,4,0.0
14893,14747,1,73,15.068493150684931
14893,14747,2,58,13.793103448275861
14893,14747,3,46,13.043478260869565
14893,14747,4,59,32.20338983050847
14893,14747,5,59,27.11864406779661
14893,14747,6,48,16.666666666666664
14893,14747,7,55,27.27272727272727
14893,14771,1,21,28.57142857142857
14893,14771,2,17,23.52941176470588
14893,14771,3,16,25.0
14893,14771,4,16,37.5
14893,14771,5,17,64.70588235294117
14893,14771,6,14,35.714285714285715
14893,14771,7,17,29.411764705882355
14893,14869,1,33,21.21212121212121
14893,14869,2,28,10.714285714285714
14893,14869,3,22,0.0
14893,14869,4,27,18.51851851851852
14893,14869,5,27,22.22222222222222
14893,14869,6,20,0.0
14893,14869,7,23,4.3478260869565215
14893,14908,1,40,15.0
14893,14908,2,30,10.0
14893,14908,3,24,16.666666666666664
14893,14908,4,32,9.375
14893,14908,5,32,12.5
14893,14908,6,16,12.5
14893,14908,7,32,9.375
14893,15016,1,5,20.0
14893,15016,2,5,0.0
14893,15016,3,4,0.0
14893,15016,4,4,75.0
14893,15016,5,4,25.0
14893,15016,6,4,0.0
14893,15016,7,4,25.0
14893,15376,6,4,0.0
14893,15376,7,4,0.0
14905,12889,4,4,75.0
14905,12889,7,4,25.0
14908,10397,1,20,15.0
14908,10397,2,15,20.0
14908,10397,3,12,8.333333333333332
14908,10397,4,16,18.75
14908,10397,5,16,6.25
14908,10397,6,8,0.0
14908,10397,7,16,18.75
14908,10423,1,5,60.0
14908,10423,2,5,20.0
14908,10423,3,4,0.0
14908,10423,4,4,25.0
14908,10423,5,4,25.0
14908,10423,6,4,25.0
14908,10423,7,4,0.0
14908,10693,1,5,20.0
14908,10693,2,5,20.0
14908,10693,3,4,0.0
14908,10693,4,4,25.0
14908,10693,5,4,50.0
14908,10693,6,4,25.0
14908,10693,7,4,25.0
14908,10713,1,2,0.0
14908,10713,4,4,0.0
14908,10713,5,2,0.0
14908,10713,7,4,25.0
14908,11057,1,5,0.0
14908,11057,2,5,0.0
14908,11057,3,4,0.0
14908,11057,4,4,0.0
14908,11057,5,4,0.0
14908,11057,6,4,0.0
14908,11057,7,4,0.0
14908,11109,1,1,0.0
14908,11259,1,5,40.0
14908,11259,2,5,0.0
14908,11259,3,4,0.0
14908,11259,4,4,50.0
14908,11259,5,4,75.0
14908,11259,6,4,75.0
14908,11259,7,4,75.0
14908,11292,1,55,20.0
14908,11292,2,50,26.0
14908,11292,3,40,5.0
14908,11292,4,45,13.333333333333334
14908,11292,5,45,11.11111111111111
14908,11292,6,37,8.108108108108109
14908,11292,7,41,12.195121951219512
14908,11298,1,41,13.157894736842104
14908,11298,2,40,17.5
14908,11298,3,32,18.75
14908,11298,4,35,5.714285714285714
14908,11298,5,32,7.142857142857142
14908,11298,6,31,22.58064516129032
14908,11298,7,36,13.88888888888889
14908,11423,4,4,0.0
14908,11423,7,4,50.0
14908,11433,1,6,16.666666666666664
14908,11433,2,5,0.0
14908,11433,3,5,40.0
14908,11433,4,4,0.0
14908,11433,5,4,25.0
14908,11433,6,3,0.0
14908,11433,7,4,0.0
14908,11618,1,15,13.333333333333334
14908,11618,2,15,6.666666666666667
14908,11618,3,12,25.0
14908,11618,4,12,25.0
14908,11618,5,12,8.333333333333332
14908,11618,6,12,25.0
14908,11618,7,12,8.333333333333332
14908,12266,1,15,6.666666666666667
14908,12266,2,15,13.333333333333334
14908,12266,3,12,8.333333333333332
14908,12266,4,12,8.333333333333332
14908,12266,5,12,8.333333333333332
14908,12266,6,12,0.0
14908,12266,7,12,8.333333333333332
14908,12280,1,5,40.0
14908,12280,5,4,75.0
14908,12478,1,5,20.0
14908,12478,2,5,20.0
14908,12478,3,4,0.0
14908,12478,4,4,50.0
14908,12478,5,4,25.0
14908,12478,6,4,0.0
14908,12478,7,4,0.0
14908,12889,1,65,20.0
14908,12889,2,50,14.000000000000002
14908,12889,3,40,7.5
14908,12889,4,52,30.76923076923077
14908,12889,5,52,48.0
14908,12889,6,36,8.333333333333332
14908,12889,7,52,21.153846153846153
14908,13487,1,10,20.0
14908,13487,2,5,40.0
14908,13487,3,8,0.0
14908,13487,4,8,12.5
14908,13487,5,8,12.5
14908,13487,6,4,25.0
14908,13487,7,8,12.5
14908,13796,1,40,10.0
14908,13796,2,25,16.0
14908,13796,3,20,0.0
14908,13796,4,32,9.375
14908,13796,5,32,9.67741935483871
14908,13796,6,16,6.25
14908,13796,7,28,7.142857142857142
14908,13930,1,35,25.71428571428571
14908,13930,2,31,16.129032258064516
14908,13930,3,23,13.043478260869565
14908,13930,4,26,26.923076923076923
14908,13930,5,28,10.714285714285714
14908,13930,6,23,17.391304347826086
14908,13930,7,24,16.666666666666664
14908,14057,1,25,8.0
14908,14057,2,25,0.0
14908,14057,3,20,10.0
14908,14057,4,19,0.0
14908,14057,5,19,5.263157894736842
14908,14057,6,19,0.0
14908,14057,7,20,15.0
14908,14107,1,66,7.575757575757576
14908,14107,2,50,14.000000000000002
14908,14107,3,40,7.5
14908,14107,4,59,23.728813559322035
14908,14107,5,52,17.391304347826086
14908,14107,6,32,3.125
14908,14107,7,52,9.803921568627452
14908,14314,1,5,0.0
14908,14314,3,4,50.0
14908,14314,4,4,25.0
14908,14314,5,4,0.0
14908,14314,6,4,0.0
14908,14314,7,4,25.0
14908,14747,1,60,8.47457627118644
14908,14747,2,50,14.000000000000002
14908,14747,3,40,2.5
14908,14747,4,48,14.583333333333334
14908,14747,5,48,8.333333333333332
14908,14747,6,36,5.714285714285714
14908,14747,7,48,20.833333333333336
14908,14771,1,80,25.0
14908,14771,2,65,13.846153846153847
14908,14771,3,56,10.714285714285714
14908,14771,4,60,18.64406779661017
14908,14771,5,64,17.1875
14908,14771,6,51,9.803921568627452
14908,14771,7,60,41.66666666666667
14908,14831,1,45,11.11111111111111
14908,14831,2,30,6.666666666666667
14908,14831,3,24,8.333333333333332
14908,14831,4,36,13.88888888888889
14908,14831,5,36,11.11111111111111
14908,14831,6,16,6.25
14908,14831,7,28,28.57142857142857
14908,14869,1,25,8.0
14908,14869,2,25,12.0
14908,14869,3,20,15.0
14908,14869,4,20,20.0
14908,14869,5,20,15.0
14908,14869,6,16,25.0
14908,14869,7,20,20.0
14908,14893,1,40,5.128205128205128
14908,14893,2,30,23.333333333333332
14908,14893,3,24,12.5
14908,14893,4,32,18.75
14908,14893,5,32,19.35483870967742
14908,14893,6,16,25.0
14908,14893,7,32,18.75
14908,15023,1,10,20.0
14908,15023,2,10,30.0
14908,15023,3,8,0.0
14908,15023,4,8,0.0
14908,15023,5,8,37.5
14908,15023,6,8,25.0
14908,15023,7,8,37.5
14952,13930,1,10,0.0
14952,13930,2,10,10.0
14952,13930,3,7,0.0
14952,13930,4,7,57.14285714285714
14952,13930,5,8,12.5
14952,13930,6,7,16.666666666666664
14952,13930,7,8,25.0
14955,12016,1,5,20.0
14955,12016,2,5,0.0
14955,12016,3,4,0.0
14955,12016,4,4,0.0
14955,12016,5,4,0.0
14955,12016,6,4,0.0
14955,12016,7,4,0.0
14960,11298,1,10,25.0
14960,11298,2,10,0.0
14960,11298,3,8,12.5
14960,11298,4,8,12.5
14960,11298,5,8,25.0
14960,11298,6,8,0.0
14960,11298,7,8,25.0
14986,10135,4,4,0.0
14986,10135,7,4,25.0
14986,10397,1,28,3.571428571428571
14986,10397,2,25,0.0
14986,10397,3,20,5.0
14986,10397,4,23,0.0
14986,10397,5,23,4.3478260869565215
14986,10397,6,20,5.0
14986,10397,7,23,8.695652173913043
14986,10431,4,4,0.0
14986,10431,7,4,25.0
14986,10676,1,5,0.0
14986,10676,5,4,0.0
14986,10693,1,5,0.0
14986,10693,2,5,20.0
14986,10693,3,4,25.0
14986,10693,4,4,0.0
14986,10693,5,4,0.0
14986,10693,6,4,50.0
14986,10693,7,4,0.0
14986,10721,1,5,0.0
14986,10721,5,4,0.0
14986,10821,1,15,13.333333333333334
14986,10821,2,15,6.666666666666667
14986,10821,3,12,0.0
14986,10821,4,12,25.0
14986,10821,5,12,8.333333333333332
14986,10821,6,12,8.333333333333332
14986,10821,7,12,0.0
14986,10874,1,5,0.0
14986,10874,5,4,0.0
14986,11057,1,16,0.0
14986,11057,2,16,0.0
14986,11057,3,12,8.333333333333332
14986,11057,4,15,13.333333333333334
14986,11057,5,12,0.0
14986,11057,6,12,8.333333333333332
14986,11057,7,16,31.25
14986,11066,6,4,25.0
14986,11193,1,5,20.0
14986,11193,4,4,0.0
14986,11193,5,4,0.0
14986,11193,7,4,25.0
14986,11278,1,5,40.0
14986,11278,2,5,40.0
14986,11278,3,4,50.0
14986,11278,4,4,50.0
14986,11278,5,4,25.0
14986,11278,6,4,0.0
14986,11278,7,4,25.0
14986,11298,1,5,20.0
14986,11298,2,5,40.0
14986,11298,3,4,25.0
14986,11298,4,4,0.0
14986,11298,5,4,33.33333333333333
14986,11298,6,4,25.0
14986,11298,7,4,0.0
14986,11618,1,10,0.0
14986,11618,2,10,0.0
14986,11618,3,8,0.0
14986,11618,4,8,0.0
14986,11618,5,8,0.0
14986,11618,6,8,25.0
14986,11618,7,8,0.0
14986,11721,4,2,50.0
14986,11721,7,2,0.0
14986,11986,4,4,0.0
14986,11986,7,4,0.0
14986,11996,4,4,0.0
14986,11996,7,4,0.0
14986,12191,1,5,0.0
14986,12191,2,5,0.0
14986,12191,3,4,0.0
14986,12191,4,4,0.0
14986,12191,5,4,0.0
14986,12191,6,4,0.0
14986,12191,7,4,0.0
14986,12339,1,5,0.0
14986,12339,5,4,25.0
14986,12339,6,5,20.0
14986,12478,1,5,20.0
14986,12478,2,5,0.0
14986,12478,3,4,0.0
14986,12478,4,4,25.0
14986,12478,5,4,0.0
14986,12478,6,4,0.0
14986,12478,7,4,25.0
14986,12917,2,1,0.0
14986,12917,4,4,0.0
14986,12917,7,4,0.0
14986,12953,1,5,0.0
14986,12953,2,5,0.0
14986,12953,3,4,0.0
14986,12953,4,4,25.0
14986,12953,5,4,0.0
14986,12953,6,5,20.0
14986,12953,7,4,25.0
14986,13204,1,10,0.0
14986,13204,2,10,0.0
14986,13204,3,8,0.0
14986,13204,4,8,12.5
14986,13204,5,8,0.0
14986,13204,6,8,25.0
14986,13204,7,8,12.5
14986,13232,1,5,0.0
14986,13232,2,5,0.0
14986,13232,3,4,0.0
14986,13232,4,4,0.0
14986,13232,5,4,25.0
14986,13232,6,4,25.0
14986,13232,7,4,0.0
14986,13487,6,1,0.0
14986,13930,1,5,0.0
14986,13930,2,5,60.0
14986,13930,3,4,25.0
14986,13930,4,4,50.0
14986,13930,5,4,0.0
14986,13930,6,4,25.0
14986,13930,7,4,25.0
14986,14100,1,1,0.0
14986,14100,2,1,0.0
14986,14122,4,4,75.0
14986,14122,6,4,0.0
14986,14122,7,4,0.0
14986,14574,4,4,0.0
14986,14574,7,4,0.0
14986,15016,6,4,0.0
14986,15016,7,4,0.0
14986,15412,1,5,0.0
14986,15412,5,4,0.0
15016,10397,1,61,6.557377049180328
15016,10397,2,48,2.083333333333333
15016,10397,3,38,2.631578947368421
15016,10397,4,50,0.0
15016,10397,5,46,0.0
15016,10397,6,28,7.142857142857142
15016,10397,7,46,17.391304347826086
15016,10423,1,15,13.333333333333334
15016,10423,2,10,0.0
15016,10423,3,8,0.0
15016,10423,4,12,25.0
15016,10423,5,12,8.333333333333332
15016,10423,6,4,25.0
15016,10423,7,12,8.333333333333332
15016,10693,1,20,0.0
15016,10693,2,20,5.0
15016,10693,3,16,0.0
15016,10693,4,16,12.5
15016,10693,5,16,18.75
15016,10693,6,8,0.0
15016,10693,7,12,8.333333333333332
15016,10721,1,25,28.000000000000004
15016,10721,2,25,12.0
15016,10721,3,20,42.10526315789473
15016,10721,4,20,50.0
15016,10721,5,20,30.0
15016,10721,6,12,16.666666666666664
15016,10721,7,20,30.0
15016,10800,1,5,80.0
15016,10800,2,5,20.0
15016,10800,3,4,25.0
15016,10800,4,4,0.0
15016,10800,5,4,25.0
15016,10800,6,4,0.0
15016,10800,7,4,100.0
15016,10821,1,20,0.0
15016,10821,2,20,15.0
15016,10821,3,16,12.5
15016,10821,4,16,31.25
15016,10821,5,16,31.25
15016,10821,6,12,33.33333333333333
15016,10821,7,16,31.25
15016,10994,1,5,0.0
15016,10994,4,4,25.0
15016,10994,5,4,0.0
15016,10994,7,4,0.0
15016,11042,1,15,13.333333333333334
15016,11042,2,10,0.0
15016,11042,3,8,0.0
15016,11042,4,12,16.666666666666664
15016,11042,5,12,8.333333333333332
15016,11042,6,4,0.0
15016,11042,7,8,25.0
15016,11057,1,26,11.538461538461538
15016,11057,2,25,4.0
15016,11057,3,21,23.809523809523807
15016,11057,4,23,17.391304347826086
15016,11057,5,20,5.0
15016,11057,6,16,18.75
15016,11057,7,24,0.0
15016,11066,1,10,0.0
15016,11066,2,10,20.0
15016,11066,3,8,0.0
15016,11066,4,8,0.0
15016,11066,5,8,0.0
15016,11066,6,4,0.0
15016,11066,7,8,12.5
15016,11259,1,30,16.666666666666664
15016,11259,2,30,13.333333333333334
15016,11259,3,24,20.833333333333336
15016,11259,4,24,16.666666666666664
15016,11259,5,24,37.5
15016,11259,6,16,12.5
15016,11259,7,24,33.33333333333333
15016,11278,1,39,25.64102564102564
15016,11278,2,39,15.384615384615385
15016,11278,3,32,32.25806451612903
15016,11278,4,32,31.25
15016,11278,5,31,22.58064516129032
15016,11278,6,16,6.25
15016,11278,7,28,25.0
15016,11292,1,55,23.636363636363637
15016,11292,2,55,29.09090909090909
15016,11292,3,44,15.909090909090908
15016,11292,4,44,20.454545454545457
15016,11292,5,44,29.545454545454547
15016,11292,6,36,8.333333333333332
15016,11292,7,48,22.916666666666664
15016,11298,1,31,45.16129032258064
15016,11298,2,29,14.285714285714285
15016,11298,3,23,21.73913043478261
15016,11298,4,31,19.35483870967742
15016,11298,5,24,17.391304347826086
15016,11298,6,23,23.809523809523807
15016,11298,7,32,28.125
15016,11423,1,10,0.0
15016,11423,2,10,30.0
15016,11423,3,8,12.5
15016,11423,4,8,12.5
15016,11423,5,8,12.5
15016,11423,6,4,0.0
15016,11423,7,8,0.0
15016,11433,1,29,3.4482758620689653
15016,11433,2,23,0.0
15016,11433,3,18,22.22222222222222
15016,11433,4,23,4.3478260869565215
15016,11433,5,20,5.0
15016,11433,6,16,0.0
15016,11433,7,19,10.526315789473683
15016,11481,1,5,20.0
15016,11481,2,5,0.0
15016,11481,3,4,0.0
15016,11481,4,4,0.0
15016,11481,5,4,0.0
15016,11481,6,8,25.0
15016,11481,7,4,0.0
15016,11618,1,18,11.11111111111111
15016,11618,2,18,11.11111111111111
15016,11618,3,16,18.75
15016,11618,4,15,14.285714285714285
15016,11618,5,15,20.0
15016,11618,6,12,20.0
15016,11618,7,12,16.666666666666664
15016,11697,1,5,0.0
15016,11697,2,5,40.0
15016,11697,3,4,0.0
15016,11697,4,8,25.0
15016,11697,5,4,0.0
15016,11697,6,8,25.0
15016,11697,7,12,0.0
15016,12191,1,25,28.000000000000004
15016,12191,2,20,10.0
15016,12191,3,16,6.25
15016,12191,4,20,20.0
15016,12191,5,20,0.0
15016,12191,6,8,25.0
15016,12191,7,16,12.5
15016,12266,1,10,10.0
15016,12266,2,9,0.0
15016,12266,3,4,0.0
15016,12266,4,4,25.0
15016,12266,5,9,11.11111111111111
15016,12266,6,8,0.0
15016,12266,7,7,0.0
15016,12278,1,10,30.0
15016,12278,2,10,10.0
15016,12278,3,8,0.0
15016,12278,4,8,25.0
15016,12278,5,8,37.5
15016,12278,6,4,0.0
15016,12278,7,8,25.0
15016,12451,1,10,40.0
15016,12451,2,10,0.0
15016,12451,3,8,12.5
15016,12451,4,8,37.5
15016,12451,5,8,12.5
15016,12451,6,4,0.0
15016,12451,7,8,25.0
15016,12889,1,34,26.47058823529412
15016,12889,2,20,10.0
15016,12889,3,16,0.0
15016,12889,4,25,20.0
15016,12889,5,28,40.74074074074074
15016,12889,6,16,6.25
15016,12889,7,26,19.230769230769234
15016,12892,1,15,20.0
15016,12892,2,11,18.181818181818183
15016,12892,3,8,12.5
15016,12892,4,12,0.0
15016,12892,5,12,8.333333333333332
15016,12892,6,12,8.333333333333332
15016,12892,7,12,25.0
15016,12953,1,37,10.81081081081081
15016,12953,2,37,2.7027027027027026
15016,12953,3,30,6.666666666666667
15016,12953,4,30,27.586206896551722
15016,12953,5,30,3.3333333333333335
15016,12953,6,13,23.076923076923077
15016,12953,7,27,33.33333333333333
15016,12954,1,5,40.0
15016,12954,2,5,20.0
15016,12954,3,4,0.0
15016,12954,4,4,25.0
15016,12954,5,4,25.0
15016,12954,7,4,75.0
15016,12992,1,10,10.0
15016,12992,2,10,10.0
15016,12992,3,8,12.5
15016,12992,4,8,37.5
15016,12992,5,8,25.0
15016,12992,6,4,25.0
15016,12992,7,8,0.0
15016,13198,1,15,13.333333333333334
15016,13198,2,15,6.666666666666667
15016,13198,3,12,8.333333333333332
15016,13198,4,12,25.0
15016,13198,5,12,25.0
15016,13198,6,12,8.333333333333332
15016,13198,7,12,25.0
15016,13204,1,30,13.333333333333334
15016,13204,2,20,10.0
15016,13204,3,16,0.0
15016,13204,4,20,15.0
15016,13204,5,24,20.833333333333336
15016,13204,6,18,22.22222222222222
15016,13204,7,27,18.51851851851852
15016,13232,1,25,28.000000000000004
15016,13232,2,30,10.0
15016,13232,3,24,4.166666666666666
15016,13232,4,20,30.0
15016,13232,5,20,25.0
15016,13232,6,12,8.333333333333332
15016,13232,7,20,10.0
15016,13303,1,10,0.0
15016,13303,2,10,10.0
15016,13303,3,8,0.0
15016,13303,4,8,37.5
15016,13303,5,8,12.5
15016,13303,6,12,16.666666666666664
15016,13303,7,12,16.666666666666664
15016,13342,1,10,20.0
15016,13342,2,10,0.0
15016,13342,3,8,0.0
15016,13342,4,8,25.0
15016,13342,5,8,25.0
15016,13342,6,8,12.5
15016,13342,7,8,12.5
15016,13487,1,30,20.0
15016,13487,2,30,20.0
15016,13487,3,24,8.333333333333332
15016,13487,4,24,20.833333333333336
15016,13487,5,24,25.0
15016,13487,6,15,6.666666666666667
15016,13487,7,23,26.08695652173913
15016,13495,1,10,0.0
15016,13495,2,5,20.0
15016,13495,3,4,25.0
15016,13495,4,8,0.0
15016,13495,5,8,0.0
15016,13495,6,4,0.0
15016,13495,7,8,12.5
15016,13577,6,4,0.0
15016,13577,7,4,25.0
15016,13851,1,10,20.0
15016,13851,2,10,10.0
15016,13851,3,8,12.5
15016,13851,4,8,50.0
15016,13851,5,8,25.0
15016,13851,6,4,0.0
15016,13851,7,8,12.5
15016,13871,1,15,33.33333333333333
15016,13871,2,15,6.666666666666667
15016,13871,3,12,0.0
15016,13871,4,12,33.33333333333333
15016,13871,5,12,16.666666666666664
15016,13871,6,4,0.0
15016,13871,7,8,25.0
15016,13930,1,44,18.181818181818183
15016,13930,2,40,15.0
15016,13930,3,30,13.333333333333334
15016,13930,4,33,15.151515151515152
15016,13930,5,32,31.25
15016,13930,6,27,38.46153846153847
15016,13930,7,33,6.25
15016,13931,6,4,0.0
15016,14057,6,4,25.0
15016,14057,7,4,0.0
15016,14100,1,25,8.0
15016,14100,2,21,9.523809523809524
15016,14100,3,16,18.75
15016,14100,4,19,31.57894736842105
15016,14100,5,19,26.31578947368421
15016,14100,6,12,8.333333333333332
15016,14100,7,20,25.0
15016,14107,1,30,13.333333333333334
15016,14107,2,25,24.0
15016,14107,3,21,19.047619047619047
15016,14107,4,23,21.73913043478261
15016,14107,5,20,36.84210526315789
15016,14107,6,16,33.33333333333333
15016,14107,7,25,16.0
15016,14122,1,5,20.0
15016,14122,2,5,0.0
15016,14122,3,4,0.0
15016,14122,4,4,25.0
15016,14122,5,4,0.0
15016,14122,6,4,25.0
15016,14122,7,8,0.0
15016,14193,1,5,0.0
15016,14193,2,5,0.0
15016,14193,3,4,0.0
15016,14193,4,4,0.0
15016,14193,5,4,25.0
15016,14193,6,4,75.0
15016,14193,7,4,0.0
15016,14492,1,10,0.0
15016,14492,2,10,10.0
15016,14492,3,8,0.0
15016,14492,4,8,37.5
15016,14492,5,8,25.0
15016,14492,6,4,0.0
15016,14492,7,4,50.0
15016,14635,1,10,10.0
15016,14635,2,10,20.0
15016,14635,3,8,0.0
15016,14635,4,8,25.0
15016,14635,5,8,25.0
15016,14635,6,8,12.5
15016,14635,7,8,0.0
15016,14679,1,5,20.0
15016,14679,2,5,20.0
15016,14679,3,4,0.0
15016,14679,4,4,25.0
15016,14679,5,4,25.0
15016,14679,6,4,0.0
15016,14679,7,8,37.5
15016,14683,1,10,20.0
15016,14683,2,5,0.0
15016,14683,3,4,25.0
15016,14683,4,8,25.0
15016,14683,5,8,0.0
15016,14683,6,4,0.0
15016,14683,7,8,12.5
15016,14685,6,4,25.0
15016,14747,1,20,10.0
15016,14747,2,10,0.0
15016,14747,3,8,12.5
15016,14747,4,16,18.75
15016,14747,5,16,31.25
15016,14747,6,12,41.66666666666667
15016,14747,7,16,6.25
15016,14771,1,10,10.0
15016,14771,2,10,20.0
15016,14771,3,8,12.5
15016,14771,4,8,25.0
15016,14771,5,8,25.0
15016,14771,6,8,0.0
15016,14771,7,8,50.0
15016,14869,1,15,0.0
15016,14869,2,14,14.285714285714285
15016,14869,3,11,0.0
15016,14869,4,11,20.0
15016,14869,5,11,0.0
15016,14869,6,8,0.0
15016,14869,7,12,25.0
15016,14893,1,5,0.0
15016,14893,2,5,0.0
15016,14893,3,4,0.0
15016,14893,4,4,0.0
15016,14893,5,4,0.0
15016,14893,6,4,25.0
15016,14893,7,4,0.0
15016,14986,6,4,0.0
15016,14986,7,4,0.0
15016,15304,1,15,20.0
15016,15304,2,15,26.666666666666668
15016,15304,3,12,0.0
15016,15304,4,12,16.666666666666664
15016,15304,5,12,16.666666666666664
15016,15304,6,12,0.0
15016,15304,7,12,25.0
15016,15370,1,10,10.0
15016,15370,2,10,0.0
15016,15370,3,8,0.0
15016,15370,4,8,37.5
15016,15370,5,8,12.5
15016,15370,6,4,0.0
15016,15370,7,8,12.5
15016,15624,6,4,0.0
15016,15624,7,4,0.0
15023,10800,1,5,0.0
15023,10800,2,5,0.0
15023,10800,3,4,0.0
15023,10800,4,4,0.0
15023,10800,5,4,25.0
15023,10800,6,4,25.0
15023,10800,7,4,25.0
15023,11298,1,5,20.0
15023,11298,2,5,0.0
15023,11298,3,4,25.0
15023,11298,4,4,25.0
15023,11298,5,4,25.0
15023,11298,6,4,0.0
15023,11298,7,4,0.0
15023,12889,1,5,0.0
15023,12889,2,5,20.0
15023,12889,3,4,0.0
15023,12889,4,4,25.0
15023,12889,5,4,50.0
15023,12889,6,4,0.0
15023,12889,7,4,25.0
15023,12892,1,15,26.666666666666668
15023,12892,2,10,10.0
15023,12892,3,8,25.0
15023,12892,4,12,16.666666666666664
15023,12892,5,12,25.0
15023,12892,6,8,0.0
15023,12892,7,12,33.33333333333333
15023,14057,1,10,0.0
15023,14057,2,10,20.0
15023,14057,3,8,0.0
15023,14057,4,8,0.0
15023,14057,5,8,0.0
15023,14057,6,8,0.0
15023,14057,7,8,12.5
15023,14107,1,10,30.0
15023,14107,2,10,0.0
15023,14107,3,8,12.5
15023,14107,4,8,25.0
15023,14107,5,8,28.57142857142857
15023,14107,6,4,25.0
15023,14107,7,8,12.5
15023,14679,1,15,33.33333333333333
15023,14679,2,10,0.0
15023,14679,3,12,27.27272727272727
15023,14679,4,12,50.0
15023,14679,5,12,27.27272727272727
15023,14679,6,8,12.5
15023,14679,7,12,33.33333333333333
15023,14747,1,10,30.0
15023,14747,2,10,40.0
15023,14747,3,8,25.0
15023,14747,4,8,25.0
15023,14747,5,8,25.0
15023,14747,6,8,0.0
15023,14747,7,8,37.5
15023,14908,1,10,20.0
15023,14908,2,10,0.0
15023,14908,3,8,0.0
15023,14908,4,8,12.5
15023,14908,5,8,50.0
15023,14908,6,8,37.5
15023,14908,7,8,37.5
15024,10397,1,5,20.0
15024,10397,2,5,0.0
15024,10397,3,4,0.0
15024,10397,4,4,0.0
15024,10397,5,4,0.0
15024,10397,6,8,12.5
15024,10397,7,4,0.0
15024,11057,1,1,0.0
15024,11057,6,4,25.0
15024,11618,6,4,0.0
15024,11618,7,1,0.0
15024,11697,1,5,0.0
15024,11697,2,5,0.0
15024,11697,4,4,25.0
15024,11697,5,4,0.0
15024,11697,6,4,0.0
15024,11697,7,4,0.0
15024,12264,6,4,25.0
15024,12266,6,1,0.0
15024,12478,1,1,0.0
15024,12478,2,1,0.0
15024,13204,1,6,16.666666666666664
15024,13204,2,1,0.0
15024,13204,3,1,0.0
15024,13204,5,4,0.0
15024,13303,1,10,30.0
15024,13303,2,5,20.0
15024,13303,3,4,0.0
15024,13303,4,8,0.0
15024,13303,5,8,25.0
15024,13303,6,8,37.5
15024,13303,7,8,12.5
15024,14843,1,5,60.0
15024,14843,2,1,0.0
15024,14843,4,4,75.0
15024,14843,5,4,0.0
15024,14843,6,4,0.0
15024,14843,7,4,25.0
15027,11697,1,5,40.0
15027,11697,2,1,0.0
15027,11697,3,1,0.0
15027,11697,5,4,50.0
15027,13303,1,6,16.666666666666664
15027,13303,2,5,0.0
15027,13303,3,4,25.0
15027,13303,4,4,25.0
15027,13303,5,4,25.0
15027,13303,6,4,50.0
15027,13303,7,4,0.0
15027,14843,1,1,0.0
15027,14843,2,1,0.0
15041,11292,1,10,0.0
15041,11292,2,10,20.0
15041,11292,3,8,12.5
15041,11292,4,8,12.5
15041,11292,5,8,12.5
15041,11292,6,8,12.5
15041,11292,7,8,12.5
15041,12892,1,1,100.0
15041,12892,3,4,25.0
15041,12892,5,4,0.0
15041,12892,7,4,25.0
15041,13930,6,3,66.66666666666666
15041,13930,7,3,0.0
15041,14771,1,1,0.0
15041,14771,2,1,100.0
15041,14771,5,4,25.0
15041,14771,6,4,0.0
15041,14771,7,4,25.0
15041,14869,1,15,0.0
15041,14869,2,15,6.666666666666667
15041,14869,3,12,0.0
15041,14869,4,12,0.0
15041,14869,5,12,0.0
15041,14869,6,12,0.0
15041,14869,7,12,16.666666666666664
15048,11292,1,5,40.0
15048,11292,2,5,60.0
15048,11292,3,4,0.0
15048,11292,4,4,25.0
15048,11292,5,4,25.0
15048,11292,6,4,25.0
15048,11292,7,4,25.0
15048,13930,1,5,0.0
15048,13930,2,5,0.0
15048,13930,3,4,0.0
15048,13930,4,4,25.0
15048,13930,5,4,0.0
15048,13930,6,4,25.0
15048,13930,7,4,25.0
15070,11697,1,1,0.0
15070,13577,1,1,0.0
15070,13577,4,4,50.0
15070,13577,7,4,25.0
15070,14082,1,5,20.0
15070,14082,5,4,50.0
15070,14112,4,4,0.0
15070,14112,7,4,25.0
15070,14761,1,1,0.0
15074,11298,1,10,0.0
15074,11298,2,10,10.0
15074,11298,3,8,0.0
15074,11298,4,8,12.5
15074,11298,5,8,14.285714285714285
15074,11298,6,8,37.5
15074,11298,7,8,12.5
15096,10397,1,20,20.0
15096,10397,2,14,0.0
15096,10397,3,11,0.0
15096,10397,4,11,18.181818181818183
15096,10397,5,15,0.0
15096,10397,6,8,0.0
15096,10397,7,12,16.666666666666664
15096,10693,4,4,0.0
15096,10693,7,4,25.0
15096,10721,1,5,0.0
15096,10721,2,5,0.0
15096,10721,3,3,0.0
15096,10721,4,3,0.0
15096,10721,5,4,0.0
15096,10721,6,4,0.0
15096,11057,1,15,6.666666666666667
15096,11057,2,15,6.666666666666667
15096,11057,3,12,0.0
15096,11057,4,15,13.333333333333334
15096,11057,5,12,0.0
15096,11057,6,12,25.0
15096,11057,7,16,6.25
15096,11278,1,15,13.333333333333334
15096,11278,2,15,13.333333333333334
15096,11278,3,12,41.66666666666667
15096,11278,4,12,16.666666666666664
15096,11278,5,12,33.33333333333333
15096,11278,6,8,12.5
15096,11278,7,12,33.33333333333333
15096,11292,1,9,11.11111111111111
15096,11292,2,9,33.33333333333333
15096,11292,3,8,0.0
15096,11292,4,7,0.0
15096,11292,5,7,28.57142857142857
15096,11292,6,7,14.285714285714285
15096,11292,7,7,28.57142857142857
15096,11298,1,5,0.0
15096,11298,2,5,0.0
15096,11298,3,4,25.0
15096,11298,4,4,0.0
15096,11298,5,4,0.0
15096,11298,6,4,33.33333333333333
15096,11298,7,4,25.0
15096,11433,1,5,0.0
15096,11433,2,5,0.0
15096,11433,3,4,0.0
15096,11433,4,4,0.0
15096,11433,5,4,0.0
15096,11433,6,4,0.0
15096,11433,7,4,0.0
15096,11618,1,9,22.22222222222222
15096,11618,2,9,11.11111111111111
15096,11618,3,8,25.0
15096,11618,4,8,12.5
15096,11618,5,8,28.57142857142857
15096,11618,6,7,28.57142857142857
15096,11618,7,5,20.0
15096,11697,4,4,25.0
15096,11697,7,4,75.0
15096,12264,1,3,0.0
15096,12264,2,1,0.0
15096,12264,4,3,0.0
15096,12264,5,3,0.0
15096,12478,1,5,0.0
15096,12478,2,5,0.0
15096,12478,3,4,25.0
15096,12478,4,4,25.0
15096,12478,5,4,25.0
15096,12478,6,4,0.0
15096,12478,7,4,0.0
15096,13204,1,10,0.0
15096,13204,2,6,0.0
15096,13204,3,4,0.0
15096,13204,4,4,0.0
15096,13204,5,8,62.5
15096,13204,6,4,25.0
15096,13204,7,4,0.0
15096,13577,4,4,25.0
15096,13577,7,4,25.0
15096,13930,1,36,13.88888888888889
15096,13930,2,30,13.333333333333334
15096,13930,3,23,13.043478260869565
15096,13930,4,26,19.230769230769234
15096,13930,5,25,16.0
15096,13930,6,20,31.57894736842105
15096,13930,7,29,20.689655172413794
15096,14100,1,4,0.0
15096,14100,2,4,0.0
15096,14100,3,3,0.0
15096,14100,4,4,25.0
15096,14100,5,4,25.0
15096,14100,6,4,25.0
15096,14112,2,1,0.0
15096,14112,4,4,50.0
15096,14112,7,4,75.0
15096,14492,1,5,20.0
15096,14492,5,4,25.0
15096,14761,1,1,0.0
15249,10397,1,25,12.0
15249,10397,2,25,0.0
15249,10397,3,20,10.0
15249,10397,4,20,15.0
15249,10397,5,20,5.0
15249,10397,6,17,23.52941176470588
15249,10397,7,19,5.263157894736842
15249,11278,1,5,20.0
15249,11278,2,5,20.0
15249,11278,3,4,0.0
15249,11278,4,4,50.0
15249,11278,5,4,50.0
15249,11278,6,4,25.0
15249,11278,7,4,50.0
15249,11298,1,15,33.33333333333333
15249,11298,2,15,13.333333333333334
15249,11298,3,12,25.0
15249,11298,4,12,8.333333333333332
15249,11298,5,12,9.090909090909092
15249,11298,6,12,8.333333333333332
15249,11298,7,12,18.181818181818183
15249,13303,1,16,18.75
15249,13303,2,16,6.25
15249,13303,3,12,16.666666666666664
15249,13303,4,12,16.666666666666664
15249,13303,5,12,16.666666666666664
15249,13303,6,12,8.333333333333332
15249,13303,7,12,16.666666666666664
15295,14112,4,4,50.0
15295,14112,7,4,25.0
15304,10158,1,10,10.0
15304,10158,2,6,0.0
15304,10158,3,5,0.0
15304,10158,4,7,0.0
15304,10158,5,8,25.0
15304,10158,6,4,25.0
15304,10158,7,8,0.0
15304,10257,6,4,25.0
15304,10397,1,78,7.6923076923076925
15304,10397,2,56,5.357142857142857
15304,10397,3,45,11.11111111111111
15304,10397,4,66,7.575757575757576
15304,10397,5,65,10.76923076923077
15304,10397,6,56,17.857142857142858
15304,10397,7,66,16.666666666666664
15304,10423,1,20,25.0
15304,10423,2,20,15.0
15304,10423,3,16,12.5
15304,10423,4,16,6.25
15304,10423,5,16,6.25
15304,10423,6,8,0.0
15304,10423,7,12,16.666666666666664
15304,10529,1,10,10.0
15304,10529,2,6,0.0
15304,10529,3,4,25.0
15304,10529,4,8,0.0
15304,10529,5,8,0.0
15304,10529,6,8,0.0
15304,10529,7,8,25.0
15304,10599,1,5,0.0
15304,10599,2,5,0.0
15304,10599,3,4,25.0
15304,10599,4,4,25.0
15304,10599,5,4,25.0
15304,10599,6,4,25.0
15304,10599,7,8,12.5
15304,10693,1,35,14.285714285714285
15304,10693,2,30,6.666666666666667
15304,10693,3,24,16.666666666666664
15304,10693,4,28,3.571428571428571
15304,10693,5,28,25.0
15304,10693,6,16,6.25
15304,10693,7,28,3.571428571428571
15304,10721,1,35,37.142857142857146
15304,10721,2,29,20.689655172413794
15304,10721,3,22,31.818181818181817
15304,10721,4,31,33.33333333333333
15304,10721,5,27,38.46153846153847
15304,10721,6,23,13.043478260869565
15304,10721,7,32,40.625
15304,10792,1,11,18.181818181818183
15304,10792,2,10,0.0
15304,10792,3,8,0.0
15304,10792,4,12,8.333333333333332
15304,10792,5,8,0.0
15304,10792,6,8,0.0
15304,10792,7,8,0.0
15304,10821,1,39,7.6923076923076925
15304,10821,2,25,12.0
15304,10821,3,20,5.0
15304,10821,4,28,10.714285714285714
15304,10821,5,32,12.5
15304,10821,6,24,12.5
15304,10821,7,32,12.5
15304,11042,1,11,9.090909090909092
15304,11042,2,5,0.0
15304,11042,3,4,0.0
15304,11042,4,12,0.0
15304,11042,5,8,0.0
15304,11042,6,8,0.0
15304,11042,7,12,16.666666666666664
15304,11057,1,51,9.803921568627452
15304,11057,2,36,8.333333333333332
15304,11057,3,28,10.714285714285714
15304,11057,4,39,7.6923076923076925
15304,11057,5,40,10.0
15304,11057,6,31,16.129032258064516
15304,11057,7,40,12.5
15304,11066,1,10,20.0
15304,11066,2,10,10.0
15304,11066,3,8,0.0
15304,11066,4,8,0.0
15304,11066,5,9,22.22222222222222
15304,11066,6,8,0.0
15304,11066,7,9,11.11111111111111
15304,11193,1,10,10.0
15304,11193,2,5,20.0
15304,11193,3,4,25.0
15304,11193,4,8,12.5
15304,11193,5,8,12.5
15304,11193,6,8,12.5
15304,11193,7,8,25.0
15304,11259,1,15,33.33333333333333
15304,11259,2,15,6.666666666666667
15304,11259,3,12,25.0
15304,11259,4,12,0.0
15304,11259,5,12,16.666666666666664
15304,11259,6,12,8.333333333333332
15304,11259,7,12,16.666666666666664
15304,11278,1,30,20.0
15304,11278,2,30,20.0
15304,11278,3,24,45.83333333333333
15304,11278,4,24,4.166666666666666
15304,11278,5,24,29.166666666666668
15304,11278,6,16,18.75
15304,11278,7,24,29.166666666666668
15304,11292,1,36,16.666666666666664
15304,11292,2,35,17.142857142857142
15304,11292,3,28,7.142857142857142
15304,11292,4,29,13.793103448275861
15304,11292,5,28,14.285714285714285
15304,11292,6,24,4.166666666666666
15304,11292,7,32,18.75
15304,11298,1,40,22.5
15304,11298,2,31,9.67741935483871
15304,11298,3,24,30.434782608695656
15304,11298,4,28,14.285714285714285
15304,11298,5,32,36.666666666666664
15304,11298,6,23,8.695652173913043
15304,11298,7,28,25.0
15304,11433,1,28,17.857142857142858
15304,11433,2,20,0.0
15304,11433,3,16,6.25
15304,11433,4,23,8.695652173913043
15304,11433,5,23,0.0
15304,11433,6,16,6.25
15304,11433,7,23,4.3478260869565215
15304,11618,1,33,18.181818181818183
15304,11618,2,28,14.285714285714285
15304,11618,3,20,10.0
15304,11618,4,25,44.0
15304,11618,5,25,16.0
15304,11618,6,17,47.05882352941176
15304,11618,7,25,4.0
15304,11697,1,20,5.555555555555555
15304,11697,2,15,13.333333333333334
15304,11697,3,12,16.666666666666664
15304,11697,4,16,12.5
15304,11697,5,16,18.75
15304,11697,6,12,16.666666666666664
15304,11697,7,16,31.25
15304,12191,1,15,20.0
15304,12191,2,10,0.0
15304,12191,3,8,0.0
15304,12191,4,12,8.333333333333332
15304,12191,5,12,25.0
15304,12191,6,8,12.5
15304,12191,7,12,16.666666666666664
15304,12197,1,5,20.0
15304,12197,2,5,0.0
15304,12197,3,4,0.0
15304,12197,4,4,25.0
15304,12197,5,4,25.0
15304,12197,6,4,25.0
15304,12197,7,4,50.0
15304,12264,1,24,4.166666666666666
15304,12264,2,15,6.666666666666667
15304,12264,3,12,16.666666666666664
15304,12264,4,19,0.0
15304,12264,5,19,5.263157894736842
15304,12264,6,15,13.333333333333334
15304,12264,7,19,5.263157894736842
15304,12266,1,25,0.0
15304,12266,2,19,0.0
15304,12266,3,15,6.666666666666667
15304,12266,4,20,5.0
15304,12266,5,20,10.0
15304,12266,6,16,6.25
15304,12266,7,20,10.0
15304,12339,1,19,10.526315789473683
15304,12339,2,5,0.0
15304,12339,3,4,0.0
15304,12339,4,12,16.666666666666664
15304,12339,5,15,6.666666666666667
15304,12339,6,12,0.0
15304,12339,7,12,16.666666666666664
15304,12391,1,5,20.0
15304,12391,4,4,0.0
15304,12391,5,8,12.5
15304,12391,6,7,14.285714285714285
15304,12391,7,12,9.090909090909092
15304,12478,1,31,0.0
15304,12478,2,31,3.225806451612903
15304,12478,3,24,4.166666666666666
15304,12478,4,24,16.666666666666664
15304,12478,5,24,4.166666666666666
15304,12478,6,24,8.695652173913043
15304,12478,7,24,0.0
15304,12889,1,15,20.0
15304,12889,2,13,15.384615384615385
15304,12889,3,10,10.0
15304,12889,4,11,9.090909090909092
15304,12889,5,12,41.66666666666667
15304,12889,6,12,25.0
15304,12889,7,16,18.75
15304,12892,1,15,20.0
15304,12892,2,14,7.142857142857142
15304,12892,3,11,9.090909090909092
15304,12892,4,12,8.333333333333332
15304,12892,5,12,8.333333333333332
15304,12892,6,8,0.0
15304,12892,7,12,0.0
15304,12953,1,40,10.0
15304,12953,2,36,11.11111111111111
15304,12953,3,28,14.285714285714285
15304,12953,4,32,6.25
15304,12953,5,32,6.25
15304,12953,6,20,10.0
15304,12953,7,28,21.428571428571427
15304,13198,1,5,0.0
15304,13198,2,5,0.0
15304,13198,3,4,25.0
15304,13198,4,4,0.0
15304,13198,5,4,25.0
15304,13198,6,8,12.5
15304,13198,7,4,0.0
15304,13232,1,20,10.0
15304,13232,2,15,6.666666666666667
15304,13232,3,12,0.0
15304,13232,4,12,41.66666666666667
15304,13232,5,16,18.75
15304,13232,6,16,18.75
15304,13232,7,20,10.0
15304,13296,6,4,0.0
15304,13303,1,35,8.823529411764707
15304,13303,2,31,16.129032258064516
15304,13303,3,23,39.130434782608695
15304,13303,4,28,17.857142857142858
15304,13303,5,28,10.714285714285714
15304,13303,6,28,10.714285714285714
15304,13303,7,28,7.142857142857142
15304,13342,1,5,0.0
15304,13342,2,5,0.0
15304,13342,3,4,0.0
15304,13342,4,4,25.0
15304,13342,5,4,25.0
15304,13342,6,4,0.0
15304,13342,7,4,50.0
15304,13487,1,13,7.6923076923076925
15304,13487,2,10,10.0
15304,13487,3,8,12.5
15304,13487,4,11,9.090909090909092
15304,13487,5,11,18.181818181818183
15304,13487,6,8,25.0
15304,13487,7,11,0.0
15304,13495,1,14,21.428571428571427
15304,13495,2,5,20.0
15304,13495,3,4,25.0
15304,13495,4,12,8.333333333333332
15304,13495,5,12,16.666666666666664
15304,13495,6,4,0.0
15304,13495,7,12,8.333333333333332
15304,13930,1,37,8.108108108108109
15304,13930,2,30,10.0
15304,13930,3,24,8.333333333333332
15304,13930,4,32,9.375
15304,13930,5,25,12.0
15304,13930,6,24,20.833333333333336
15304,13930,7,33,9.090909090909092
15304,14100,1,32,15.625
15304,14100,2,21,9.523809523809524
15304,14100,3,16,12.5
15304,14100,4,27,18.51851851851852
15304,14100,5,24,8.333333333333332
15304,14100,6,23,0.0
15304,14100,7,28,0.0
15304,14107,1,10,10.0
15304,14107,2,9,0.0
15304,14107,3,9,11.11111111111111
15304,14107,4,8,0.0
15304,14107,5,8,0.0
15304,14107,6,8,12.5
15304,14107,7,8,25.0
15304,14122,1,10,20.0
15304,14122,2,5,20.0
15304,14122,3,4,25.0
15304,14122,4,12,8.333333333333332
15304,14122,5,8,37.5
15304,14122,6,12,8.333333333333332
15304,14122,7,12,0.0
15304,14307,1,10,20.0
15304,14307,2,6,16.666666666666664
15304,14307,3,4,0.0
15304,14307,4,8,0.0
15304,14307,5,8,12.5
15304,14307,6,8,0.0
15304,14307,7,8,37.5
15304,14492,1,18,16.666666666666664
15304,14492,2,8,0.0
15304,14492,3,6,0.0
15304,14492,4,15,13.333333333333334
15304,14492,5,15,6.666666666666667
15304,14492,6,12,0.0
15304,14492,7,15,0.0
15304,14576,6,4,0.0
15304,14679,1,5,20.0
15304,14679,2,5,0.0
15304,14679,3,4,25.0
15304,14679,4,4,0.0
15304,14679,5,4,0.0
15304,14679,6,8,28.57142857142857
15304,14679,7,4,25.0
15304,14683,1,5,20.0
15304,14683,2,5,0.0
15304,14683,3,4,25.0
15304,14683,4,4,25.0
15304,14683,5,4,50.0
15304,14683,6,4,0.0
15304,14683,7,4,25.0
15304,14730,1,5,20.0
15304,14730,2,5,0.0
15304,14730,3,4,0.0
15304,14730,4,4,0.0
15304,14730,5,4,0.0
15304,14730,6,4,0.0
15304,14730,7,4,0.0
15304,14747,1,15,26.666666666666668
15304,14747,2,10,30.0
15304,14747,3,8,12.5
15304,14747,4,12,16.666666666666664
15304,14747,5,12,25.0
15304,14747,6,8,12.5
15304,14747,7,12,16.666666666666664
15304,14771,1,5,0.0
15304,14771,2,5,0.0
15304,14771,3,4,0.0
15304,14771,4,4,25.0
15304,14771,5,4,25.0
15304,14771,6,4,25.0
15304,14771,7,4,0.0
15304,14843,1,16,18.75
15304,14843,2,11,0.0
15304,14843,3,8,25.0
15304,14843,4,12,16.666666666666664
15304,14843,5,12,16.666666666666664
15304,14843,6,12,16.666666666666664
15304,14843,7,12,16.666666666666664
15304,14869,1,5,0.0
15304,14869,2,5,20.0
15304,14869,3,4,25.0
15304,14869,4,4,0.0
15304,14869,5,4,0.0
15304,14869,6,4,0.0
15304,14869,7,4,0.0
15304,15016,1,15,6.666666666666667
15304,15016,2,15,6.666666666666667
15304,15016,3,12,8.333333333333332
15304,15016,4,12,0.0
15304,15016,5,12,16.666666666666664
15304,15016,6,12,16.666666666666664
15304,15016,7,12,8.333333333333332
15304,15356,1,5,20.0
15304,15356,2,1,0.0
15304,15356,5,4,0.0
15323,10397,1,16,12.5
15323,10397,2,16,6.25
15323,10397,3,12,0.0
15323,10397,4,14,21.428571428571427
15323,10397,5,14,28.57142857142857
15323,10397,6,7,0.0
15323,10397,7,14,14.285714285714285
15323,11298,1,10,10.0
15323,11298,2,10,10.0
15323,11298,3,8,25.0
15323,11298,4,8,25.0
15323,11298,5,8,0.0
15323,11298,6,8,12.5
15323,11298,7,8,0.0
15323,14761,4,4,100.0
15323,14761,7,4,50.0
15356,10397,1,5,0.0
15356,10397,4,4,0.0
15356,10397,5,4,25.0
15356,10397,7,4,50.0
15356,13204,1,6,0.0
15356,13204,2,1,0.0
15356,13204,3,1,0.0
15356,13204,4,4,0.0
15356,13204,5,4,0.0
15356,13204,6,4,0.0
15356,13204,7,4,25.0
15356,13577,4,4,0.0
15356,13577,7,4,0.0
15356,15304,1,5,0.0
15356,15304,2,1,0.0
15356,15304,5,4,0.0
15370,10397,1,23,8.695652173913043
15370,10397,2,23,0.0
15370,10397,3,18,5.555555555555555
15370,10397,4,19,10.526315789473683
15370,10397,5,19,15.789473684210526
15370,10397,6,16,18.75
15370,10397,7,19,26.31578947368421
15370,10423,1,5,20.0
15370,10423,2,5,0.0
15370,10423,3,4,25.0
15370,10423,4,4,0.0
15370,10423,5,4,0.0
15370,10423,6,4,0.0
15370,10423,7,4,0.0
15370,10693,1,5,0.0
15370,10693,2,5,0.0
15370,10693,3,4,0.0
15370,10693,4,4,75.0
15370,10693,5,4,0.0
15370,10693,6,4,25.0
15370,10693,7,4,25.0
15370,11057,1,10,0.0
15370,11057,2,10,10.0
15370,11057,3,8,12.5
15370,11057,4,8,0.0
15370,11057,5,8,25.0
15370,11057,6,8,37.5
15370,11057,7,8,25.0
15370,11259,1,15,0.0
15370,11259,2,15,0.0
15370,11259,3,12,16.666666666666664
15370,11259,4,12,0.0
15370,11259,5,12,8.333333333333332
15370,11259,6,8,0.0
15370,11259,7,16,18.75
15370,11278,1,5,0.0
15370,11278,2,5,0.0
15370,11278,3,4,25.0
15370,11278,4,4,0.0
15370,11278,5,4,0.0
15370,11278,6,4,0.0
15370,11278,7,4,25.0
15370,11292,1,35,17.142857142857142
15370,11292,2,30,26.666666666666668
15370,11292,3,24,16.666666666666664
15370,11292,4,28,14.285714285714285
15370,11292,5,28,7.142857142857142
15370,11292,6,24,12.5
15370,11292,7,28,17.857142857142858
15370,11298,1,41,23.076923076923077
15370,11298,2,40,5.128205128205128
15370,11298,3,31,19.35483870967742
15370,11298,4,35,20.0
15370,11298,5,32,16.666666666666664
15370,11298,6,31,3.571428571428571
15370,11298,7,36,25.0
15370,12191,1,10,10.0
15370,12191,2,5,0.0
15370,12191,3,4,0.0
15370,12191,4,8,25.0
15370,12191,5,8,0.0
15370,12191,6,8,0.0
15370,12191,7,12,16.666666666666664
15370,12266,1,21,4.761904761904762
15370,12266,2,20,15.0
15370,12266,3,16,6.25
15370,12266,4,17,5.88235294117647
15370,12266,5,17,5.88235294117647
15370,12266,6,15,6.666666666666667
15370,12266,7,14,23.076923076923077
15370,12889,1,15,20.0
15370,12889,2,10,0.0
15370,12889,3,8,0.0
15370,12889,4,8,25.0
15370,12889,5,12,41.66666666666667
15370,12889,6,4,0.0
15370,12889,7,8,25.0
15370,12892,1,6,0.0
15370,12892,2,5,40.0
15370,12892,3,4,0.0
15370,12892,4,4,0.0
15370,12892,5,4,25.0
15370,12892,6,4,50.0
15370,12892,7,4,25.0
15370,12953,1,9,0.0
15370,12953,2,9,22.22222222222222
15370,12953,3,8,25.0
15370,12953,4,8,50.0
15370,12953,5,8,0.0
15370,12953,7,4,50.0
15370,13232,1,5,0.0
15370,13232,2,5,0.0
15370,13232,3,4,0.0
15370,13232,4,4,0.0
15370,13232,5,4,0.0
15370,13232,6,4,25.0
15370,13232,7,4,50.0
15370,13930,1,30,10.0
15370,13930,2,25,8.0
15370,13930,3,20,0.0
15370,13930,4,23,26.08695652173913
15370,13930,5,20,5.0
15370,13930,6,20,50.0
15370,13930,7,24,29.166666666666668
15370,14107,1,20,25.0
15370,14107,2,10,0.0
15370,14107,3,8,12.5
15370,14107,4,15,6.666666666666667
15370,14107,5,12,18.181818181818183
15370,14107,6,8,25.0
15370,14107,7,12,8.333333333333332
15370,14761,1,5,40.0
15370,14761,5,4,25.0
15370,14869,1,6,16.666666666666664
15370,14869,2,6,0.0
15370,14869,3,5,0.0
15370,14869,4,5,20.0
15370,14869,5,5,0.0
15370,14869,6,5,0.0
15370,14869,7,5,20.0
15370,15016,1,10,0.0
15370,15016,2,10,10.0
15370,15016,3,8,0.0
15370,15016,4,8,25.0
15370,15016,5,8,12.5
15370,15016,6,4,0.0
15370,15016,7,8,25.0
15376,10397,1,10,0.0
15376,10397,2,10,0.0
15376,10397,3,8,0.0
15376,10397,4,8,0.0
15376,10397,5,8,0.0
15376,10397,6,8,0.0
15376,10397,7,8,12.5
15376,11292,1,31,13.333333333333334
15376,11292,2,31,32.25806451612903
15376,11292,3,24,20.833333333333336
15376,11292,4,28,21.428571428571427
15376,11292,5,29,14.285714285714285
15376,11292,6,21,9.523809523809524
15376,11292,7,29,10.344827586206897
15376,11298,1,29,33.33333333333333
15376,11298,2,29,6.896551724137931
15376,11298,3,24,26.08695652173913
15376,11298,4,24,16.666666666666664
15376,11298,5,24,27.27272727272727
15376,11298,6,24,28.57142857142857
15376,11298,7,24,16.666666666666664
15376,12191,1,5,0.0
15376,12191,2,5,20.0
15376,12191,3,4,0.0
15376,12191,4,4,50.0
15376,12191,5,4,0.0
15376,12191,6,4,0.0
15376,12191,7,4,0.0
15376,12266,1,2,0.0
15376,12266,2,1,0.0
15376,12266,4,4,0.0
15376,12266,5,1,0.0
15376,12266,6,1,0.0
15376,12266,7,1,0.0
15376,12889,1,24,0.0
15376,12889,2,15,6.666666666666667
15376,12889,3,12,16.666666666666664
15376,12889,4,16,31.25
15376,12889,5,20,44.44444444444444
15376,12889,6,8,25.0
15376,12889,7,16,31.25
15376,12892,1,33,15.151515151515152
15376,12892,2,33,6.0606060606060606
15376,12892,3,25,8.0
15376,12892,4,27,14.814814814814813
15376,12892,5,27,7.6923076923076925
15376,12892,6,24,16.666666666666664
15376,12892,7,27,22.22222222222222
15376,13232,1,5,0.0
15376,13232,4,4,25.0
15376,13232,5,4,0.0
15376,13232,6,4,25.0
15376,13232,7,4,0.0
15376,13930,1,10,30.0
15376,13930,2,10,20.0
15376,13930,3,8,25.0
15376,13930,4,8,12.5
15376,13930,5,8,25.0
15376,13930,6,8,62.5
15376,13930,7,8,50.0
15376,14107,1,41,26.82926829268293
15376,14107,2,31,6.451612903225806
15376,14107,3,27,3.7037037037037033
15376,14107,4,34,17.647058823529413
15376,14107,5,28,19.230769230769234
15376,14107,6,24,12.5
15376,14107,7,32,15.625
15376,14679,1,10,10.0
15376,14679,2,5,0.0
15376,14679,3,4,0.0
15376,14679,4,8,37.5
15376,14679,5,8,37.5
15376,14679,6,4,25.0
15376,14679,7,8,25.0
15376,14747,1,15,0.0
15376,14747,2,15,6.666666666666667
15376,14747,3,12,8.333333333333332
15376,14747,4,12,16.666666666666664
15376,14747,5,12,16.666666666666664
15376,14747,6,12,0.0
15376,14747,7,12,16.666666666666664
15376,14771,1,10,20.0
15376,14771,2,10,10.0
15376,14771,3,8,0.0
15376,14771,4,8,12.5
15376,14771,5,8,12.5
15376,14771,6,8,0.0
15376,14771,7,8,25.0
15376,14869,1,15,0.0
15376,14869,2,15,6.666666666666667
15376,14869,3,12,8.333333333333332
15376,14869,4,12,8.333333333333332
15376,14869,5,12,8.333333333333332
15376,14869,6,12,8.333333333333332
15376,14869,7,12,8.333333333333332
15376,14893,6,4,25.0
15376,14893,7,4,0.0
15380,10397,1,1,0.0
15380,10397,6,1,0.0
15380,10397,7,1,0.0
15380,10721,1,2,0.0
15380,10721,2,1,100.0
15380,10721,4,4,50.0
15380,10721,6,1,0.0
15380,10721,7,5,60.0
15380,11057,1,5,0.0
15380,11057,2,5,0.0
15380,11057,3,4,0.0
15380,11057,4,4,0.0
15380,11057,5,4,0.0
15380,11057,6,4,0.0
15380,11057,7,4,0.0
15380,11278,1,5,0.0
15380,11278,2,5,20.0
15380,11278,3,4,25.0
15380,11278,4,4,50.0
15380,11278,5,4,75.0
15380,11278,6,4,25.0
15380,11278,7,4,25.0
15380,11292,1,5,0.0
15380,11292,2,5,40.0
15380,11292,3,4,0.0
15380,11292,4,4,25.0
15380,11292,5,4,75.0
15380,11292,6,4,25.0
15380,11292,7,4,50.0
15380,11298,1,5,40.0
15380,11298,2,5,40.0
15380,11298,3,4,25.0
15380,11298,4,4,75.0
15380,11298,5,4,100.0
15380,11298,6,4,25.0
15380,11298,7,4,50.0
15380,11433,1,16,0.0
15380,11433,2,16,12.5
15380,11433,3,13,0.0
15380,11433,4,13,15.384615384615385
15380,11433,5,13,0.0
15380,11433,6,12,9.090909090909092
15380,11433,7,13,7.6923076923076925
15380,11697,1,1,100.0
15380,12953,1,1,0.0
15380,12953,6,1,0.0
15380,12953,7,1,100.0
15380,13487,6,1,0.0
15380,13930,1,42,21.428571428571427
15380,13930,2,32,25.0
15380,13930,3,23,34.78260869565217
15380,13930,4,30,26.666666666666668
15380,13930,5,29,17.24137931034483
15380,13930,6,25,36.0
15380,13930,7,32,21.875
15380,14100,1,1,0.0
15380,14100,2,1,0.0
15389,14869,1,10,0.0
15389,14869,2,10,0.0
15389,14869,3,8,0.0
15389,14869,4,8,0.0
15389,14869,5,8,0.0
15389,14869,6,8,0.0
15389,14869,7,8,0.0
15401,11298,1,10,20.0
15401,11298,2,10,10.0
15401,11298,3,8,12.5
15401,11298,4,8,12.5
15401,11298,5,8,14.285714285714285
15401,11298,6,8,12.5
15401,11298,7,8,0.0
15411,11298,1,15,40.0
15411,11298,2,15,13.333333333333334
15411,11298,3,12,25.0
15411,11298,4,12,33.33333333333333
15411,11298,5,12,0.0
15411,11298,6,12,16.666666666666664
15411,11298,7,12,8.333333333333332
15412,10397,1,28,3.571428571428571
15412,10397,2,25,4.0
15412,10397,3,20,10.0
15412,10397,4,23,17.391304347826086
15412,10397,5,23,17.391304347826086
15412,10397,6,12,0.0
15412,10397,7,23,8.695652173913043
15412,10423,1,3,33.33333333333333
15412,10423,5,2,50.0
15412,10721,2,5,0.0
15412,10721,4,4,50.0
15412,10721,6,1,0.0
15412,10721,7,4,0.0
15412,11057,1,17,23.52941176470588
15412,11057,2,14,0.0
15412,11057,3,11,18.181818181818183
15412,11057,4,16,31.25
15412,11057,5,16,18.75
15412,11057,6,12,33.33333333333333
15412,11057,7,16,18.75
15412,11278,1,15,20.0
15412,11278,2,15,26.666666666666668
15412,11278,3,12,33.33333333333333
15412,11278,4,12,8.333333333333332
15412,11278,5,12,33.33333333333333
15412,11278,6,8,0.0
15412,11278,7,12,16.666666666666664
15412,11292,1,15,20.0
15412,11292,2,10,10.0
15412,11292,3,8,0.0
15412,11292,4,16,18.75
15412,11292,5,8,12.5
15412,11292,6,8,0.0
15412,11292,7,16,6.25
15412,11298,1,25,16.0
15412,11298,2,25,8.333333333333332
15412,11298,3,20,45.0
15412,11298,4,20,26.31578947368421
15412,11298,5,20,11.11111111111111
15412,11298,6,20,15.0
15412,11298,7,20,30.0
15412,11618,1,5,0.0
15412,11618,5,4,0.0
15412,11697,1,5,40.0
15412,11697,3,4,25.0
15412,11697,4,5,20.0
15412,11697,5,4,25.0
15412,11697,6,5,20.0
15412,11697,7,5,20.0
15412,12264,1,1,0.0
15412,12451,1,1,100.0
15412,12451,4,4,75.0
15412,12451,7,4,0.0
15412,12889,1,5,0.0
15412,12889,4,2,0.0
15412,12889,5,4,25.0
15412,12889,7,2,0.0
15412,12953,1,7,0.0
15412,12953,2,7,0.0
15412,12953,3,4,0.0
15412,12953,4,4,25.0
15412,12953,5,4,25.0
15412,12953,6,4,25.0
15412,12953,7,4,25.0
15412,13204,1,5,0.0
15412,13204,5,4,0.0
15412,13232,1,5,20.0
15412,13232,5,4,50.0
15412,13244,4,4,50.0
15412,13244,7,4,0.0
15412,13303,1,5,0.0
15412,13303,2,5,0.0
15412,13303,3,4,0.0
15412,13303,4,4,25.0
15412,13303,5,4,50.0
15412,13303,6,4,0.0
15412,13303,7,4,25.0
15412,13930,1,35,25.71428571428571
15412,13930,2,26,26.923076923076923
15412,13930,3,23,26.08695652173913
15412,13930,4,26,15.384615384615385
15412,13930,5,28,32.142857142857146
15412,13930,6,26,25.0
15412,13930,7,28,25.0
15412,14082,1,5,20.0
15412,14082,3,2,0.0
15412,14082,4,1,0.0
15412,14082,5,4,0.0
15412,14082,6,2,0.0
15412,14082,7,1,0.0
15412,14100,1,5,0.0
15412,14100,2,5,0.0
15412,14100,3,4,0.0
15412,14100,4,4,0.0
15412,14100,5,4,0.0
15412,14100,6,4,25.0
15412,14100,7,4,0.0
15412,14107,4,4,75.0
15412,14107,7,4,0.0
15412,14112,1,9,11.11111111111111
15412,14112,2,1,100.0
15412,14112,3,4,25.0
15412,14112,4,5,40.0
15412,14112,5,7,57.14285714285714
15412,14112,6,8,25.0
15412,14112,7,5,0.0
15412,14696,1,1,0.0
15412,14761,1,8,0.0
15412,14761,2,5,0.0
15412,14761,3,4,25.0
15412,14761,4,8,0.0
15412,14761,5,5,20.0
15412,14761,6,9,22.22222222222222
15412,14761,7,8,12.5
15412,14986,1,5,0.0
15412,14986,5,4,0.0
15412,15624,1,2,50.0
15412,15624,3,1,0.0
15412,15624,4,4,25.0
15412,15624,5,2,0.0
15412,15624,6,1,0.0
15412,15624,7,4,25.0
15569,12266,1,8,25.0
15569,12266,2,5,20.0
15569,12266,3,6,33.33333333333333
15569,12266,4,6,16.666666666666664
15569,12266,5,7,28.57142857142857
15569,12266,6,5,0.0
15569,12266,7,8,25.0
15624,10397,1,33,6.0606060606060606
15624,10397,2,30,0.0
15624,10397,3,24,4.166666666666666
15624,10397,4,27,11.11111111111111
15624,10397,5,27,3.7037037037037033
15624,10397,6,24,4.166666666666666
15624,10397,7,27,14.814814814814813
15624,10676,1,6,16.666666666666664
15624,10676,2,5,0.0
15624,10676,3,4,0.0
15624,10676,4,4,0.0
15624,10676,5,4,25.0
15624,10676,6,8,12.5
15624,10676,7,4,0.0
15624,10693,1,15,6.666666666666667
15624,10693,2,10,20.0
15624,10693,3,8,12.5
15624,10693,4,12,0.0
15624,10693,5,12,0.0
15624,10693,6,8,0.0
15624,10693,7,8,0.0
15624,10821,1,5,0.0
15624,10821,2,5,0.0
15624,10821,3,4,0.0
15624,10821,4,4,0.0
15624,10821,5,4,0.0
15624,10821,6,4,25.0
15624,10821,7,4,0.0
15624,10874,1,4,0.0
15624,10874,2,1,0.0
15624,10874,5,4,25.0
15624,11057,1,16,0.0
15624,11057,2,16,25.0
15624,11057,3,12,9.090909090909092
15624,11057,4,15,6.666666666666667
15624,11057,5,12,25.0
15624,11057,6,12,33.33333333333333
15624,11057,7,16,0.0
15624,11193,1,6,0.0
15624,11193,2,1,0.0
15624,11193,3,4,25.0
15624,11193,4,4,25.0
15624,11193,5,4,0.0
15624,11193,6,8,25.0
15624,11193,7,8,0.0
15624,11259,1,5,0.0
15624,11259,2,5,20.0
15624,11259,3,4,50.0
15624,11259,4,4,0.0
15624,11259,5,4,50.0
15624,11259,6,8,12.5
15624,11259,7,8,0.0
15624,11278,1,5,0.0
15624,11278,2,5,20.0
15624,11278,3,4,50.0
15624,11278,4,4,25.0
15624,11278,5,4,25.0
15624,11278,6,4,0.0
15624,11278,7,4,0.0
15624,11298,1,16,31.25
15624,11298,2,15,13.333333333333334
15624,11298,3,12,18.181818181818183
15624,11298,4,15,20.0
15624,11298,5,12,27.27272727272727
15624,11298,6,12,16.666666666666664
15624,11298,7,16,25.0
15624,11433,6,1,0.0
15624,11612,1,1,0.0
15624,11618,2,1,0.0
15624,11618,4,4,0.0
15624,11618,7,4,0.0
15624,11721,3,4,0.0
15624,11721,6,4,0.0
15624,12191,1,5,20.0
15624,12191,4,4,0.0
15624,12191,5,4,25.0
15624,12191,6,4,0.0
15624,12191,7,4,0.0
15624,12223,1,1,0.0
15624,12264,2,1,0.0
15624,12264,4,4,75.0
15624,12264,7,4,0.0
15624,12339,6,4,0.0
15624,12917,4,4,25.0
15624,12917,6,4,0.0
15624,12917,7,4,25.0
15624,13487,1,2,0.0
15624,13487,4,1,0.0
15624,13487,5,1,0.0
15624,13487,6,4,0.0
15624,13487,7,1,0.0
15624,13871,1,1,0.0
15624,13930,1,1,100.0
15624,13930,2,1,100.0
15624,13930,6,4,50.0
15624,14122,1,5,0.0
15624,14122,5,4,0.0
15624,14730,1,1,0.0
15624,14730,2,1,0.0
15624,14730,4,4,0.0
15624,14730,5,1,0.0
15624,14730,6,5,20.0
15624,14730,7,4,0.0
15624,14783,4,4,0.0
15624,14783,7,4,0.0
15624,15016,6,4,0.0
15624,15016,7,4,0.0
15624,15412,1,2,50.0
15624,15412,3,1,0.0
15624,15412,4,4,0.0
15624,15412,5,2,0.0
15624,15412,6,1,0.0
15624,15412,7,4,0.0
15624,15919,1,5,0.0
15624,15919,3,4,0.0
15624,15919,4,4,25.0
15624,15919,5,4,0.0
15624,15919,6,4,25.0
15624,15919,7,4,0.0
15841,12819,1,5,0.0
15841,12819,2,5,0.0
15841,12819,3,4,25.0
15841,12819,4,4,25.0
15841,12819,5,4,25.0
15841,12819,6,4,25.0
15841,12819,7,4,0.0
15841,14256,1,5,40.0
15841,14256,2,5,20.0
15841,14256,3,4,25.0
15841,14256,4,4,0.0
15841,14256,5,4,66.66666666666666
15841,14256,6,4,25.0
15841,14256,7,4,0.0
15897,11292,1,5,0.0
15897,11292,2,6,33.33333333333333
15897,11292,3,4,0.0
15897,11292,4,4,0.0
15897,11292,5,4,0.0
15897,11292,6,7,28.57142857142857
15897,11292,7,5,0.0
15897,14869,1,5,0.0
15897,14869,2,4,0.0
15897,14869,3,4,0.0
15897,14869,4,4,0.0
15897,14869,5,4,0.0
15897,14869,6,5,0.0
15897,14869,7,5,0.0
15919,10397,1,10,20.0
15919,10397,2,10,0.0
15919,10397,3,7,0.0
15919,10397,4,8,0.0
15919,10397,5,8,0.0
15919,10397,6,7,14.285714285714285
15919,10397,7,8,0.0
15919,10693,4,4,0.0
15919,10693,7,4,50.0
15919,11057,1,21,9.523809523809524
15919,11057,2,20,20.0
15919,11057,3,16,12.5
15919,11057,4,19,15.789473684210526
15919,11057,5,16,12.5
15919,11057,6,12,16.666666666666664
15919,11057,7,20,15.0
15919,11278,1,5,0.0
15919,11278,2,5,0.0
15919,11278,3,4,0.0
15919,11278,4,4,0.0
15919,11278,5,5,0.0
15919,11278,6,4,0.0
15919,11278,7,5,20.0
15919,11292,1,20,35.0
15919,11292,2,15,33.33333333333333
15919,11292,3,12,25.0
15919,11292,4,16,31.25
15919,11292,5,16,12.5
15919,11292,6,12,16.666666666666664
15919,11292,7,16,18.75
15919,11298,1,50,38.0
15919,11298,2,49,16.3265306122449
15919,11298,3,40,27.500000000000004
15919,11298,4,43,20.930232558139537
15919,11298,5,40,22.22222222222222
15919,11298,6,35,14.705882352941178
15919,11298,7,44,25.0
15919,11433,5,1,0.0
15919,11433,7,1,100.0
15919,11618,5,1,0.0
15919,11618,7,1,0.0
15919,12266,1,1,0.0
15919,12266,2,1,0.0
15919,12266,5,1,0.0
15919,12266,6,1,100.0
15919,12266,7,1,0.0
15919,12889,4,4,0.0
15919,12889,7,4,0.0
15919,12892,1,5,20.0
15919,12892,2,5,20.0
15919,12892,3,4,0.0
15919,12892,4,4,0.0
15919,12892,5,4,25.0
15919,12892,6,4,25.0
15919,12892,7,4,0.0
15919,12953,1,14,28.57142857142857
15919,12953,2,14,21.428571428571427
15919,12953,3,12,16.666666666666664
15919,12953,4,12,41.66666666666667
15919,12953,5,12,9.090909090909092
15919,12953,6,4,0.0
15919,12953,7,8,37.5
15919,13303,6,4,25.0
15919,13930,1,25,16.0
15919,13930,2,14,21.428571428571427
15919,13930,3,16,12.5
15919,13930,4,18,5.555555555555555
15919,13930,5,16,18.75
15919,13930,6,12,25.0
15919,13930,7,20,15.0
15919,14100,1,5,20.0
15919,14100,2,5,0.0
15919,14100,3,4,25.0
15919,14100,4,4,25.0
15919,14100,5,4,0.0
15919,14100,6,4,0.0
15919,14100,7,4,0.0
15919,14107,1,10,30.0
15919,14107,2,10,20.0
15919,14107,3,7,0.0
15919,14107,4,8,0.0
15919,14107,5,8,37.5
15919,14107,6,8,12.5
15919,14107,7,8,25.0
15919,14761,1,5,20.0
15919,14761,5,4,0.0
15919,14869,1,5,20.0
15919,14869,2,5,0.0
15919,14869,3,4,0.0
15919,14869,4,4,25.0
15919,14869,5,4,0.0
15919,14869,6,4,0.0
15919,14869,7,4,25.0
15919,15624,1,5,20.0
15919,15624,3,4,0.0
15919,15624,4,4,25.0
15919,15624,5,4,0.0
15919,15624,6,4,0.0
15919,15624,7,4,0.0
15919,16422,1,4,0.0
15919,16422,5,4,0.0
15991,10926,1,5,0.0
15991,10926,2,5,0.0
15991,10926,3,4,0.0
15991,10926,4,4,0.0
15991,10926,5,4,0.0
15991,10926,6,4,0.0
15991,10926,7,4,0.0
15991,12523,1,5,0.0
15991,12523,2,5,0.0
15991,12523,3,4,25.0
15991,12523,4,4,25.0
15991,12523,5,4,50.0
15991,12523,6,4,50.0
15991,12523,7,4,0.0
16218,11298,1,5,0.0
16218,11298,2,5,0.0
16218,11298,3,4,0.0
16218,11298,4,4,0.0
16218,11298,5,4,0.0
16218,11298,6,4,0.0
16218,11298,7,4,0.0
16218,14107,1,15,20.0
16218,14107,2,14,7.142857142857142
16218,14107,3,12,0.0
16218,14107,4,12,25.0
16218,14107,5,12,18.181818181818183
16218,14107,6,12,33.33333333333333
16218,14107,7,12,8.333333333333332
16422,10676,1,5,0.0
16422,10676,5,4,0.0
16422,11193,4,4,25.0
16422,11193,7,4,0.0
16422,15919,1,4,0.0
16422,15919,5,4,0.0
16869,11292,1,24,12.5
16869,11292,2,24,16.666666666666664
16869,11292,3,20,10.0
16869,11292,4,19,5.263157894736842
16869,11292,5,19,15.789473684210526
16869,11292,6,12,8.333333333333332
16869,11292,7,19,21.052631578947366
16869,13487,1,15,6.666666666666667
16869,13487,2,15,13.333333333333334
16869,13487,3,12,25.0
16869,13487,4,12,8.333333333333332
16869,13487,5,12,0.0
16869,13487,6,8,0.0
16869,13487,7,12,16.666666666666664
